segment_id,Purpose,origin_zone,weekday,destination_zone,destination_visits,destination_service_days,destination_share,p_s_d,destination_rank,is_dominant_destination
Dialysis | r10_c14 | Friday,Dialysis,r10_c14,Friday,r10_c15,87,53,0.5612903225806452,0.5612903225806452,1,True
Dialysis | r10_c14 | Friday,Dialysis,r10_c14,Friday,r13_c19,62,53,0.4,0.4,2,False
Dialysis | r10_c14 | Friday,Dialysis,r10_c14,Friday,r31_c19,5,1,0.03225806451612903,0.03225806451612903,3,False
Dialysis | r10_c14 | Friday,Dialysis,r10_c14,Friday,r11_c20,1,1,0.0064516129032258064,0.0064516129032258064,4,False
Dialysis | r10_c14 | Monday,Dialysis,r10_c14,Monday,r10_c15,99,52,0.5657142857142857,0.5657142857142857,1,True
Dialysis | r10_c14 | Monday,Dialysis,r10_c14,Monday,r13_c19,71,52,0.4057142857142857,0.4057142857142857,2,False
Dialysis | r10_c14 | Monday,Dialysis,r10_c14,Monday,r9_c18,5,1,0.02857142857142857,0.02857142857142857,3,False
Dialysis | r10_c14 | Thursday,Dialysis,r10_c14,Thursday,r9_c18,37,22,0.5441176470588235,0.5441176470588235,1,True
Dialysis | r10_c14 | Thursday,Dialysis,r10_c14,Thursday,r11_c20,29,20,0.4264705882352941,0.4264705882352941,2,False
Dialysis | r10_c14 | Thursday,Dialysis,r10_c14,Thursday,r13_c19,2,1,0.029411764705882353,0.029411764705882353,3,False
Dialysis | r10_c14 | Tuesday,Dialysis,r10_c14,Tuesday,r11_c20,30,21,0.5263157894736842,0.5263157894736842,1,True
Dialysis | r10_c14 | Tuesday,Dialysis,r10_c14,Tuesday,r9_c18,25,21,0.43859649122807015,0.43859649122807015,2,False
Dialysis | r10_c14 | Tuesday,Dialysis,r10_c14,Tuesday,r10_c15,1,1,0.017543859649122806,0.017543859649122806,3,False
Dialysis | r10_c14 | Tuesday,Dialysis,r10_c14,Tuesday,r13_c19,1,1,0.017543859649122806,0.017543859649122806,4,False
Dialysis | r10_c14 | Wednesday,Dialysis,r10_c14,Wednesday,r10_c15,86,52,0.5771812080536913,0.5771812080536913,1,True
Dialysis | r10_c14 | Wednesday,Dialysis,r10_c14,Wednesday,r13_c19,62,52,0.4161073825503356,0.4161073825503356,2,False
Dialysis | r10_c14 | Wednesday,Dialysis,r10_c14,Wednesday,r9_c18,1,1,0.006711409395973154,0.006711409395973154,3,False
Dialysis | r10_c15 | Friday,Dialysis,r10_c15,Friday,r10_c14,60,53,1.0,1.0,1,True
Dialysis | r10_c15 | Monday,Dialysis,r10_c15,Monday,r10_c14,60,52,1.0,1.0,1,True
Dialysis | r10_c15 | Tuesday,Dialysis,r10_c15,Tuesday,r10_c14,1,1,1.0,1.0,1,True
Dialysis | r10_c15 | Wednesday,Dialysis,r10_c15,Wednesday,r10_c14,55,52,1.0,1.0,1,True
Dialysis | r11_c20 | Friday,Dialysis,r11_c20,Friday,r10_c14,1,1,1.0,1.0,1,True
Dialysis | r11_c20 | Thursday,Dialysis,r11_c20,Thursday,r10_c14,24,20,1.0,1.0,1,True
Dialysis | r11_c20 | Tuesday,Dialysis,r11_c20,Tuesday,r10_c14,29,21,1.0,1.0,1,True
Dialysis | r13_c19 | Friday,Dialysis,r13_c19,Friday,r10_c14,62,53,1.0,1.0,1,True
Dialysis | r13_c19 | Monday,Dialysis,r13_c19,Monday,r10_c14,64,52,1.0,1.0,1,True
Dialysis | r13_c19 | Thursday,Dialysis,r13_c19,Thursday,r10_c14,1,1,1.0,1.0,1,True
Dialysis | r13_c19 | Tuesday,Dialysis,r13_c19,Tuesday,r10_c14,1,1,1.0,1.0,1,True
Dialysis | r13_c19 | Wednesday,Dialysis,r13_c19,Wednesday,r10_c14,58,52,1.0,1.0,1,True
Dialysis | r14_c15 | Friday,Dialysis,r14_c15,Friday,r17_c16,1,1,1.0,1.0,1,True
Dialysis | r14_c15 | Monday,Dialysis,r14_c15,Monday,r17_c16,5,2,1.0,1.0,1,True
Dialysis | r14_c15 | Wednesday,Dialysis,r14_c15,Wednesday,r17_c16,1,1,1.0,1.0,1,True
Dialysis | r14_c16 | Friday,Dialysis,r14_c16,Friday,r21_c17,2,2,1.0,1.0,1,True
Dialysis | r14_c16 | Monday,Dialysis,r14_c16,Monday,r21_c17,2,2,1.0,1.0,1,True
Dialysis | r14_c16 | Wednesday,Dialysis,r14_c16,Wednesday,r21_c17,2,2,1.0,1.0,1,True
Dialysis | r17_c15 | Friday,Dialysis,r17_c15,Friday,r21_c17,13,11,1.0,1.0,1,True
Dialysis | r17_c15 | Monday,Dialysis,r17_c15,Monday,r21_c17,10,10,1.0,1.0,1,True
Dialysis | r17_c15 | Wednesday,Dialysis,r17_c15,Wednesday,r21_c17,12,10,1.0,1.0,1,True
Dialysis | r17_c16 | Friday,Dialysis,r17_c16,Friday,r17_c17,61,53,0.3177083333333333,0.3177083333333333,1,True
Dialysis | r17_c16 | Friday,Dialysis,r17_c16,Friday,r9_c18,60,43,0.3125,0.3125,2,False
Dialysis | r17_c16 | Friday,Dialysis,r17_c16,Friday,r17_c16,50,18,0.2604166666666667,0.2604166666666667,3,False
Dialysis | r17_c16 | Friday,Dialysis,r17_c16,Friday,r19_c22,20,9,0.10416666666666667,0.10416666666666667,4,False
Dialysis | r17_c16 | Friday,Dialysis,r17_c16,Friday,r14_c15,1,1,0.005208333333333333,0.005208333333333333,5,False
Dialysis | r17_c16 | Monday,Dialysis,r17_c16,Monday,r9_c18,67,43,0.32367149758454106,0.32367149758454106,1,True
Dialysis | r17_c16 | Monday,Dialysis,r17_c16,Monday,r17_c16,60,17,0.2898550724637681,0.2898550724637681,2,False
Dialysis | r17_c16 | Monday,Dialysis,r17_c16,Monday,r17_c17,59,50,0.28502415458937197,0.28502415458937197,3,False
Dialysis | r17_c16 | Monday,Dialysis,r17_c16,Monday,r19_c22,18,8,0.08695652173913043,0.08695652173913043,4,False
Dialysis | r17_c16 | Monday,Dialysis,r17_c16,Monday,r14_c15,3,1,0.014492753623188406,0.014492753623188406,5,False
Dialysis | r17_c16 | Tuesday,Dialysis,r17_c16,Tuesday,r17_c16,4,1,1.0,1.0,1,True
Dialysis | r17_c16 | Wednesday,Dialysis,r17_c16,Wednesday,r17_c16,65,17,0.3299492385786802,0.3299492385786802,1,True
Dialysis | r17_c16 | Wednesday,Dialysis,r17_c16,Wednesday,r17_c17,59,52,0.29949238578680204,0.29949238578680204,2,False
Dialysis | r17_c16 | Wednesday,Dialysis,r17_c16,Wednesday,r9_c18,55,42,0.27918781725888325,0.27918781725888325,3,False
Dialysis | r17_c16 | Wednesday,Dialysis,r17_c16,Wednesday,r19_c22,16,8,0.08121827411167512,0.08121827411167512,4,False
Dialysis | r17_c16 | Wednesday,Dialysis,r17_c16,Wednesday,r14_c15,2,1,0.01015228426395939,0.01015228426395939,5,False
Dialysis | r17_c17 | Friday,Dialysis,r17_c17,Friday,r17_c16,58,53,1.0,1.0,1,True
Dialysis | r17_c17 | Monday,Dialysis,r17_c17,Monday,r17_c16,52,50,1.0,1.0,1,True
Dialysis | r17_c17 | Wednesday,Dialysis,r17_c17,Wednesday,r17_c16,56,52,1.0,1.0,1,True
Dialysis | r18_c6 | Monday,Dialysis,r18_c6,Monday,r21_c9,1,1,1.0,1.0,1,True
Dialysis | r18_c6 | Thursday,Dialysis,r18_c6,Thursday,r21_c9,23,21,1.0,1.0,1,True
Dialysis | r18_c6 | Tuesday,Dialysis,r18_c6,Tuesday,r21_c9,31,23,1.0,1.0,1,True
Dialysis | r18_c6 | Wednesday,Dialysis,r18_c6,Wednesday,r21_c9,2,2,1.0,1.0,1,True
Dialysis | r19_c12 | Friday,Dialysis,r19_c12,Friday,r21_c17,3,2,1.0,1.0,1,True
Dialysis | r19_c12 | Monday,Dialysis,r19_c12,Monday,r21_c17,2,1,1.0,1.0,1,True
Dialysis | r19_c12 | Wednesday,Dialysis,r19_c12,Wednesday,r21_c17,2,1,1.0,1.0,1,True
Dialysis | r19_c14 | Monday,Dialysis,r19_c14,Monday,r21_c17,1,1,1.0,1.0,1,True
Dialysis | r19_c17 | Tuesday,Dialysis,r19_c17,Tuesday,r17_c16,1,1,1.0,1.0,1,True
Dialysis | r19_c22 | Friday,Dialysis,r19_c22,Friday,r17_c16,12,9,1.0,1.0,1,True
Dialysis | r19_c22 | Monday,Dialysis,r19_c22,Monday,r17_c16,12,8,1.0,1.0,1,True
Dialysis | r19_c22 | Wednesday,Dialysis,r19_c22,Wednesday,r17_c16,16,8,1.0,1.0,1,True
Dialysis | r20_c22 | Friday,Dialysis,r20_c22,Friday,r21_c17,72,51,1.0,1.0,1,True
Dialysis | r20_c22 | Monday,Dialysis,r20_c22,Monday,r21_c17,93,49,1.0,1.0,1,True
Dialysis | r20_c22 | Wednesday,Dialysis,r20_c22,Wednesday,r21_c17,88,52,1.0,1.0,1,True
Dialysis | r20_c9 | Thursday,Dialysis,r20_c9,Thursday,r27_c12,16,15,1.0,1.0,1,True
Dialysis | r20_c9 | Tuesday,Dialysis,r20_c9,Tuesday,r27_c12,19,15,1.0,1.0,1,True
Dialysis | r20_c9 | Wednesday,Dialysis,r20_c9,Wednesday,r27_c12,1,1,1.0,1.0,1,True
Dialysis | r21_c17 | Friday,Dialysis,r21_c17,Friday,r19_c12,105,51,0.3511705685618729,0.3511705685618729,1,True
Dialysis | r21_c17 | Friday,Dialysis,r21_c17,Friday,r21_c17,61,53,0.2040133779264214,0.2040133779264214,2,False
Dialysis | r21_c17 | Friday,Dialysis,r21_c17,Friday,r21_c33,58,38,0.1939799331103679,0.1939799331103679,3,False
Dialysis | r21_c17 | Friday,Dialysis,r21_c17,Friday,r21_c16,56,52,0.18729096989966554,0.18729096989966554,4,False
Dialysis | r21_c17 | Friday,Dialysis,r21_c17,Friday,r17_c15,19,11,0.06354515050167224,0.06354515050167224,5,False
Dialysis | r21_c17 | Monday,Dialysis,r21_c17,Monday,r19_c12,95,49,0.32646048109965636,0.32646048109965636,1,True
Dialysis | r21_c17 | Monday,Dialysis,r21_c17,Monday,r21_c17,67,52,0.23024054982817868,0.23024054982817868,2,False
Dialysis | r21_c17 | Monday,Dialysis,r21_c17,Monday,r21_c33,58,36,0.19931271477663232,0.19931271477663232,3,False
Dialysis | r21_c17 | Monday,Dialysis,r21_c17,Monday,r21_c16,57,51,0.1958762886597938,0.1958762886597938,4,False
Dialysis | r21_c17 | Monday,Dialysis,r21_c17,Monday,r17_c15,14,10,0.048109965635738834,0.048109965635738834,5,False
Dialysis | r21_c17 | Saturday,Dialysis,r21_c17,Saturday,r21_c16,7,4,1.0,1.0,1,True
Dialysis | r21_c17 | Sunday,Dialysis,r21_c17,Sunday,r21_c16,7,4,1.0,1.0,1,True
Dialysis | r21_c17 | Thursday,Dialysis,r21_c17,Thursday,r21_c16,6,4,0.75,0.75,1,True
Dialysis | r21_c17 | Thursday,Dialysis,r21_c17,Thursday,r19_c12,2,1,0.25,0.25,2,False
Dialysis | r21_c17 | Tuesday,Dialysis,r21_c17,Tuesday,r21_c16,5,4,0.8333333333333334,0.8333333333333334,1,True
Dialysis | r21_c17 | Tuesday,Dialysis,r21_c17,Tuesday,r21_c33,1,1,0.16666666666666666,0.16666666666666666,2,False
Dialysis | r21_c17 | Wednesday,Dialysis,r21_c17,Wednesday,r19_c12,89,51,0.2996632996632997,0.2996632996632997,1,True
Dialysis | r21_c17 | Wednesday,Dialysis,r21_c17,Wednesday,r21_c17,63,52,0.21212121212121213,0.21212121212121213,2,False
Dialysis | r21_c17 | Wednesday,Dialysis,r21_c17,Wednesday,r21_c33,62,34,0.20875420875420875,0.20875420875420875,3,False
Dialysis | r21_c17 | Wednesday,Dialysis,r21_c17,Wednesday,r21_c16,59,52,0.19865319865319866,0.19865319865319866,4,False
Dialysis | r21_c17 | Wednesday,Dialysis,r21_c17,Wednesday,r17_c15,24,10,0.08080808080808081,0.08080808080808081,5,False
Dialysis | r21_c25 | Friday,Dialysis,r21_c25,Friday,r21_c17,2,2,1.0,1.0,1,True
Dialysis | r21_c25 | Monday,Dialysis,r21_c25,Monday,r21_c17,4,2,1.0,1.0,1,True
Dialysis | r21_c25 | Wednesday,Dialysis,r21_c25,Wednesday,r21_c17,1,1,1.0,1.0,1,True
Dialysis | r21_c9 | Friday,Dialysis,r21_c9,Friday,r21_c9,65,53,0.6018518518518519,0.6018518518518519,1,True
Dialysis | r21_c9 | Friday,Dialysis,r21_c9,Friday,r22_c9,43,42,0.39814814814814814,0.39814814814814814,2,False
Dialysis | r21_c9 | Monday,Dialysis,r21_c9,Monday,r21_c9,60,52,0.5504587155963303,0.5504587155963303,1,True
Dialysis | r21_c9 | Monday,Dialysis,r21_c9,Monday,r22_c9,47,42,0.43119266055045874,0.43119266055045874,2,False
Dialysis | r21_c9 | Monday,Dialysis,r21_c9,Monday,r18_c6,1,1,0.009174311926605505,0.009174311926605505,3,False
Dialysis | r21_c9 | Monday,Dialysis,r21_c9,Monday,r28_c9,1,1,0.009174311926605505,0.009174311926605505,4,False
Dialysis | r21_c9 | Thursday,Dialysis,r21_c9,Thursday,r23_c9,55,32,0.45081967213114754,0.45081967213114754,1,True
Dialysis | r21_c9 | Thursday,Dialysis,r21_c9,Thursday,r18_c6,35,21,0.28688524590163933,0.28688524590163933,2,False
Dialysis | r21_c9 | Thursday,Dialysis,r21_c9,Thursday,r28_c9,25,11,0.20491803278688525,0.20491803278688525,3,False
Dialysis | r21_c9 | Thursday,Dialysis,r21_c9,Thursday,r21_c8,5,2,0.040983606557377046,0.040983606557377046,4,False
Dialysis | r21_c9 | Thursday,Dialysis,r21_c9,Thursday,r24_c11,2,2,0.01639344262295082,0.01639344262295082,5,False
Dialysis | r21_c9 | Tuesday,Dialysis,r21_c9,Tuesday,r18_c6,43,24,0.39090909090909093,0.39090909090909093,1,True
Dialysis | r21_c9 | Tuesday,Dialysis,r21_c9,Tuesday,r23_c9,43,30,0.39090909090909093,0.39090909090909093,2,False
Dialysis | r21_c9 | Tuesday,Dialysis,r21_c9,Tuesday,r28_c9,20,11,0.18181818181818182,0.18181818181818182,3,False
Dialysis | r21_c9 | Tuesday,Dialysis,r21_c9,Tuesday,r21_c8,1,1,0.00909090909090909,0.00909090909090909,4,False
Dialysis | r21_c9 | Tuesday,Dialysis,r21_c9,Tuesday,r21_c9,1,1,0.00909090909090909,0.00909090909090909,5,False
Dialysis | r21_c9 | Tuesday,Dialysis,r21_c9,Tuesday,r22_c9,1,1,0.00909090909090909,0.00909090909090909,6,False
Dialysis | r21_c9 | Tuesday,Dialysis,r21_c9,Tuesday,r24_c11,1,1,0.00909090909090909,0.00909090909090909,7,False
Dialysis | r21_c9 | Wednesday,Dialysis,r21_c9,Wednesday,r21_c9,59,52,0.5728155339805825,0.5728155339805825,1,True
Dialysis | r21_c9 | Wednesday,Dialysis,r21_c9,Wednesday,r22_c9,43,41,0.4174757281553398,0.4174757281553398,2,False
Dialysis | r21_c9 | Wednesday,Dialysis,r21_c9,Wednesday,r18_c6,1,1,0.009708737864077669,0.009708737864077669,3,False
Dialysis | r22_c31 | Friday,Dialysis,r22_c31,Friday,r21_c17,20,16,1.0,1.0,1,True
Dialysis | r22_c31 | Monday,Dialysis,r22_c31,Monday,r21_c17,24,17,1.0,1.0,1,True
Dialysis | r22_c31 | Wednesday,Dialysis,r22_c31,Wednesday,r21_c17,25,17,1.0,1.0,1,True
Dialysis | r22_c9 | Friday,Dialysis,r22_c9,Friday,r21_c9,85,42,1.0,1.0,1,True
Dialysis | r22_c9 | Monday,Dialysis,r22_c9,Monday,r21_c9,84,42,1.0,1.0,1,True
Dialysis | r22_c9 | Tuesday,Dialysis,r22_c9,Tuesday,r21_c9,1,1,1.0,1.0,1,True
Dialysis | r22_c9 | Wednesday,Dialysis,r22_c9,Wednesday,r21_c9,86,41,1.0,1.0,1,True
Dialysis | r23_c10 | Friday,Dialysis,r23_c10,Friday,r21_c10,29,25,1.0,1.0,1,True
Dialysis | r23_c10 | Monday,Dialysis,r23_c10,Monday,r21_c10,31,25,1.0,1.0,1,True
Dialysis | r23_c10 | Wednesday,Dialysis,r23_c10,Wednesday,r21_c10,26,25,1.0,1.0,1,True
Dialysis | r23_c13 | Friday,Dialysis,r23_c13,Friday,r24_c17,6,2,1.0,1.0,1,True
Dialysis | r23_c13 | Monday,Dialysis,r23_c13,Monday,r24_c17,10,3,1.0,1.0,1,True
Dialysis | r23_c13 | Wednesday,Dialysis,r23_c13,Wednesday,r24_c17,5,2,1.0,1.0,1,True
Dialysis | r23_c17 | Wednesday,Dialysis,r23_c17,Wednesday,r24_c17,2,1,1.0,1.0,1,True
Dialysis | r23_c9 | Friday,Dialysis,r23_c9,Friday,r27_c10,184,53,1.0,1.0,1,True
Dialysis | r23_c9 | Monday,Dialysis,r23_c9,Monday,r27_c10,184,52,1.0,1.0,1,True
Dialysis | r23_c9 | Thursday,Dialysis,r23_c9,Thursday,r21_c9,48,34,0.96,0.96,1,True
Dialysis | r23_c9 | Thursday,Dialysis,r23_c9,Thursday,r23_c9,2,1,0.04,0.04,2,False
Dialysis | r23_c9 | Tuesday,Dialysis,r23_c9,Tuesday,r21_c9,41,31,0.9534883720930233,0.9534883720930233,1,True
Dialysis | r23_c9 | Tuesday,Dialysis,r23_c9,Tuesday,r27_c10,2,1,0.046511627906976744,0.046511627906976744,2,False
Dialysis | r23_c9 | Wednesday,Dialysis,r23_c9,Wednesday,r27_c10,170,52,0.9550561797752809,0.9550561797752809,1,True
Dialysis | r23_c9 | Wednesday,Dialysis,r23_c9,Wednesday,r26_c4,8,3,0.0449438202247191,0.0449438202247191,2,False
Dialysis | r24_c10 | Friday,Dialysis,r24_c10,Friday,r26_c10,5,1,1.0,1.0,1,True
Dialysis | r24_c10 | Monday,Dialysis,r24_c10,Monday,r26_c10,2,2,1.0,1.0,1,True
Dialysis | r24_c10 | Thursday,Dialysis,r24_c10,Thursday,r26_c10,6,5,1.0,1.0,1,True
Dialysis | r24_c10 | Tuesday,Dialysis,r24_c10,Tuesday,r26_c10,4,3,1.0,1.0,1,True
Dialysis | r24_c10 | Wednesday,Dialysis,r24_c10,Wednesday,r26_c10,1,1,1.0,1.0,1,True
Dialysis | r24_c17 | Friday,Dialysis,r24_c17,Friday,r25_c15,62,53,0.9393939393939394,0.9393939393939394,1,True
Dialysis | r24_c17 | Friday,Dialysis,r24_c17,Friday,r23_c13,4,2,0.06060606060606061,0.06060606060606061,2,False
Dialysis | r24_c17 | Monday,Dialysis,r24_c17,Monday,r25_c15,62,51,0.8985507246376812,0.8985507246376812,1,True
Dialysis | r24_c17 | Monday,Dialysis,r24_c17,Monday,r23_c13,6,3,0.08695652173913043,0.08695652173913043,2,False
Dialysis | r24_c17 | Monday,Dialysis,r24_c17,Monday,r25_c17,1,1,0.014492753623188406,0.014492753623188406,3,False
Dialysis | r24_c17 | Tuesday,Dialysis,r24_c17,Tuesday,r25_c15,2,2,1.0,1.0,1,True
Dialysis | r24_c17 | Wednesday,Dialysis,r24_c17,Wednesday,r25_c15,60,52,0.9375,0.9375,1,True
Dialysis | r24_c17 | Wednesday,Dialysis,r24_c17,Wednesday,r23_c13,4,2,0.0625,0.0625,2,False
Dialysis | r25_c12 | Friday,Dialysis,r25_c12,Friday,r26_c12,38,26,1.0,1.0,1,True
Dialysis | r25_c12 | Monday,Dialysis,r25_c12,Monday,r26_c12,49,25,1.0,1.0,1,True
Dialysis | r25_c12 | Tuesday,Dialysis,r25_c12,Tuesday,r26_c12,2,1,1.0,1.0,1,True
Dialysis | r25_c12 | Wednesday,Dialysis,r25_c12,Wednesday,r26_c12,35,25,1.0,1.0,1,True
Dialysis | r25_c15 | Friday,Dialysis,r25_c15,Friday,r24_c17,58,53,1.0,1.0,1,True
Dialysis | r25_c15 | Monday,Dialysis,r25_c15,Monday,r24_c17,60,51,1.0,1.0,1,True
Dialysis | r25_c15 | Tuesday,Dialysis,r25_c15,Tuesday,r24_c17,2,2,1.0,1.0,1,True
Dialysis | r25_c15 | Wednesday,Dialysis,r25_c15,Wednesday,r24_c17,60,52,1.0,1.0,1,True
Dialysis | r25_c22 | Thursday,Dialysis,r25_c22,Thursday,r27_c13,3,2,1.0,1.0,1,True
Dialysis | r25_c22 | Tuesday,Dialysis,r25_c22,Tuesday,r27_c13,4,2,1.0,1.0,1,True
Dialysis | r25_c9 | Friday,Dialysis,r25_c9,Friday,r26_c12,1,1,1.0,1.0,1,True
Dialysis | r25_c9 | Monday,Dialysis,r25_c9,Monday,r26_c12,5,1,1.0,1.0,1,True
Dialysis | r25_c9 | Wednesday,Dialysis,r25_c9,Wednesday,r26_c12,2,1,1.0,1.0,1,True
Dialysis | r26_c10 | Friday,Dialysis,r26_c10,Friday,r26_c12,39,33,0.9512195121951219,0.9512195121951219,1,True
Dialysis | r26_c10 | Friday,Dialysis,r26_c10,Friday,r24_c10,2,1,0.04878048780487805,0.04878048780487805,2,False
Dialysis | r26_c10 | Monday,Dialysis,r26_c10,Monday,r26_c12,39,32,0.9512195121951219,0.9512195121951219,1,True
Dialysis | r26_c10 | Monday,Dialysis,r26_c10,Monday,r24_c10,2,2,0.04878048780487805,0.04878048780487805,2,False
Dialysis | r26_c10 | Thursday,Dialysis,r26_c10,Thursday,r24_c10,13,10,0.8666666666666667,0.8666666666666667,1,True
Dialysis | r26_c10 | Thursday,Dialysis,r26_c10,Thursday,r26_c12,2,1,0.13333333333333333,0.13333333333333333,2,False
Dialysis | r26_c10 | Tuesday,Dialysis,r26_c10,Tuesday,r24_c10,14,8,0.9333333333333333,0.9333333333333333,1,True
Dialysis | r26_c10 | Tuesday,Dialysis,r26_c10,Tuesday,r26_c12,1,1,0.06666666666666667,0.06666666666666667,2,False
Dialysis | r26_c10 | Wednesday,Dialysis,r26_c10,Wednesday,r26_c12,39,33,0.9512195121951219,0.9512195121951219,1,True
Dialysis | r26_c10 | Wednesday,Dialysis,r26_c10,Wednesday,r24_c10,2,2,0.04878048780487805,0.04878048780487805,2,False
Dialysis | r26_c12 | Friday,Dialysis,r26_c12,Friday,r26_c10,44,33,0.3548387096774194,0.3548387096774194,1,True
Dialysis | r26_c12 | Friday,Dialysis,r26_c12,Friday,r25_c12,33,26,0.2661290322580645,0.2661290322580645,2,False
Dialysis | r26_c12 | Friday,Dialysis,r26_c12,Friday,r25_c9,33,23,0.2661290322580645,0.2661290322580645,3,False
Dialysis | r26_c12 | Friday,Dialysis,r26_c12,Friday,r26_c4,14,14,0.11290322580645161,0.11290322580645161,4,False
Dialysis | r26_c12 | Monday,Dialysis,r26_c12,Monday,r25_c12,37,25,0.3217391304347826,0.3217391304347826,1,True
Dialysis | r26_c12 | Monday,Dialysis,r26_c12,Monday,r26_c10,34,32,0.2956521739130435,0.2956521739130435,2,False
Dialysis | r26_c12 | Monday,Dialysis,r26_c12,Monday,r25_c9,31,23,0.26956521739130435,0.26956521739130435,3,False
Dialysis | r26_c12 | Monday,Dialysis,r26_c12,Monday,r26_c4,13,13,0.11304347826086956,0.11304347826086956,4,False
Dialysis | r26_c12 | Thursday,Dialysis,r26_c12,Thursday,r26_c10,5,2,0.5555555555555556,0.5555555555555556,1,True
Dialysis | r26_c12 | Thursday,Dialysis,r26_c12,Thursday,r25_c9,4,1,0.4444444444444444,0.4444444444444444,2,False
Dialysis | r26_c12 | Tuesday,Dialysis,r26_c12,Tuesday,r25_c12,2,1,0.5,0.5,1,True
Dialysis | r26_c12 | Tuesday,Dialysis,r26_c12,Tuesday,r26_c10,2,2,0.5,0.5,2,False
Dialysis | r26_c12 | Wednesday,Dialysis,r26_c12,Wednesday,r26_c10,40,33,0.35714285714285715,0.35714285714285715,1,True
Dialysis | r26_c12 | Wednesday,Dialysis,r26_c12,Wednesday,r25_c12,36,25,0.32142857142857145,0.32142857142857145,2,False
Dialysis | r26_c12 | Wednesday,Dialysis,r26_c12,Wednesday,r25_c9,23,21,0.20535714285714285,0.20535714285714285,3,False
Dialysis | r26_c12 | Wednesday,Dialysis,r26_c12,Wednesday,r26_c4,13,13,0.11607142857142858,0.11607142857142858,4,False
Dialysis | r26_c4 | Friday,Dialysis,r26_c4,Friday,r26_c12,20,14,1.0,1.0,1,True
Dialysis | r26_c4 | Monday,Dialysis,r26_c4,Monday,r26_c12,15,13,0.8823529411764706,0.8823529411764706,1,True
Dialysis | r26_c4 | Monday,Dialysis,r26_c4,Monday,r23_c9,2,1,0.11764705882352941,0.11764705882352941,2,False
Dialysis | r26_c4 | Wednesday,Dialysis,r26_c4,Wednesday,r26_c12,18,13,0.6923076923076923,0.6923076923076923,1,True
Dialysis | r26_c4 | Wednesday,Dialysis,r26_c4,Wednesday,r23_c9,8,3,0.3076923076923077,0.3076923076923077,2,False
Dialysis | r27_c10 | Friday,Dialysis,r27_c10,Friday,r23_c9,185,53,1.0,1.0,1,True
Dialysis | r27_c10 | Monday,Dialysis,r27_c10,Monday,r23_c9,196,52,1.0,1.0,1,True
Dialysis | r27_c10 | Tuesday,Dialysis,r27_c10,Tuesday,r23_c9,3,1,1.0,1.0,1,True
Dialysis | r27_c10 | Wednesday,Dialysis,r27_c10,Wednesday,r23_c9,188,52,1.0,1.0,1,True
Dialysis | r27_c13 | Thursday,Dialysis,r27_c13,Thursday,r25_c22,4,2,1.0,1.0,1,True
Dialysis | r27_c13 | Tuesday,Dialysis,r27_c13,Tuesday,r25_c22,3,2,1.0,1.0,1,True
Dialysis | r27_c16 | Friday,Dialysis,r27_c16,Friday,r28_c17,3,1,1.0,1.0,1,True
Dialysis | r27_c9 | Friday,Dialysis,r27_c9,Friday,r29_c17,1,1,1.0,1.0,1,True
Dialysis | r27_c9 | Monday,Dialysis,r27_c9,Monday,r28_c16,3,1,0.5,0.5,1,True
Dialysis | r27_c9 | Monday,Dialysis,r27_c9,Monday,r29_c17,2,1,0.3333333333333333,0.3333333333333333,2,False
Dialysis | r27_c9 | Monday,Dialysis,r27_c9,Monday,r29_c16,1,1,0.16666666666666666,0.16666666666666666,3,False
Dialysis | r27_c9 | Thursday,Dialysis,r27_c9,Thursday,r29_c17,2,2,1.0,1.0,1,True
Dialysis | r27_c9 | Wednesday,Dialysis,r27_c9,Wednesday,r29_c17,7,5,1.0,1.0,1,True
Dialysis | r28_c15 | Thursday,Dialysis,r28_c15,Thursday,r31_c19,11,3,0.6111111111111112,0.6111111111111112,1,True
Dialysis | r28_c15 | Thursday,Dialysis,r28_c15,Thursday,r26_c9,7,5,0.3888888888888889,0.3888888888888889,2,False
Dialysis | r28_c15 | Tuesday,Dialysis,r28_c15,Tuesday,r26_c9,7,7,0.5833333333333334,0.5833333333333334,1,True
Dialysis | r28_c15 | Tuesday,Dialysis,r28_c15,Tuesday,r31_c19,5,3,0.4166666666666667,0.4166666666666667,2,False
Dialysis | r28_c16 | Friday,Dialysis,r28_c16,Friday,r31_c14,2,2,1.0,1.0,1,True
Dialysis | r28_c16 | Monday,Dialysis,r28_c16,Monday,r27_c9,2,1,0.5,0.5,1,True
Dialysis | r28_c16 | Monday,Dialysis,r28_c16,Monday,r31_c14,2,2,0.5,0.5,2,False
Dialysis | r28_c16 | Wednesday,Dialysis,r28_c16,Wednesday,r31_c14,2,2,1.0,1.0,1,True
Dialysis | r28_c17 | Thursday,Dialysis,r28_c17,Thursday,r27_c16,4,2,0.5714285714285714,0.5714285714285714,1,True
Dialysis | r28_c17 | Thursday,Dialysis,r28_c17,Thursday,r0_c23,2,1,0.2857142857142857,0.2857142857142857,2,False
Dialysis | r28_c17 | Thursday,Dialysis,r28_c17,Thursday,r25_c14,1,1,0.14285714285714285,0.14285714285714285,3,False
Dialysis | r28_c17 | Wednesday,Dialysis,r28_c17,Wednesday,r27_c16,1,1,1.0,1.0,1,True
Dialysis | r28_c9 | Monday,Dialysis,r28_c9,Monday,r21_c9,1,1,1.0,1.0,1,True
Dialysis | r28_c9 | Thursday,Dialysis,r28_c9,Thursday,r21_c9,19,11,1.0,1.0,1,True
Dialysis | r28_c9 | Tuesday,Dialysis,r28_c9,Tuesday,r21_c9,12,11,1.0,1.0,1,True
Dialysis | r29_c12 | Tuesday,Dialysis,r29_c12,Tuesday,r26_c12,1,1,1.0,1.0,1,True
Dialysis | r29_c13 | Friday,Dialysis,r29_c13,Friday,r30_c12,5,5,1.0,1.0,1,True
Dialysis | r29_c13 | Monday,Dialysis,r29_c13,Monday,r30_c12,4,4,1.0,1.0,1,True
Dialysis | r29_c13 | Thursday,Dialysis,r29_c13,Thursday,r30_c10,28,18,0.7777777777777778,0.7777777777777778,1,True
Dialysis | r29_c13 | Thursday,Dialysis,r29_c13,Thursday,r31_c13,5,5,0.1388888888888889,0.1388888888888889,2,False
Dialysis | r29_c13 | Thursday,Dialysis,r29_c13,Thursday,r27_c10,3,3,0.08333333333333333,0.08333333333333333,3,False
Dialysis | r29_c13 | Tuesday,Dialysis,r29_c13,Tuesday,r30_c10,24,18,0.6666666666666666,0.6666666666666666,1,True
Dialysis | r29_c13 | Tuesday,Dialysis,r29_c13,Tuesday,r31_c13,9,6,0.25,0.25,2,False
Dialysis | r29_c13 | Tuesday,Dialysis,r29_c13,Tuesday,r27_c10,3,3,0.08333333333333333,0.08333333333333333,3,False
Dialysis | r29_c13 | Wednesday,Dialysis,r29_c13,Wednesday,r30_c12,6,6,1.0,1.0,1,True
Dialysis | r29_c15 | Thursday,Dialysis,r29_c15,Thursday,r31_c19,1,1,1.0,1.0,1,True
Dialysis | r29_c15 | Tuesday,Dialysis,r29_c15,Tuesday,r31_c19,4,1,1.0,1.0,1,True
Dialysis | r29_c16 | Monday,Dialysis,r29_c16,Monday,r27_c9,1,1,1.0,1.0,1,True
Dialysis | r29_c17 | Friday,Dialysis,r29_c17,Friday,r31_c14,31,19,0.4189189189189189,0.4189189189189189,1,True
Dialysis | r29_c17 | Friday,Dialysis,r29_c17,Friday,r24_c17,30,24,0.40540540540540543,0.40540540540540543,2,False
Dialysis | r29_c17 | Friday,Dialysis,r29_c17,Friday,r22_c16,11,10,0.14864864864864866,0.14864864864864866,3,False
Dialysis | r29_c17 | Friday,Dialysis,r29_c17,Friday,r27_c9,1,1,0.013513513513513514,0.013513513513513514,4,False
Dialysis | r29_c17 | Friday,Dialysis,r29_c17,Friday,r35_c14,1,1,0.013513513513513514,0.013513513513513514,5,False
Dialysis | r29_c17 | Monday,Dialysis,r29_c17,Monday,r24_c17,31,24,0.3875,0.3875,1,True
Dialysis | r29_c17 | Monday,Dialysis,r29_c17,Monday,r31_c14,28,17,0.35,0.35,2,False
Dialysis | r29_c17 | Monday,Dialysis,r29_c17,Monday,r22_c16,17,9,0.2125,0.2125,3,False
Dialysis | r29_c17 | Monday,Dialysis,r29_c17,Monday,r27_c9,2,1,0.025,0.025,4,False
Dialysis | r29_c17 | Monday,Dialysis,r29_c17,Monday,r35_c14,2,1,0.025,0.025,5,False
Dialysis | r29_c17 | Thursday,Dialysis,r29_c17,Thursday,r35_c14,83,48,0.8556701030927835,0.8556701030927835,1,True
Dialysis | r29_c17 | Thursday,Dialysis,r29_c17,Thursday,r27_c9,8,1,0.08247422680412371,0.08247422680412371,2,False
Dialysis | r29_c17 | Thursday,Dialysis,r29_c17,Thursday,r33_c21,4,1,0.041237113402061855,0.041237113402061855,3,False
Dialysis | r29_c17 | Thursday,Dialysis,r29_c17,Thursday,r31_c14,1,1,0.010309278350515464,0.010309278350515464,4,False
Dialysis | r29_c17 | Thursday,Dialysis,r29_c17,Thursday,r36_c22,1,1,0.010309278350515464,0.010309278350515464,5,False
Dialysis | r29_c17 | Tuesday,Dialysis,r29_c17,Tuesday,r35_c14,83,47,0.9651162790697675,0.9651162790697675,1,True
Dialysis | r29_c17 | Tuesday,Dialysis,r29_c17,Tuesday,r36_c22,2,1,0.023255813953488372,0.023255813953488372,2,False
Dialysis | r29_c17 | Tuesday,Dialysis,r29_c17,Tuesday,r32_c9,1,1,0.011627906976744186,0.011627906976744186,3,False
Dialysis | r29_c17 | Wednesday,Dialysis,r29_c17,Wednesday,r24_c17,30,26,0.36585365853658536,0.36585365853658536,1,True
Dialysis | r29_c17 | Wednesday,Dialysis,r29_c17,Wednesday,r31_c14,27,18,0.32926829268292684,0.32926829268292684,2,False
Dialysis | r29_c17 | Wednesday,Dialysis,r29_c17,Wednesday,r22_c16,20,11,0.24390243902439024,0.24390243902439024,3,False
Dialysis | r29_c17 | Wednesday,Dialysis,r29_c17,Wednesday,r27_c9,4,4,0.04878048780487805,0.04878048780487805,4,False
Dialysis | r29_c17 | Wednesday,Dialysis,r29_c17,Wednesday,r35_c14,1,1,0.012195121951219513,0.012195121951219513,5,False
Dialysis | r29_c8 | Friday,Dialysis,r29_c8,Friday,r26_c12,9,6,0.9,0.9,1,True
Dialysis | r29_c8 | Friday,Dialysis,r29_c8,Friday,r24_c10,1,1,0.1,0.1,2,False
Dialysis | r29_c8 | Monday,Dialysis,r29_c8,Monday,r26_c12,12,6,0.9230769230769231,0.9230769230769231,1,True
Dialysis | r29_c8 | Monday,Dialysis,r29_c8,Monday,r24_c10,1,1,0.07692307692307693,0.07692307692307693,2,False
Dialysis | r29_c8 | Wednesday,Dialysis,r29_c8,Wednesday,r26_c12,8,5,0.8,0.8,1,True
Dialysis | r29_c8 | Wednesday,Dialysis,r29_c8,Wednesday,r24_c10,2,2,0.2,0.2,2,False
Dialysis | r30_c10 | Thursday,Dialysis,r30_c10,Thursday,r29_c13,23,18,1.0,1.0,1,True
Dialysis | r30_c10 | Tuesday,Dialysis,r30_c10,Tuesday,r29_c13,22,18,1.0,1.0,1,True
Dialysis | r30_c20 | Friday,Dialysis,r30_c20,Friday,r31_c26,128,48,0.9922480620155039,0.9922480620155039,1,True
Dialysis | r30_c20 | Friday,Dialysis,r30_c20,Friday,r30_c25,1,1,0.007751937984496124,0.007751937984496124,2,False
Dialysis | r30_c20 | Monday,Dialysis,r30_c20,Monday,r31_c26,120,47,0.9917355371900827,0.9917355371900827,1,True
Dialysis | r30_c20 | Monday,Dialysis,r30_c20,Monday,r30_c25,1,1,0.008264462809917356,0.008264462809917356,2,False
Dialysis | r30_c20 | Wednesday,Dialysis,r30_c20,Wednesday,r31_c26,128,47,0.9922480620155039,0.9922480620155039,1,True
Dialysis | r30_c20 | Wednesday,Dialysis,r30_c20,Wednesday,r30_c25,1,1,0.007751937984496124,0.007751937984496124,2,False
Dialysis | r30_c25 | Friday,Dialysis,r30_c25,Friday,r30_c20,1,1,1.0,1.0,1,True
Dialysis | r30_c25 | Monday,Dialysis,r30_c25,Monday,r30_c20,1,1,1.0,1.0,1,True
Dialysis | r30_c25 | Wednesday,Dialysis,r30_c25,Wednesday,r30_c20,1,1,1.0,1.0,1,True
Dialysis | r31_c13 | Friday,Dialysis,r31_c13,Friday,r36_c16,62,42,1.0,1.0,1,True
Dialysis | r31_c13 | Monday,Dialysis,r31_c13,Monday,r36_c16,80,42,1.0,1.0,1,True
Dialysis | r31_c13 | Tuesday,Dialysis,r31_c13,Tuesday,r33_c9,2,1,1.0,1.0,1,True
Dialysis | r31_c13 | Wednesday,Dialysis,r31_c13,Wednesday,r36_c16,71,42,1.0,1.0,1,True
Dialysis | r31_c14 | Friday,Dialysis,r31_c14,Friday,r29_c17,24,19,0.9230769230769231,0.9230769230769231,1,True
Dialysis | r31_c14 | Friday,Dialysis,r31_c14,Friday,r28_c16,2,2,0.07692307692307693,0.07692307692307693,2,False
Dialysis | r31_c14 | Monday,Dialysis,r31_c14,Monday,r29_c17,21,17,0.875,0.875,1,True
Dialysis | r31_c14 | Monday,Dialysis,r31_c14,Monday,r28_c16,3,3,0.125,0.125,2,False
Dialysis | r31_c14 | Thursday,Dialysis,r31_c14,Thursday,r29_c17,1,1,1.0,1.0,1,True
Dialysis | r31_c14 | Wednesday,Dialysis,r31_c14,Wednesday,r29_c17,24,17,0.8888888888888888,0.8888888888888888,1,True
Dialysis | r31_c14 | Wednesday,Dialysis,r31_c14,Wednesday,r28_c16,3,2,0.1111111111111111,0.1111111111111111,2,False
Dialysis | r31_c16 | Friday,Dialysis,r31_c16,Friday,r34_c18,100,53,0.5263157894736842,0.5263157894736842,1,True
Dialysis | r31_c16 | Friday,Dialysis,r31_c16,Friday,r31_c12,52,44,0.2736842105263158,0.2736842105263158,2,False
Dialysis | r31_c16 | Friday,Dialysis,r31_c16,Friday,r32_c13,38,19,0.2,0.2,3,False
Dialysis | r31_c16 | Monday,Dialysis,r31_c16,Monday,r34_c18,99,50,0.5129533678756477,0.5129533678756477,1,True
Dialysis | r31_c16 | Monday,Dialysis,r31_c16,Monday,r31_c12,63,41,0.32642487046632124,0.32642487046632124,2,False
Dialysis | r31_c16 | Monday,Dialysis,r31_c16,Monday,r32_c13,31,20,0.16062176165803108,0.16062176165803108,3,False
Dialysis | r31_c16 | Thursday,Dialysis,r31_c16,Thursday,r34_c18,4,4,1.0,1.0,1,True
Dialysis | r31_c16 | Tuesday,Dialysis,r31_c16,Tuesday,r34_c18,4,2,1.0,1.0,1,True
Dialysis | r31_c16 | Wednesday,Dialysis,r31_c16,Wednesday,r34_c18,90,51,0.46632124352331605,0.46632124352331605,1,True
Dialysis | r31_c16 | Wednesday,Dialysis,r31_c16,Wednesday,r31_c12,58,45,0.3005181347150259,0.3005181347150259,2,False
Dialysis | r31_c16 | Wednesday,Dialysis,r31_c16,Wednesday,r32_c13,45,21,0.23316062176165803,0.23316062176165803,3,False
Dialysis | r31_c26 | Friday,Dialysis,r31_c26,Friday,r30_c20,128,48,1.0,1.0,1,True
Dialysis | r31_c26 | Monday,Dialysis,r31_c26,Monday,r30_c20,131,47,1.0,1.0,1,True
Dialysis | r31_c26 | Wednesday,Dialysis,r31_c26,Wednesday,r30_c20,127,47,1.0,1.0,1,True
Dialysis | r32_c13 | Friday,Dialysis,r32_c13,Friday,r31_c16,28,19,1.0,1.0,1,True
Dialysis | r32_c13 | Monday,Dialysis,r32_c13,Monday,r31_c16,29,19,1.0,1.0,1,True
Dialysis | r32_c13 | Wednesday,Dialysis,r32_c13,Wednesday,r31_c16,23,20,1.0,1.0,1,True
Dialysis | r32_c20 | Friday,Dialysis,r32_c20,Friday,r33_c21,48,40,0.7619047619047619,0.7619047619047619,1,True
Dialysis | r32_c20 | Friday,Dialysis,r32_c20,Friday,r36_c23,15,9,0.23809523809523808,0.23809523809523808,2,False
Dialysis | r32_c20 | Monday,Dialysis,r32_c20,Monday,r33_c21,45,40,0.7627118644067796,0.7627118644067796,1,True
Dialysis | r32_c20 | Monday,Dialysis,r32_c20,Monday,r36_c23,14,10,0.23728813559322035,0.23728813559322035,2,False
Dialysis | r32_c20 | Saturday,Dialysis,r32_c20,Saturday,r33_c21,2,2,1.0,1.0,1,True
Dialysis | r32_c20 | Sunday,Dialysis,r32_c20,Sunday,r33_c21,2,2,1.0,1.0,1,True
Dialysis | r32_c20 | Thursday,Dialysis,r32_c20,Thursday,r33_c21,2,2,1.0,1.0,1,True
Dialysis | r32_c20 | Tuesday,Dialysis,r32_c20,Tuesday,r33_c21,3,3,1.0,1.0,1,True
Dialysis | r32_c20 | Wednesday,Dialysis,r32_c20,Wednesday,r33_c21,43,39,0.6935483870967742,0.6935483870967742,1,True
Dialysis | r32_c20 | Wednesday,Dialysis,r32_c20,Wednesday,r36_c23,19,9,0.3064516129032258,0.3064516129032258,2,False
Dialysis | r32_c9 | Tuesday,Dialysis,r32_c9,Tuesday,r29_c17,4,1,1.0,1.0,1,True
Dialysis | r33_c16 | Friday,Dialysis,r33_c16,Friday,r36_c16,34,17,1.0,1.0,1,True
Dialysis | r33_c16 | Monday,Dialysis,r33_c16,Monday,r36_c16,29,16,1.0,1.0,1,True
Dialysis | r33_c16 | Wednesday,Dialysis,r33_c16,Wednesday,r36_c16,22,14,1.0,1.0,1,True
Dialysis | r33_c21 | Friday,Dialysis,r33_c21,Friday,r37_c22,62,53,0.38271604938271603,0.38271604938271603,1,True
Dialysis | r33_c21 | Friday,Dialysis,r33_c21,Friday,r36_c22,54,38,0.3333333333333333,0.3333333333333333,2,False
Dialysis | r33_c21 | Friday,Dialysis,r33_c21,Friday,r32_c20,46,40,0.2839506172839506,0.2839506172839506,3,False
Dialysis | r33_c21 | Monday,Dialysis,r33_c21,Monday,r37_c22,65,52,0.38922155688622756,0.38922155688622756,1,True
Dialysis | r33_c21 | Monday,Dialysis,r33_c21,Monday,r36_c22,54,37,0.32335329341317365,0.32335329341317365,2,False
Dialysis | r33_c21 | Monday,Dialysis,r33_c21,Monday,r32_c20,46,40,0.2754491017964072,0.2754491017964072,3,False
Dialysis | r33_c21 | Monday,Dialysis,r33_c21,Monday,r33_c21,2,1,0.011976047904191617,0.011976047904191617,4,False
Dialysis | r33_c21 | Saturday,Dialysis,r33_c21,Saturday,r32_c20,2,2,1.0,1.0,1,True
Dialysis | r33_c21 | Sunday,Dialysis,r33_c21,Sunday,r32_c20,2,2,1.0,1.0,1,True
Dialysis | r33_c21 | Thursday,Dialysis,r33_c21,Thursday,r33_c21,99,43,0.9801980198019802,0.9801980198019802,1,True
Dialysis | r33_c21 | Thursday,Dialysis,r33_c21,Thursday,r32_c20,2,2,0.019801980198019802,0.019801980198019802,2,False
Dialysis | r33_c21 | Tuesday,Dialysis,r33_c21,Tuesday,r33_c21,109,41,0.9646017699115044,0.9646017699115044,1,True
Dialysis | r33_c21 | Tuesday,Dialysis,r33_c21,Tuesday,r32_c20,3,3,0.02654867256637168,0.02654867256637168,2,False
Dialysis | r33_c21 | Tuesday,Dialysis,r33_c21,Tuesday,r36_c22,1,1,0.008849557522123894,0.008849557522123894,3,False
Dialysis | r33_c21 | Wednesday,Dialysis,r33_c21,Wednesday,r37_c22,64,52,0.378698224852071,0.378698224852071,1,True
Dialysis | r33_c21 | Wednesday,Dialysis,r33_c21,Wednesday,r36_c22,60,36,0.35502958579881655,0.35502958579881655,2,False
Dialysis | r33_c21 | Wednesday,Dialysis,r33_c21,Wednesday,r32_c20,43,39,0.25443786982248523,0.25443786982248523,3,False
Dialysis | r33_c21 | Wednesday,Dialysis,r33_c21,Wednesday,r33_c21,2,1,0.011834319526627219,0.011834319526627219,4,False
Dialysis | r33_c9 | Monday,Dialysis,r33_c9,Monday,r31_c13,2,1,1.0,1.0,1,True
Dialysis | r33_c9 | Thursday,Dialysis,r33_c9,Thursday,r31_c13,44,26,1.0,1.0,1,True
Dialysis | r33_c9 | Tuesday,Dialysis,r33_c9,Tuesday,r31_c13,32,24,1.0,1.0,1,True
Dialysis | r34_c18 | Friday,Dialysis,r34_c18,Friday,r31_c16,89,53,0.89,0.89,1,True
Dialysis | r34_c18 | Friday,Dialysis,r34_c18,Friday,r36_c16,11,9,0.11,0.11,2,False
Dialysis | r34_c18 | Monday,Dialysis,r34_c18,Monday,r31_c16,80,50,0.8602150537634409,0.8602150537634409,1,True
Dialysis | r34_c18 | Monday,Dialysis,r34_c18,Monday,r36_c16,13,7,0.13978494623655913,0.13978494623655913,2,False
Dialysis | r34_c18 | Thursday,Dialysis,r34_c18,Thursday,r31_c16,5,4,1.0,1.0,1,True
Dialysis | r34_c18 | Tuesday,Dialysis,r34_c18,Tuesday,r31_c16,5,2,1.0,1.0,1,True
Dialysis | r34_c18 | Wednesday,Dialysis,r34_c18,Wednesday,r31_c16,76,51,0.8444444444444444,0.8444444444444444,1,True
Dialysis | r34_c18 | Wednesday,Dialysis,r34_c18,Wednesday,r36_c16,14,8,0.15555555555555556,0.15555555555555556,2,False
Dialysis | r34_c21 | Tuesday,Dialysis,r34_c21,Tuesday,r28_c19,1,1,1.0,1.0,1,True
Dialysis | r34_c23 | Friday,Dialysis,r34_c23,Friday,r35_c22,81,53,1.0,1.0,1,True
Dialysis | r34_c23 | Monday,Dialysis,r34_c23,Monday,r35_c22,84,51,1.0,1.0,1,True
Dialysis | r34_c23 | Tuesday,Dialysis,r34_c23,Tuesday,r35_c22,1,1,1.0,1.0,1,True
Dialysis | r34_c23 | Wednesday,Dialysis,r34_c23,Wednesday,r35_c22,95,51,1.0,1.0,1,True
Dialysis | r34_c24 | Friday,Dialysis,r34_c24,Friday,r35_c21,9,3,1.0,1.0,1,True
Dialysis | r34_c24 | Monday,Dialysis,r34_c24,Monday,r35_c21,5,3,1.0,1.0,1,True
Dialysis | r34_c24 | Wednesday,Dialysis,r34_c24,Wednesday,r35_c21,3,3,1.0,1.0,1,True
Dialysis | r35_c14 | Friday,Dialysis,r35_c14,Friday,r29_c17,5,2,1.0,1.0,1,True
Dialysis | r35_c14 | Monday,Dialysis,r35_c14,Monday,r29_c17,5,2,1.0,1.0,1,True
Dialysis | r35_c14 | Thursday,Dialysis,r35_c14,Thursday,r29_c17,76,50,1.0,1.0,1,True
Dialysis | r35_c14 | Tuesday,Dialysis,r35_c14,Tuesday,r29_c17,65,47,1.0,1.0,1,True
Dialysis | r35_c14 | Wednesday,Dialysis,r35_c14,Wednesday,r29_c17,1,1,1.0,1.0,1,True
Dialysis | r35_c15 | Friday,Dialysis,r35_c15,Friday,r36_c16,89,53,1.0,1.0,1,True
Dialysis | r35_c15 | Monday,Dialysis,r35_c15,Monday,r36_c16,78,50,1.0,1.0,1,True
Dialysis | r35_c15 | Tuesday,Dialysis,r35_c15,Tuesday,r36_c16,1,1,1.0,1.0,1,True
Dialysis | r35_c15 | Wednesday,Dialysis,r35_c15,Wednesday,r36_c16,92,51,1.0,1.0,1,True
Dialysis | r35_c21 | Friday,Dialysis,r35_c21,Friday,r34_c24,4,3,1.0,1.0,1,True
Dialysis | r35_c21 | Monday,Dialysis,r35_c21,Monday,r34_c24,12,3,1.0,1.0,1,True
Dialysis | r35_c21 | Wednesday,Dialysis,r35_c21,Wednesday,r34_c24,6,3,1.0,1.0,1,True
Dialysis | r35_c22 | Friday,Dialysis,r35_c22,Friday,r34_c23,72,53,1.0,1.0,1,True
Dialysis | r35_c22 | Monday,Dialysis,r35_c22,Monday,r34_c23,59,51,1.0,1.0,1,True
Dialysis | r35_c22 | Thursday,Dialysis,r35_c22,Thursday,r21_c9,1,1,0.5,0.5,1,True
Dialysis | r35_c22 | Thursday,Dialysis,r35_c22,Thursday,r34_c23,1,1,0.5,0.5,2,False
Dialysis | r35_c22 | Tuesday,Dialysis,r35_c22,Tuesday,r34_c23,1,1,1.0,1.0,1,True
Dialysis | r35_c22 | Wednesday,Dialysis,r35_c22,Wednesday,r34_c23,62,51,1.0,1.0,1,True
Dialysis | r36_c16 | Friday,Dialysis,r36_c16,Friday,r36_c16,204,53,0.44933920704845814,0.44933920704845814,1,True
Dialysis | r36_c16 | Friday,Dialysis,r36_c16,Friday,r31_c13,71,42,0.15638766519823788,0.15638766519823788,2,False
Dialysis | r36_c16 | Friday,Dialysis,r36_c16,Friday,r35_c15,70,53,0.15418502202643172,0.15418502202643172,3,False
Dialysis | r36_c16 | Friday,Dialysis,r36_c16,Friday,r37_c17,69,53,0.15198237885462554,0.15198237885462554,4,False
Dialysis | r36_c16 | Friday,Dialysis,r36_c16,Friday,r33_c16,22,18,0.048458149779735685,0.048458149779735685,5,False
Dialysis | r36_c16 | Friday,Dialysis,r36_c16,Friday,r34_c18,18,9,0.039647577092511016,0.039647577092511016,6,False
Dialysis | r36_c16 | Monday,Dialysis,r36_c16,Monday,r36_c16,172,51,0.41445783132530123,0.41445783132530123,1,True
Dialysis | r36_c16 | Monday,Dialysis,r36_c16,Monday,r31_c13,77,41,0.1855421686746988,0.1855421686746988,2,False
Dialysis | r36_c16 | Monday,Dialysis,r36_c16,Monday,r37_c17,63,50,0.15180722891566265,0.15180722891566265,3,False
Dialysis | r36_c16 | Monday,Dialysis,r36_c16,Monday,r35_c15,62,50,0.1493975903614458,0.1493975903614458,4,False
Dialysis | r36_c16 | Monday,Dialysis,r36_c16,Monday,r33_c16,25,16,0.060240963855421686,0.060240963855421686,5,False
Dialysis | r36_c16 | Monday,Dialysis,r36_c16,Monday,r34_c18,16,7,0.03855421686746988,0.03855421686746988,6,False
Dialysis | r36_c16 | Tuesday,Dialysis,r36_c16,Tuesday,r37_c17,2,2,0.6666666666666666,0.6666666666666666,1,True
Dialysis | r36_c16 | Tuesday,Dialysis,r36_c16,Tuesday,r35_c15,1,1,0.3333333333333333,0.3333333333333333,2,False
Dialysis | r36_c16 | Wednesday,Dialysis,r36_c16,Wednesday,r36_c16,186,52,0.4376470588235294,0.4376470588235294,1,True
Dialysis | r36_c16 | Wednesday,Dialysis,r36_c16,Wednesday,r31_c13,79,41,0.18588235294117647,0.18588235294117647,2,False
Dialysis | r36_c16 | Wednesday,Dialysis,r36_c16,Wednesday,r37_c17,62,51,0.14588235294117646,0.14588235294117646,3,False
Dialysis | r36_c16 | Wednesday,Dialysis,r36_c16,Wednesday,r35_c15,61,51,0.14352941176470588,0.14352941176470588,4,False
Dialysis | r36_c16 | Wednesday,Dialysis,r36_c16,Wednesday,r33_c16,21,15,0.04941176470588235,0.04941176470588235,5,False
Dialysis | r36_c16 | Wednesday,Dialysis,r36_c16,Wednesday,r34_c18,16,8,0.03764705882352941,0.03764705882352941,6,False
Dialysis | r36_c22 | Thursday,Dialysis,r36_c22,Thursday,r29_c17,2,1,1.0,1.0,1,True
Dialysis | r36_c22 | Tuesday,Dialysis,r36_c22,Tuesday,r29_c17,1,1,1.0,1.0,1,True
Dialysis | r36_c23 | Friday,Dialysis,r36_c23,Friday,r32_c20,19,9,1.0,1.0,1,True
Dialysis | r36_c23 | Monday,Dialysis,r36_c23,Monday,r32_c20,14,10,1.0,1.0,1,True
Dialysis | r36_c23 | Wednesday,Dialysis,r36_c23,Wednesday,r32_c20,14,9,1.0,1.0,1,True
Dialysis | r37_c17 | Friday,Dialysis,r37_c17,Friday,r36_c16,86,53,1.0,1.0,1,True
Dialysis | r37_c17 | Monday,Dialysis,r37_c17,Monday,r36_c16,82,50,1.0,1.0,1,True
Dialysis | r37_c17 | Tuesday,Dialysis,r37_c17,Tuesday,r36_c16,3,3,1.0,1.0,1,True
Dialysis | r37_c17 | Wednesday,Dialysis,r37_c17,Wednesday,r36_c16,85,51,1.0,1.0,1,True
Dialysis | r37_c22 | Friday,Dialysis,r37_c22,Friday,r33_c21,60,53,1.0,1.0,1,True
Dialysis | r37_c22 | Monday,Dialysis,r37_c22,Monday,r33_c21,65,52,1.0,1.0,1,True
Dialysis | r37_c22 | Wednesday,Dialysis,r37_c22,Wednesday,r33_c21,62,52,1.0,1.0,1,True
Dialysis | r39_c24 | Monday,Dialysis,r39_c24,Monday,r32_c20,16,2,1.0,1.0,1,True
Dialysis | r39_c24 | Wednesday,Dialysis,r39_c24,Wednesday,r32_c20,10,2,1.0,1.0,1,True
Dialysis | r40_c30 | Tuesday,Dialysis,r40_c30,Tuesday,r40_c30,6,1,1.0,1.0,1,True
Dialysis | r9_c18 | Friday,Dialysis,r9_c18,Friday,r17_c16,50,43,1.0,1.0,1,True
Dialysis | r9_c18 | Monday,Dialysis,r9_c18,Monday,r17_c16,53,43,0.9814814814814815,0.9814814814814815,1,True
Dialysis | r9_c18 | Monday,Dialysis,r9_c18,Monday,r10_c14,1,1,0.018518518518518517,0.018518518518518517,2,False
Dialysis | r9_c18 | Thursday,Dialysis,r9_c18,Thursday,r10_c14,26,22,1.0,1.0,1,True
Dialysis | r9_c18 | Tuesday,Dialysis,r9_c18,Tuesday,r10_c14,23,21,1.0,1.0,1,True
Dialysis | r9_c18 | Wednesday,Dialysis,r9_c18,Wednesday,r17_c16,46,42,0.9787234042553191,0.9787234042553191,1,True
Dialysis | r9_c18 | Wednesday,Dialysis,r9_c18,Wednesday,r10_c14,1,1,0.02127659574468085,0.02127659574468085,2,False
Nutrition | r10_c13 | Friday,Nutrition,r10_c13,Friday,r10_c14,2,2,1.0,1.0,1,True
Nutrition | r10_c13 | Thursday,Nutrition,r10_c13,Thursday,r10_c14,57,49,1.0,1.0,1,True
Nutrition | r10_c13 | Tuesday,Nutrition,r10_c13,Tuesday,r10_c14,58,49,1.0,1.0,1,True
Nutrition | r10_c13 | Wednesday,Nutrition,r10_c13,Wednesday,r10_c14,57,49,1.0,1.0,1,True
Nutrition | r10_c14 | Friday,Nutrition,r10_c14,Friday,r11_c14,77,53,0.9625,0.9625,1,True
Nutrition | r10_c14 | Friday,Nutrition,r10_c14,Friday,r10_c13,3,3,0.0375,0.0375,2,False
Nutrition | r10_c14 | Monday,Nutrition,r10_c14,Monday,r11_c14,74,52,0.9367088607594937,0.9367088607594937,1,True
Nutrition | r10_c14 | Monday,Nutrition,r10_c14,Monday,r10_c13,5,3,0.06329113924050633,0.06329113924050633,2,False
Nutrition | r10_c14 | Thursday,Nutrition,r10_c14,Thursday,r11_c14,71,52,0.5503875968992248,0.5503875968992248,1,True
Nutrition | r10_c14 | Thursday,Nutrition,r10_c14,Thursday,r10_c13,58,50,0.4496124031007752,0.4496124031007752,2,False
Nutrition | r10_c14 | Tuesday,Nutrition,r10_c14,Tuesday,r11_c14,72,52,0.5538461538461539,0.5538461538461539,1,True
Nutrition | r10_c14 | Tuesday,Nutrition,r10_c14,Tuesday,r10_c13,58,49,0.4461538461538462,0.4461538461538462,2,False
Nutrition | r10_c14 | Wednesday,Nutrition,r10_c14,Wednesday,r11_c14,70,52,0.5555555555555556,0.5555555555555556,1,True
Nutrition | r10_c14 | Wednesday,Nutrition,r10_c14,Wednesday,r10_c13,56,49,0.4444444444444444,0.4444444444444444,2,False
Nutrition | r10_c18 | Friday,Nutrition,r10_c18,Friday,r12_c21,175,53,1.0,1.0,1,True
Nutrition | r10_c18 | Monday,Nutrition,r10_c18,Monday,r12_c21,171,52,1.0,1.0,1,True
Nutrition | r10_c18 | Thursday,Nutrition,r10_c18,Thursday,r12_c21,175,52,1.0,1.0,1,True
Nutrition | r10_c18 | Tuesday,Nutrition,r10_c18,Tuesday,r12_c21,175,52,1.0,1.0,1,True
Nutrition | r10_c18 | Wednesday,Nutrition,r10_c18,Wednesday,r12_c21,172,52,1.0,1.0,1,True
Nutrition | r10_c19 | Friday,Nutrition,r10_c19,Friday,r12_c21,130,53,1.0,1.0,1,True
Nutrition | r10_c19 | Monday,Nutrition,r10_c19,Monday,r12_c21,125,52,1.0,1.0,1,True
Nutrition | r10_c19 | Thursday,Nutrition,r10_c19,Thursday,r12_c21,127,52,1.0,1.0,1,True
Nutrition | r10_c19 | Tuesday,Nutrition,r10_c19,Tuesday,r12_c21,128,52,1.0,1.0,1,True
Nutrition | r10_c19 | Wednesday,Nutrition,r10_c19,Wednesday,r12_c21,125,52,1.0,1.0,1,True
Nutrition | r10_c20 | Friday,Nutrition,r10_c20,Friday,r12_c21,38,16,1.0,1.0,1,True
Nutrition | r10_c20 | Monday,Nutrition,r10_c20,Monday,r12_c21,34,15,1.0,1.0,1,True
Nutrition | r10_c20 | Wednesday,Nutrition,r10_c20,Wednesday,r12_c21,33,15,1.0,1.0,1,True
Nutrition | r11_c14 | Friday,Nutrition,r11_c14,Friday,r10_c14,72,53,1.0,1.0,1,True
Nutrition | r11_c14 | Monday,Nutrition,r11_c14,Monday,r10_c14,70,52,1.0,1.0,1,True
Nutrition | r11_c14 | Thursday,Nutrition,r11_c14,Thursday,r10_c14,69,52,1.0,1.0,1,True
Nutrition | r11_c14 | Tuesday,Nutrition,r11_c14,Tuesday,r10_c14,70,52,1.0,1.0,1,True
Nutrition | r11_c14 | Wednesday,Nutrition,r11_c14,Wednesday,r10_c14,69,52,1.0,1.0,1,True
Nutrition | r11_c18 | Friday,Nutrition,r11_c18,Friday,r12_c21,16,16,1.0,1.0,1,True
Nutrition | r11_c18 | Monday,Nutrition,r11_c18,Monday,r12_c21,16,16,1.0,1.0,1,True
Nutrition | r11_c18 | Thursday,Nutrition,r11_c18,Thursday,r12_c21,16,16,1.0,1.0,1,True
Nutrition | r11_c18 | Tuesday,Nutrition,r11_c18,Tuesday,r12_c21,24,23,1.0,1.0,1,True
Nutrition | r11_c18 | Wednesday,Nutrition,r11_c18,Wednesday,r12_c21,23,23,1.0,1.0,1,True
Nutrition | r11_c20 | Friday,Nutrition,r11_c20,Friday,r12_c21,64,53,1.0,1.0,1,True
Nutrition | r11_c20 | Monday,Nutrition,r11_c20,Monday,r12_c21,62,52,1.0,1.0,1,True
Nutrition | r11_c20 | Thursday,Nutrition,r11_c20,Thursday,r12_c21,62,52,1.0,1.0,1,True
Nutrition | r11_c20 | Tuesday,Nutrition,r11_c20,Tuesday,r12_c21,63,52,1.0,1.0,1,True
Nutrition | r11_c20 | Wednesday,Nutrition,r11_c20,Wednesday,r12_c21,63,52,1.0,1.0,1,True
Nutrition | r11_c24 | Friday,Nutrition,r11_c24,Friday,r14_c24,56,23,1.0,1.0,1,True
Nutrition | r11_c24 | Monday,Nutrition,r11_c24,Monday,r14_c24,56,24,1.0,1.0,1,True
Nutrition | r11_c24 | Saturday,Nutrition,r11_c24,Saturday,r14_c24,4,2,1.0,1.0,1,True
Nutrition | r11_c24 | Sunday,Nutrition,r11_c24,Sunday,r14_c24,4,2,1.0,1.0,1,True
Nutrition | r11_c24 | Thursday,Nutrition,r11_c24,Thursday,r14_c24,4,2,1.0,1.0,1,True
Nutrition | r11_c24 | Tuesday,Nutrition,r11_c24,Tuesday,r14_c24,4,2,1.0,1.0,1,True
Nutrition | r11_c24 | Wednesday,Nutrition,r11_c24,Wednesday,r14_c24,62,23,1.0,1.0,1,True
Nutrition | r12_c21 | Friday,Nutrition,r12_c21,Friday,r10_c18,181,53,0.28913738019169327,0.28913738019169327,1,True
Nutrition | r12_c21 | Friday,Nutrition,r12_c21,Friday,r10_c19,132,53,0.2108626198083067,0.2108626198083067,2,False
Nutrition | r12_c21 | Friday,Nutrition,r12_c21,Friday,r13_c19,76,52,0.12140575079872204,0.12140575079872204,3,False
Nutrition | r12_c21 | Friday,Nutrition,r12_c21,Friday,r11_c20,66,53,0.10543130990415335,0.10543130990415335,4,False
Nutrition | r12_c21 | Friday,Nutrition,r12_c21,Friday,r9_c18,66,53,0.10543130990415335,0.10543130990415335,5,False
Nutrition | r12_c21 | Friday,Nutrition,r12_c21,Friday,r10_c20,54,16,0.08626198083067092,0.08626198083067092,6,False
Nutrition | r12_c21 | Friday,Nutrition,r12_c21,Friday,r13_c17,33,18,0.052715654952076675,0.052715654952076675,7,False
Nutrition | r12_c21 | Friday,Nutrition,r12_c21,Friday,r11_c18,16,16,0.025559105431309903,0.025559105431309903,8,False
Nutrition | r12_c21 | Friday,Nutrition,r12_c21,Friday,r9_c19,2,2,0.003194888178913738,0.003194888178913738,9,False
Nutrition | r12_c21 | Monday,Nutrition,r12_c21,Monday,r10_c18,176,52,0.29187396351575456,0.29187396351575456,1,True
Nutrition | r12_c21 | Monday,Nutrition,r12_c21,Monday,r10_c19,126,52,0.208955223880597,0.208955223880597,2,False
Nutrition | r12_c21 | Monday,Nutrition,r12_c21,Monday,r13_c19,73,51,0.12106135986733002,0.12106135986733002,3,False
Nutrition | r12_c21 | Monday,Nutrition,r12_c21,Monday,r11_c20,64,52,0.10613598673300166,0.10613598673300166,4,False
Nutrition | r12_c21 | Monday,Nutrition,r12_c21,Monday,r9_c18,64,52,0.10613598673300166,0.10613598673300166,5,False
Nutrition | r12_c21 | Monday,Nutrition,r12_c21,Monday,r13_c17,45,24,0.07462686567164178,0.07462686567164178,6,False
Nutrition | r12_c21 | Monday,Nutrition,r12_c21,Monday,r10_c20,37,15,0.06135986733001658,0.06135986733001658,7,False
Nutrition | r12_c21 | Monday,Nutrition,r12_c21,Monday,r11_c18,16,16,0.026533996683250415,0.026533996683250415,8,False
Nutrition | r12_c21 | Monday,Nutrition,r12_c21,Monday,r9_c19,2,2,0.003316749585406302,0.003316749585406302,9,False
Nutrition | r12_c21 | Thursday,Nutrition,r12_c21,Thursday,r10_c18,180,52,0.3237410071942446,0.3237410071942446,1,True
Nutrition | r12_c21 | Thursday,Nutrition,r12_c21,Thursday,r10_c19,130,52,0.23381294964028776,0.23381294964028776,2,False
Nutrition | r12_c21 | Thursday,Nutrition,r12_c21,Thursday,r13_c19,76,51,0.1366906474820144,0.1366906474820144,3,False
Nutrition | r12_c21 | Thursday,Nutrition,r12_c21,Thursday,r11_c20,65,52,0.11690647482014388,0.11690647482014388,4,False
Nutrition | r12_c21 | Thursday,Nutrition,r12_c21,Thursday,r9_c18,64,52,0.11510791366906475,0.11510791366906475,5,False
Nutrition | r12_c21 | Thursday,Nutrition,r12_c21,Thursday,r13_c17,23,9,0.04136690647482014,0.04136690647482014,6,False
Nutrition | r12_c21 | Thursday,Nutrition,r12_c21,Thursday,r11_c18,16,16,0.02877697841726619,0.02877697841726619,7,False
Nutrition | r12_c21 | Thursday,Nutrition,r12_c21,Thursday,r9_c19,2,2,0.0035971223021582736,0.0035971223021582736,8,False
Nutrition | r12_c21 | Tuesday,Nutrition,r12_c21,Tuesday,r10_c18,182,52,0.32269503546099293,0.32269503546099293,1,True
Nutrition | r12_c21 | Tuesday,Nutrition,r12_c21,Tuesday,r10_c19,129,52,0.22872340425531915,0.22872340425531915,2,False
Nutrition | r12_c21 | Tuesday,Nutrition,r12_c21,Tuesday,r13_c19,76,51,0.1347517730496454,0.1347517730496454,3,False
Nutrition | r12_c21 | Tuesday,Nutrition,r12_c21,Tuesday,r9_c18,64,51,0.11347517730496454,0.11347517730496454,4,False
Nutrition | r12_c21 | Tuesday,Nutrition,r12_c21,Tuesday,r11_c20,63,52,0.11170212765957446,0.11170212765957446,5,False
Nutrition | r12_c21 | Tuesday,Nutrition,r12_c21,Tuesday,r11_c18,25,23,0.044326241134751775,0.044326241134751775,6,False
Nutrition | r12_c21 | Tuesday,Nutrition,r12_c21,Tuesday,r13_c17,23,9,0.040780141843971635,0.040780141843971635,7,False
Nutrition | r12_c21 | Tuesday,Nutrition,r12_c21,Tuesday,r9_c19,2,2,0.0035460992907801418,0.0035460992907801418,8,False
Nutrition | r12_c21 | Wednesday,Nutrition,r12_c21,Wednesday,r10_c18,179,52,0.2896440129449838,0.2896440129449838,1,True
Nutrition | r12_c21 | Wednesday,Nutrition,r12_c21,Wednesday,r10_c19,130,52,0.21035598705501618,0.21035598705501618,2,False
Nutrition | r12_c21 | Wednesday,Nutrition,r12_c21,Wednesday,r13_c19,76,52,0.12297734627831715,0.12297734627831715,3,False
Nutrition | r12_c21 | Wednesday,Nutrition,r12_c21,Wednesday,r11_c20,65,52,0.10517799352750809,0.10517799352750809,4,False
Nutrition | r12_c21 | Wednesday,Nutrition,r12_c21,Wednesday,r9_c18,65,52,0.10517799352750809,0.10517799352750809,5,False
Nutrition | r12_c21 | Wednesday,Nutrition,r12_c21,Wednesday,r13_c17,42,23,0.06796116504854369,0.06796116504854369,6,False
Nutrition | r12_c21 | Wednesday,Nutrition,r12_c21,Wednesday,r10_c20,36,15,0.05825242718446602,0.05825242718446602,7,False
Nutrition | r12_c21 | Wednesday,Nutrition,r12_c21,Wednesday,r11_c18,23,23,0.0372168284789644,0.0372168284789644,8,False
Nutrition | r12_c21 | Wednesday,Nutrition,r12_c21,Wednesday,r9_c19,2,2,0.003236245954692557,0.003236245954692557,9,False
Nutrition | r13_c17 | Friday,Nutrition,r13_c17,Friday,r12_c21,31,18,1.0,1.0,1,True
Nutrition | r13_c17 | Monday,Nutrition,r13_c17,Monday,r12_c21,43,24,1.0,1.0,1,True
Nutrition | r13_c17 | Thursday,Nutrition,r13_c17,Thursday,r12_c21,21,9,1.0,1.0,1,True
Nutrition | r13_c17 | Tuesday,Nutrition,r13_c17,Tuesday,r12_c21,21,9,1.0,1.0,1,True
Nutrition | r13_c17 | Wednesday,Nutrition,r13_c17,Wednesday,r12_c21,40,23,1.0,1.0,1,True
Nutrition | r13_c19 | Friday,Nutrition,r13_c19,Friday,r12_c21,72,52,1.0,1.0,1,True
Nutrition | r13_c19 | Monday,Nutrition,r13_c19,Monday,r12_c21,68,51,1.0,1.0,1,True
Nutrition | r13_c19 | Thursday,Nutrition,r13_c19,Thursday,r12_c21,68,51,1.0,1.0,1,True
Nutrition | r13_c19 | Tuesday,Nutrition,r13_c19,Tuesday,r12_c21,72,51,1.0,1.0,1,True
Nutrition | r13_c19 | Wednesday,Nutrition,r13_c19,Wednesday,r12_c21,71,52,1.0,1.0,1,True
Nutrition | r13_c26 | Friday,Nutrition,r13_c26,Friday,r14_c24,6,5,1.0,1.0,1,True
Nutrition | r13_c26 | Monday,Nutrition,r13_c26,Monday,r14_c24,7,6,1.0,1.0,1,True
Nutrition | r13_c26 | Saturday,Nutrition,r13_c26,Saturday,r14_c24,2,2,1.0,1.0,1,True
Nutrition | r13_c26 | Sunday,Nutrition,r13_c26,Sunday,r14_c24,2,2,1.0,1.0,1,True
Nutrition | r13_c26 | Thursday,Nutrition,r13_c26,Thursday,r14_c24,2,2,1.0,1.0,1,True
Nutrition | r13_c26 | Tuesday,Nutrition,r13_c26,Tuesday,r14_c24,2,2,1.0,1.0,1,True
Nutrition | r13_c26 | Wednesday,Nutrition,r13_c26,Wednesday,r14_c24,6,6,1.0,1.0,1,True
Nutrition | r14_c16 | Friday,Nutrition,r14_c16,Friday,r16_c16,26,24,1.0,1.0,1,True
Nutrition | r14_c16 | Monday,Nutrition,r14_c16,Monday,r16_c16,30,24,1.0,1.0,1,True
Nutrition | r14_c16 | Thursday,Nutrition,r14_c16,Thursday,r16_c16,26,23,1.0,1.0,1,True
Nutrition | r14_c16 | Tuesday,Nutrition,r14_c16,Tuesday,r16_c16,24,22,1.0,1.0,1,True
Nutrition | r14_c16 | Wednesday,Nutrition,r14_c16,Wednesday,r16_c16,26,22,1.0,1.0,1,True
Nutrition | r14_c24 | Friday,Nutrition,r14_c24,Friday,r14_c24,94,44,0.6143790849673203,0.6143790849673203,1,True
Nutrition | r14_c24 | Friday,Nutrition,r14_c24,Friday,r11_c24,53,23,0.3464052287581699,0.3464052287581699,2,False
Nutrition | r14_c24 | Friday,Nutrition,r14_c24,Friday,r13_c26,6,5,0.0392156862745098,0.0392156862745098,3,False
Nutrition | r14_c24 | Monday,Nutrition,r14_c24,Monday,r14_c24,90,43,0.6164383561643836,0.6164383561643836,1,True
Nutrition | r14_c24 | Monday,Nutrition,r14_c24,Monday,r11_c24,49,23,0.3356164383561644,0.3356164383561644,2,False
Nutrition | r14_c24 | Monday,Nutrition,r14_c24,Monday,r13_c26,7,6,0.04794520547945205,0.04794520547945205,3,False
Nutrition | r14_c24 | Saturday,Nutrition,r14_c24,Saturday,r11_c24,4,2,0.6666666666666666,0.6666666666666666,1,True
Nutrition | r14_c24 | Saturday,Nutrition,r14_c24,Saturday,r13_c26,2,2,0.3333333333333333,0.3333333333333333,2,False
Nutrition | r14_c24 | Sunday,Nutrition,r14_c24,Sunday,r11_c24,4,2,0.6666666666666666,0.6666666666666666,1,True
Nutrition | r14_c24 | Sunday,Nutrition,r14_c24,Sunday,r13_c26,2,2,0.3333333333333333,0.3333333333333333,2,False
Nutrition | r14_c24 | Thursday,Nutrition,r14_c24,Thursday,r11_c24,4,2,0.6666666666666666,0.6666666666666666,1,True
Nutrition | r14_c24 | Thursday,Nutrition,r14_c24,Thursday,r13_c26,2,2,0.3333333333333333,0.3333333333333333,2,False
Nutrition | r14_c24 | Tuesday,Nutrition,r14_c24,Tuesday,r11_c24,4,2,0.6666666666666666,0.6666666666666666,1,True
Nutrition | r14_c24 | Tuesday,Nutrition,r14_c24,Tuesday,r13_c26,2,2,0.3333333333333333,0.3333333333333333,2,False
Nutrition | r14_c24 | Wednesday,Nutrition,r14_c24,Wednesday,r14_c24,102,42,0.6219512195121951,0.6219512195121951,1,True
Nutrition | r14_c24 | Wednesday,Nutrition,r14_c24,Wednesday,r11_c24,56,23,0.34146341463414637,0.34146341463414637,2,False
Nutrition | r14_c24 | Wednesday,Nutrition,r14_c24,Wednesday,r13_c26,6,6,0.036585365853658534,0.036585365853658534,3,False
Nutrition | r15_c15 | Monday,Nutrition,r15_c15,Monday,r16_c16,26,20,1.0,1.0,1,True
Nutrition | r15_c15 | Thursday,Nutrition,r15_c15,Thursday,r16_c16,33,19,1.0,1.0,1,True
Nutrition | r15_c15 | Tuesday,Nutrition,r15_c15,Tuesday,r16_c16,8,6,1.0,1.0,1,True
Nutrition | r16_c14 | Monday,Nutrition,r16_c14,Monday,r16_c16,61,50,1.0,1.0,1,True
Nutrition | r16_c14 | Thursday,Nutrition,r16_c14,Thursday,r16_c16,62,49,1.0,1.0,1,True
Nutrition | r16_c14 | Tuesday,Nutrition,r16_c14,Tuesday,r16_c16,63,50,1.0,1.0,1,True
Nutrition | r16_c14 | Wednesday,Nutrition,r16_c14,Wednesday,r16_c16,61,50,1.0,1.0,1,True
Nutrition | r16_c15 | Friday,Nutrition,r16_c15,Friday,r16_c16,36,32,1.0,1.0,1,True
Nutrition | r16_c15 | Monday,Nutrition,r16_c15,Monday,r16_c16,45,32,1.0,1.0,1,True
Nutrition | r16_c15 | Wednesday,Nutrition,r16_c15,Wednesday,r16_c16,41,32,1.0,1.0,1,True
Nutrition | r16_c16 | Friday,Nutrition,r16_c16,Friday,r17_c17,62,49,0.2450592885375494,0.2450592885375494,1,True
Nutrition | r16_c16 | Friday,Nutrition,r16_c16,Friday,r18_c16,52,43,0.20553359683794467,0.20553359683794467,2,False
Nutrition | r16_c16 | Friday,Nutrition,r16_c16,Friday,r20_c20,52,47,0.20553359683794467,0.20553359683794467,3,False
Nutrition | r16_c16 | Friday,Nutrition,r16_c16,Friday,r16_c15,32,32,0.12648221343873517,0.12648221343873517,4,False
Nutrition | r16_c16 | Friday,Nutrition,r16_c16,Friday,r14_c16,28,24,0.11067193675889328,0.11067193675889328,5,False
Nutrition | r16_c16 | Friday,Nutrition,r16_c16,Friday,r19_c16,22,20,0.08695652173913043,0.08695652173913043,6,False
Nutrition | r16_c16 | Friday,Nutrition,r16_c16,Friday,r17_c15,5,5,0.019762845849802372,0.019762845849802372,7,False
Nutrition | r16_c16 | Monday,Nutrition,r16_c16,Monday,r16_c14,60,50,0.1875,0.1875,1,True
Nutrition | r16_c16 | Monday,Nutrition,r16_c16,Monday,r17_c17,55,46,0.171875,0.171875,2,False
Nutrition | r16_c16 | Monday,Nutrition,r16_c16,Monday,r18_c16,52,42,0.1625,0.1625,3,False
Nutrition | r16_c16 | Monday,Nutrition,r16_c16,Monday,r20_c20,50,47,0.15625,0.15625,4,False
Nutrition | r16_c16 | Monday,Nutrition,r16_c16,Monday,r16_c15,37,32,0.115625,0.115625,5,False
Nutrition | r16_c16 | Monday,Nutrition,r16_c16,Monday,r14_c16,32,24,0.1,0.1,6,False
Nutrition | r16_c16 | Monday,Nutrition,r16_c16,Monday,r15_c15,21,20,0.065625,0.065625,7,False
Nutrition | r16_c16 | Monday,Nutrition,r16_c16,Monday,r17_c16,9,9,0.028125,0.028125,8,False
Nutrition | r16_c16 | Monday,Nutrition,r16_c16,Monday,r17_c15,4,4,0.0125,0.0125,9,False
Nutrition | r16_c16 | Thursday,Nutrition,r16_c16,Thursday,r16_c14,68,49,0.2585551330798479,0.2585551330798479,1,True
Nutrition | r16_c16 | Thursday,Nutrition,r16_c16,Thursday,r17_c17,64,48,0.24334600760456274,0.24334600760456274,2,False
Nutrition | r16_c16 | Thursday,Nutrition,r16_c16,Thursday,r18_c16,61,43,0.23193916349809887,0.23193916349809887,3,False
Nutrition | r16_c16 | Thursday,Nutrition,r16_c16,Thursday,r15_c15,28,19,0.10646387832699619,0.10646387832699619,4,False
Nutrition | r16_c16 | Thursday,Nutrition,r16_c16,Thursday,r14_c16,24,23,0.09125475285171103,0.09125475285171103,5,False
Nutrition | r16_c16 | Thursday,Nutrition,r16_c16,Thursday,r17_c16,12,10,0.045627376425855515,0.045627376425855515,6,False
Nutrition | r16_c16 | Thursday,Nutrition,r16_c16,Thursday,r17_c15,6,5,0.022813688212927757,0.022813688212927757,7,False
Nutrition | r16_c16 | Tuesday,Nutrition,r16_c16,Tuesday,r16_c16,121,52,0.33060109289617484,0.33060109289617484,1,True
Nutrition | r16_c16 | Tuesday,Nutrition,r16_c16,Tuesday,r16_c14,71,50,0.19398907103825136,0.19398907103825136,2,False
Nutrition | r16_c16 | Tuesday,Nutrition,r16_c16,Tuesday,r17_c17,65,48,0.17759562841530055,0.17759562841530055,3,False
Nutrition | r16_c16 | Tuesday,Nutrition,r16_c16,Tuesday,r18_c16,52,42,0.14207650273224043,0.14207650273224043,4,False
Nutrition | r16_c16 | Tuesday,Nutrition,r16_c16,Tuesday,r14_c16,23,22,0.06284153005464481,0.06284153005464481,5,False
Nutrition | r16_c16 | Tuesday,Nutrition,r16_c16,Tuesday,r19_c16,21,21,0.05737704918032787,0.05737704918032787,6,False
Nutrition | r16_c16 | Tuesday,Nutrition,r16_c16,Tuesday,r15_c15,8,6,0.02185792349726776,0.02185792349726776,7,False
Nutrition | r16_c16 | Tuesday,Nutrition,r16_c16,Tuesday,r17_c15,5,5,0.01366120218579235,0.01366120218579235,8,False
Nutrition | r16_c16 | Wednesday,Nutrition,r16_c16,Wednesday,r16_c16,129,52,0.2786177105831533,0.2786177105831533,1,True
Nutrition | r16_c16 | Wednesday,Nutrition,r16_c16,Wednesday,r16_c14,66,50,0.14254859611231102,0.14254859611231102,2,False
Nutrition | r16_c16 | Wednesday,Nutrition,r16_c16,Wednesday,r17_c17,57,47,0.12311015118790497,0.12311015118790497,3,False
Nutrition | r16_c16 | Wednesday,Nutrition,r16_c16,Wednesday,r18_c16,57,43,0.12311015118790497,0.12311015118790497,4,False
Nutrition | r16_c16 | Wednesday,Nutrition,r16_c16,Wednesday,r20_c20,52,46,0.11231101511879049,0.11231101511879049,5,False
Nutrition | r16_c16 | Wednesday,Nutrition,r16_c16,Wednesday,r16_c15,35,32,0.0755939524838013,0.0755939524838013,6,False
Nutrition | r16_c16 | Wednesday,Nutrition,r16_c16,Wednesday,r14_c16,29,22,0.06263498920086392,0.06263498920086392,7,False
Nutrition | r16_c16 | Wednesday,Nutrition,r16_c16,Wednesday,r19_c16,22,20,0.047516198704103674,0.047516198704103674,8,False
Nutrition | r16_c16 | Wednesday,Nutrition,r16_c16,Wednesday,r17_c16,10,10,0.02159827213822894,0.02159827213822894,9,False
Nutrition | r16_c16 | Wednesday,Nutrition,r16_c16,Wednesday,r17_c15,6,5,0.012958963282937365,0.012958963282937365,10,False
Nutrition | r17_c15 | Friday,Nutrition,r17_c15,Friday,r16_c16,5,5,1.0,1.0,1,True
Nutrition | r17_c15 | Monday,Nutrition,r17_c15,Monday,r16_c16,4,4,1.0,1.0,1,True
Nutrition | r17_c15 | Thursday,Nutrition,r17_c15,Thursday,r16_c16,6,5,1.0,1.0,1,True
Nutrition | r17_c15 | Tuesday,Nutrition,r17_c15,Tuesday,r16_c16,5,5,1.0,1.0,1,True
Nutrition | r17_c15 | Wednesday,Nutrition,r17_c15,Wednesday,r16_c16,6,5,0.75,0.75,1,True
Nutrition | r17_c15 | Wednesday,Nutrition,r17_c15,Wednesday,r21_c31,2,1,0.25,0.25,2,False
Nutrition | r17_c16 | Monday,Nutrition,r17_c16,Monday,r16_c16,9,9,1.0,1.0,1,True
Nutrition | r17_c16 | Thursday,Nutrition,r17_c16,Thursday,r16_c16,10,10,1.0,1.0,1,True
Nutrition | r17_c16 | Wednesday,Nutrition,r17_c16,Wednesday,r16_c16,10,10,1.0,1.0,1,True
Nutrition | r17_c17 | Friday,Nutrition,r17_c17,Friday,r16_c16,74,49,1.0,1.0,1,True
Nutrition | r17_c17 | Monday,Nutrition,r17_c17,Monday,r16_c16,67,46,1.0,1.0,1,True
Nutrition | r17_c17 | Thursday,Nutrition,r17_c17,Thursday,r16_c16,73,48,1.0,1.0,1,True
Nutrition | r17_c17 | Tuesday,Nutrition,r17_c17,Tuesday,r16_c16,80,48,1.0,1.0,1,True
Nutrition | r17_c17 | Wednesday,Nutrition,r17_c17,Wednesday,r16_c16,66,47,1.0,1.0,1,True
Nutrition | r18_c16 | Friday,Nutrition,r18_c16,Friday,r16_c16,52,43,1.0,1.0,1,True
Nutrition | r18_c16 | Monday,Nutrition,r18_c16,Monday,r16_c16,55,42,1.0,1.0,1,True
Nutrition | r18_c16 | Thursday,Nutrition,r18_c16,Thursday,r16_c16,54,43,1.0,1.0,1,True
Nutrition | r18_c16 | Tuesday,Nutrition,r18_c16,Tuesday,r16_c16,57,42,1.0,1.0,1,True
Nutrition | r18_c16 | Wednesday,Nutrition,r18_c16,Wednesday,r16_c16,63,43,1.0,1.0,1,True
Nutrition | r19_c16 | Friday,Nutrition,r19_c16,Friday,r16_c16,21,20,1.0,1.0,1,True
Nutrition | r19_c16 | Tuesday,Nutrition,r19_c16,Tuesday,r16_c16,23,21,1.0,1.0,1,True
Nutrition | r19_c16 | Wednesday,Nutrition,r19_c16,Wednesday,r16_c16,24,20,1.0,1.0,1,True
Nutrition | r20_c20 | Friday,Nutrition,r20_c20,Friday,r16_c16,50,47,1.0,1.0,1,True
Nutrition | r20_c20 | Monday,Nutrition,r20_c20,Monday,r16_c16,52,47,1.0,1.0,1,True
Nutrition | r20_c20 | Wednesday,Nutrition,r20_c20,Wednesday,r16_c16,55,46,1.0,1.0,1,True
Nutrition | r21_c13 | Thursday,Nutrition,r21_c13,Thursday,r23_c16,55,51,1.0,1.0,1,True
Nutrition | r21_c13 | Tuesday,Nutrition,r21_c13,Tuesday,r23_c16,5,5,1.0,1.0,1,True
Nutrition | r21_c14 | Thursday,Nutrition,r21_c14,Thursday,r23_c16,34,31,1.0,1.0,1,True
Nutrition | r21_c16 | Friday,Nutrition,r21_c16,Friday,r22_c20,4,4,1.0,1.0,1,True
Nutrition | r21_c16 | Monday,Nutrition,r21_c16,Monday,r22_c20,5,4,1.0,1.0,1,True
Nutrition | r21_c16 | Saturday,Nutrition,r21_c16,Saturday,r22_c20,5,4,1.0,1.0,1,True
Nutrition | r21_c16 | Sunday,Nutrition,r21_c16,Sunday,r22_c20,5,4,1.0,1.0,1,True
Nutrition | r21_c16 | Thursday,Nutrition,r21_c16,Thursday,r22_c20,52,50,1.0,1.0,1,True
Nutrition | r21_c16 | Tuesday,Nutrition,r21_c16,Tuesday,r22_c20,52,49,1.0,1.0,1,True
Nutrition | r21_c16 | Wednesday,Nutrition,r21_c16,Wednesday,r22_c20,5,4,1.0,1.0,1,True
Nutrition | r21_c17 | Thursday,Nutrition,r21_c17,Thursday,r21_c16,3,1,0.42857142857142855,0.42857142857142855,1,True
Nutrition | r21_c17 | Thursday,Nutrition,r21_c17,Thursday,r25_c21,2,1,0.2857142857142857,0.2857142857142857,2,False
Nutrition | r21_c17 | Thursday,Nutrition,r21_c17,Thursday,r26_c22,2,1,0.2857142857142857,0.2857142857142857,3,False
Nutrition | r21_c31 | Friday,Nutrition,r21_c31,Friday,r25_c33,56,53,0.5045045045045045,0.5045045045045045,1,True
Nutrition | r21_c31 | Friday,Nutrition,r21_c31,Friday,r22_c31,55,53,0.4954954954954955,0.4954954954954955,2,False
Nutrition | r21_c31 | Monday,Nutrition,r21_c31,Monday,r22_c31,62,52,0.512396694214876,0.512396694214876,1,True
Nutrition | r21_c31 | Monday,Nutrition,r21_c31,Monday,r25_c33,59,52,0.48760330578512395,0.48760330578512395,2,False
Nutrition | r21_c31 | Saturday,Nutrition,r21_c31,Saturday,r22_c31,4,2,0.6666666666666666,0.6666666666666666,1,True
Nutrition | r21_c31 | Saturday,Nutrition,r21_c31,Saturday,r25_c33,2,2,0.3333333333333333,0.3333333333333333,2,False
Nutrition | r21_c31 | Sunday,Nutrition,r21_c31,Sunday,r22_c31,4,2,0.6666666666666666,0.6666666666666666,1,True
Nutrition | r21_c31 | Sunday,Nutrition,r21_c31,Sunday,r25_c33,2,2,0.3333333333333333,0.3333333333333333,2,False
Nutrition | r21_c31 | Thursday,Nutrition,r21_c31,Thursday,r25_c33,66,52,0.515625,0.515625,1,True
Nutrition | r21_c31 | Thursday,Nutrition,r21_c31,Thursday,r22_c31,62,52,0.484375,0.484375,2,False
Nutrition | r21_c31 | Tuesday,Nutrition,r21_c31,Tuesday,r22_c31,63,52,0.5121951219512195,0.5121951219512195,1,True
Nutrition | r21_c31 | Tuesday,Nutrition,r21_c31,Tuesday,r25_c33,60,52,0.4878048780487805,0.4878048780487805,2,False
Nutrition | r21_c31 | Wednesday,Nutrition,r21_c31,Wednesday,r22_c31,62,52,0.5081967213114754,0.5081967213114754,1,True
Nutrition | r21_c31 | Wednesday,Nutrition,r21_c31,Wednesday,r25_c33,59,52,0.48360655737704916,0.48360655737704916,2,False
Nutrition | r21_c31 | Wednesday,Nutrition,r21_c31,Wednesday,r17_c15,1,1,0.00819672131147541,0.00819672131147541,3,False
Nutrition | r22_c14 | Friday,Nutrition,r22_c14,Friday,r23_c16,6,4,1.0,1.0,1,True
Nutrition | r22_c14 | Monday,Nutrition,r22_c14,Monday,r23_c16,8,5,1.0,1.0,1,True
Nutrition | r22_c14 | Thursday,Nutrition,r22_c14,Thursday,r23_c16,6,4,1.0,1.0,1,True
Nutrition | r22_c14 | Tuesday,Nutrition,r22_c14,Tuesday,r23_c16,6,4,1.0,1.0,1,True
Nutrition | r22_c14 | Wednesday,Nutrition,r22_c14,Wednesday,r23_c16,6,4,1.0,1.0,1,True
Nutrition | r22_c15 | Friday,Nutrition,r22_c15,Friday,r23_c16,160,53,1.0,1.0,1,True
Nutrition | r22_c15 | Monday,Nutrition,r22_c15,Monday,r23_c16,154,52,1.0,1.0,1,True
Nutrition | r22_c15 | Thursday,Nutrition,r22_c15,Thursday,r23_c16,160,52,1.0,1.0,1,True
Nutrition | r22_c15 | Tuesday,Nutrition,r22_c15,Tuesday,r23_c16,158,52,1.0,1.0,1,True
Nutrition | r22_c15 | Wednesday,Nutrition,r22_c15,Wednesday,r23_c16,161,52,1.0,1.0,1,True
Nutrition | r22_c18 | Thursday,Nutrition,r22_c18,Thursday,r22_c20,5,5,1.0,1.0,1,True
Nutrition | r22_c18 | Tuesday,Nutrition,r22_c18,Tuesday,r22_c20,4,4,1.0,1.0,1,True
Nutrition | r22_c18 | Wednesday,Nutrition,r22_c18,Wednesday,r22_c20,2,1,1.0,1.0,1,True
Nutrition | r22_c20 | Friday,Nutrition,r22_c20,Friday,r21_c16,4,4,0.5714285714285714,0.5714285714285714,1,True
Nutrition | r22_c20 | Friday,Nutrition,r22_c20,Friday,r28_c16,3,1,0.42857142857142855,0.42857142857142855,2,False
Nutrition | r22_c20 | Monday,Nutrition,r22_c20,Monday,r21_c16,5,4,1.0,1.0,1,True
Nutrition | r22_c20 | Saturday,Nutrition,r22_c20,Saturday,r21_c16,4,4,1.0,1.0,1,True
Nutrition | r22_c20 | Sunday,Nutrition,r22_c20,Sunday,r21_c16,4,4,1.0,1.0,1,True
Nutrition | r22_c20 | Thursday,Nutrition,r22_c20,Thursday,r25_c21,83,52,0.3933649289099526,0.3933649289099526,1,True
Nutrition | r22_c20 | Thursday,Nutrition,r22_c20,Thursday,r26_c22,62,52,0.2938388625592417,0.2938388625592417,2,False
Nutrition | r22_c20 | Thursday,Nutrition,r22_c20,Thursday,r21_c16,56,50,0.26540284360189575,0.26540284360189575,3,False
Nutrition | r22_c20 | Thursday,Nutrition,r22_c20,Thursday,r22_c18,5,5,0.023696682464454975,0.023696682464454975,4,False
Nutrition | r22_c20 | Thursday,Nutrition,r22_c20,Thursday,r23_c21,5,4,0.023696682464454975,0.023696682464454975,5,False
Nutrition | r22_c20 | Tuesday,Nutrition,r22_c20,Tuesday,r25_c21,80,52,0.4166666666666667,0.4166666666666667,1,True
Nutrition | r22_c20 | Tuesday,Nutrition,r22_c20,Tuesday,r26_c22,53,48,0.2760416666666667,0.2760416666666667,2,False
Nutrition | r22_c20 | Tuesday,Nutrition,r22_c20,Tuesday,r21_c16,51,49,0.265625,0.265625,3,False
Nutrition | r22_c20 | Tuesday,Nutrition,r22_c20,Tuesday,r22_c18,4,4,0.020833333333333332,0.020833333333333332,4,False
Nutrition | r22_c20 | Tuesday,Nutrition,r22_c20,Tuesday,r23_c21,4,3,0.020833333333333332,0.020833333333333332,5,False
Nutrition | r22_c20 | Wednesday,Nutrition,r22_c20,Wednesday,r21_c16,5,4,0.7142857142857143,0.7142857142857143,1,True
Nutrition | r22_c20 | Wednesday,Nutrition,r22_c20,Wednesday,r22_c18,1,1,0.14285714285714285,0.14285714285714285,2,False
Nutrition | r22_c20 | Wednesday,Nutrition,r22_c20,Wednesday,r26_c22,1,1,0.14285714285714285,0.14285714285714285,3,False
Nutrition | r22_c31 | Friday,Nutrition,r22_c31,Friday,r21_c31,57,53,1.0,1.0,1,True
Nutrition | r22_c31 | Monday,Nutrition,r22_c31,Monday,r21_c31,64,52,1.0,1.0,1,True
Nutrition | r22_c31 | Saturday,Nutrition,r22_c31,Saturday,r21_c31,2,2,1.0,1.0,1,True
Nutrition | r22_c31 | Sunday,Nutrition,r22_c31,Sunday,r21_c31,2,2,1.0,1.0,1,True
Nutrition | r22_c31 | Thursday,Nutrition,r22_c31,Thursday,r21_c31,62,52,1.0,1.0,1,True
Nutrition | r22_c31 | Tuesday,Nutrition,r22_c31,Tuesday,r21_c31,65,52,1.0,1.0,1,True
Nutrition | r22_c31 | Wednesday,Nutrition,r22_c31,Wednesday,r21_c31,62,52,1.0,1.0,1,True
Nutrition | r23_c10 | Friday,Nutrition,r23_c10,Friday,r26_c11,135,53,1.0,1.0,1,True
Nutrition | r23_c10 | Monday,Nutrition,r23_c10,Monday,r26_c11,77,52,1.0,1.0,1,True
Nutrition | r23_c10 | Thursday,Nutrition,r23_c10,Thursday,r26_c11,131,52,1.0,1.0,1,True
Nutrition | r23_c10 | Tuesday,Nutrition,r23_c10,Tuesday,r26_c11,133,52,1.0,1.0,1,True
Nutrition | r23_c10 | Wednesday,Nutrition,r23_c10,Wednesday,r26_c11,132,52,1.0,1.0,1,True
Nutrition | r23_c11 | Friday,Nutrition,r23_c11,Friday,r26_c11,67,53,1.0,1.0,1,True
Nutrition | r23_c11 | Monday,Nutrition,r23_c11,Monday,r26_c11,66,52,1.0,1.0,1,True
Nutrition | r23_c11 | Thursday,Nutrition,r23_c11,Thursday,r26_c11,65,52,1.0,1.0,1,True
Nutrition | r23_c11 | Tuesday,Nutrition,r23_c11,Tuesday,r26_c11,66,52,1.0,1.0,1,True
Nutrition | r23_c11 | Wednesday,Nutrition,r23_c11,Wednesday,r26_c11,65,52,1.0,1.0,1,True
Nutrition | r23_c15 | Friday,Nutrition,r23_c15,Friday,r23_c16,23,18,1.0,1.0,1,True
Nutrition | r23_c15 | Monday,Nutrition,r23_c15,Monday,r23_c16,37,24,1.0,1.0,1,True
Nutrition | r23_c15 | Thursday,Nutrition,r23_c15,Thursday,r23_c16,14,9,1.0,1.0,1,True
Nutrition | r23_c16 | Friday,Nutrition,r23_c16,Friday,r24_c17,203,53,0.26816380449141347,0.26816380449141347,1,True
Nutrition | r23_c16 | Friday,Nutrition,r23_c16,Friday,r22_c15,167,53,0.22060766182298547,0.22060766182298547,2,False
Nutrition | r23_c16 | Friday,Nutrition,r23_c16,Friday,r23_c16,96,44,0.12681638044914134,0.12681638044914134,3,False
Nutrition | r23_c16 | Friday,Nutrition,r23_c16,Friday,r22_c14,86,38,0.11360634081902246,0.11360634081902246,4,False
Nutrition | r23_c16 | Friday,Nutrition,r23_c16,Friday,r24_c15,60,52,0.07926023778071334,0.07926023778071334,5,False
Nutrition | r23_c16 | Friday,Nutrition,r23_c16,Friday,r23_c17,55,48,0.0726552179656539,0.0726552179656539,6,False
Nutrition | r23_c16 | Friday,Nutrition,r23_c16,Friday,r25_c15,51,48,0.06737120211360634,0.06737120211360634,7,False
Nutrition | r23_c16 | Friday,Nutrition,r23_c16,Friday,r23_c15,39,18,0.05151915455746367,0.05151915455746367,8,False
Nutrition | r23_c16 | Monday,Nutrition,r23_c16,Monday,r24_c17,187,52,0.2698412698412698,0.2698412698412698,1,True
Nutrition | r23_c16 | Monday,Nutrition,r23_c16,Monday,r22_c15,152,52,0.21933621933621933,0.21933621933621933,2,False
Nutrition | r23_c16 | Monday,Nutrition,r23_c16,Monday,r23_c16,88,43,0.12698412698412698,0.12698412698412698,3,False
Nutrition | r23_c16 | Monday,Nutrition,r23_c16,Monday,r22_c14,80,38,0.11544011544011544,0.11544011544011544,4,False
Nutrition | r23_c16 | Monday,Nutrition,r23_c16,Monday,r24_c15,51,51,0.0735930735930736,0.0735930735930736,5,False
Nutrition | r23_c16 | Monday,Nutrition,r23_c16,Monday,r23_c17,48,46,0.06926406926406926,0.06926406926406926,6,False
Nutrition | r23_c16 | Monday,Nutrition,r23_c16,Monday,r25_c15,48,48,0.06926406926406926,0.06926406926406926,7,False
Nutrition | r23_c16 | Monday,Nutrition,r23_c16,Monday,r23_c15,39,24,0.05627705627705628,0.05627705627705628,8,False
Nutrition | r23_c16 | Thursday,Nutrition,r23_c16,Thursday,r24_c17,220,52,0.26763990267639903,0.26763990267639903,1,True
Nutrition | r23_c16 | Thursday,Nutrition,r23_c16,Thursday,r22_c15,161,52,0.19586374695863748,0.19586374695863748,2,False
Nutrition | r23_c16 | Thursday,Nutrition,r23_c16,Thursday,r23_c16,92,43,0.11192214111922141,0.11192214111922141,3,False
Nutrition | r23_c16 | Thursday,Nutrition,r23_c16,Thursday,r22_c14,83,37,0.10097323600973236,0.10097323600973236,4,False
Nutrition | r23_c16 | Thursday,Nutrition,r23_c16,Thursday,r24_c15,56,51,0.0681265206812652,0.0681265206812652,5,False
Nutrition | r23_c16 | Thursday,Nutrition,r23_c16,Thursday,r23_c17,54,47,0.06569343065693431,0.06569343065693431,6,False
Nutrition | r23_c16 | Thursday,Nutrition,r23_c16,Thursday,r21_c13,53,51,0.06447688564476886,0.06447688564476886,7,False
Nutrition | r23_c16 | Thursday,Nutrition,r23_c16,Thursday,r25_c15,48,47,0.058394160583941604,0.058394160583941604,8,False
Nutrition | r23_c16 | Thursday,Nutrition,r23_c16,Thursday,r21_c14,32,31,0.038929440389294405,0.038929440389294405,9,False
Nutrition | r23_c16 | Thursday,Nutrition,r23_c16,Thursday,r23_c15,20,9,0.024330900243309004,0.024330900243309004,10,False
Nutrition | r23_c16 | Thursday,Nutrition,r23_c16,Thursday,r24_c16,3,3,0.0036496350364963502,0.0036496350364963502,11,False
Nutrition | r23_c16 | Tuesday,Nutrition,r23_c16,Tuesday,r24_c17,218,52,0.3168604651162791,0.3168604651162791,1,True
Nutrition | r23_c16 | Tuesday,Nutrition,r23_c16,Tuesday,r22_c15,162,52,0.23546511627906977,0.23546511627906977,2,False
Nutrition | r23_c16 | Tuesday,Nutrition,r23_c16,Tuesday,r23_c16,88,43,0.12790697674418605,0.12790697674418605,3,False
Nutrition | r23_c16 | Tuesday,Nutrition,r23_c16,Tuesday,r22_c14,86,38,0.125,0.125,4,False
Nutrition | r23_c16 | Tuesday,Nutrition,r23_c16,Tuesday,r24_c15,74,52,0.10755813953488372,0.10755813953488372,5,False
Nutrition | r23_c16 | Tuesday,Nutrition,r23_c16,Tuesday,r25_c15,50,48,0.07267441860465117,0.07267441860465117,6,False
Nutrition | r23_c16 | Tuesday,Nutrition,r23_c16,Tuesday,r21_c13,5,5,0.007267441860465116,0.007267441860465116,7,False
Nutrition | r23_c16 | Tuesday,Nutrition,r23_c16,Tuesday,r24_c16,3,3,0.00436046511627907,0.00436046511627907,8,False
Nutrition | r23_c16 | Tuesday,Nutrition,r23_c16,Tuesday,r23_c17,2,2,0.0029069767441860465,0.0029069767441860465,9,False
Nutrition | r23_c16 | Wednesday,Nutrition,r23_c16,Wednesday,r24_c17,215,52,0.3180473372781065,0.3180473372781065,1,True
Nutrition | r23_c16 | Wednesday,Nutrition,r23_c16,Wednesday,r22_c15,165,52,0.2440828402366864,0.2440828402366864,2,False
Nutrition | r23_c16 | Wednesday,Nutrition,r23_c16,Wednesday,r23_c16,90,43,0.13313609467455623,0.13313609467455623,3,False
Nutrition | r23_c16 | Wednesday,Nutrition,r23_c16,Wednesday,r22_c14,82,38,0.12130177514792899,0.12130177514792899,4,False
Nutrition | r23_c16 | Wednesday,Nutrition,r23_c16,Wednesday,r23_c17,52,52,0.07692307692307693,0.07692307692307693,5,False
Nutrition | r23_c16 | Wednesday,Nutrition,r23_c16,Wednesday,r25_c15,50,48,0.07396449704142012,0.07396449704142012,6,False
Nutrition | r23_c16 | Wednesday,Nutrition,r23_c16,Wednesday,r24_c15,22,19,0.03254437869822485,0.03254437869822485,7,False
Nutrition | r23_c17 | Thursday,Nutrition,r23_c17,Thursday,r23_c16,1,1,1.0,1.0,1,True
Nutrition | r23_c17 | Tuesday,Nutrition,r23_c17,Tuesday,r23_c16,2,2,1.0,1.0,1,True
Nutrition | r23_c17 | Wednesday,Nutrition,r23_c17,Wednesday,r23_c16,56,52,1.0,1.0,1,True
Nutrition | r23_c21 | Thursday,Nutrition,r23_c21,Thursday,r22_c20,4,4,1.0,1.0,1,True
Nutrition | r23_c21 | Tuesday,Nutrition,r23_c21,Tuesday,r22_c20,3,3,1.0,1.0,1,True
Nutrition | r24_c11 | Friday,Nutrition,r24_c11,Friday,r26_c11,68,52,1.0,1.0,1,True
Nutrition | r24_c11 | Monday,Nutrition,r24_c11,Monday,r26_c11,52,38,1.0,1.0,1,True
Nutrition | r24_c11 | Thursday,Nutrition,r24_c11,Thursday,r26_c11,67,52,1.0,1.0,1,True
Nutrition | r24_c11 | Tuesday,Nutrition,r24_c11,Tuesday,r26_c11,50,38,1.0,1.0,1,True
Nutrition | r24_c11 | Wednesday,Nutrition,r24_c11,Wednesday,r26_c11,67,52,1.0,1.0,1,True
Nutrition | r24_c15 | Friday,Nutrition,r24_c15,Friday,r23_c16,55,52,1.0,1.0,1,True
Nutrition | r24_c15 | Monday,Nutrition,r24_c15,Monday,r23_c16,53,51,1.0,1.0,1,True
Nutrition | r24_c15 | Thursday,Nutrition,r24_c15,Thursday,r23_c16,55,51,1.0,1.0,1,True
Nutrition | r24_c15 | Tuesday,Nutrition,r24_c15,Tuesday,r23_c16,81,52,1.0,1.0,1,True
Nutrition | r24_c15 | Wednesday,Nutrition,r24_c15,Wednesday,r23_c16,26,19,1.0,1.0,1,True
Nutrition | r24_c16 | Friday,Nutrition,r24_c16,Friday,r23_c16,2,2,1.0,1.0,1,True
Nutrition | r24_c16 | Monday,Nutrition,r24_c16,Monday,r23_c16,2,2,1.0,1.0,1,True
Nutrition | r24_c16 | Thursday,Nutrition,r24_c16,Thursday,r23_c16,4,4,1.0,1.0,1,True
Nutrition | r24_c16 | Tuesday,Nutrition,r24_c16,Tuesday,r23_c16,3,3,1.0,1.0,1,True
Nutrition | r24_c17 | Friday,Nutrition,r24_c17,Friday,r23_c16,197,53,1.0,1.0,1,True
Nutrition | r24_c17 | Monday,Nutrition,r24_c17,Monday,r23_c16,191,52,1.0,1.0,1,True
Nutrition | r24_c17 | Thursday,Nutrition,r24_c17,Thursday,r23_c16,216,52,1.0,1.0,1,True
Nutrition | r24_c17 | Tuesday,Nutrition,r24_c17,Tuesday,r23_c16,218,52,1.0,1.0,1,True
Nutrition | r24_c17 | Wednesday,Nutrition,r24_c17,Wednesday,r23_c16,217,52,1.0,1.0,1,True
Nutrition | r25_c10 | Friday,Nutrition,r25_c10,Friday,r26_c9,55,53,0.5288461538461539,0.5288461538461539,1,True
Nutrition | r25_c10 | Friday,Nutrition,r25_c10,Friday,r28_c6,46,43,0.4423076923076923,0.4423076923076923,2,False
Nutrition | r25_c10 | Friday,Nutrition,r25_c10,Friday,r27_c9,3,3,0.028846153846153848,0.028846153846153848,3,False
Nutrition | r25_c10 | Monday,Nutrition,r25_c10,Monday,r26_c9,53,52,0.5463917525773195,0.5463917525773195,1,True
Nutrition | r25_c10 | Monday,Nutrition,r25_c10,Monday,r28_c6,44,44,0.4536082474226804,0.4536082474226804,2,False
Nutrition | r25_c10 | Thursday,Nutrition,r25_c10,Thursday,r26_c9,55,52,0.5555555555555556,0.5555555555555556,1,True
Nutrition | r25_c10 | Thursday,Nutrition,r25_c10,Thursday,r28_c6,44,43,0.4444444444444444,0.4444444444444444,2,False
Nutrition | r25_c10 | Tuesday,Nutrition,r25_c10,Tuesday,r26_c9,53,52,0.53,0.53,1,True
Nutrition | r25_c10 | Tuesday,Nutrition,r25_c10,Tuesday,r28_c6,44,44,0.44,0.44,2,False
Nutrition | r25_c10 | Tuesday,Nutrition,r25_c10,Tuesday,r27_c9,3,3,0.03,0.03,3,False
Nutrition | r25_c10 | Wednesday,Nutrition,r25_c10,Wednesday,r26_c9,57,52,0.5428571428571428,0.5428571428571428,1,True
Nutrition | r25_c10 | Wednesday,Nutrition,r25_c10,Wednesday,r28_c6,48,43,0.45714285714285713,0.45714285714285713,2,False
Nutrition | r25_c11 | Friday,Nutrition,r25_c11,Friday,r26_c11,101,53,1.0,1.0,1,True
Nutrition | r25_c11 | Monday,Nutrition,r25_c11,Monday,r26_c11,31,31,1.0,1.0,1,True
Nutrition | r25_c11 | Thursday,Nutrition,r25_c11,Thursday,r26_c11,95,52,1.0,1.0,1,True
Nutrition | r25_c11 | Tuesday,Nutrition,r25_c11,Tuesday,r26_c11,100,52,1.0,1.0,1,True
Nutrition | r25_c11 | Wednesday,Nutrition,r25_c11,Wednesday,r26_c11,99,52,1.0,1.0,1,True
Nutrition | r25_c12 | Friday,Nutrition,r25_c12,Friday,r26_c11,2,2,1.0,1.0,1,True
Nutrition | r25_c12 | Monday,Nutrition,r25_c12,Monday,r26_c11,3,3,1.0,1.0,1,True
Nutrition | r25_c12 | Thursday,Nutrition,r25_c12,Thursday,r26_c11,57,45,1.0,1.0,1,True
Nutrition | r25_c12 | Tuesday,Nutrition,r25_c12,Tuesday,r26_c11,60,45,1.0,1.0,1,True
Nutrition | r25_c12 | Wednesday,Nutrition,r25_c12,Wednesday,r26_c11,3,3,1.0,1.0,1,True
Nutrition | r25_c14 | Tuesday,Nutrition,r25_c14,Tuesday,r17_c9,1,1,1.0,1.0,1,True
Nutrition | r25_c15 | Friday,Nutrition,r25_c15,Friday,r23_c16,50,48,1.0,1.0,1,True
Nutrition | r25_c15 | Monday,Nutrition,r25_c15,Monday,r23_c16,50,48,1.0,1.0,1,True
Nutrition | r25_c15 | Thursday,Nutrition,r25_c15,Thursday,r23_c16,50,47,1.0,1.0,1,True
Nutrition | r25_c15 | Tuesday,Nutrition,r25_c15,Tuesday,r23_c16,51,48,1.0,1.0,1,True
Nutrition | r25_c15 | Wednesday,Nutrition,r25_c15,Wednesday,r23_c16,51,48,1.0,1.0,1,True
Nutrition | r25_c21 | Thursday,Nutrition,r25_c21,Thursday,r22_c20,78,52,0.9629629629629629,0.9629629629629629,1,True
Nutrition | r25_c21 | Thursday,Nutrition,r25_c21,Thursday,r23_c20,2,2,0.024691358024691357,0.024691358024691357,2,False
Nutrition | r25_c21 | Thursday,Nutrition,r25_c21,Thursday,r27_c17,1,1,0.012345679012345678,0.012345679012345678,3,False
Nutrition | r25_c21 | Tuesday,Nutrition,r25_c21,Tuesday,r22_c20,78,51,0.9629629629629629,0.9629629629629629,1,True
Nutrition | r25_c21 | Tuesday,Nutrition,r25_c21,Tuesday,r23_c20,3,3,0.037037037037037035,0.037037037037037035,2,False
Nutrition | r25_c21 | Wednesday,Nutrition,r25_c21,Wednesday,r27_c17,2,1,1.0,1.0,1,True
Nutrition | r25_c33 | Friday,Nutrition,r25_c33,Friday,r21_c31,59,53,1.0,1.0,1,True
Nutrition | r25_c33 | Monday,Nutrition,r25_c33,Monday,r21_c31,65,52,1.0,1.0,1,True
Nutrition | r25_c33 | Saturday,Nutrition,r25_c33,Saturday,r21_c31,4,2,1.0,1.0,1,True
Nutrition | r25_c33 | Sunday,Nutrition,r25_c33,Sunday,r21_c31,6,2,1.0,1.0,1,True
Nutrition | r25_c33 | Thursday,Nutrition,r25_c33,Thursday,r21_c31,67,52,1.0,1.0,1,True
Nutrition | r25_c33 | Tuesday,Nutrition,r25_c33,Tuesday,r21_c31,70,52,1.0,1.0,1,True
Nutrition | r25_c33 | Wednesday,Nutrition,r25_c33,Wednesday,r21_c31,66,52,1.0,1.0,1,True
Nutrition | r26_c11 | Friday,Nutrition,r26_c11,Friday,r26_c11,322,53,0.47352941176470587,0.47352941176470587,1,True
Nutrition | r26_c11 | Friday,Nutrition,r26_c11,Friday,r25_c11,123,53,0.18088235294117647,0.18088235294117647,2,False
Nutrition | r26_c11 | Friday,Nutrition,r26_c11,Friday,r23_c10,117,53,0.17205882352941176,0.17205882352941176,3,False
Nutrition | r26_c11 | Friday,Nutrition,r26_c11,Friday,r23_c11,58,53,0.08529411764705883,0.08529411764705883,4,False
Nutrition | r26_c11 | Friday,Nutrition,r26_c11,Friday,r24_c11,58,52,0.08529411764705883,0.08529411764705883,5,False
Nutrition | r26_c11 | Friday,Nutrition,r26_c11,Friday,r25_c12,2,2,0.0029411764705882353,0.0029411764705882353,6,False
Nutrition | r26_c11 | Monday,Nutrition,r26_c11,Monday,r26_c11,319,52,0.5519031141868512,0.5519031141868512,1,True
Nutrition | r26_c11 | Monday,Nutrition,r26_c11,Monday,r23_c10,92,52,0.15916955017301038,0.15916955017301038,2,False
Nutrition | r26_c11 | Monday,Nutrition,r26_c11,Monday,r25_c11,63,52,0.10899653979238755,0.10899653979238755,3,False
Nutrition | r26_c11 | Monday,Nutrition,r26_c11,Monday,r23_c11,57,52,0.0986159169550173,0.0986159169550173,4,False
Nutrition | r26_c11 | Monday,Nutrition,r26_c11,Monday,r24_c11,44,38,0.07612456747404844,0.07612456747404844,5,False
Nutrition | r26_c11 | Monday,Nutrition,r26_c11,Monday,r25_c12,3,3,0.005190311418685121,0.005190311418685121,6,False
Nutrition | r26_c11 | Thursday,Nutrition,r26_c11,Thursday,r26_c11,322,52,0.4375,0.4375,1,True
Nutrition | r26_c11 | Thursday,Nutrition,r26_c11,Thursday,r25_c11,122,52,0.16576086956521738,0.16576086956521738,2,False
Nutrition | r26_c11 | Thursday,Nutrition,r26_c11,Thursday,r23_c10,117,52,0.15896739130434784,0.15896739130434784,3,False
Nutrition | r26_c11 | Thursday,Nutrition,r26_c11,Thursday,r24_c11,62,52,0.08423913043478261,0.08423913043478261,4,False
Nutrition | r26_c11 | Thursday,Nutrition,r26_c11,Thursday,r23_c11,58,52,0.07880434782608696,0.07880434782608696,5,False
Nutrition | r26_c11 | Thursday,Nutrition,r26_c11,Thursday,r25_c12,55,45,0.07472826086956522,0.07472826086956522,6,False
Nutrition | r26_c11 | Tuesday,Nutrition,r26_c11,Tuesday,r26_c11,319,52,0.4505649717514124,0.4505649717514124,1,True
Nutrition | r26_c11 | Tuesday,Nutrition,r26_c11,Tuesday,r25_c11,121,52,0.1709039548022599,0.1709039548022599,2,False
Nutrition | r26_c11 | Tuesday,Nutrition,r26_c11,Tuesday,r23_c10,115,52,0.16242937853107345,0.16242937853107345,3,False
Nutrition | r26_c11 | Tuesday,Nutrition,r26_c11,Tuesday,r23_c11,57,52,0.08050847457627118,0.08050847457627118,4,False
Nutrition | r26_c11 | Tuesday,Nutrition,r26_c11,Tuesday,r25_c12,54,45,0.07627118644067797,0.07627118644067797,5,False
Nutrition | r26_c11 | Tuesday,Nutrition,r26_c11,Tuesday,r24_c11,42,38,0.059322033898305086,0.059322033898305086,6,False
Nutrition | r26_c11 | Wednesday,Nutrition,r26_c11,Wednesday,r26_c11,231,52,0.39827586206896554,0.39827586206896554,1,True
Nutrition | r26_c11 | Wednesday,Nutrition,r26_c11,Wednesday,r25_c11,119,52,0.20517241379310344,0.20517241379310344,2,False
Nutrition | r26_c11 | Wednesday,Nutrition,r26_c11,Wednesday,r23_c10,113,52,0.19482758620689655,0.19482758620689655,3,False
Nutrition | r26_c11 | Wednesday,Nutrition,r26_c11,Wednesday,r24_c11,58,52,0.1,0.1,4,False
Nutrition | r26_c11 | Wednesday,Nutrition,r26_c11,Wednesday,r23_c11,56,52,0.09655172413793103,0.09655172413793103,5,False
Nutrition | r26_c11 | Wednesday,Nutrition,r26_c11,Wednesday,r25_c12,3,3,0.005172413793103448,0.005172413793103448,6,False
Nutrition | r26_c13 | Friday,Nutrition,r26_c13,Friday,r27_c12,79,52,1.0,1.0,1,True
Nutrition | r26_c13 | Monday,Nutrition,r26_c13,Monday,r27_c12,66,51,1.0,1.0,1,True
Nutrition | r26_c13 | Thursday,Nutrition,r26_c13,Thursday,r27_c12,188,52,1.0,1.0,1,True
Nutrition | r26_c13 | Tuesday,Nutrition,r26_c13,Tuesday,r27_c12,183,52,1.0,1.0,1,True
Nutrition | r26_c13 | Wednesday,Nutrition,r26_c13,Wednesday,r27_c12,124,52,1.0,1.0,1,True
Nutrition | r26_c14 | Friday,Nutrition,r26_c14,Friday,r27_c12,11,2,1.0,1.0,1,True
Nutrition | r26_c14 | Monday,Nutrition,r26_c14,Monday,r27_c12,2,1,1.0,1.0,1,True
Nutrition | r26_c14 | Thursday,Nutrition,r26_c14,Thursday,r27_c12,62,52,1.0,1.0,1,True
Nutrition | r26_c14 | Tuesday,Nutrition,r26_c14,Tuesday,r27_c12,62,52,1.0,1.0,1,True
Nutrition | r26_c14 | Wednesday,Nutrition,r26_c14,Wednesday,r27_c12,63,52,1.0,1.0,1,True
Nutrition | r26_c22 | Thursday,Nutrition,r26_c22,Thursday,r22_c20,60,52,1.0,1.0,1,True
Nutrition | r26_c22 | Tuesday,Nutrition,r26_c22,Tuesday,r22_c20,54,48,1.0,1.0,1,True
Nutrition | r26_c22 | Wednesday,Nutrition,r26_c22,Wednesday,r22_c20,1,1,1.0,1.0,1,True
Nutrition | r26_c9 | Friday,Nutrition,r26_c9,Friday,r25_c10,56,53,1.0,1.0,1,True
Nutrition | r26_c9 | Monday,Nutrition,r26_c9,Monday,r25_c10,53,52,1.0,1.0,1,True
Nutrition | r26_c9 | Thursday,Nutrition,r26_c9,Thursday,r25_c10,55,52,1.0,1.0,1,True
Nutrition | r26_c9 | Tuesday,Nutrition,r26_c9,Tuesday,r25_c10,54,52,1.0,1.0,1,True
Nutrition | r26_c9 | Wednesday,Nutrition,r26_c9,Wednesday,r25_c10,58,52,1.0,1.0,1,True
Nutrition | r27_c10 | Friday,Nutrition,r27_c10,Friday,r27_c11,82,53,1.0,1.0,1,True
Nutrition | r27_c10 | Monday,Nutrition,r27_c10,Monday,r27_c11,80,52,1.0,1.0,1,True
Nutrition | r27_c10 | Thursday,Nutrition,r27_c10,Thursday,r27_c11,80,52,1.0,1.0,1,True
Nutrition | r27_c10 | Tuesday,Nutrition,r27_c10,Tuesday,r27_c11,67,52,1.0,1.0,1,True
Nutrition | r27_c10 | Wednesday,Nutrition,r27_c10,Wednesday,r27_c11,85,52,1.0,1.0,1,True
Nutrition | r27_c11 | Friday,Nutrition,r27_c11,Friday,r27_c11,262,53,0.6093023255813953,0.6093023255813953,1,True
Nutrition | r27_c11 | Friday,Nutrition,r27_c11,Friday,r27_c10,86,53,0.2,0.2,2,False
Nutrition | r27_c11 | Friday,Nutrition,r27_c11,Friday,r28_c11,56,53,0.13023255813953488,0.13023255813953488,3,False
Nutrition | r27_c11 | Friday,Nutrition,r27_c11,Friday,r28_c9,26,22,0.06046511627906977,0.06046511627906977,4,False
Nutrition | r27_c11 | Monday,Nutrition,r27_c11,Monday,r27_c11,152,47,0.495114006514658,0.495114006514658,1,True
Nutrition | r27_c11 | Monday,Nutrition,r27_c11,Monday,r27_c10,79,52,0.25732899022801303,0.25732899022801303,2,False
Nutrition | r27_c11 | Monday,Nutrition,r27_c11,Monday,r28_c11,53,52,0.17263843648208468,0.17263843648208468,3,False
Nutrition | r27_c11 | Monday,Nutrition,r27_c11,Monday,r28_c9,23,22,0.0749185667752443,0.0749185667752443,4,False
Nutrition | r27_c11 | Thursday,Nutrition,r27_c11,Thursday,r28_c11,130,52,0.5627705627705628,0.5627705627705628,1,True
Nutrition | r27_c11 | Thursday,Nutrition,r27_c11,Thursday,r27_c10,81,52,0.35064935064935066,0.35064935064935066,2,False
Nutrition | r27_c11 | Thursday,Nutrition,r27_c11,Thursday,r27_c12,12,8,0.05194805194805195,0.05194805194805195,3,False
Nutrition | r27_c11 | Thursday,Nutrition,r27_c11,Thursday,r28_c9,6,6,0.025974025974025976,0.025974025974025976,4,False
Nutrition | r27_c11 | Thursday,Nutrition,r27_c11,Thursday,r27_c11,2,1,0.008658008658008658,0.008658008658008658,5,False
Nutrition | r27_c11 | Tuesday,Nutrition,r27_c11,Tuesday,r28_c11,130,52,0.40372670807453415,0.40372670807453415,1,True
Nutrition | r27_c11 | Tuesday,Nutrition,r27_c11,Tuesday,r27_c11,109,52,0.3385093167701863,0.3385093167701863,2,False
Nutrition | r27_c11 | Tuesday,Nutrition,r27_c11,Tuesday,r27_c10,68,52,0.2111801242236025,0.2111801242236025,3,False
Nutrition | r27_c11 | Tuesday,Nutrition,r27_c11,Tuesday,r27_c12,10,8,0.031055900621118012,0.031055900621118012,4,False
Nutrition | r27_c11 | Tuesday,Nutrition,r27_c11,Tuesday,r28_c9,5,5,0.015527950310559006,0.015527950310559006,5,False
Nutrition | r27_c11 | Wednesday,Nutrition,r27_c11,Wednesday,r27_c11,276,52,0.575,0.575,1,True
Nutrition | r27_c11 | Wednesday,Nutrition,r27_c11,Wednesday,r28_c11,102,52,0.2125,0.2125,2,False
Nutrition | r27_c11 | Wednesday,Nutrition,r27_c11,Wednesday,r27_c10,84,52,0.175,0.175,3,False
Nutrition | r27_c11 | Wednesday,Nutrition,r27_c11,Wednesday,r28_c9,18,18,0.0375,0.0375,4,False
Nutrition | r27_c12 | Friday,Nutrition,r27_c12,Friday,r26_c13,71,52,0.3901098901098901,0.3901098901098901,1,True
Nutrition | r27_c12 | Friday,Nutrition,r27_c12,Friday,r27_c12,61,27,0.33516483516483514,0.33516483516483514,2,False
Nutrition | r27_c12 | Friday,Nutrition,r27_c12,Friday,r28_c13,33,25,0.1813186813186813,0.1813186813186813,3,False
Nutrition | r27_c12 | Friday,Nutrition,r27_c12,Friday,r27_c13,10,10,0.054945054945054944,0.054945054945054944,4,False
Nutrition | r27_c12 | Friday,Nutrition,r27_c12,Friday,r29_c12,4,2,0.02197802197802198,0.02197802197802198,5,False
Nutrition | r27_c12 | Friday,Nutrition,r27_c12,Friday,r26_c14,3,2,0.016483516483516484,0.016483516483516484,6,False
Nutrition | r27_c12 | Monday,Nutrition,r27_c12,Monday,r26_c13,63,51,0.375,0.375,1,True
Nutrition | r27_c12 | Monday,Nutrition,r27_c12,Monday,r27_c12,60,26,0.35714285714285715,0.35714285714285715,2,False
Nutrition | r27_c12 | Monday,Nutrition,r27_c12,Monday,r28_c13,29,24,0.17261904761904762,0.17261904761904762,3,False
Nutrition | r27_c12 | Monday,Nutrition,r27_c12,Monday,r27_c13,9,8,0.05357142857142857,0.05357142857142857,4,False
Nutrition | r27_c12 | Monday,Nutrition,r27_c12,Monday,r29_c12,5,3,0.02976190476190476,0.02976190476190476,5,False
Nutrition | r27_c12 | Monday,Nutrition,r27_c12,Monday,r26_c14,2,1,0.011904761904761904,0.011904761904761904,6,False
Nutrition | r27_c12 | Thursday,Nutrition,r27_c12,Thursday,r26_c13,176,52,0.46808510638297873,0.46808510638297873,1,True
Nutrition | r27_c12 | Thursday,Nutrition,r27_c12,Thursday,r27_c12,66,27,0.17553191489361702,0.17553191489361702,2,False
Nutrition | r27_c12 | Thursday,Nutrition,r27_c12,Thursday,r26_c14,59,52,0.15691489361702127,0.15691489361702127,3,False
Nutrition | r27_c12 | Thursday,Nutrition,r27_c12,Thursday,r28_c13,45,34,0.1196808510638298,0.1196808510638298,4,False
Nutrition | r27_c12 | Thursday,Nutrition,r27_c12,Thursday,r27_c13,22,21,0.05851063829787234,0.05851063829787234,5,False
Nutrition | r27_c12 | Thursday,Nutrition,r27_c12,Thursday,r27_c11,4,4,0.010638297872340425,0.010638297872340425,6,False
Nutrition | r27_c12 | Thursday,Nutrition,r27_c12,Thursday,r29_c12,4,2,0.010638297872340425,0.010638297872340425,7,False
Nutrition | r27_c12 | Tuesday,Nutrition,r27_c12,Tuesday,r26_c13,167,52,0.4575342465753425,0.4575342465753425,1,True
Nutrition | r27_c12 | Tuesday,Nutrition,r27_c12,Tuesday,r27_c12,67,27,0.18356164383561643,0.18356164383561643,2,False
Nutrition | r27_c12 | Tuesday,Nutrition,r27_c12,Tuesday,r26_c14,57,52,0.15616438356164383,0.15616438356164383,3,False
Nutrition | r27_c12 | Tuesday,Nutrition,r27_c12,Tuesday,r28_c13,43,34,0.1178082191780822,0.1178082191780822,4,False
Nutrition | r27_c12 | Tuesday,Nutrition,r27_c12,Tuesday,r27_c13,23,22,0.06301369863013699,0.06301369863013699,5,False
Nutrition | r27_c12 | Tuesday,Nutrition,r27_c12,Tuesday,r29_c12,5,3,0.0136986301369863,0.0136986301369863,6,False
Nutrition | r27_c12 | Tuesday,Nutrition,r27_c12,Tuesday,r27_c11,3,3,0.00821917808219178,0.00821917808219178,7,False
Nutrition | r27_c12 | Wednesday,Nutrition,r27_c12,Wednesday,r26_c13,119,52,0.4033898305084746,0.4033898305084746,1,True
Nutrition | r27_c12 | Wednesday,Nutrition,r27_c12,Wednesday,r27_c12,60,27,0.2033898305084746,0.2033898305084746,2,False
Nutrition | r27_c12 | Wednesday,Nutrition,r27_c12,Wednesday,r26_c14,59,52,0.2,0.2,3,False
Nutrition | r27_c12 | Wednesday,Nutrition,r27_c12,Wednesday,r28_c13,41,33,0.13898305084745763,0.13898305084745763,4,False
Nutrition | r27_c12 | Wednesday,Nutrition,r27_c12,Wednesday,r27_c13,11,10,0.03728813559322034,0.03728813559322034,5,False
Nutrition | r27_c12 | Wednesday,Nutrition,r27_c12,Wednesday,r29_c12,5,3,0.01694915254237288,0.01694915254237288,6,False
Nutrition | r27_c13 | Friday,Nutrition,r27_c13,Friday,r27_c12,12,10,1.0,1.0,1,True
Nutrition | r27_c13 | Monday,Nutrition,r27_c13,Monday,r27_c12,11,8,1.0,1.0,1,True
Nutrition | r27_c13 | Thursday,Nutrition,r27_c13,Thursday,r27_c12,24,21,1.0,1.0,1,True
Nutrition | r27_c13 | Tuesday,Nutrition,r27_c13,Tuesday,r27_c12,28,22,1.0,1.0,1,True
Nutrition | r27_c13 | Wednesday,Nutrition,r27_c13,Wednesday,r27_c12,14,10,1.0,1.0,1,True
Nutrition | r27_c14 | Thursday,Nutrition,r27_c14,Thursday,r27_c14,5,1,0.5,0.5,1,True
Nutrition | r27_c14 | Thursday,Nutrition,r27_c14,Thursday,r28_c14,3,1,0.3,0.3,2,False
Nutrition | r27_c14 | Thursday,Nutrition,r27_c14,Thursday,r27_c15,1,1,0.1,0.1,3,False
Nutrition | r27_c14 | Thursday,Nutrition,r27_c14,Thursday,r28_c15,1,1,0.1,0.1,4,False
Nutrition | r27_c14 | Wednesday,Nutrition,r27_c14,Wednesday,r27_c14,377,47,0.46371463714637146,0.46371463714637146,1,True
Nutrition | r27_c14 | Wednesday,Nutrition,r27_c14,Wednesday,r28_c14,272,47,0.33456334563345635,0.33456334563345635,2,False
Nutrition | r27_c14 | Wednesday,Nutrition,r27_c14,Wednesday,r28_c15,100,47,0.12300123001230012,0.12300123001230012,3,False
Nutrition | r27_c14 | Wednesday,Nutrition,r27_c14,Wednesday,r27_c15,64,28,0.07872078720787208,0.07872078720787208,4,False
Nutrition | r27_c15 | Wednesday,Nutrition,r27_c15,Wednesday,r27_c14,1,1,1.0,1.0,1,True
Nutrition | r27_c17 | Thursday,Nutrition,r27_c17,Thursday,r33_c13,24,14,1.0,1.0,1,True
Nutrition | r27_c17 | Tuesday,Nutrition,r27_c17,Tuesday,r33_c13,19,14,1.0,1.0,1,True
Nutrition | r27_c9 | Friday,Nutrition,r27_c9,Friday,r25_c10,3,3,1.0,1.0,1,True
Nutrition | r27_c9 | Tuesday,Nutrition,r27_c9,Tuesday,r25_c10,3,3,1.0,1.0,1,True
Nutrition | r28_c11 | Friday,Nutrition,r28_c11,Friday,r27_c11,59,53,1.0,1.0,1,True
Nutrition | r28_c11 | Monday,Nutrition,r28_c11,Monday,r27_c11,58,52,1.0,1.0,1,True
Nutrition | r28_c11 | Saturday,Nutrition,r28_c11,Saturday,r27_c11,5,3,1.0,1.0,1,True
Nutrition | r28_c11 | Sunday,Nutrition,r28_c11,Sunday,r27_c11,5,3,1.0,1.0,1,True
Nutrition | r28_c11 | Thursday,Nutrition,r28_c11,Thursday,r27_c11,126,52,1.0,1.0,1,True
Nutrition | r28_c11 | Tuesday,Nutrition,r28_c11,Tuesday,r27_c11,128,52,1.0,1.0,1,True
Nutrition | r28_c11 | Wednesday,Nutrition,r28_c11,Wednesday,r27_c11,108,52,1.0,1.0,1,True
Nutrition | r28_c13 | Friday,Nutrition,r28_c13,Friday,r27_c12,38,25,1.0,1.0,1,True
Nutrition | r28_c13 | Monday,Nutrition,r28_c13,Monday,r27_c12,33,24,1.0,1.0,1,True
Nutrition | r28_c13 | Thursday,Nutrition,r28_c13,Thursday,r27_c12,55,34,1.0,1.0,1,True
Nutrition | r28_c13 | Tuesday,Nutrition,r28_c13,Tuesday,r27_c12,53,34,1.0,1.0,1,True
Nutrition | r28_c13 | Wednesday,Nutrition,r28_c13,Wednesday,r27_c12,47,33,1.0,1.0,1,True
Nutrition | r28_c14 | Friday,Nutrition,r28_c14,Friday,r28_c16,40,35,1.0,1.0,1,True
Nutrition | r28_c14 | Monday,Nutrition,r28_c14,Monday,r28_c16,40,34,1.0,1.0,1,True
Nutrition | r28_c14 | Thursday,Nutrition,r28_c14,Thursday,r28_c16,40,35,1.0,1.0,1,True
Nutrition | r28_c14 | Tuesday,Nutrition,r28_c14,Tuesday,r28_c16,40,35,1.0,1.0,1,True
Nutrition | r28_c14 | Wednesday,Nutrition,r28_c14,Wednesday,r28_c16,42,35,0.9333333333333333,0.9333333333333333,1,True
Nutrition | r28_c14 | Wednesday,Nutrition,r28_c14,Wednesday,r27_c14,3,1,0.06666666666666667,0.06666666666666667,2,False
Nutrition | r28_c15 | Friday,Nutrition,r28_c15,Friday,r28_c16,135,53,1.0,1.0,1,True
Nutrition | r28_c15 | Monday,Nutrition,r28_c15,Monday,r28_c16,131,52,1.0,1.0,1,True
Nutrition | r28_c15 | Thursday,Nutrition,r28_c15,Thursday,r28_c16,86,52,0.9885057471264368,0.9885057471264368,1,True
Nutrition | r28_c15 | Thursday,Nutrition,r28_c15,Thursday,r29_c14,1,1,0.011494252873563218,0.011494252873563218,2,False
Nutrition | r28_c15 | Tuesday,Nutrition,r28_c15,Tuesday,r28_c16,89,52,1.0,1.0,1,True
Nutrition | r28_c15 | Wednesday,Nutrition,r28_c15,Wednesday,r28_c16,158,52,0.9753086419753086,0.9753086419753086,1,True
Nutrition | r28_c15 | Wednesday,Nutrition,r28_c15,Wednesday,r27_c14,2,1,0.012345679012345678,0.012345679012345678,2,False
Nutrition | r28_c15 | Wednesday,Nutrition,r28_c15,Wednesday,r29_c14,2,2,0.012345679012345678,0.012345679012345678,3,False
Nutrition | r28_c16 | Friday,Nutrition,r28_c16,Friday,r29_c16,304,53,0.40264900662251657,0.40264900662251657,1,True
Nutrition | r28_c16 | Friday,Nutrition,r28_c16,Friday,r28_c15,135,53,0.17880794701986755,0.17880794701986755,2,False
Nutrition | r28_c16 | Friday,Nutrition,r28_c16,Friday,r29_c15,91,53,0.1205298013245033,0.1205298013245033,3,False
Nutrition | r28_c16 | Friday,Nutrition,r28_c16,Friday,r28_c16,76,35,0.10066225165562914,0.10066225165562914,4,False
Nutrition | r28_c16 | Friday,Nutrition,r28_c16,Friday,r30_c15,63,53,0.08344370860927153,0.08344370860927153,5,False
Nutrition | r28_c16 | Friday,Nutrition,r28_c16,Friday,r30_c16,43,22,0.05695364238410596,0.05695364238410596,6,False
Nutrition | r28_c16 | Friday,Nutrition,r28_c16,Friday,r28_c14,41,35,0.054304635761589407,0.054304635761589407,7,False
Nutrition | r28_c16 | Friday,Nutrition,r28_c16,Friday,r22_c20,2,1,0.0026490066225165563,0.0026490066225165563,8,False
Nutrition | r28_c16 | Monday,Nutrition,r28_c16,Monday,r29_c16,429,52,0.5058962264150944,0.5058962264150944,1,True
Nutrition | r28_c16 | Monday,Nutrition,r28_c16,Monday,r28_c15,130,52,0.15330188679245282,0.15330188679245282,2,False
Nutrition | r28_c16 | Monday,Nutrition,r28_c16,Monday,r29_c15,91,52,0.10731132075471699,0.10731132075471699,3,False
Nutrition | r28_c16 | Monday,Nutrition,r28_c16,Monday,r28_c16,76,35,0.08962264150943396,0.08962264150943396,4,False
Nutrition | r28_c16 | Monday,Nutrition,r28_c16,Monday,r30_c15,59,52,0.0695754716981132,0.0695754716981132,5,False
Nutrition | r28_c16 | Monday,Nutrition,r28_c16,Monday,r28_c14,40,34,0.04716981132075472,0.04716981132075472,6,False
Nutrition | r28_c16 | Monday,Nutrition,r28_c16,Monday,r30_c16,23,22,0.027122641509433963,0.027122641509433963,7,False
Nutrition | r28_c16 | Thursday,Nutrition,r28_c16,Thursday,r29_c16,402,52,0.526867627785059,0.526867627785059,1,True
Nutrition | r28_c16 | Thursday,Nutrition,r28_c16,Thursday,r29_c15,90,52,0.11795543905635648,0.11795543905635648,2,False
Nutrition | r28_c16 | Thursday,Nutrition,r28_c16,Thursday,r28_c15,85,52,0.11140235910878113,0.11140235910878113,3,False
Nutrition | r28_c16 | Thursday,Nutrition,r28_c16,Thursday,r28_c16,72,34,0.09436435124508519,0.09436435124508519,4,False
Nutrition | r28_c16 | Thursday,Nutrition,r28_c16,Thursday,r28_c14,41,35,0.053735255570117955,0.053735255570117955,5,False
Nutrition | r28_c16 | Thursday,Nutrition,r28_c16,Thursday,r30_c16,39,21,0.05111402359108781,0.05111402359108781,6,False
Nutrition | r28_c16 | Thursday,Nutrition,r28_c16,Thursday,r30_c15,34,32,0.04456094364351245,0.04456094364351245,7,False
Nutrition | r28_c16 | Tuesday,Nutrition,r28_c16,Tuesday,r29_c16,462,52,0.5506555423122765,0.5506555423122765,1,True
Nutrition | r28_c16 | Tuesday,Nutrition,r28_c16,Tuesday,r29_c15,93,52,0.11084624553039332,0.11084624553039332,2,False
Nutrition | r28_c16 | Tuesday,Nutrition,r28_c16,Tuesday,r28_c15,90,52,0.10727056019070322,0.10727056019070322,3,False
Nutrition | r28_c16 | Tuesday,Nutrition,r28_c16,Tuesday,r28_c16,77,34,0.09177592371871275,0.09177592371871275,4,False
Nutrition | r28_c16 | Tuesday,Nutrition,r28_c16,Tuesday,r28_c14,43,35,0.05125148986889154,0.05125148986889154,5,False
Nutrition | r28_c16 | Tuesday,Nutrition,r28_c16,Tuesday,r30_c16,40,21,0.04767580452920143,0.04767580452920143,6,False
Nutrition | r28_c16 | Tuesday,Nutrition,r28_c16,Tuesday,r30_c15,34,31,0.04052443384982122,0.04052443384982122,7,False
Nutrition | r28_c16 | Wednesday,Nutrition,r28_c16,Wednesday,r29_c16,524,52,0.5379876796714579,0.5379876796714579,1,True
Nutrition | r28_c16 | Wednesday,Nutrition,r28_c16,Wednesday,r28_c15,149,52,0.15297741273100615,0.15297741273100615,2,False
Nutrition | r28_c16 | Wednesday,Nutrition,r28_c16,Wednesday,r29_c15,93,52,0.09548254620123203,0.09548254620123203,3,False
Nutrition | r28_c16 | Wednesday,Nutrition,r28_c16,Wednesday,r28_c16,81,34,0.08316221765913757,0.08316221765913757,4,False
Nutrition | r28_c16 | Wednesday,Nutrition,r28_c16,Wednesday,r30_c15,62,52,0.06365503080082136,0.06365503080082136,5,False
Nutrition | r28_c16 | Wednesday,Nutrition,r28_c16,Wednesday,r28_c14,41,35,0.04209445585215606,0.04209445585215606,6,False
Nutrition | r28_c16 | Wednesday,Nutrition,r28_c16,Wednesday,r30_c16,24,21,0.024640657084188913,0.024640657084188913,7,False
Nutrition | r28_c17 | Thursday,Nutrition,r28_c17,Thursday,r34_c22,1,1,1.0,1.0,1,True
Nutrition | r28_c17 | Wednesday,Nutrition,r28_c17,Wednesday,r29_c14,1,1,1.0,1.0,1,True
Nutrition | r28_c6 | Friday,Nutrition,r28_c6,Friday,r25_c10,45,43,1.0,1.0,1,True
Nutrition | r28_c6 | Monday,Nutrition,r28_c6,Monday,r25_c10,46,44,1.0,1.0,1,True
Nutrition | r28_c6 | Thursday,Nutrition,r28_c6,Thursday,r25_c10,45,43,1.0,1.0,1,True
Nutrition | r28_c6 | Tuesday,Nutrition,r28_c6,Tuesday,r25_c10,46,44,1.0,1.0,1,True
Nutrition | r28_c6 | Wednesday,Nutrition,r28_c6,Wednesday,r25_c10,50,43,1.0,1.0,1,True
Nutrition | r28_c9 | Friday,Nutrition,r28_c9,Friday,r27_c11,25,22,1.0,1.0,1,True
Nutrition | r28_c9 | Monday,Nutrition,r28_c9,Monday,r27_c11,22,21,1.0,1.0,1,True
Nutrition | r28_c9 | Thursday,Nutrition,r28_c9,Thursday,r27_c11,6,6,1.0,1.0,1,True
Nutrition | r28_c9 | Tuesday,Nutrition,r28_c9,Tuesday,r27_c11,5,5,1.0,1.0,1,True
Nutrition | r28_c9 | Wednesday,Nutrition,r28_c9,Wednesday,r27_c11,18,18,1.0,1.0,1,True
Nutrition | r29_c12 | Friday,Nutrition,r29_c12,Friday,r27_c12,4,2,1.0,1.0,1,True
Nutrition | r29_c12 | Monday,Nutrition,r29_c12,Monday,r27_c12,5,3,1.0,1.0,1,True
Nutrition | r29_c12 | Thursday,Nutrition,r29_c12,Thursday,r27_c12,4,2,1.0,1.0,1,True
Nutrition | r29_c12 | Tuesday,Nutrition,r29_c12,Tuesday,r27_c12,5,3,1.0,1.0,1,True
Nutrition | r29_c12 | Wednesday,Nutrition,r29_c12,Wednesday,r27_c12,6,3,1.0,1.0,1,True
Nutrition | r29_c13 | Friday,Nutrition,r29_c13,Friday,r30_c10,70,53,1.0,1.0,1,True
Nutrition | r29_c13 | Monday,Nutrition,r29_c13,Monday,r30_c10,68,52,1.0,1.0,1,True
Nutrition | r29_c13 | Thursday,Nutrition,r29_c13,Thursday,r30_c10,66,52,1.0,1.0,1,True
Nutrition | r29_c13 | Tuesday,Nutrition,r29_c13,Tuesday,r30_c10,64,52,1.0,1.0,1,True
Nutrition | r29_c13 | Wednesday,Nutrition,r29_c13,Wednesday,r30_c10,68,52,1.0,1.0,1,True
Nutrition | r29_c14 | Thursday,Nutrition,r29_c14,Thursday,r28_c15,1,1,1.0,1.0,1,True
Nutrition | r29_c14 | Wednesday,Nutrition,r29_c14,Wednesday,r28_c15,3,2,0.75,0.75,1,True
Nutrition | r29_c14 | Wednesday,Nutrition,r29_c14,Wednesday,r28_c17,1,1,0.25,0.25,2,False
Nutrition | r29_c15 | Friday,Nutrition,r29_c15,Friday,r28_c16,89,53,1.0,1.0,1,True
Nutrition | r29_c15 | Monday,Nutrition,r29_c15,Monday,r28_c16,90,52,1.0,1.0,1,True
Nutrition | r29_c15 | Thursday,Nutrition,r29_c15,Thursday,r28_c16,87,52,1.0,1.0,1,True
Nutrition | r29_c15 | Tuesday,Nutrition,r29_c15,Tuesday,r28_c16,90,52,1.0,1.0,1,True
Nutrition | r29_c15 | Wednesday,Nutrition,r29_c15,Wednesday,r28_c16,91,52,1.0,1.0,1,True
Nutrition | r29_c16 | Friday,Nutrition,r29_c16,Friday,r28_c16,311,53,0.9539877300613497,0.9539877300613497,1,True
Nutrition | r29_c16 | Friday,Nutrition,r29_c16,Friday,r34_c21,5,1,0.015337423312883436,0.015337423312883436,2,False
Nutrition | r29_c16 | Friday,Nutrition,r29_c16,Friday,r32_c18,2,1,0.006134969325153374,0.006134969325153374,3,False
Nutrition | r29_c16 | Friday,Nutrition,r29_c16,Friday,r34_c20,2,1,0.006134969325153374,0.006134969325153374,4,False
Nutrition | r29_c16 | Friday,Nutrition,r29_c16,Friday,r35_c20,2,1,0.006134969325153374,0.006134969325153374,5,False
Nutrition | r29_c16 | Friday,Nutrition,r29_c16,Friday,r33_c20,1,1,0.003067484662576687,0.003067484662576687,6,False
Nutrition | r29_c16 | Friday,Nutrition,r29_c16,Friday,r33_c21,1,1,0.003067484662576687,0.003067484662576687,7,False
Nutrition | r29_c16 | Friday,Nutrition,r29_c16,Friday,r34_c22,1,1,0.003067484662576687,0.003067484662576687,8,False
Nutrition | r29_c16 | Friday,Nutrition,r29_c16,Friday,r35_c21,1,1,0.003067484662576687,0.003067484662576687,9,False
Nutrition | r29_c16 | Monday,Nutrition,r29_c16,Monday,r28_c16,433,52,1.0,1.0,1,True
Nutrition | r29_c16 | Thursday,Nutrition,r29_c16,Thursday,r28_c16,406,52,1.0,1.0,1,True
Nutrition | r29_c16 | Tuesday,Nutrition,r29_c16,Tuesday,r28_c16,453,52,1.0,1.0,1,True
Nutrition | r29_c16 | Wednesday,Nutrition,r29_c16,Wednesday,r28_c16,515,52,0.998062015503876,0.998062015503876,1,True
Nutrition | r29_c16 | Wednesday,Nutrition,r29_c16,Wednesday,r35_c21,1,1,0.001937984496124031,0.001937984496124031,2,False
Nutrition | r30_c10 | Friday,Nutrition,r30_c10,Friday,r30_c10,226,53,0.4574898785425101,0.4574898785425101,1,True
Nutrition | r30_c10 | Friday,Nutrition,r30_c10,Friday,r30_c11,82,53,0.1659919028340081,0.1659919028340081,2,False
Nutrition | r30_c10 | Friday,Nutrition,r30_c10,Friday,r29_c13,69,53,0.1396761133603239,0.1396761133603239,3,False
Nutrition | r30_c10 | Friday,Nutrition,r30_c10,Friday,r31_c10,62,53,0.12550607287449392,0.12550607287449392,4,False
Nutrition | r30_c10 | Friday,Nutrition,r30_c10,Friday,r31_c9,55,53,0.11133603238866396,0.11133603238866396,5,False
Nutrition | r30_c10 | Monday,Nutrition,r30_c10,Monday,r30_c10,217,52,0.5154394299287411,0.5154394299287411,1,True
Nutrition | r30_c10 | Monday,Nutrition,r30_c10,Monday,r30_c11,78,52,0.18527315914489312,0.18527315914489312,2,False
Nutrition | r30_c10 | Monday,Nutrition,r30_c10,Monday,r29_c13,67,52,0.15914489311163896,0.15914489311163896,3,False
Nutrition | r30_c10 | Monday,Nutrition,r30_c10,Monday,r31_c10,55,52,0.13064133016627077,0.13064133016627077,4,False
Nutrition | r30_c10 | Monday,Nutrition,r30_c10,Monday,r31_c9,4,1,0.009501187648456057,0.009501187648456057,5,False
Nutrition | r30_c10 | Thursday,Nutrition,r30_c10,Thursday,r30_c10,214,52,0.5631578947368421,0.5631578947368421,1,True
Nutrition | r30_c10 | Thursday,Nutrition,r30_c10,Thursday,r29_c13,64,52,0.16842105263157894,0.16842105263157894,2,False
Nutrition | r30_c10 | Thursday,Nutrition,r30_c10,Thursday,r31_c10,54,52,0.14210526315789473,0.14210526315789473,3,False
Nutrition | r30_c10 | Thursday,Nutrition,r30_c10,Thursday,r30_c11,47,43,0.12368421052631579,0.12368421052631579,4,False
Nutrition | r30_c10 | Thursday,Nutrition,r30_c10,Thursday,r31_c9,1,1,0.002631578947368421,0.002631578947368421,5,False
Nutrition | r30_c10 | Tuesday,Nutrition,r30_c10,Tuesday,r30_c10,210,52,0.5675675675675675,0.5675675675675675,1,True
Nutrition | r30_c10 | Tuesday,Nutrition,r30_c10,Tuesday,r29_c13,64,52,0.17297297297297298,0.17297297297297298,2,False
Nutrition | r30_c10 | Tuesday,Nutrition,r30_c10,Tuesday,r31_c10,54,52,0.14594594594594595,0.14594594594594595,3,False
Nutrition | r30_c10 | Tuesday,Nutrition,r30_c10,Tuesday,r30_c11,42,41,0.11351351351351352,0.11351351351351352,4,False
Nutrition | r30_c10 | Wednesday,Nutrition,r30_c10,Wednesday,r30_c10,224,52,0.45901639344262296,0.45901639344262296,1,True
Nutrition | r30_c10 | Wednesday,Nutrition,r30_c10,Wednesday,r30_c11,84,52,0.1721311475409836,0.1721311475409836,2,False
Nutrition | r30_c10 | Wednesday,Nutrition,r30_c10,Wednesday,r29_c13,67,52,0.13729508196721313,0.13729508196721313,3,False
Nutrition | r30_c10 | Wednesday,Nutrition,r30_c10,Wednesday,r31_c10,57,52,0.1168032786885246,0.1168032786885246,4,False
Nutrition | r30_c10 | Wednesday,Nutrition,r30_c10,Wednesday,r31_c9,56,52,0.11475409836065574,0.11475409836065574,5,False
Nutrition | r30_c11 | Friday,Nutrition,r30_c11,Friday,r30_c10,82,53,1.0,1.0,1,True
Nutrition | r30_c11 | Monday,Nutrition,r30_c11,Monday,r30_c10,80,52,1.0,1.0,1,True
Nutrition | r30_c11 | Thursday,Nutrition,r30_c11,Thursday,r30_c10,46,43,1.0,1.0,1,True
Nutrition | r30_c11 | Tuesday,Nutrition,r30_c11,Tuesday,r30_c10,42,41,1.0,1.0,1,True
Nutrition | r30_c11 | Wednesday,Nutrition,r30_c11,Wednesday,r30_c10,84,52,1.0,1.0,1,True
Nutrition | r30_c13 | Friday,Nutrition,r30_c13,Friday,r31_c13,66,42,1.0,1.0,1,True
Nutrition | r30_c13 | Monday,Nutrition,r30_c13,Monday,r31_c13,63,41,1.0,1.0,1,True
Nutrition | r30_c13 | Thursday,Nutrition,r30_c13,Thursday,r31_c13,62,42,1.0,1.0,1,True
Nutrition | r30_c13 | Tuesday,Nutrition,r30_c13,Tuesday,r31_c13,64,41,1.0,1.0,1,True
Nutrition | r30_c13 | Wednesday,Nutrition,r30_c13,Wednesday,r31_c13,64,42,1.0,1.0,1,True
Nutrition | r30_c14 | Friday,Nutrition,r30_c14,Friday,r31_c13,157,53,1.0,1.0,1,True
Nutrition | r30_c14 | Monday,Nutrition,r30_c14,Monday,r31_c13,151,52,1.0,1.0,1,True
Nutrition | r30_c14 | Thursday,Nutrition,r30_c14,Thursday,r31_c13,146,52,1.0,1.0,1,True
Nutrition | r30_c14 | Tuesday,Nutrition,r30_c14,Tuesday,r31_c13,155,52,1.0,1.0,1,True
Nutrition | r30_c14 | Wednesday,Nutrition,r30_c14,Wednesday,r31_c13,154,52,1.0,1.0,1,True
Nutrition | r30_c15 | Friday,Nutrition,r30_c15,Friday,r28_c16,62,53,1.0,1.0,1,True
Nutrition | r30_c15 | Monday,Nutrition,r30_c15,Monday,r28_c16,60,52,1.0,1.0,1,True
Nutrition | r30_c15 | Thursday,Nutrition,r30_c15,Thursday,r28_c16,34,32,1.0,1.0,1,True
Nutrition | r30_c15 | Tuesday,Nutrition,r30_c15,Tuesday,r28_c16,33,31,1.0,1.0,1,True
Nutrition | r30_c15 | Wednesday,Nutrition,r30_c15,Wednesday,r28_c16,65,52,1.0,1.0,1,True
Nutrition | r30_c16 | Friday,Nutrition,r30_c16,Friday,r31_c15,110,53,0.7051282051282052,0.7051282051282052,1,True
Nutrition | r30_c16 | Friday,Nutrition,r30_c16,Friday,r28_c16,46,22,0.2948717948717949,0.2948717948717949,2,False
Nutrition | r30_c16 | Monday,Nutrition,r30_c16,Monday,r31_c15,77,52,0.7623762376237624,0.7623762376237624,1,True
Nutrition | r30_c16 | Monday,Nutrition,r30_c16,Monday,r28_c16,24,22,0.2376237623762376,0.2376237623762376,2,False
Nutrition | r30_c16 | Thursday,Nutrition,r30_c16,Thursday,r28_c16,41,21,0.6612903225806451,0.6612903225806451,1,True
Nutrition | r30_c16 | Thursday,Nutrition,r30_c16,Thursday,r31_c15,21,13,0.3387096774193548,0.3387096774193548,2,False
Nutrition | r30_c16 | Tuesday,Nutrition,r30_c16,Tuesday,r28_c16,43,21,0.589041095890411,0.589041095890411,1,True
Nutrition | r30_c16 | Tuesday,Nutrition,r30_c16,Tuesday,r31_c15,30,16,0.410958904109589,0.410958904109589,2,False
Nutrition | r30_c16 | Wednesday,Nutrition,r30_c16,Wednesday,r31_c15,101,52,0.7952755905511811,0.7952755905511811,1,True
Nutrition | r30_c16 | Wednesday,Nutrition,r30_c16,Wednesday,r28_c16,26,21,0.2047244094488189,0.2047244094488189,2,False
Nutrition | r30_c18 | Friday,Nutrition,r30_c18,Friday,r32_c20,109,53,1.0,1.0,1,True
Nutrition | r30_c18 | Monday,Nutrition,r30_c18,Monday,r32_c20,59,52,1.0,1.0,1,True
Nutrition | r30_c18 | Thursday,Nutrition,r30_c18,Thursday,r32_c20,163,52,1.0,1.0,1,True
Nutrition | r30_c18 | Tuesday,Nutrition,r30_c18,Tuesday,r32_c20,162,52,1.0,1.0,1,True
Nutrition | r30_c18 | Wednesday,Nutrition,r30_c18,Wednesday,r32_c20,115,52,1.0,1.0,1,True
Nutrition | r30_c19 | Friday,Nutrition,r30_c19,Friday,r32_c20,1,1,1.0,1.0,1,True
Nutrition | r30_c19 | Thursday,Nutrition,r30_c19,Thursday,r32_c20,6,6,1.0,1.0,1,True
Nutrition | r30_c19 | Tuesday,Nutrition,r30_c19,Tuesday,r32_c20,6,6,1.0,1.0,1,True
Nutrition | r30_c19 | Wednesday,Nutrition,r30_c19,Wednesday,r32_c20,6,6,1.0,1.0,1,True
Nutrition | r31_c10 | Friday,Nutrition,r31_c10,Friday,r30_c10,59,53,1.0,1.0,1,True
Nutrition | r31_c10 | Monday,Nutrition,r31_c10,Monday,r30_c10,55,52,1.0,1.0,1,True
Nutrition | r31_c10 | Thursday,Nutrition,r31_c10,Thursday,r30_c10,55,52,1.0,1.0,1,True
Nutrition | r31_c10 | Tuesday,Nutrition,r31_c10,Tuesday,r30_c10,55,52,1.0,1.0,1,True
Nutrition | r31_c10 | Wednesday,Nutrition,r31_c10,Wednesday,r30_c10,58,52,1.0,1.0,1,True
Nutrition | r31_c12 | Friday,Nutrition,r31_c12,Friday,r31_c13,20,17,1.0,1.0,1,True
Nutrition | r31_c12 | Monday,Nutrition,r31_c12,Monday,r31_c13,17,16,1.0,1.0,1,True
Nutrition | r31_c12 | Saturday,Nutrition,r31_c12,Saturday,r31_c13,1,1,1.0,1.0,1,True
Nutrition | r31_c12 | Sunday,Nutrition,r31_c12,Sunday,r31_c13,1,1,1.0,1.0,1,True
Nutrition | r31_c12 | Thursday,Nutrition,r31_c12,Thursday,r31_c13,19,17,1.0,1.0,1,True
Nutrition | r31_c12 | Tuesday,Nutrition,r31_c12,Tuesday,r31_c13,22,17,1.0,1.0,1,True
Nutrition | r31_c12 | Wednesday,Nutrition,r31_c12,Wednesday,r31_c13,21,17,1.0,1.0,1,True
Nutrition | r31_c13 | Friday,Nutrition,r31_c13,Friday,r30_c14,150,53,0.3048780487804878,0.3048780487804878,1,True
Nutrition | r31_c13 | Friday,Nutrition,r31_c13,Friday,r33_c13,114,51,0.23170731707317074,0.23170731707317074,2,False
Nutrition | r31_c13 | Friday,Nutrition,r31_c13,Friday,r31_c13,88,26,0.17886178861788618,0.17886178861788618,3,False
Nutrition | r31_c13 | Friday,Nutrition,r31_c13,Friday,r30_c13,62,42,0.12601626016260162,0.12601626016260162,4,False
Nutrition | r31_c13 | Friday,Nutrition,r31_c13,Friday,r32_c13,26,24,0.052845528455284556,0.052845528455284556,5,False
Nutrition | r31_c13 | Friday,Nutrition,r31_c13,Friday,r31_c14,20,18,0.04065040650406504,0.04065040650406504,6,False
Nutrition | r31_c13 | Friday,Nutrition,r31_c13,Friday,r31_c12,18,17,0.036585365853658534,0.036585365853658534,7,False
Nutrition | r31_c13 | Friday,Nutrition,r31_c13,Friday,r32_c14,10,8,0.02032520325203252,0.02032520325203252,8,False
Nutrition | r31_c13 | Friday,Nutrition,r31_c13,Friday,r31_c15,3,2,0.006097560975609756,0.006097560975609756,9,False
Nutrition | r31_c13 | Friday,Nutrition,r31_c13,Friday,r30_c15,1,1,0.0020325203252032522,0.0020325203252032522,10,False
Nutrition | r31_c13 | Monday,Nutrition,r31_c13,Monday,r33_c13,160,52,0.27972027972027974,0.27972027972027974,1,True
Nutrition | r31_c13 | Monday,Nutrition,r31_c13,Monday,r30_c14,143,52,0.25,0.25,2,False
Nutrition | r31_c13 | Monday,Nutrition,r31_c13,Monday,r31_c13,82,25,0.14335664335664336,0.14335664335664336,3,False
Nutrition | r31_c13 | Monday,Nutrition,r31_c13,Monday,r31_c14,77,52,0.1346153846153846,0.1346153846153846,4,False
Nutrition | r31_c13 | Monday,Nutrition,r31_c13,Monday,r30_c13,58,41,0.10139860139860139,0.10139860139860139,5,False
Nutrition | r31_c13 | Monday,Nutrition,r31_c13,Monday,r32_c13,26,22,0.045454545454545456,0.045454545454545456,6,False
Nutrition | r31_c13 | Monday,Nutrition,r31_c13,Monday,r31_c12,16,16,0.027972027972027972,0.027972027972027972,7,False
Nutrition | r31_c13 | Monday,Nutrition,r31_c13,Monday,r32_c14,8,7,0.013986013986013986,0.013986013986013986,8,False
Nutrition | r31_c13 | Monday,Nutrition,r31_c13,Monday,r31_c15,2,2,0.0034965034965034965,0.0034965034965034965,9,False
Nutrition | r31_c13 | Thursday,Nutrition,r31_c13,Thursday,r30_c14,141,52,0.2640449438202247,0.2640449438202247,1,True
Nutrition | r31_c13 | Thursday,Nutrition,r31_c13,Thursday,r33_c13,112,50,0.20973782771535582,0.20973782771535582,2,False
Nutrition | r31_c13 | Thursday,Nutrition,r31_c13,Thursday,r32_c13,88,52,0.1647940074906367,0.1647940074906367,3,False
Nutrition | r31_c13 | Thursday,Nutrition,r31_c13,Thursday,r31_c13,82,25,0.15355805243445692,0.15355805243445692,4,False
Nutrition | r31_c13 | Thursday,Nutrition,r31_c13,Thursday,r30_c13,64,42,0.1198501872659176,0.1198501872659176,5,False
Nutrition | r31_c13 | Thursday,Nutrition,r31_c13,Thursday,r31_c14,19,17,0.035580524344569285,0.035580524344569285,6,False
Nutrition | r31_c13 | Thursday,Nutrition,r31_c13,Thursday,r31_c12,18,17,0.033707865168539325,0.033707865168539325,7,False
Nutrition | r31_c13 | Thursday,Nutrition,r31_c13,Thursday,r32_c14,8,8,0.0149812734082397,0.0149812734082397,8,False
Nutrition | r31_c13 | Thursday,Nutrition,r31_c13,Thursday,r31_c15,2,2,0.003745318352059925,0.003745318352059925,9,False
Nutrition | r31_c13 | Tuesday,Nutrition,r31_c13,Tuesday,r33_c13,161,52,0.25555555555555554,0.25555555555555554,1,True
Nutrition | r31_c13 | Tuesday,Nutrition,r31_c13,Tuesday,r30_c14,141,52,0.22380952380952382,0.22380952380952382,2,False
Nutrition | r31_c13 | Tuesday,Nutrition,r31_c13,Tuesday,r31_c13,86,25,0.1365079365079365,0.1365079365079365,3,False
Nutrition | r31_c13 | Tuesday,Nutrition,r31_c13,Tuesday,r32_c13,84,52,0.13333333333333333,0.13333333333333333,4,False
Nutrition | r31_c13 | Tuesday,Nutrition,r31_c13,Tuesday,r31_c14,73,52,0.11587301587301588,0.11587301587301588,5,False
Nutrition | r31_c13 | Tuesday,Nutrition,r31_c13,Tuesday,r30_c13,58,41,0.09206349206349207,0.09206349206349207,6,False
Nutrition | r31_c13 | Tuesday,Nutrition,r31_c13,Tuesday,r31_c12,17,17,0.026984126984126985,0.026984126984126985,7,False
Nutrition | r31_c13 | Tuesday,Nutrition,r31_c13,Tuesday,r32_c14,8,7,0.012698412698412698,0.012698412698412698,8,False
Nutrition | r31_c13 | Tuesday,Nutrition,r31_c13,Tuesday,r31_c15,2,2,0.0031746031746031746,0.0031746031746031746,9,False
Nutrition | r31_c13 | Wednesday,Nutrition,r31_c13,Wednesday,r33_c13,158,52,0.2791519434628975,0.2791519434628975,1,True
Nutrition | r31_c13 | Wednesday,Nutrition,r31_c13,Wednesday,r30_c14,140,52,0.24734982332155478,0.24734982332155478,2,False
Nutrition | r31_c13 | Wednesday,Nutrition,r31_c13,Wednesday,r31_c13,84,25,0.14840989399293286,0.14840989399293286,3,False
Nutrition | r31_c13 | Wednesday,Nutrition,r31_c13,Wednesday,r31_c14,73,52,0.12897526501766785,0.12897526501766785,4,False
Nutrition | r31_c13 | Wednesday,Nutrition,r31_c13,Wednesday,r30_c13,60,42,0.10600706713780919,0.10600706713780919,5,False
Nutrition | r31_c13 | Wednesday,Nutrition,r31_c13,Wednesday,r32_c13,23,21,0.04063604240282685,0.04063604240282685,6,False
Nutrition | r31_c13 | Wednesday,Nutrition,r31_c13,Wednesday,r31_c12,17,17,0.030035335689045935,0.030035335689045935,7,False
Nutrition | r31_c13 | Wednesday,Nutrition,r31_c13,Wednesday,r32_c14,9,8,0.015901060070671377,0.015901060070671377,8,False
Nutrition | r31_c13 | Wednesday,Nutrition,r31_c13,Wednesday,r31_c15,2,2,0.0035335689045936395,0.0035335689045936395,9,False
Nutrition | r31_c14 | Friday,Nutrition,r31_c14,Friday,r31_c13,20,18,1.0,1.0,1,True
Nutrition | r31_c14 | Monday,Nutrition,r31_c14,Monday,r31_c13,77,52,1.0,1.0,1,True
Nutrition | r31_c14 | Thursday,Nutrition,r31_c14,Thursday,r31_c13,19,17,1.0,1.0,1,True
Nutrition | r31_c14 | Tuesday,Nutrition,r31_c14,Tuesday,r31_c13,84,52,1.0,1.0,1,True
Nutrition | r31_c14 | Wednesday,Nutrition,r31_c14,Wednesday,r31_c13,82,52,1.0,1.0,1,True
Nutrition | r31_c15 | Friday,Nutrition,r31_c15,Friday,r31_c16,178,53,0.6357142857142857,0.6357142857142857,1,True
Nutrition | r31_c15 | Friday,Nutrition,r31_c15,Friday,r30_c16,100,53,0.35714285714285715,0.35714285714285715,2,False
Nutrition | r31_c15 | Friday,Nutrition,r31_c15,Friday,r31_c13,2,2,0.007142857142857143,0.007142857142857143,3,False
Nutrition | r31_c15 | Monday,Nutrition,r31_c15,Monday,r31_c16,179,52,0.716,0.716,1,True
Nutrition | r31_c15 | Monday,Nutrition,r31_c15,Monday,r30_c16,69,52,0.276,0.276,2,False
Nutrition | r31_c15 | Monday,Nutrition,r31_c15,Monday,r31_c13,2,2,0.008,0.008,3,False
Nutrition | r31_c15 | Thursday,Nutrition,r31_c15,Thursday,r31_c16,80,52,0.7766990291262136,0.7766990291262136,1,True
Nutrition | r31_c15 | Thursday,Nutrition,r31_c15,Thursday,r30_c16,17,13,0.1650485436893204,0.1650485436893204,2,False
Nutrition | r31_c15 | Thursday,Nutrition,r31_c15,Thursday,r31_c15,4,2,0.038834951456310676,0.038834951456310676,3,False
Nutrition | r31_c15 | Thursday,Nutrition,r31_c15,Thursday,r31_c13,2,2,0.019417475728155338,0.019417475728155338,4,False
Nutrition | r31_c15 | Tuesday,Nutrition,r31_c15,Tuesday,r31_c16,71,52,0.71,0.71,1,True
Nutrition | r31_c15 | Tuesday,Nutrition,r31_c15,Tuesday,r30_c16,21,16,0.21,0.21,2,False
Nutrition | r31_c15 | Tuesday,Nutrition,r31_c15,Tuesday,r31_c15,6,3,0.06,0.06,3,False
Nutrition | r31_c15 | Tuesday,Nutrition,r31_c15,Tuesday,r31_c13,2,2,0.02,0.02,4,False
Nutrition | r31_c15 | Wednesday,Nutrition,r31_c15,Wednesday,r31_c16,138,52,0.5897435897435898,0.5897435897435898,1,True
Nutrition | r31_c15 | Wednesday,Nutrition,r31_c15,Wednesday,r30_c16,88,52,0.37606837606837606,0.37606837606837606,2,False
Nutrition | r31_c15 | Wednesday,Nutrition,r31_c15,Wednesday,r31_c15,6,3,0.02564102564102564,0.02564102564102564,3,False
Nutrition | r31_c15 | Wednesday,Nutrition,r31_c15,Wednesday,r31_c13,2,2,0.008547008547008548,0.008547008547008548,4,False
Nutrition | r31_c16 | Friday,Nutrition,r31_c16,Friday,r31_c15,187,53,1.0,1.0,1,True
Nutrition | r31_c16 | Monday,Nutrition,r31_c16,Monday,r31_c15,201,52,1.0,1.0,1,True
Nutrition | r31_c16 | Thursday,Nutrition,r31_c16,Thursday,r31_c15,90,52,1.0,1.0,1,True
Nutrition | r31_c16 | Tuesday,Nutrition,r31_c16,Tuesday,r31_c15,82,52,1.0,1.0,1,True
Nutrition | r31_c16 | Wednesday,Nutrition,r31_c16,Wednesday,r31_c15,147,52,1.0,1.0,1,True
Nutrition | r31_c18 | Friday,Nutrition,r31_c18,Friday,r32_c20,60,53,1.0,1.0,1,True
Nutrition | r31_c18 | Monday,Nutrition,r31_c18,Monday,r32_c20,59,52,1.0,1.0,1,True
Nutrition | r31_c18 | Thursday,Nutrition,r31_c18,Thursday,r32_c20,114,52,1.0,1.0,1,True
Nutrition | r31_c18 | Tuesday,Nutrition,r31_c18,Tuesday,r32_c20,117,52,1.0,1.0,1,True
Nutrition | r31_c19 | Friday,Nutrition,r31_c19,Friday,r32_c20,57,53,1.0,1.0,1,True
Nutrition | r31_c19 | Monday,Nutrition,r31_c19,Monday,r32_c20,56,51,1.0,1.0,1,True
Nutrition | r31_c19 | Thursday,Nutrition,r31_c19,Thursday,r32_c20,2,2,1.0,1.0,1,True
Nutrition | r31_c19 | Tuesday,Nutrition,r31_c19,Tuesday,r32_c20,3,3,1.0,1.0,1,True
Nutrition | r31_c19 | Wednesday,Nutrition,r31_c19,Wednesday,r32_c20,59,52,1.0,1.0,1,True
Nutrition | r31_c20 | Thursday,Nutrition,r31_c20,Thursday,r32_c20,26,25,1.0,1.0,1,True
Nutrition | r31_c20 | Wednesday,Nutrition,r31_c20,Wednesday,r32_c20,27,25,1.0,1.0,1,True
Nutrition | r31_c9 | Friday,Nutrition,r31_c9,Friday,r30_c10,56,53,1.0,1.0,1,True
Nutrition | r31_c9 | Monday,Nutrition,r31_c9,Monday,r30_c10,2,1,1.0,1.0,1,True
Nutrition | r31_c9 | Thursday,Nutrition,r31_c9,Thursday,r30_c10,1,1,1.0,1.0,1,True
Nutrition | r31_c9 | Wednesday,Nutrition,r31_c9,Wednesday,r30_c10,64,52,1.0,1.0,1,True
Nutrition | r32_c11 | Tuesday,Nutrition,r32_c11,Tuesday,r27_c17,1,1,1.0,1.0,1,True
Nutrition | r32_c13 | Friday,Nutrition,r32_c13,Friday,r31_c13,26,24,1.0,1.0,1,True
Nutrition | r32_c13 | Monday,Nutrition,r32_c13,Monday,r31_c13,26,22,1.0,1.0,1,True
Nutrition | r32_c13 | Thursday,Nutrition,r32_c13,Thursday,r31_c13,79,52,1.0,1.0,1,True
Nutrition | r32_c13 | Tuesday,Nutrition,r32_c13,Tuesday,r31_c13,84,52,1.0,1.0,1,True
Nutrition | r32_c13 | Wednesday,Nutrition,r32_c13,Wednesday,r31_c13,23,21,1.0,1.0,1,True
Nutrition | r32_c14 | Friday,Nutrition,r32_c14,Friday,r31_c13,19,8,1.0,1.0,1,True
Nutrition | r32_c14 | Monday,Nutrition,r32_c14,Monday,r31_c13,14,7,1.0,1.0,1,True
Nutrition | r32_c14 | Thursday,Nutrition,r32_c14,Thursday,r31_c13,15,8,1.0,1.0,1,True
Nutrition | r32_c14 | Tuesday,Nutrition,r32_c14,Tuesday,r31_c13,17,7,1.0,1.0,1,True
Nutrition | r32_c14 | Wednesday,Nutrition,r32_c14,Wednesday,r31_c13,16,8,1.0,1.0,1,True
Nutrition | r32_c17 | Friday,Nutrition,r32_c17,Friday,r32_c18,294,53,1.0,1.0,1,True
Nutrition | r32_c17 | Monday,Nutrition,r32_c17,Monday,r32_c18,284,52,1.0,1.0,1,True
Nutrition | r32_c17 | Saturday,Nutrition,r32_c17,Saturday,r32_c18,2,2,1.0,1.0,1,True
Nutrition | r32_c17 | Sunday,Nutrition,r32_c17,Sunday,r32_c18,7,5,1.0,1.0,1,True
Nutrition | r32_c17 | Thursday,Nutrition,r32_c17,Thursday,r32_c18,264,52,1.0,1.0,1,True
Nutrition | r32_c17 | Tuesday,Nutrition,r32_c17,Tuesday,r32_c18,268,52,1.0,1.0,1,True
Nutrition | r32_c17 | Wednesday,Nutrition,r32_c17,Wednesday,r32_c18,279,52,1.0,1.0,1,True
Nutrition | r32_c18 | Friday,Nutrition,r32_c18,Friday,r32_c17,277,53,0.5256166982922201,0.5256166982922201,1,True
Nutrition | r32_c18 | Friday,Nutrition,r32_c18,Friday,r32_c18,248,53,0.47058823529411764,0.47058823529411764,2,False
Nutrition | r32_c18 | Friday,Nutrition,r32_c18,Friday,r29_c16,2,1,0.003795066413662239,0.003795066413662239,3,False
Nutrition | r32_c18 | Monday,Nutrition,r32_c18,Monday,r32_c17,260,52,0.5078125,0.5078125,1,True
Nutrition | r32_c18 | Monday,Nutrition,r32_c18,Monday,r32_c18,252,52,0.4921875,0.4921875,2,False
Nutrition | r32_c18 | Thursday,Nutrition,r32_c18,Thursday,r32_c17,289,52,0.5293040293040293,0.5293040293040293,1,True
Nutrition | r32_c18 | Thursday,Nutrition,r32_c18,Thursday,r32_c18,257,52,0.4706959706959707,0.4706959706959707,2,False
Nutrition | r32_c18 | Tuesday,Nutrition,r32_c18,Tuesday,r32_c17,277,52,0.5226415094339623,0.5226415094339623,1,True
Nutrition | r32_c18 | Tuesday,Nutrition,r32_c18,Tuesday,r32_c18,253,52,0.47735849056603774,0.47735849056603774,2,False
Nutrition | r32_c18 | Wednesday,Nutrition,r32_c18,Wednesday,r32_c17,260,52,0.5158730158730159,0.5158730158730159,1,True
Nutrition | r32_c18 | Wednesday,Nutrition,r32_c18,Wednesday,r32_c18,244,52,0.48412698412698413,0.48412698412698413,2,False
Nutrition | r32_c20 | Friday,Nutrition,r32_c20,Friday,r32_c20,126,53,0.33157894736842103,0.33157894736842103,1,True
Nutrition | r32_c20 | Friday,Nutrition,r32_c20,Friday,r30_c18,119,53,0.3131578947368421,0.3131578947368421,2,False
Nutrition | r32_c20 | Friday,Nutrition,r32_c20,Friday,r31_c19,64,53,0.16842105263157894,0.16842105263157894,3,False
Nutrition | r32_c20 | Friday,Nutrition,r32_c20,Friday,r31_c18,63,53,0.16578947368421051,0.16578947368421051,4,False
Nutrition | r32_c20 | Friday,Nutrition,r32_c20,Friday,r33_c20,8,7,0.021052631578947368,0.021052631578947368,5,False
Nutrition | r32_c20 | Monday,Nutrition,r32_c20,Monday,r32_c20,117,52,0.3993174061433447,0.3993174061433447,1,True
Nutrition | r32_c20 | Monday,Nutrition,r32_c20,Monday,r30_c18,57,52,0.1945392491467577,0.1945392491467577,2,False
Nutrition | r32_c20 | Monday,Nutrition,r32_c20,Monday,r31_c19,57,51,0.1945392491467577,0.1945392491467577,3,False
Nutrition | r32_c20 | Monday,Nutrition,r32_c20,Monday,r31_c18,56,52,0.19112627986348124,0.19112627986348124,4,False
Nutrition | r32_c20 | Monday,Nutrition,r32_c20,Monday,r33_c20,6,6,0.020477815699658702,0.020477815699658702,5,False
Nutrition | r32_c20 | Thursday,Nutrition,r32_c20,Thursday,r30_c18,161,52,0.37971698113207547,0.37971698113207547,1,True
Nutrition | r32_c20 | Thursday,Nutrition,r32_c20,Thursday,r32_c20,111,52,0.2617924528301887,0.2617924528301887,2,False
Nutrition | r32_c20 | Thursday,Nutrition,r32_c20,Thursday,r31_c18,109,52,0.25707547169811323,0.25707547169811323,3,False
Nutrition | r32_c20 | Thursday,Nutrition,r32_c20,Thursday,r31_c20,26,25,0.06132075471698113,0.06132075471698113,4,False
Nutrition | r32_c20 | Thursday,Nutrition,r32_c20,Thursday,r30_c19,8,6,0.018867924528301886,0.018867924528301886,5,False
Nutrition | r32_c20 | Thursday,Nutrition,r32_c20,Thursday,r33_c20,7,7,0.01650943396226415,0.01650943396226415,6,False
Nutrition | r32_c20 | Thursday,Nutrition,r32_c20,Thursday,r31_c19,2,2,0.0047169811320754715,0.0047169811320754715,7,False
Nutrition | r32_c20 | Tuesday,Nutrition,r32_c20,Tuesday,r30_c18,165,52,0.4034229828850856,0.4034229828850856,1,True
Nutrition | r32_c20 | Tuesday,Nutrition,r32_c20,Tuesday,r31_c18,117,52,0.2860635696821516,0.2860635696821516,2,False
Nutrition | r32_c20 | Tuesday,Nutrition,r32_c20,Tuesday,r32_c20,111,52,0.2713936430317848,0.2713936430317848,3,False
Nutrition | r32_c20 | Tuesday,Nutrition,r32_c20,Tuesday,r33_c20,7,7,0.017114914425427872,0.017114914425427872,4,False
Nutrition | r32_c20 | Tuesday,Nutrition,r32_c20,Tuesday,r30_c19,6,6,0.014669926650366748,0.014669926650366748,5,False
Nutrition | r32_c20 | Tuesday,Nutrition,r32_c20,Tuesday,r31_c19,3,3,0.007334963325183374,0.007334963325183374,6,False
Nutrition | r32_c20 | Wednesday,Nutrition,r32_c20,Wednesday,r32_c20,125,52,0.36764705882352944,0.36764705882352944,1,True
Nutrition | r32_c20 | Wednesday,Nutrition,r32_c20,Wednesday,r30_c18,115,52,0.3382352941176471,0.3382352941176471,2,False
Nutrition | r32_c20 | Wednesday,Nutrition,r32_c20,Wednesday,r31_c19,58,52,0.17058823529411765,0.17058823529411765,3,False
Nutrition | r32_c20 | Wednesday,Nutrition,r32_c20,Wednesday,r31_c20,28,25,0.08235294117647059,0.08235294117647059,4,False
Nutrition | r32_c20 | Wednesday,Nutrition,r32_c20,Wednesday,r33_c20,8,7,0.023529411764705882,0.023529411764705882,5,False
Nutrition | r32_c20 | Wednesday,Nutrition,r32_c20,Wednesday,r30_c19,6,6,0.01764705882352941,0.01764705882352941,6,False
Nutrition | r33_c11 | Wednesday,Nutrition,r33_c11,Wednesday,r35_c14,1,1,1.0,1.0,1,True
Nutrition | r33_c13 | Friday,Nutrition,r33_c13,Friday,r31_c13,127,51,1.0,1.0,1,True
Nutrition | r33_c13 | Monday,Nutrition,r33_c13,Monday,r31_c13,173,52,0.9942528735632183,0.9942528735632183,1,True
Nutrition | r33_c13 | Monday,Nutrition,r33_c13,Monday,r27_c17,1,1,0.005747126436781609,0.005747126436781609,2,False
Nutrition | r33_c13 | Thursday,Nutrition,r33_c13,Thursday,r31_c13,123,50,0.8601398601398601,0.8601398601398601,1,True
Nutrition | r33_c13 | Thursday,Nutrition,r33_c13,Thursday,r27_c17,20,14,0.13986013986013987,0.13986013986013987,2,False
Nutrition | r33_c13 | Tuesday,Nutrition,r33_c13,Tuesday,r31_c13,176,52,0.9214659685863874,0.9214659685863874,1,True
Nutrition | r33_c13 | Tuesday,Nutrition,r33_c13,Tuesday,r27_c17,15,14,0.07853403141361257,0.07853403141361257,2,False
Nutrition | r33_c13 | Wednesday,Nutrition,r33_c13,Wednesday,r31_c13,179,52,1.0,1.0,1,True
Nutrition | r33_c20 | Friday,Nutrition,r33_c20,Friday,r35_c21,72,53,0.8888888888888888,0.8888888888888888,1,True
Nutrition | r33_c20 | Friday,Nutrition,r33_c20,Friday,r32_c20,7,7,0.08641975308641975,0.08641975308641975,2,False
Nutrition | r33_c20 | Friday,Nutrition,r33_c20,Friday,r29_c16,2,1,0.024691358024691357,0.024691358024691357,3,False
Nutrition | r33_c20 | Monday,Nutrition,r33_c20,Monday,r35_c21,69,52,0.9078947368421053,0.9078947368421053,1,True
Nutrition | r33_c20 | Monday,Nutrition,r33_c20,Monday,r32_c20,7,6,0.09210526315789473,0.09210526315789473,2,False
Nutrition | r33_c20 | Thursday,Nutrition,r33_c20,Thursday,r35_c21,69,52,0.8625,0.8625,1,True
Nutrition | r33_c20 | Thursday,Nutrition,r33_c20,Thursday,r32_c20,11,7,0.1375,0.1375,2,False
Nutrition | r33_c20 | Tuesday,Nutrition,r33_c20,Tuesday,r35_c21,61,51,0.8472222222222222,0.8472222222222222,1,True
Nutrition | r33_c20 | Tuesday,Nutrition,r33_c20,Tuesday,r32_c20,11,7,0.1527777777777778,0.1527777777777778,2,False
Nutrition | r33_c20 | Wednesday,Nutrition,r33_c20,Wednesday,r35_c21,59,51,0.8676470588235294,0.8676470588235294,1,True
Nutrition | r33_c20 | Wednesday,Nutrition,r33_c20,Wednesday,r32_c20,8,7,0.11764705882352941,0.11764705882352941,2,False
Nutrition | r33_c20 | Wednesday,Nutrition,r33_c20,Wednesday,r29_c16,1,1,0.014705882352941176,0.014705882352941176,3,False
Nutrition | r33_c21 | Friday,Nutrition,r33_c21,Friday,r35_c21,63,53,0.9692307692307692,0.9692307692307692,1,True
Nutrition | r33_c21 | Friday,Nutrition,r33_c21,Friday,r29_c16,2,1,0.03076923076923077,0.03076923076923077,2,False
Nutrition | r33_c21 | Monday,Nutrition,r33_c21,Monday,r35_c21,55,51,1.0,1.0,1,True
Nutrition | r33_c21 | Thursday,Nutrition,r33_c21,Thursday,r35_c21,56,51,1.0,1.0,1,True
Nutrition | r33_c21 | Tuesday,Nutrition,r33_c21,Tuesday,r35_c21,57,51,1.0,1.0,1,True
Nutrition | r33_c21 | Wednesday,Nutrition,r33_c21,Wednesday,r35_c21,59,52,0.9833333333333333,0.9833333333333333,1,True
Nutrition | r33_c21 | Wednesday,Nutrition,r33_c21,Wednesday,r29_c16,1,1,0.016666666666666666,0.016666666666666666,2,False
Nutrition | r34_c18 | Tuesday,Nutrition,r34_c18,Tuesday,r35_c16,1,1,1.0,1.0,1,True
Nutrition | r34_c20 | Friday,Nutrition,r34_c20,Friday,r35_c21,73,53,0.9358974358974359,0.9358974358974359,1,True
Nutrition | r34_c20 | Friday,Nutrition,r34_c20,Friday,r29_c16,5,1,0.0641025641025641,0.0641025641025641,2,False
Nutrition | r34_c20 | Monday,Nutrition,r34_c20,Monday,r35_c21,98,52,1.0,1.0,1,True
Nutrition | r34_c20 | Saturday,Nutrition,r34_c20,Saturday,r35_c21,2,2,1.0,1.0,1,True
Nutrition | r34_c20 | Sunday,Nutrition,r34_c20,Sunday,r35_c21,2,2,1.0,1.0,1,True
Nutrition | r34_c20 | Thursday,Nutrition,r34_c20,Thursday,r35_c21,94,52,1.0,1.0,1,True
Nutrition | r34_c20 | Tuesday,Nutrition,r34_c20,Tuesday,r35_c21,102,52,1.0,1.0,1,True
Nutrition | r34_c20 | Wednesday,Nutrition,r34_c20,Wednesday,r35_c21,74,52,0.9866666666666667,0.9866666666666667,1,True
Nutrition | r34_c20 | Wednesday,Nutrition,r34_c20,Wednesday,r29_c16,1,1,0.013333333333333334,0.013333333333333334,2,False
Nutrition | r34_c21 | Friday,Nutrition,r34_c21,Friday,r35_c21,237,53,0.9673469387755103,0.9673469387755103,1,True
Nutrition | r34_c21 | Friday,Nutrition,r34_c21,Friday,r29_c16,8,1,0.0326530612244898,0.0326530612244898,2,False
Nutrition | r34_c21 | Monday,Nutrition,r34_c21,Monday,r35_c21,211,52,1.0,1.0,1,True
Nutrition | r34_c21 | Thursday,Nutrition,r34_c21,Thursday,r35_c21,155,52,1.0,1.0,1,True
Nutrition | r34_c21 | Tuesday,Nutrition,r34_c21,Tuesday,r35_c21,158,52,1.0,1.0,1,True
Nutrition | r34_c21 | Wednesday,Nutrition,r34_c21,Wednesday,r35_c21,214,52,0.9771689497716894,0.9771689497716894,1,True
Nutrition | r34_c21 | Wednesday,Nutrition,r34_c21,Wednesday,r29_c16,4,1,0.0182648401826484,0.0182648401826484,2,False
Nutrition | r34_c21 | Wednesday,Nutrition,r34_c21,Wednesday,r34_c23,1,1,0.0045662100456621,0.0045662100456621,3,False
Nutrition | r34_c22 | Friday,Nutrition,r34_c22,Friday,r35_c21,107,53,0.981651376146789,0.981651376146789,1,True
Nutrition | r34_c22 | Friday,Nutrition,r34_c22,Friday,r29_c16,2,1,0.01834862385321101,0.01834862385321101,2,False
Nutrition | r34_c22 | Monday,Nutrition,r34_c22,Monday,r35_c21,70,52,1.0,1.0,1,True
Nutrition | r34_c22 | Thursday,Nutrition,r34_c22,Thursday,r35_c21,99,52,1.0,1.0,1,True
Nutrition | r34_c22 | Tuesday,Nutrition,r34_c22,Tuesday,r35_c21,107,52,1.0,1.0,1,True
Nutrition | r34_c22 | Wednesday,Nutrition,r34_c22,Wednesday,r35_c21,109,52,0.990909090909091,0.990909090909091,1,True
Nutrition | r34_c22 | Wednesday,Nutrition,r34_c22,Wednesday,r29_c16,1,1,0.00909090909090909,0.00909090909090909,2,False
Nutrition | r35_c14 | Thursday,Nutrition,r35_c14,Thursday,r30_c20,1,1,1.0,1.0,1,True
Nutrition | r35_c16 | Tuesday,Nutrition,r35_c16,Tuesday,r34_c18,1,1,1.0,1.0,1,True
Nutrition | r35_c20 | Friday,Nutrition,r35_c20,Friday,r35_c21,55,50,0.9821428571428571,0.9821428571428571,1,True
Nutrition | r35_c20 | Friday,Nutrition,r35_c20,Friday,r29_c16,1,1,0.017857142857142856,0.017857142857142856,2,False
Nutrition | r35_c20 | Monday,Nutrition,r35_c20,Monday,r35_c21,54,50,1.0,1.0,1,True
Nutrition | r35_c20 | Tuesday,Nutrition,r35_c20,Tuesday,r35_c21,56,50,1.0,1.0,1,True
Nutrition | r35_c20 | Wednesday,Nutrition,r35_c20,Wednesday,r35_c21,54,50,1.0,1.0,1,True
Nutrition | r35_c21 | Friday,Nutrition,r35_c21,Friday,r34_c21,230,53,0.29411764705882354,0.29411764705882354,1,True
Nutrition | r35_c21 | Friday,Nutrition,r35_c21,Friday,r35_c21,182,53,0.23273657289002558,0.23273657289002558,2,False
Nutrition | r35_c21 | Friday,Nutrition,r35_c21,Friday,r34_c22,103,53,0.13171355498721227,0.13171355498721227,3,False
Nutrition | r35_c21 | Friday,Nutrition,r35_c21,Friday,r33_c20,73,53,0.09335038363171355,0.09335038363171355,4,False
Nutrition | r35_c21 | Friday,Nutrition,r35_c21,Friday,r34_c20,73,53,0.09335038363171355,0.09335038363171355,5,False
Nutrition | r35_c21 | Friday,Nutrition,r35_c21,Friday,r33_c21,61,53,0.07800511508951406,0.07800511508951406,6,False
Nutrition | r35_c21 | Friday,Nutrition,r35_c21,Friday,r35_c20,57,50,0.07289002557544758,0.07289002557544758,7,False
Nutrition | r35_c21 | Friday,Nutrition,r35_c21,Friday,r36_c21,2,2,0.0025575447570332483,0.0025575447570332483,8,False
Nutrition | r35_c21 | Friday,Nutrition,r35_c21,Friday,r29_c16,1,1,0.0012787723785166241,0.0012787723785166241,9,False
Nutrition | r35_c21 | Monday,Nutrition,r35_c21,Monday,r34_c21,211,52,0.2769028871391076,0.2769028871391076,1,True
Nutrition | r35_c21 | Monday,Nutrition,r35_c21,Monday,r35_c21,178,52,0.2335958005249344,0.2335958005249344,2,False
Nutrition | r35_c21 | Monday,Nutrition,r35_c21,Monday,r34_c20,112,52,0.14698162729658792,0.14698162729658792,3,False
Nutrition | r35_c21 | Monday,Nutrition,r35_c21,Monday,r34_c22,80,52,0.10498687664041995,0.10498687664041995,4,False
Nutrition | r35_c21 | Monday,Nutrition,r35_c21,Monday,r33_c20,70,52,0.09186351706036745,0.09186351706036745,5,False
Nutrition | r35_c21 | Monday,Nutrition,r35_c21,Monday,r33_c21,55,51,0.07217847769028872,0.07217847769028872,6,False
Nutrition | r35_c21 | Monday,Nutrition,r35_c21,Monday,r35_c20,55,50,0.07217847769028872,0.07217847769028872,7,False
Nutrition | r35_c21 | Monday,Nutrition,r35_c21,Monday,r36_c21,1,1,0.0013123359580052493,0.0013123359580052493,8,False
Nutrition | r35_c21 | Thursday,Nutrition,r35_c21,Thursday,r35_c21,175,52,0.2536231884057971,0.2536231884057971,1,True
Nutrition | r35_c21 | Thursday,Nutrition,r35_c21,Thursday,r34_c21,162,52,0.23478260869565218,0.23478260869565218,2,False
Nutrition | r35_c21 | Thursday,Nutrition,r35_c21,Thursday,r34_c20,115,52,0.16666666666666666,0.16666666666666666,3,False
Nutrition | r35_c21 | Thursday,Nutrition,r35_c21,Thursday,r34_c22,104,52,0.15072463768115943,0.15072463768115943,4,False
Nutrition | r35_c21 | Thursday,Nutrition,r35_c21,Thursday,r33_c20,73,52,0.10579710144927536,0.10579710144927536,5,False
Nutrition | r35_c21 | Thursday,Nutrition,r35_c21,Thursday,r33_c21,58,51,0.08405797101449275,0.08405797101449275,6,False
Nutrition | r35_c21 | Thursday,Nutrition,r35_c21,Thursday,r28_c17,2,1,0.002898550724637681,0.002898550724637681,7,False
Nutrition | r35_c21 | Thursday,Nutrition,r35_c21,Thursday,r36_c21,1,1,0.0014492753623188406,0.0014492753623188406,8,False
Nutrition | r35_c21 | Tuesday,Nutrition,r35_c21,Tuesday,r35_c21,192,52,0.25806451612903225,0.25806451612903225,1,True
Nutrition | r35_c21 | Tuesday,Nutrition,r35_c21,Tuesday,r34_c21,159,52,0.21370967741935484,0.21370967741935484,2,False
Nutrition | r35_c21 | Tuesday,Nutrition,r35_c21,Tuesday,r34_c20,116,52,0.15591397849462366,0.15591397849462366,3,False
Nutrition | r35_c21 | Tuesday,Nutrition,r35_c21,Tuesday,r34_c22,100,52,0.13440860215053763,0.13440860215053763,4,False
Nutrition | r35_c21 | Tuesday,Nutrition,r35_c21,Tuesday,r33_c20,61,51,0.08198924731182795,0.08198924731182795,5,False
Nutrition | r35_c21 | Tuesday,Nutrition,r35_c21,Tuesday,r33_c21,59,51,0.0793010752688172,0.0793010752688172,6,False
Nutrition | r35_c21 | Tuesday,Nutrition,r35_c21,Tuesday,r35_c20,56,50,0.07526881720430108,0.07526881720430108,7,False
Nutrition | r35_c21 | Tuesday,Nutrition,r35_c21,Tuesday,r36_c21,1,1,0.0013440860215053765,0.0013440860215053765,8,False
Nutrition | r35_c21 | Wednesday,Nutrition,r35_c21,Wednesday,r34_c21,211,52,0.2832214765100671,0.2832214765100671,1,True
Nutrition | r35_c21 | Wednesday,Nutrition,r35_c21,Wednesday,r35_c21,188,52,0.2523489932885906,0.2523489932885906,2,False
Nutrition | r35_c21 | Wednesday,Nutrition,r35_c21,Wednesday,r34_c22,96,52,0.12885906040268458,0.12885906040268458,3,False
Nutrition | r35_c21 | Wednesday,Nutrition,r35_c21,Wednesday,r34_c20,74,52,0.09932885906040269,0.09932885906040269,4,False
Nutrition | r35_c21 | Wednesday,Nutrition,r35_c21,Wednesday,r33_c20,60,51,0.08053691275167785,0.08053691275167785,5,False
Nutrition | r35_c21 | Wednesday,Nutrition,r35_c21,Wednesday,r33_c21,59,52,0.07919463087248323,0.07919463087248323,6,False
Nutrition | r35_c21 | Wednesday,Nutrition,r35_c21,Wednesday,r35_c20,55,50,0.0738255033557047,0.0738255033557047,7,False
Nutrition | r35_c21 | Wednesday,Nutrition,r35_c21,Wednesday,r29_c16,1,1,0.0013422818791946308,0.0013422818791946308,8,False
Nutrition | r35_c21 | Wednesday,Nutrition,r35_c21,Wednesday,r36_c21,1,1,0.0013422818791946308,0.0013422818791946308,9,False
Nutrition | r36_c15 | Friday,Nutrition,r36_c15,Friday,r40_c16,24,13,1.0,1.0,1,True
Nutrition | r36_c15 | Monday,Nutrition,r36_c15,Monday,r40_c16,5,5,1.0,1.0,1,True
Nutrition | r36_c15 | Wednesday,Nutrition,r36_c15,Wednesday,r40_c16,19,14,1.0,1.0,1,True
Nutrition | r36_c21 | Friday,Nutrition,r36_c21,Friday,r35_c21,2,2,1.0,1.0,1,True
Nutrition | r36_c21 | Monday,Nutrition,r36_c21,Monday,r35_c21,1,1,1.0,1.0,1,True
Nutrition | r36_c21 | Thursday,Nutrition,r36_c21,Thursday,r35_c21,1,1,1.0,1.0,1,True
Nutrition | r36_c21 | Tuesday,Nutrition,r36_c21,Tuesday,r35_c21,1,1,1.0,1.0,1,True
Nutrition | r36_c21 | Wednesday,Nutrition,r36_c21,Wednesday,r35_c21,1,1,1.0,1.0,1,True
Nutrition | r37_c22 | Friday,Nutrition,r37_c22,Friday,r38_c24,21,21,1.0,1.0,1,True
Nutrition | r37_c22 | Monday,Nutrition,r37_c22,Monday,r38_c24,23,21,1.0,1.0,1,True
Nutrition | r37_c22 | Thursday,Nutrition,r37_c22,Thursday,r38_c24,22,21,1.0,1.0,1,True
Nutrition | r37_c22 | Tuesday,Nutrition,r37_c22,Tuesday,r38_c24,22,21,1.0,1.0,1,True
Nutrition | r37_c22 | Wednesday,Nutrition,r37_c22,Wednesday,r38_c24,22,21,1.0,1.0,1,True
Nutrition | r37_c24 | Friday,Nutrition,r37_c24,Friday,r38_c24,2,1,1.0,1.0,1,True
Nutrition | r37_c24 | Thursday,Nutrition,r37_c24,Thursday,r38_c24,26,21,1.0,1.0,1,True
Nutrition | r37_c24 | Tuesday,Nutrition,r37_c24,Tuesday,r38_c24,24,21,1.0,1.0,1,True
Nutrition | r38_c24 | Friday,Nutrition,r38_c24,Friday,r37_c22,22,21,0.8461538461538461,0.8461538461538461,1,True
Nutrition | r38_c24 | Friday,Nutrition,r38_c24,Friday,r38_c24,3,1,0.11538461538461539,0.11538461538461539,2,False
Nutrition | r38_c24 | Friday,Nutrition,r38_c24,Friday,r37_c24,1,1,0.038461538461538464,0.038461538461538464,3,False
Nutrition | r38_c24 | Monday,Nutrition,r38_c24,Monday,r37_c22,24,21,1.0,1.0,1,True
Nutrition | r38_c24 | Thursday,Nutrition,r38_c24,Thursday,r37_c24,26,21,0.48148148148148145,0.48148148148148145,1,True
Nutrition | r38_c24 | Thursday,Nutrition,r38_c24,Thursday,r37_c22,22,21,0.4074074074074074,0.4074074074074074,2,False
Nutrition | r38_c24 | Thursday,Nutrition,r38_c24,Thursday,r38_c24,6,3,0.1111111111111111,0.1111111111111111,3,False
Nutrition | r38_c24 | Tuesday,Nutrition,r38_c24,Tuesday,r37_c24,24,21,0.4528301886792453,0.4528301886792453,1,True
Nutrition | r38_c24 | Tuesday,Nutrition,r38_c24,Tuesday,r37_c22,23,21,0.4339622641509434,0.4339622641509434,2,False
Nutrition | r38_c24 | Tuesday,Nutrition,r38_c24,Tuesday,r38_c24,6,3,0.11320754716981132,0.11320754716981132,3,False
Nutrition | r38_c24 | Wednesday,Nutrition,r38_c24,Wednesday,r37_c22,21,21,0.75,0.75,1,True
Nutrition | r38_c24 | Wednesday,Nutrition,r38_c24,Wednesday,r38_c24,7,3,0.25,0.25,2,False
Nutrition | r39_c13 | Friday,Nutrition,r39_c13,Friday,r40_c16,24,15,1.0,1.0,1,True
Nutrition | r39_c13 | Monday,Nutrition,r39_c13,Monday,r40_c16,20,15,1.0,1.0,1,True
Nutrition | r39_c13 | Thursday,Nutrition,r39_c13,Thursday,r40_c16,22,15,1.0,1.0,1,True
Nutrition | r39_c13 | Tuesday,Nutrition,r39_c13,Tuesday,r40_c16,19,15,1.0,1.0,1,True
Nutrition | r39_c13 | Wednesday,Nutrition,r39_c13,Wednesday,r40_c16,19,15,1.0,1.0,1,True
Nutrition | r40_c16 | Friday,Nutrition,r40_c16,Friday,r36_c15,23,13,0.5111111111111111,0.5111111111111111,1,True
Nutrition | r40_c16 | Friday,Nutrition,r40_c16,Friday,r39_c13,22,15,0.4888888888888889,0.4888888888888889,2,False
Nutrition | r40_c16 | Monday,Nutrition,r40_c16,Monday,r39_c13,16,15,0.7619047619047619,0.7619047619047619,1,True
Nutrition | r40_c16 | Monday,Nutrition,r40_c16,Monday,r36_c15,5,5,0.23809523809523808,0.23809523809523808,2,False
Nutrition | r40_c16 | Thursday,Nutrition,r40_c16,Thursday,r39_c13,15,15,1.0,1.0,1,True
Nutrition | r40_c16 | Tuesday,Nutrition,r40_c16,Tuesday,r39_c13,15,15,1.0,1.0,1,True
Nutrition | r40_c16 | Wednesday,Nutrition,r40_c16,Wednesday,r36_c15,17,14,0.53125,0.53125,1,True
Nutrition | r40_c16 | Wednesday,Nutrition,r40_c16,Wednesday,r39_c13,15,15,0.46875,0.46875,2,False
Nutrition | r9_c18 | Friday,Nutrition,r9_c18,Friday,r12_c21,64,53,1.0,1.0,1,True
Nutrition | r9_c18 | Monday,Nutrition,r9_c18,Monday,r12_c21,62,52,1.0,1.0,1,True
Nutrition | r9_c18 | Thursday,Nutrition,r9_c18,Thursday,r12_c21,62,52,1.0,1.0,1,True
Nutrition | r9_c18 | Tuesday,Nutrition,r9_c18,Tuesday,r12_c21,63,52,1.0,1.0,1,True
Nutrition | r9_c18 | Wednesday,Nutrition,r9_c18,Wednesday,r12_c21,62,52,1.0,1.0,1,True
Nutrition | r9_c19 | Friday,Nutrition,r9_c19,Friday,r12_c21,2,2,1.0,1.0,1,True
Nutrition | r9_c19 | Monday,Nutrition,r9_c19,Monday,r12_c21,2,2,1.0,1.0,1,True
Nutrition | r9_c19 | Thursday,Nutrition,r9_c19,Thursday,r12_c21,2,2,1.0,1.0,1,True
Nutrition | r9_c19 | Tuesday,Nutrition,r9_c19,Tuesday,r12_c21,2,2,1.0,1.0,1,True
Nutrition | r9_c19 | Wednesday,Nutrition,r9_c19,Wednesday,r12_c21,2,2,1.0,1.0,1,True
Personal | r10_c14 | Friday,Personal,r10_c14,Friday,r31_c19,6,1,0.4,0.4,1,True
Personal | r10_c14 | Friday,Personal,r10_c14,Friday,r9_c19,5,1,0.3333333333333333,0.3333333333333333,2,False
Personal | r10_c14 | Friday,Personal,r10_c14,Friday,r24_c16,2,1,0.13333333333333333,0.13333333333333333,3,False
Personal | r10_c14 | Friday,Personal,r10_c14,Friday,r11_c18,1,1,0.06666666666666667,0.06666666666666667,4,False
Personal | r10_c14 | Friday,Personal,r10_c14,Friday,r16_c17,1,1,0.06666666666666667,0.06666666666666667,5,False
Personal | r10_c14 | Monday,Personal,r10_c14,Monday,r14_c24,8,1,1.0,1.0,1,True
Personal | r10_c14 | Thursday,Personal,r10_c14,Thursday,r31_c19,18,1,1.0,1.0,1,True
Personal | r10_c14 | Tuesday,Personal,r10_c14,Tuesday,r11_c18,3,1,1.0,1.0,1,True
Personal | r10_c14 | Wednesday,Personal,r10_c14,Wednesday,r11_c18,6,1,0.75,0.75,1,True
Personal | r10_c14 | Wednesday,Personal,r10_c14,Wednesday,r10_c14,2,1,0.25,0.25,2,False
Personal | r10_c15 | Monday,Personal,r10_c15,Monday,r22_c24,6,1,0.6666666666666666,0.6666666666666666,1,True
Personal | r10_c15 | Monday,Personal,r10_c15,Monday,r14_c24,3,1,0.3333333333333333,0.3333333333333333,2,False
Personal | r10_c15 | Thursday,Personal,r10_c15,Thursday,r14_c24,2,1,1.0,1.0,1,True
Personal | r10_c15 | Tuesday,Personal,r10_c15,Tuesday,r14_c24,8,5,1.0,1.0,1,True
Personal | r10_c18 | Friday,Personal,r10_c18,Friday,r10_c18,4,1,1.0,1.0,1,True
Personal | r10_c18 | Thursday,Personal,r10_c18,Thursday,r16_c17,2,1,1.0,1.0,1,True
Personal | r10_c18 | Tuesday,Personal,r10_c18,Tuesday,r10_c18,3,1,0.75,0.75,1,True
Personal | r10_c18 | Tuesday,Personal,r10_c18,Tuesday,r15_c16,1,1,0.25,0.25,2,False
Personal | r10_c18 | Wednesday,Personal,r10_c18,Wednesday,r13_c19,5,2,0.7142857142857143,0.7142857142857143,1,True
Personal | r10_c18 | Wednesday,Personal,r10_c18,Wednesday,r15_c16,1,1,0.14285714285714285,0.14285714285714285,2,False
Personal | r10_c18 | Wednesday,Personal,r10_c18,Wednesday,r16_c17,1,1,0.14285714285714285,0.14285714285714285,3,False
Personal | r11_c15 | Monday,Personal,r11_c15,Monday,r20_c16,3,2,1.0,1.0,1,True
Personal | r11_c18 | Friday,Personal,r11_c18,Friday,r29_c16,11,3,0.55,0.55,1,True
Personal | r11_c18 | Friday,Personal,r11_c18,Friday,r14_c24,6,1,0.3,0.3,2,False
Personal | r11_c18 | Friday,Personal,r11_c18,Friday,r10_c14,2,1,0.1,0.1,3,False
Personal | r11_c18 | Friday,Personal,r11_c18,Friday,r18_c17,1,1,0.05,0.05,4,False
Personal | r11_c18 | Monday,Personal,r11_c18,Monday,r29_c16,9,3,0.5,0.5,1,True
Personal | r11_c18 | Monday,Personal,r11_c18,Monday,r12_c19,3,1,0.16666666666666666,0.16666666666666666,2,False
Personal | r11_c18 | Monday,Personal,r11_c18,Monday,r17_c16,3,1,0.16666666666666666,0.16666666666666666,3,False
Personal | r11_c18 | Monday,Personal,r11_c18,Monday,r14_c24,2,1,0.1111111111111111,0.1111111111111111,4,False
Personal | r11_c18 | Monday,Personal,r11_c18,Monday,r18_c17,1,1,0.05555555555555555,0.05555555555555555,5,False
Personal | r11_c18 | Thursday,Personal,r11_c18,Thursday,r29_c16,5,2,0.625,0.625,1,True
Personal | r11_c18 | Thursday,Personal,r11_c18,Thursday,r10_c14,1,1,0.125,0.125,2,False
Personal | r11_c18 | Thursday,Personal,r11_c18,Thursday,r14_c24,1,1,0.125,0.125,3,False
Personal | r11_c18 | Thursday,Personal,r11_c18,Thursday,r16_c17,1,1,0.125,0.125,4,False
Personal | r11_c18 | Tuesday,Personal,r11_c18,Tuesday,r29_c16,2,2,0.4,0.4,1,True
Personal | r11_c18 | Tuesday,Personal,r11_c18,Tuesday,r10_c14,1,1,0.2,0.2,2,False
Personal | r11_c18 | Tuesday,Personal,r11_c18,Tuesday,r14_c24,1,1,0.2,0.2,3,False
Personal | r11_c18 | Tuesday,Personal,r11_c18,Tuesday,r18_c17,1,1,0.2,0.2,4,False
Personal | r11_c18 | Wednesday,Personal,r11_c18,Wednesday,r29_c16,5,2,0.5,0.5,1,True
Personal | r11_c18 | Wednesday,Personal,r11_c18,Wednesday,r10_c14,3,1,0.3,0.3,2,False
Personal | r11_c18 | Wednesday,Personal,r11_c18,Wednesday,r14_c24,2,1,0.2,0.2,3,False
Personal | r12_c19 | Monday,Personal,r12_c19,Monday,r11_c18,1,1,1.0,1.0,1,True
Personal | r12_c25 | Friday,Personal,r12_c25,Friday,r16_c17,3,1,0.5,0.5,1,True
Personal | r12_c25 | Friday,Personal,r12_c25,Friday,r14_c24,1,1,0.16666666666666666,0.16666666666666666,2,False
Personal | r12_c25 | Friday,Personal,r12_c25,Friday,r21_c17,1,1,0.16666666666666666,0.16666666666666666,3,False
Personal | r12_c25 | Friday,Personal,r12_c25,Friday,r29_c16,1,1,0.16666666666666666,0.16666666666666666,4,False
Personal | r12_c25 | Monday,Personal,r12_c25,Monday,r16_c17,4,1,1.0,1.0,1,True
Personal | r12_c25 | Thursday,Personal,r12_c25,Thursday,r16_c17,4,4,0.6666666666666666,0.6666666666666666,1,True
Personal | r12_c25 | Thursday,Personal,r12_c25,Thursday,r21_c17,1,1,0.16666666666666666,0.16666666666666666,2,False
Personal | r12_c25 | Thursday,Personal,r12_c25,Thursday,r29_c16,1,1,0.16666666666666666,0.16666666666666666,3,False
Personal | r12_c25 | Tuesday,Personal,r12_c25,Tuesday,r14_c24,1,1,0.3333333333333333,0.3333333333333333,1,True
Personal | r12_c25 | Tuesday,Personal,r12_c25,Tuesday,r16_c17,1,1,0.3333333333333333,0.3333333333333333,2,False
Personal | r12_c25 | Tuesday,Personal,r12_c25,Tuesday,r29_c16,1,1,0.3333333333333333,0.3333333333333333,3,False
Personal | r13_c16 | Tuesday,Personal,r13_c16,Tuesday,r20_c17,2,2,1.0,1.0,1,True
Personal | r13_c16 | Wednesday,Personal,r13_c16,Wednesday,r20_c17,3,1,1.0,1.0,1,True
Personal | r13_c19 | Thursday,Personal,r13_c19,Thursday,r31_c19,10,1,1.0,1.0,1,True
Personal | r13_c19 | Tuesday,Personal,r13_c19,Tuesday,r31_c19,2,1,0.6666666666666666,0.6666666666666666,1,True
Personal | r13_c19 | Tuesday,Personal,r13_c19,Tuesday,r14_c23,1,1,0.3333333333333333,0.3333333333333333,2,False
Personal | r13_c19 | Wednesday,Personal,r13_c19,Wednesday,r10_c18,10,2,1.0,1.0,1,True
Personal | r13_c24 | Thursday,Personal,r13_c24,Thursday,r14_c24,6,2,1.0,1.0,1,True
Personal | r14_c23 | Tuesday,Personal,r14_c23,Tuesday,r13_c19,4,1,1.0,1.0,1,True
Personal | r14_c24 | Friday,Personal,r14_c24,Friday,r19_c14,13,3,0.5416666666666666,0.5416666666666666,1,True
Personal | r14_c24 | Friday,Personal,r14_c24,Friday,r16_c17,5,4,0.20833333333333334,0.20833333333333334,2,False
Personal | r14_c24 | Friday,Personal,r14_c24,Friday,r11_c18,2,1,0.08333333333333333,0.08333333333333333,3,False
Personal | r14_c24 | Friday,Personal,r14_c24,Friday,r23_c17,2,1,0.08333333333333333,0.08333333333333333,4,False
Personal | r14_c24 | Friday,Personal,r14_c24,Friday,r12_c25,1,1,0.041666666666666664,0.041666666666666664,5,False
Personal | r14_c24 | Friday,Personal,r14_c24,Friday,r23_c16,1,1,0.041666666666666664,0.041666666666666664,6,False
Personal | r14_c24 | Monday,Personal,r14_c24,Monday,r16_c17,7,4,0.5833333333333334,0.5833333333333334,1,True
Personal | r14_c24 | Monday,Personal,r14_c24,Monday,r10_c14,2,1,0.16666666666666666,0.16666666666666666,2,False
Personal | r14_c24 | Monday,Personal,r14_c24,Monday,r10_c15,2,1,0.16666666666666666,0.16666666666666666,3,False
Personal | r14_c24 | Monday,Personal,r14_c24,Monday,r11_c18,1,1,0.08333333333333333,0.08333333333333333,4,False
Personal | r14_c24 | Thursday,Personal,r14_c24,Thursday,r13_c24,6,2,0.24,0.24,1,True
Personal | r14_c24 | Thursday,Personal,r14_c24,Thursday,r23_c16,5,1,0.2,0.2,2,False
Personal | r14_c24 | Thursday,Personal,r14_c24,Thursday,r23_c17,4,2,0.16,0.16,3,False
Personal | r14_c24 | Thursday,Personal,r14_c24,Thursday,r21_c17,3,1,0.12,0.12,4,False
Personal | r14_c24 | Thursday,Personal,r14_c24,Thursday,r10_c15,2,1,0.08,0.08,5,False
Personal | r14_c24 | Thursday,Personal,r14_c24,Thursday,r11_c18,2,1,0.08,0.08,6,False
Personal | r14_c24 | Thursday,Personal,r14_c24,Thursday,r15_c20,1,1,0.04,0.04,7,False
Personal | r14_c24 | Thursday,Personal,r14_c24,Thursday,r16_c17,1,1,0.04,0.04,8,False
Personal | r14_c24 | Thursday,Personal,r14_c24,Thursday,r19_c14,1,1,0.04,0.04,9,False
Personal | r14_c24 | Tuesday,Personal,r14_c24,Tuesday,r16_c17,16,4,0.42105263157894735,0.42105263157894735,1,True
Personal | r14_c24 | Tuesday,Personal,r14_c24,Tuesday,r19_c14,10,3,0.2631578947368421,0.2631578947368421,2,False
Personal | r14_c24 | Tuesday,Personal,r14_c24,Tuesday,r10_c15,7,4,0.18421052631578946,0.18421052631578946,3,False
Personal | r14_c24 | Tuesday,Personal,r14_c24,Tuesday,r11_c18,2,1,0.05263157894736842,0.05263157894736842,4,False
Personal | r14_c24 | Tuesday,Personal,r14_c24,Tuesday,r12_c25,2,1,0.05263157894736842,0.05263157894736842,5,False
Personal | r14_c24 | Tuesday,Personal,r14_c24,Tuesday,r23_c17,1,1,0.02631578947368421,0.02631578947368421,6,False
Personal | r14_c24 | Wednesday,Personal,r14_c24,Wednesday,r16_c17,14,2,0.8235294117647058,0.8235294117647058,1,True
Personal | r14_c24 | Wednesday,Personal,r14_c24,Wednesday,r23_c17,2,1,0.11764705882352941,0.11764705882352941,2,False
Personal | r14_c24 | Wednesday,Personal,r14_c24,Wednesday,r11_c18,1,1,0.058823529411764705,0.058823529411764705,3,False
Personal | r15_c16 | Friday,Personal,r15_c16,Friday,r17_c16,1,1,1.0,1.0,1,True
Personal | r15_c16 | Thursday,Personal,r15_c16,Thursday,r17_c16,11,6,0.9166666666666666,0.9166666666666666,1,True
Personal | r15_c16 | Thursday,Personal,r15_c16,Thursday,r16_c16,1,1,0.08333333333333333,0.08333333333333333,2,False
Personal | r15_c16 | Tuesday,Personal,r15_c16,Tuesday,r10_c18,6,1,1.0,1.0,1,True
Personal | r15_c16 | Wednesday,Personal,r15_c16,Wednesday,r17_c16,4,3,0.8,0.8,1,True
Personal | r15_c16 | Wednesday,Personal,r15_c16,Wednesday,r10_c18,1,1,0.2,0.2,2,False
Personal | r15_c20 | Thursday,Personal,r15_c20,Thursday,r14_c24,4,2,1.0,1.0,1,True
Personal | r16_c16 | Monday,Personal,r16_c16,Monday,r16_c16,2,1,1.0,1.0,1,True
Personal | r16_c16 | Thursday,Personal,r16_c16,Thursday,r16_c29,6,1,0.75,0.75,1,True
Personal | r16_c16 | Thursday,Personal,r16_c16,Thursday,r15_c16,2,1,0.25,0.25,2,False
Personal | r16_c17 | Friday,Personal,r16_c17,Friday,r14_c24,26,4,0.896551724137931,0.896551724137931,1,True
Personal | r16_c17 | Friday,Personal,r16_c17,Friday,r10_c14,3,1,0.10344827586206896,0.10344827586206896,2,False
Personal | r16_c17 | Monday,Personal,r16_c17,Monday,r14_c24,5,3,0.8333333333333334,0.8333333333333334,1,True
Personal | r16_c17 | Monday,Personal,r16_c17,Monday,r19_c14,1,1,0.16666666666666666,0.16666666666666666,2,False
Personal | r16_c17 | Thursday,Personal,r16_c17,Thursday,r12_c25,21,5,0.8076923076923077,0.8076923076923077,1,True
Personal | r16_c17 | Thursday,Personal,r16_c17,Thursday,r10_c18,3,1,0.11538461538461539,0.11538461538461539,2,False
Personal | r16_c17 | Thursday,Personal,r16_c17,Thursday,r11_c18,1,1,0.038461538461538464,0.038461538461538464,3,False
Personal | r16_c17 | Thursday,Personal,r16_c17,Thursday,r14_c24,1,1,0.038461538461538464,0.038461538461538464,4,False
Personal | r16_c17 | Tuesday,Personal,r16_c17,Tuesday,r12_c25,12,2,0.8571428571428571,0.8571428571428571,1,True
Personal | r16_c17 | Tuesday,Personal,r16_c17,Tuesday,r14_c24,2,2,0.14285714285714285,0.14285714285714285,2,False
Personal | r16_c17 | Wednesday,Personal,r16_c17,Wednesday,r10_c18,2,1,1.0,1.0,1,True
Personal | r16_c29 | Thursday,Personal,r16_c29,Thursday,r16_c16,3,1,1.0,1.0,1,True
Personal | r17_c11 | Friday,Personal,r17_c11,Friday,r23_c31,9,1,1.0,1.0,1,True
Personal | r17_c12 | Tuesday,Personal,r17_c12,Tuesday,r24_c13,3,1,1.0,1.0,1,True
Personal | r17_c16 | Friday,Personal,r17_c16,Friday,r18_c16,43,32,0.9555555555555556,0.9555555555555556,1,True
Personal | r17_c16 | Friday,Personal,r17_c16,Friday,r15_c16,2,1,0.044444444444444446,0.044444444444444446,2,False
Personal | r17_c16 | Monday,Personal,r17_c16,Monday,r11_c18,3,1,1.0,1.0,1,True
Personal | r17_c16 | Thursday,Personal,r17_c16,Thursday,r15_c16,14,6,0.9333333333333333,0.9333333333333333,1,True
Personal | r17_c16 | Thursday,Personal,r17_c16,Thursday,r16_c16,1,1,0.06666666666666667,0.06666666666666667,2,False
Personal | r17_c16 | Wednesday,Personal,r17_c16,Wednesday,r15_c16,12,3,0.9230769230769231,0.9230769230769231,1,True
Personal | r17_c16 | Wednesday,Personal,r17_c16,Wednesday,r18_c15,1,1,0.07692307692307693,0.07692307692307693,2,False
Personal | r17_c17 | Friday,Personal,r17_c17,Friday,r29_c17,3,2,1.0,1.0,1,True
Personal | r17_c17 | Monday,Personal,r17_c17,Monday,r29_c17,2,1,1.0,1.0,1,True
Personal | r17_c17 | Thursday,Personal,r17_c17,Thursday,r29_c17,9,3,1.0,1.0,1,True
Personal | r17_c17 | Tuesday,Personal,r17_c17,Tuesday,r29_c17,8,5,1.0,1.0,1,True
Personal | r17_c17 | Wednesday,Personal,r17_c17,Wednesday,r29_c17,1,1,1.0,1.0,1,True
Personal | r18_c15 | Friday,Personal,r18_c15,Friday,r20_c16,1,1,1.0,1.0,1,True
Personal | r18_c15 | Monday,Personal,r18_c15,Monday,r20_c16,1,1,1.0,1.0,1,True
Personal | r18_c15 | Thursday,Personal,r18_c15,Thursday,r20_c16,4,1,1.0,1.0,1,True
Personal | r18_c15 | Tuesday,Personal,r18_c15,Tuesday,r20_c16,4,3,1.0,1.0,1,True
Personal | r18_c15 | Wednesday,Personal,r18_c15,Wednesday,r17_c16,1,1,1.0,1.0,1,True
Personal | r18_c16 | Friday,Personal,r18_c16,Friday,r17_c16,55,32,1.0,1.0,1,True
Personal | r18_c17 | Friday,Personal,r18_c17,Friday,r19_c14,12,1,0.9230769230769231,0.9230769230769231,1,True
Personal | r18_c17 | Friday,Personal,r18_c17,Friday,r11_c18,1,1,0.07692307692307693,0.07692307692307693,2,False
Personal | r18_c17 | Monday,Personal,r18_c17,Monday,r11_c18,1,1,1.0,1.0,1,True
Personal | r18_c17 | Thursday,Personal,r18_c17,Thursday,r21_c17,1,1,1.0,1.0,1,True
Personal | r18_c17 | Tuesday,Personal,r18_c17,Tuesday,r11_c18,3,1,1.0,1.0,1,True
Personal | r18_c17 | Wednesday,Personal,r18_c17,Wednesday,r19_c14,2,2,0.5,0.5,1,True
Personal | r18_c17 | Wednesday,Personal,r18_c17,Wednesday,r21_c17,2,1,0.5,0.5,2,False
Personal | r19_c14 | Friday,Personal,r19_c14,Friday,r14_c24,26,4,0.8125,0.8125,1,True
Personal | r19_c14 | Friday,Personal,r19_c14,Friday,r23_c16,3,1,0.09375,0.09375,2,False
Personal | r19_c14 | Friday,Personal,r19_c14,Friday,r22_c15,2,1,0.0625,0.0625,3,False
Personal | r19_c14 | Friday,Personal,r19_c14,Friday,r18_c17,1,1,0.03125,0.03125,4,False
Personal | r19_c14 | Monday,Personal,r19_c14,Monday,r14_c24,5,1,0.625,0.625,1,True
Personal | r19_c14 | Monday,Personal,r19_c14,Monday,r24_c20,2,1,0.25,0.25,2,False
Personal | r19_c14 | Monday,Personal,r19_c14,Monday,r16_c17,1,1,0.125,0.125,3,False
Personal | r19_c14 | Thursday,Personal,r19_c14,Thursday,r14_c24,1,1,1.0,1.0,1,True
Personal | r19_c14 | Tuesday,Personal,r19_c14,Tuesday,r14_c24,16,3,0.9411764705882353,0.9411764705882353,1,True
Personal | r19_c14 | Tuesday,Personal,r19_c14,Tuesday,r23_c16,1,1,0.058823529411764705,0.058823529411764705,2,False
Personal | r19_c14 | Wednesday,Personal,r19_c14,Wednesday,r18_c17,9,2,0.75,0.75,1,True
Personal | r19_c14 | Wednesday,Personal,r19_c14,Wednesday,r23_c16,3,1,0.25,0.25,2,False
Personal | r19_c16 | Friday,Personal,r19_c16,Friday,r23_c16,16,5,1.0,1.0,1,True
Personal | r19_c16 | Thursday,Personal,r19_c16,Thursday,r23_c16,20,9,0.8695652173913043,0.8695652173913043,1,True
Personal | r19_c16 | Thursday,Personal,r19_c16,Thursday,r23_c29,3,1,0.13043478260869565,0.13043478260869565,2,False
Personal | r19_c16 | Wednesday,Personal,r19_c16,Wednesday,r23_c16,9,5,1.0,1.0,1,True
Personal | r19_c17 | Thursday,Personal,r19_c17,Thursday,r27_c19,1,1,1.0,1.0,1,True
Personal | r20_c16 | Friday,Personal,r20_c16,Friday,r18_c15,1,1,1.0,1.0,1,True
Personal | r20_c16 | Monday,Personal,r20_c16,Monday,r20_c16,4,1,0.4,0.4,1,True
Personal | r20_c16 | Monday,Personal,r20_c16,Monday,r11_c15,3,2,0.3,0.3,2,False
Personal | r20_c16 | Monday,Personal,r20_c16,Monday,r22_c19,2,1,0.2,0.2,3,False
Personal | r20_c16 | Monday,Personal,r20_c16,Monday,r18_c15,1,1,0.1,0.1,4,False
Personal | r20_c16 | Thursday,Personal,r20_c16,Thursday,r18_c15,4,1,1.0,1.0,1,True
Personal | r20_c16 | Tuesday,Personal,r20_c16,Tuesday,r18_c15,12,3,1.0,1.0,1,True
Personal | r20_c17 | Tuesday,Personal,r20_c17,Tuesday,r13_c16,2,2,1.0,1.0,1,True
Personal | r20_c21 | Friday,Personal,r20_c21,Friday,r25_c21,6,3,1.0,1.0,1,True
Personal | r20_c21 | Thursday,Personal,r20_c21,Thursday,r25_c21,11,4,1.0,1.0,1,True
Personal | r20_c21 | Tuesday,Personal,r20_c21,Tuesday,r27_c19,3,1,1.0,1.0,1,True
Personal | r20_c21 | Wednesday,Personal,r20_c21,Wednesday,r25_c21,13,6,0.7647058823529411,0.7647058823529411,1,True
Personal | r20_c21 | Wednesday,Personal,r20_c21,Wednesday,r27_c19,4,1,0.23529411764705882,0.23529411764705882,2,False
Personal | r20_c7 | Monday,Personal,r20_c7,Monday,r26_c10,1,1,1.0,1.0,1,True
Personal | r20_c7 | Wednesday,Personal,r20_c7,Wednesday,r26_c10,3,1,1.0,1.0,1,True
Personal | r21_c12 | Friday,Personal,r21_c12,Friday,r21_c17,2,1,1.0,1.0,1,True
Personal | r21_c12 | Tuesday,Personal,r21_c12,Tuesday,r22_c9,5,1,1.0,1.0,1,True
Personal | r21_c12 | Wednesday,Personal,r21_c12,Wednesday,r21_c17,1,1,1.0,1.0,1,True
Personal | r21_c13 | Monday,Personal,r21_c13,Monday,r26_c14,2,1,1.0,1.0,1,True
Personal | r21_c16 | Thursday,Personal,r21_c16,Thursday,r24_c23,1,1,1.0,1.0,1,True
Personal | r21_c17 | Friday,Personal,r21_c17,Friday,r23_c17,4,4,0.4,0.4,1,True
Personal | r21_c17 | Friday,Personal,r21_c17,Friday,r21_c9,3,1,0.3,0.3,2,False
Personal | r21_c17 | Friday,Personal,r21_c17,Friday,r21_c12,2,1,0.2,0.2,3,False
Personal | r21_c17 | Friday,Personal,r21_c17,Friday,r12_c25,1,1,0.1,0.1,4,False
Personal | r21_c17 | Monday,Personal,r21_c17,Monday,r14_c24,1,1,1.0,1.0,1,True
Personal | r21_c17 | Thursday,Personal,r21_c17,Thursday,r14_c24,4,1,0.6666666666666666,0.6666666666666666,1,True
Personal | r21_c17 | Thursday,Personal,r21_c17,Thursday,r18_c17,1,1,0.16666666666666666,0.16666666666666666,2,False
Personal | r21_c17 | Thursday,Personal,r21_c17,Thursday,r22_c17,1,1,0.16666666666666666,0.16666666666666666,3,False
Personal | r21_c17 | Tuesday,Personal,r21_c17,Tuesday,r33_c22,2,1,0.5,0.5,1,True
Personal | r21_c17 | Tuesday,Personal,r21_c17,Tuesday,r28_c16,1,1,0.25,0.25,2,False
Personal | r21_c17 | Tuesday,Personal,r21_c17,Tuesday,r30_c16,1,1,0.25,0.25,3,False
Personal | r21_c17 | Wednesday,Personal,r21_c17,Wednesday,r18_c17,5,1,0.8333333333333334,0.8333333333333334,1,True
Personal | r21_c17 | Wednesday,Personal,r21_c17,Wednesday,r21_c12,1,1,0.16666666666666666,0.16666666666666666,2,False
Personal | r21_c23 | Wednesday,Personal,r21_c23,Wednesday,r26_c23,1,1,1.0,1.0,1,True
Personal | r21_c31 | Thursday,Personal,r21_c31,Thursday,r22_c24,3,1,1.0,1.0,1,True
Personal | r21_c9 | Friday,Personal,r21_c9,Friday,r21_c17,3,1,1.0,1.0,1,True
Personal | r21_c9 | Thursday,Personal,r21_c9,Thursday,r31_c20,4,3,0.8,0.8,1,True
Personal | r21_c9 | Thursday,Personal,r21_c9,Thursday,r23_c9,1,1,0.2,0.2,2,False
Personal | r21_c9 | Tuesday,Personal,r21_c9,Tuesday,r26_c10,3,1,0.6,0.6,1,True
Personal | r21_c9 | Tuesday,Personal,r21_c9,Tuesday,r21_c9,2,1,0.4,0.4,2,False
Personal | r21_c9 | Wednesday,Personal,r21_c9,Wednesday,r31_c20,3,1,0.6,0.6,1,True
Personal | r21_c9 | Wednesday,Personal,r21_c9,Wednesday,r22_c16,1,1,0.2,0.2,2,False
Personal | r21_c9 | Wednesday,Personal,r21_c9,Wednesday,r26_c10,1,1,0.2,0.2,3,False
Personal | r22_c10 | Tuesday,Personal,r22_c10,Tuesday,r26_c10,1,1,0.5,0.5,1,True
Personal | r22_c10 | Tuesday,Personal,r22_c10,Tuesday,r27_c10,1,1,0.5,0.5,2,False
Personal | r22_c11 | Tuesday,Personal,r22_c11,Tuesday,r31_c13,2,1,1.0,1.0,1,True
Personal | r22_c13 | Friday,Personal,r22_c13,Friday,r26_c10,4,1,1.0,1.0,1,True
Personal | r22_c13 | Thursday,Personal,r22_c13,Thursday,r26_c10,3,1,0.6,0.6,1,True
Personal | r22_c13 | Thursday,Personal,r22_c13,Thursday,r27_c10,2,1,0.4,0.4,2,False
Personal | r22_c13 | Tuesday,Personal,r22_c13,Tuesday,r27_c10,4,1,0.6666666666666666,0.6666666666666666,1,True
Personal | r22_c13 | Tuesday,Personal,r22_c13,Tuesday,r29_c18,2,1,0.3333333333333333,0.3333333333333333,2,False
Personal | r22_c15 | Friday,Personal,r22_c15,Friday,r19_c14,1,1,1.0,1.0,1,True
Personal | r22_c16 | Monday,Personal,r22_c16,Monday,r29_c17,1,1,1.0,1.0,1,True
Personal | r22_c16 | Thursday,Personal,r22_c16,Thursday,r24_c11,2,1,0.6666666666666666,0.6666666666666666,1,True
Personal | r22_c16 | Thursday,Personal,r22_c16,Thursday,r23_c16,1,1,0.3333333333333333,0.3333333333333333,2,False
Personal | r22_c16 | Tuesday,Personal,r22_c16,Tuesday,r23_c16,8,1,0.4,0.4,1,True
Personal | r22_c16 | Tuesday,Personal,r22_c16,Tuesday,r27_c10,7,1,0.35,0.35,2,False
Personal | r22_c16 | Tuesday,Personal,r22_c16,Tuesday,r29_c17,5,1,0.25,0.25,3,False
Personal | r22_c16 | Wednesday,Personal,r22_c16,Wednesday,r24_c11,5,1,0.625,0.625,1,True
Personal | r22_c16 | Wednesday,Personal,r22_c16,Wednesday,r21_c9,2,1,0.25,0.25,2,False
Personal | r22_c16 | Wednesday,Personal,r22_c16,Wednesday,r23_c16,1,1,0.125,0.125,3,False
Personal | r22_c17 | Friday,Personal,r22_c17,Friday,r23_c16,1,1,1.0,1.0,1,True
Personal | r22_c17 | Thursday,Personal,r22_c17,Thursday,r23_c16,2,1,0.6666666666666666,0.6666666666666666,1,True
Personal | r22_c17 | Thursday,Personal,r22_c17,Thursday,r21_c17,1,1,0.3333333333333333,0.3333333333333333,2,False
Personal | r22_c17 | Tuesday,Personal,r22_c17,Tuesday,r23_c16,3,2,0.75,0.75,1,True
Personal | r22_c17 | Tuesday,Personal,r22_c17,Tuesday,r29_c16,1,1,0.25,0.25,2,False
Personal | r22_c19 | Monday,Personal,r22_c19,Monday,r20_c16,2,1,1.0,1.0,1,True
Personal | r22_c24 | Monday,Personal,r22_c24,Monday,r10_c15,1,1,1.0,1.0,1,True
Personal | r22_c24 | Thursday,Personal,r22_c24,Thursday,r21_c31,1,1,1.0,1.0,1,True
Personal | r22_c9 | Thursday,Personal,r22_c9,Thursday,r23_c16,1,1,1.0,1.0,1,True
Personal | r22_c9 | Tuesday,Personal,r22_c9,Tuesday,r25_c9,2,1,0.6666666666666666,0.6666666666666666,1,True
Personal | r22_c9 | Tuesday,Personal,r22_c9,Tuesday,r21_c12,1,1,0.3333333333333333,0.3333333333333333,2,False
Personal | r22_c9 | Wednesday,Personal,r22_c9,Wednesday,r24_c7,1,1,1.0,1.0,1,True
Personal | r23_c10 | Tuesday,Personal,r23_c10,Tuesday,r33_c12,5,2,1.0,1.0,1,True
Personal | r23_c15 | Monday,Personal,r23_c15,Monday,r29_c13,1,1,1.0,1.0,1,True
Personal | r23_c16 | Friday,Personal,r23_c16,Friday,r14_c24,4,1,0.4444444444444444,0.4444444444444444,1,True
Personal | r23_c16 | Friday,Personal,r23_c16,Friday,r31_c13,3,2,0.3333333333333333,0.3333333333333333,2,False
Personal | r23_c16 | Friday,Personal,r23_c16,Friday,r19_c14,1,1,0.1111111111111111,0.1111111111111111,3,False
Personal | r23_c16 | Friday,Personal,r23_c16,Friday,r22_c17,1,1,0.1111111111111111,0.1111111111111111,4,False
Personal | r23_c16 | Monday,Personal,r23_c16,Monday,r11_c18,1,1,1.0,1.0,1,True
Personal | r23_c16 | Thursday,Personal,r23_c16,Thursday,r22_c17,1,1,0.5,0.5,1,True
Personal | r23_c16 | Thursday,Personal,r23_c16,Thursday,r22_c9,1,1,0.5,0.5,2,False
Personal | r23_c16 | Tuesday,Personal,r23_c16,Tuesday,r19_c14,4,1,0.4,0.4,1,True
Personal | r23_c16 | Tuesday,Personal,r23_c16,Tuesday,r22_c17,3,2,0.3,0.3,2,False
Personal | r23_c16 | Tuesday,Personal,r23_c16,Tuesday,r27_c17,3,1,0.3,0.3,3,False
Personal | r23_c16 | Wednesday,Personal,r23_c16,Wednesday,r19_c14,2,1,1.0,1.0,1,True
Personal | r23_c17 | Friday,Personal,r23_c17,Friday,r21_c17,7,5,0.875,0.875,1,True
Personal | r23_c17 | Friday,Personal,r23_c17,Friday,r14_c24,1,1,0.125,0.125,2,False
Personal | r23_c17 | Thursday,Personal,r23_c17,Thursday,r14_c24,7,2,1.0,1.0,1,True
Personal | r23_c17 | Wednesday,Personal,r23_c17,Wednesday,r21_c17,4,2,1.0,1.0,1,True
Personal | r23_c22 | Thursday,Personal,r23_c22,Thursday,r33_c10,1,1,1.0,1.0,1,True
Personal | r24_c10 | Friday,Personal,r24_c10,Friday,r24_c7,1,1,1.0,1.0,1,True
Personal | r24_c10 | Thursday,Personal,r24_c10,Thursday,r24_c7,7,1,1.0,1.0,1,True
Personal | r24_c11 | Friday,Personal,r24_c11,Friday,r31_c5,6,1,0.6,0.6,1,True
Personal | r24_c11 | Friday,Personal,r24_c11,Friday,r27_c10,2,1,0.2,0.2,2,False
Personal | r24_c11 | Friday,Personal,r24_c11,Friday,r33_c9,2,2,0.2,0.2,3,False
Personal | r24_c11 | Thursday,Personal,r24_c11,Thursday,r33_c9,30,6,0.8108108108108109,0.8108108108108109,1,True
Personal | r24_c11 | Thursday,Personal,r24_c11,Thursday,r31_c5,4,1,0.10810810810810811,0.10810810810810811,2,False
Personal | r24_c11 | Thursday,Personal,r24_c11,Thursday,r24_c7,1,1,0.02702702702702703,0.02702702702702703,3,False
Personal | r24_c11 | Thursday,Personal,r24_c11,Thursday,r27_c10,1,1,0.02702702702702703,0.02702702702702703,4,False
Personal | r24_c11 | Thursday,Personal,r24_c11,Thursday,r28_c15,1,1,0.02702702702702703,0.02702702702702703,5,False
Personal | r24_c11 | Tuesday,Personal,r24_c11,Tuesday,r31_c5,5,1,0.625,0.625,1,True
Personal | r24_c11 | Tuesday,Personal,r24_c11,Tuesday,r27_c10,2,2,0.25,0.25,2,False
Personal | r24_c11 | Tuesday,Personal,r24_c11,Tuesday,r26_c10,1,1,0.125,0.125,3,False
Personal | r24_c11 | Wednesday,Personal,r24_c11,Wednesday,r31_c5,2,1,1.0,1.0,1,True
Personal | r24_c13 | Tuesday,Personal,r24_c13,Tuesday,r17_c12,1,1,1.0,1.0,1,True
Personal | r24_c16 | Friday,Personal,r24_c16,Friday,r10_c14,3,1,1.0,1.0,1,True
Personal | r24_c16 | Monday,Personal,r24_c16,Monday,r23_c16,1,1,1.0,1.0,1,True
Personal | r24_c17 | Tuesday,Personal,r24_c17,Tuesday,r24_c16,1,1,0.5,0.5,1,True
Personal | r24_c17 | Tuesday,Personal,r24_c17,Tuesday,r25_c18,1,1,0.5,0.5,2,False
Personal | r24_c20 | Monday,Personal,r24_c20,Monday,r19_c14,3,1,1.0,1.0,1,True
Personal | r24_c22 | Thursday,Personal,r24_c22,Thursday,r25_c23,1,1,1.0,1.0,1,True
Personal | r24_c22 | Wednesday,Personal,r24_c22,Wednesday,r25_c23,9,2,0.6923076923076923,0.6923076923076923,1,True
Personal | r24_c22 | Wednesday,Personal,r24_c22,Wednesday,r24_c23,4,1,0.3076923076923077,0.3076923076923077,2,False
Personal | r24_c23 | Friday,Personal,r24_c23,Friday,r21_c16,1,1,1.0,1.0,1,True
Personal | r24_c23 | Thursday,Personal,r24_c23,Thursday,r21_c16,7,1,1.0,1.0,1,True
Personal | r24_c23 | Wednesday,Personal,r24_c23,Wednesday,r24_c22,2,1,1.0,1.0,1,True
Personal | r24_c7 | Friday,Personal,r24_c7,Friday,r24_c10,1,1,1.0,1.0,1,True
Personal | r24_c7 | Thursday,Personal,r24_c7,Thursday,r24_c11,3,1,0.42857142857142855,0.42857142857142855,1,True
Personal | r24_c7 | Thursday,Personal,r24_c7,Thursday,r24_c10,2,1,0.2857142857142857,0.2857142857142857,2,False
Personal | r24_c7 | Thursday,Personal,r24_c7,Thursday,r30_c18,2,1,0.2857142857142857,0.2857142857142857,3,False
Personal | r24_c7 | Tuesday,Personal,r24_c7,Tuesday,r24_c10,2,1,0.6666666666666666,0.6666666666666666,1,True
Personal | r24_c7 | Tuesday,Personal,r24_c7,Tuesday,r30_c18,1,1,0.3333333333333333,0.3333333333333333,2,False
Personal | r24_c7 | Wednesday,Personal,r24_c7,Wednesday,r22_c9,1,1,1.0,1.0,1,True
Personal | r25_c11 | Thursday,Personal,r25_c11,Thursday,r34_c18,5,1,1.0,1.0,1,True
Personal | r25_c12 | Tuesday,Personal,r25_c12,Tuesday,r33_c9,2,1,1.0,1.0,1,True
Personal | r25_c16 | Tuesday,Personal,r25_c16,Tuesday,r35_c15,1,1,1.0,1.0,1,True
Personal | r25_c16 | Wednesday,Personal,r25_c16,Wednesday,r35_c15,1,1,1.0,1.0,1,True
Personal | r25_c18 | Tuesday,Personal,r25_c18,Tuesday,r24_c17,3,1,1.0,1.0,1,True
Personal | r25_c21 | Friday,Personal,r25_c21,Friday,r20_c21,2,2,1.0,1.0,1,True
Personal | r25_c21 | Thursday,Personal,r25_c21,Thursday,r20_c21,6,3,1.0,1.0,1,True
Personal | r25_c21 | Wednesday,Personal,r25_c21,Wednesday,r20_c21,6,5,1.0,1.0,1,True
Personal | r25_c23 | Thursday,Personal,r25_c23,Thursday,r25_c23,8,2,0.8,0.8,1,True
Personal | r25_c23 | Thursday,Personal,r25_c23,Thursday,r24_c22,2,1,0.2,0.2,2,False
Personal | r25_c23 | Tuesday,Personal,r25_c23,Tuesday,r29_c16,1,1,1.0,1.0,1,True
Personal | r25_c23 | Wednesday,Personal,r25_c23,Wednesday,r24_c22,8,2,0.5714285714285714,0.5714285714285714,1,True
Personal | r25_c23 | Wednesday,Personal,r25_c23,Wednesday,r25_c23,6,1,0.42857142857142855,0.42857142857142855,2,False
Personal | r25_c9 | Friday,Personal,r25_c9,Friday,r31_c19,1,1,1.0,1.0,1,True
Personal | r26_c10 | Friday,Personal,r26_c10,Friday,r28_c12,55,35,0.9322033898305084,0.9322033898305084,1,True
Personal | r26_c10 | Friday,Personal,r26_c10,Friday,r27_c10,3,2,0.05084745762711865,0.05084745762711865,2,False
Personal | r26_c10 | Friday,Personal,r26_c10,Friday,r22_c13,1,1,0.01694915254237288,0.01694915254237288,3,False
Personal | r26_c10 | Monday,Personal,r26_c10,Monday,r20_c7,3,1,1.0,1.0,1,True
Personal | r26_c10 | Saturday,Personal,r26_c10,Saturday,r28_c10,5,1,1.0,1.0,1,True
Personal | r26_c10 | Thursday,Personal,r26_c10,Thursday,r28_c10,33,28,0.8461538461538461,0.8461538461538461,1,True
Personal | r26_c10 | Thursday,Personal,r26_c10,Thursday,r27_c10,3,2,0.07692307692307693,0.07692307692307693,2,False
Personal | r26_c10 | Thursday,Personal,r26_c10,Thursday,r28_c11,2,1,0.05128205128205128,0.05128205128205128,3,False
Personal | r26_c10 | Thursday,Personal,r26_c10,Thursday,r22_c13,1,1,0.02564102564102564,0.02564102564102564,4,False
Personal | r26_c10 | Tuesday,Personal,r26_c10,Tuesday,r21_c9,1,1,0.25,0.25,1,True
Personal | r26_c10 | Tuesday,Personal,r26_c10,Tuesday,r22_c10,1,1,0.25,0.25,2,False
Personal | r26_c10 | Tuesday,Personal,r26_c10,Tuesday,r24_c11,1,1,0.25,0.25,3,False
Personal | r26_c10 | Tuesday,Personal,r26_c10,Tuesday,r27_c10,1,1,0.25,0.25,4,False
Personal | r26_c10 | Wednesday,Personal,r26_c10,Wednesday,r20_c7,5,1,0.7142857142857143,0.7142857142857143,1,True
Personal | r26_c10 | Wednesday,Personal,r26_c10,Wednesday,r21_c9,1,1,0.14285714285714285,0.14285714285714285,2,False
Personal | r26_c10 | Wednesday,Personal,r26_c10,Wednesday,r27_c12,1,1,0.14285714285714285,0.14285714285714285,3,False
Personal | r26_c12 | Wednesday,Personal,r26_c12,Wednesday,r27_c10,1,1,1.0,1.0,1,True
Personal | r26_c13 | Friday,Personal,r26_c13,Friday,r29_c10,3,2,1.0,1.0,1,True
Personal | r26_c13 | Monday,Personal,r26_c13,Monday,r28_c10,3,1,1.0,1.0,1,True
Personal | r26_c13 | Thursday,Personal,r26_c13,Thursday,r29_c10,6,2,0.8571428571428571,0.8571428571428571,1,True
Personal | r26_c13 | Thursday,Personal,r26_c13,Thursday,r33_c22,1,1,0.14285714285714285,0.14285714285714285,2,False
Personal | r26_c13 | Tuesday,Personal,r26_c13,Tuesday,r28_c10,1,1,1.0,1.0,1,True
Personal | r26_c13 | Wednesday,Personal,r26_c13,Wednesday,r28_c10,1,1,1.0,1.0,1,True
Personal | r26_c14 | Monday,Personal,r26_c14,Monday,r21_c13,1,1,1.0,1.0,1,True
Personal | r26_c14 | Thursday,Personal,r26_c14,Thursday,r23_c16,1,1,1.0,1.0,1,True
Personal | r26_c15 | Friday,Personal,r26_c15,Friday,r26_c15,1,1,1.0,1.0,1,True
Personal | r26_c15 | Monday,Personal,r26_c15,Monday,r33_c23,1,1,1.0,1.0,1,True
Personal | r26_c15 | Thursday,Personal,r26_c15,Thursday,r33_c23,1,1,1.0,1.0,1,True
Personal | r26_c15 | Tuesday,Personal,r26_c15,Tuesday,r33_c23,3,2,1.0,1.0,1,True
Personal | r26_c15 | Wednesday,Personal,r26_c15,Wednesday,r33_c23,5,3,1.0,1.0,1,True
Personal | r26_c16 | Monday,Personal,r26_c16,Monday,r35_c14,1,1,1.0,1.0,1,True
Personal | r26_c17 | Friday,Personal,r26_c17,Friday,r27_c17,1,1,1.0,1.0,1,True
Personal | r26_c17 | Thursday,Personal,r26_c17,Thursday,r27_c17,3,1,1.0,1.0,1,True
Personal | r26_c17 | Tuesday,Personal,r26_c17,Tuesday,r27_c17,3,2,1.0,1.0,1,True
Personal | r26_c19 | Friday,Personal,r26_c19,Friday,r27_c17,3,3,1.0,1.0,1,True
Personal | r26_c19 | Monday,Personal,r26_c19,Monday,r27_c17,2,2,1.0,1.0,1,True
Personal | r26_c19 | Thursday,Personal,r26_c19,Thursday,r27_c17,3,2,1.0,1.0,1,True
Personal | r26_c19 | Tuesday,Personal,r26_c19,Tuesday,r27_c17,10,5,1.0,1.0,1,True
Personal | r26_c19 | Wednesday,Personal,r26_c19,Wednesday,r27_c17,1,1,1.0,1.0,1,True
Personal | r26_c23 | Wednesday,Personal,r26_c23,Wednesday,r21_c23,1,1,1.0,1.0,1,True
Personal | r27_c10 | Friday,Personal,r27_c10,Friday,r27_c10,4,1,0.36363636363636365,0.36363636363636365,1,True
Personal | r27_c10 | Friday,Personal,r27_c10,Friday,r27_c12,3,3,0.2727272727272727,0.2727272727272727,2,False
Personal | r27_c10 | Friday,Personal,r27_c10,Friday,r26_c10,2,2,0.18181818181818182,0.18181818181818182,3,False
Personal | r27_c10 | Friday,Personal,r27_c10,Friday,r24_c11,1,1,0.09090909090909091,0.09090909090909091,4,False
Personal | r27_c10 | Friday,Personal,r27_c10,Friday,r31_c5,1,1,0.09090909090909091,0.09090909090909091,5,False
Personal | r27_c10 | Monday,Personal,r27_c10,Monday,r27_c12,1,1,1.0,1.0,1,True
Personal | r27_c10 | Thursday,Personal,r27_c10,Thursday,r27_c12,6,5,0.6,0.6,1,True
Personal | r27_c10 | Thursday,Personal,r27_c10,Thursday,r26_c10,3,2,0.3,0.3,2,False
Personal | r27_c10 | Thursday,Personal,r27_c10,Thursday,r24_c11,1,1,0.1,0.1,3,False
Personal | r27_c10 | Tuesday,Personal,r27_c10,Tuesday,r27_c12,7,5,0.3888888888888889,0.3888888888888889,1,True
Personal | r27_c10 | Tuesday,Personal,r27_c10,Tuesday,r22_c16,4,1,0.2222222222222222,0.2222222222222222,2,False
Personal | r27_c10 | Tuesday,Personal,r27_c10,Tuesday,r22_c13,2,1,0.1111111111111111,0.1111111111111111,3,False
Personal | r27_c10 | Tuesday,Personal,r27_c10,Tuesday,r31_c5,2,1,0.1111111111111111,0.1111111111111111,4,False
Personal | r27_c10 | Tuesday,Personal,r27_c10,Tuesday,r24_c11,1,1,0.05555555555555555,0.05555555555555555,5,False
Personal | r27_c10 | Tuesday,Personal,r27_c10,Tuesday,r26_c10,1,1,0.05555555555555555,0.05555555555555555,6,False
Personal | r27_c10 | Tuesday,Personal,r27_c10,Tuesday,r30_c20,1,1,0.05555555555555555,0.05555555555555555,7,False
Personal | r27_c10 | Wednesday,Personal,r27_c10,Wednesday,r26_c12,1,1,1.0,1.0,1,True
Personal | r27_c12 | Friday,Personal,r27_c12,Friday,r27_c10,2,2,1.0,1.0,1,True
Personal | r27_c12 | Monday,Personal,r27_c12,Monday,r34_c20,5,1,0.8333333333333334,0.8333333333333334,1,True
Personal | r27_c12 | Monday,Personal,r27_c12,Monday,r26_c17,1,1,0.16666666666666666,0.16666666666666666,2,False
Personal | r27_c12 | Thursday,Personal,r27_c12,Thursday,r27_c10,8,5,1.0,1.0,1,True
Personal | r27_c12 | Tuesday,Personal,r27_c12,Tuesday,r27_c10,16,5,1.0,1.0,1,True
Personal | r27_c12 | Wednesday,Personal,r27_c12,Wednesday,r24_c11,1,1,0.5,0.5,1,True
Personal | r27_c12 | Wednesday,Personal,r27_c12,Wednesday,r28_c11,1,1,0.5,0.5,2,False
Personal | r27_c13 | Monday,Personal,r27_c13,Monday,r33_c16,3,1,1.0,1.0,1,True
Personal | r27_c13 | Thursday,Personal,r27_c13,Thursday,r33_c16,1,1,1.0,1.0,1,True
Personal | r27_c14 | Tuesday,Personal,r27_c14,Tuesday,r27_c12,1,1,1.0,1.0,1,True
Personal | r27_c15 | Thursday,Personal,r27_c15,Thursday,r35_c17,3,2,1.0,1.0,1,True
Personal | r27_c16 | Thursday,Personal,r27_c16,Thursday,r34_c20,5,2,0.7142857142857143,0.7142857142857143,1,True
Personal | r27_c16 | Thursday,Personal,r27_c16,Thursday,r28_c17,1,1,0.14285714285714285,0.14285714285714285,2,False
Personal | r27_c16 | Thursday,Personal,r27_c16,Thursday,r33_c22,1,1,0.14285714285714285,0.14285714285714285,3,False
Personal | r27_c16 | Wednesday,Personal,r27_c16,Wednesday,r33_c22,2,1,0.6666666666666666,0.6666666666666666,1,True
Personal | r27_c16 | Wednesday,Personal,r27_c16,Wednesday,r28_c17,1,1,0.3333333333333333,0.3333333333333333,2,False
Personal | r27_c17 | Friday,Personal,r27_c17,Friday,r26_c19,5,3,0.625,0.625,1,True
Personal | r27_c17 | Friday,Personal,r27_c17,Friday,r26_c17,1,1,0.125,0.125,2,False
Personal | r27_c17 | Friday,Personal,r27_c17,Friday,r29_c17,1,1,0.125,0.125,3,False
Personal | r27_c17 | Friday,Personal,r27_c17,Friday,r31_c14,1,1,0.125,0.125,4,False
Personal | r27_c17 | Monday,Personal,r27_c17,Monday,r26_c19,2,2,1.0,1.0,1,True
Personal | r27_c17 | Thursday,Personal,r27_c17,Thursday,r26_c19,7,2,0.875,0.875,1,True
Personal | r27_c17 | Thursday,Personal,r27_c17,Thursday,r26_c17,1,1,0.125,0.125,2,False
Personal | r27_c17 | Tuesday,Personal,r27_c17,Tuesday,r26_c19,10,5,0.5882352941176471,0.5882352941176471,1,True
Personal | r27_c17 | Tuesday,Personal,r27_c17,Tuesday,r26_c17,6,2,0.35294117647058826,0.35294117647058826,2,False
Personal | r27_c17 | Tuesday,Personal,r27_c17,Tuesday,r23_c16,1,1,0.058823529411764705,0.058823529411764705,3,False
Personal | r27_c17 | Wednesday,Personal,r27_c17,Wednesday,r26_c19,1,1,0.5,0.5,1,True
Personal | r27_c17 | Wednesday,Personal,r27_c17,Wednesday,r27_c18,1,1,0.5,0.5,2,False
Personal | r27_c18 | Wednesday,Personal,r27_c18,Wednesday,r27_c17,1,1,1.0,1.0,1,True
Personal | r27_c20 | Monday,Personal,r27_c20,Monday,r9_c19,2,1,1.0,1.0,1,True
Personal | r28_c10 | Thursday,Personal,r28_c10,Thursday,r26_c10,15,14,0.6,0.6,1,True
Personal | r28_c10 | Thursday,Personal,r28_c10,Thursday,r27_c10,8,6,0.32,0.32,2,False
Personal | r28_c10 | Thursday,Personal,r28_c10,Thursday,r24_c11,1,1,0.04,0.04,3,False
Personal | r28_c10 | Thursday,Personal,r28_c10,Thursday,r29_c10,1,1,0.04,0.04,4,False
Personal | r28_c10 | Tuesday,Personal,r28_c10,Tuesday,r26_c13,6,1,1.0,1.0,1,True
Personal | r28_c10 | Wednesday,Personal,r28_c10,Wednesday,r26_c13,1,1,1.0,1.0,1,True
Personal | r28_c11 | Thursday,Personal,r28_c11,Thursday,r29_c16,2,1,0.6666666666666666,0.6666666666666666,1,True
Personal | r28_c11 | Thursday,Personal,r28_c11,Thursday,r26_c10,1,1,0.3333333333333333,0.3333333333333333,2,False
Personal | r28_c11 | Wednesday,Personal,r28_c11,Wednesday,r26_c10,1,1,1.0,1.0,1,True
Personal | r28_c12 | Friday,Personal,r28_c12,Friday,r26_c10,46,36,1.0,1.0,1,True
Personal | r28_c12 | Monday,Personal,r28_c12,Monday,r35_c16,4,1,1.0,1.0,1,True
Personal | r28_c12 | Tuesday,Personal,r28_c12,Tuesday,r35_c16,2,2,1.0,1.0,1,True
Personal | r28_c13 | Friday,Personal,r28_c13,Friday,r30_c16,1,1,1.0,1.0,1,True
Personal | r28_c13 | Thursday,Personal,r28_c13,Thursday,r33_c24,2,1,0.6666666666666666,0.6666666666666666,1,True
Personal | r28_c13 | Thursday,Personal,r28_c13,Thursday,r36_c24,1,1,0.3333333333333333,0.3333333333333333,2,False
Personal | r28_c13 | Tuesday,Personal,r28_c13,Tuesday,r33_c24,1,1,1.0,1.0,1,True
Personal | r28_c13 | Wednesday,Personal,r28_c13,Wednesday,r23_c16,1,1,0.5,0.5,1,True
Personal | r28_c13 | Wednesday,Personal,r28_c13,Wednesday,r24_c16,1,1,0.5,0.5,2,False
Personal | r28_c14 | Thursday,Personal,r28_c14,Thursday,r35_c16,1,1,1.0,1.0,1,True
Personal | r28_c15 | Tuesday,Personal,r28_c15,Tuesday,r35_c23,2,1,0.6666666666666666,0.6666666666666666,1,True
Personal | r28_c15 | Tuesday,Personal,r28_c15,Tuesday,r30_c25,1,1,0.3333333333333333,0.3333333333333333,2,False
Personal | r28_c16 | Monday,Personal,r28_c16,Monday,r33_c24,2,1,1.0,1.0,1,True
Personal | r28_c16 | Tuesday,Personal,r28_c16,Tuesday,r21_c17,1,1,0.5,0.5,1,True
Personal | r28_c16 | Tuesday,Personal,r28_c16,Tuesday,r25_c21,1,1,0.5,0.5,2,False
Personal | r28_c17 | Friday,Personal,r28_c17,Friday,r27_c16,2,1,0.6666666666666666,0.6666666666666666,1,True
Personal | r28_c17 | Friday,Personal,r28_c17,Friday,r21_c16,1,1,0.3333333333333333,0.3333333333333333,2,False
Personal | r28_c17 | Thursday,Personal,r28_c17,Thursday,r27_c16,1,1,1.0,1.0,1,True
Personal | r28_c17 | Tuesday,Personal,r28_c17,Tuesday,r27_c16,1,1,1.0,1.0,1,True
Personal | r28_c17 | Wednesday,Personal,r28_c17,Wednesday,r27_c16,2,2,1.0,1.0,1,True
Personal | r29_c10 | Friday,Personal,r29_c10,Friday,r26_c13,1,1,1.0,1.0,1,True
Personal | r29_c10 | Thursday,Personal,r29_c10,Thursday,r26_c13,2,2,0.6666666666666666,0.6666666666666666,1,True
Personal | r29_c10 | Thursday,Personal,r29_c10,Thursday,r28_c10,1,1,0.3333333333333333,0.3333333333333333,2,False
Personal | r29_c13 | Friday,Personal,r29_c13,Friday,r32_c21,1,1,1.0,1.0,1,True
Personal | r29_c13 | Monday,Personal,r29_c13,Monday,r23_c15,1,1,1.0,1.0,1,True
Personal | r29_c15 | Friday,Personal,r29_c15,Friday,r30_c21,4,1,0.8,0.8,1,True
Personal | r29_c15 | Friday,Personal,r29_c15,Friday,r34_c20,1,1,0.2,0.2,2,False
Personal | r29_c15 | Thursday,Personal,r29_c15,Thursday,r30_c21,1,1,1.0,1.0,1,True
Personal | r29_c15 | Wednesday,Personal,r29_c15,Wednesday,r30_c21,1,1,1.0,1.0,1,True
Personal | r29_c16 | Friday,Personal,r29_c16,Friday,r32_c21,15,4,0.5357142857142857,0.5357142857142857,1,True
Personal | r29_c16 | Friday,Personal,r29_c16,Friday,r11_c18,6,3,0.21428571428571427,0.21428571428571427,2,False
Personal | r29_c16 | Friday,Personal,r29_c16,Friday,r30_c14,3,1,0.10714285714285714,0.10714285714285714,3,False
Personal | r29_c16 | Friday,Personal,r29_c16,Friday,r36_c23,3,1,0.10714285714285714,0.10714285714285714,4,False
Personal | r29_c16 | Friday,Personal,r29_c16,Friday,r43_c19,1,1,0.03571428571428571,0.03571428571428571,5,False
Personal | r29_c16 | Monday,Personal,r29_c16,Monday,r11_c18,5,2,0.7142857142857143,0.7142857142857143,1,True
Personal | r29_c16 | Monday,Personal,r29_c16,Monday,r31_c5,2,1,0.2857142857142857,0.2857142857142857,2,False
Personal | r29_c16 | Thursday,Personal,r29_c16,Thursday,r32_c21,5,2,0.4166666666666667,0.4166666666666667,1,True
Personal | r29_c16 | Thursday,Personal,r29_c16,Thursday,r28_c11,2,1,0.16666666666666666,0.16666666666666666,2,False
Personal | r29_c16 | Thursday,Personal,r29_c16,Thursday,r34_c18,2,1,0.16666666666666666,0.16666666666666666,3,False
Personal | r29_c16 | Thursday,Personal,r29_c16,Thursday,r11_c18,1,1,0.08333333333333333,0.08333333333333333,4,False
Personal | r29_c16 | Thursday,Personal,r29_c16,Thursday,r36_c23,1,1,0.08333333333333333,0.08333333333333333,5,False
Personal | r29_c16 | Thursday,Personal,r29_c16,Thursday,r43_c19,1,1,0.08333333333333333,0.08333333333333333,6,False
Personal | r29_c16 | Tuesday,Personal,r29_c16,Tuesday,r11_c18,8,3,0.5333333333333333,0.5333333333333333,1,True
Personal | r29_c16 | Tuesday,Personal,r29_c16,Tuesday,r31_c13,2,1,0.13333333333333333,0.13333333333333333,2,False
Personal | r29_c16 | Tuesday,Personal,r29_c16,Tuesday,r36_c8,2,1,0.13333333333333333,0.13333333333333333,3,False
Personal | r29_c16 | Tuesday,Personal,r29_c16,Tuesday,r22_c17,1,1,0.06666666666666667,0.06666666666666667,4,False
Personal | r29_c16 | Tuesday,Personal,r29_c16,Tuesday,r31_c26,1,1,0.06666666666666667,0.06666666666666667,5,False
Personal | r29_c16 | Tuesday,Personal,r29_c16,Tuesday,r36_c23,1,1,0.06666666666666667,0.06666666666666667,6,False
Personal | r29_c16 | Wednesday,Personal,r29_c16,Wednesday,r33_c22,25,16,0.7575757575757576,0.7575757575757576,1,True
Personal | r29_c16 | Wednesday,Personal,r29_c16,Wednesday,r11_c18,6,2,0.18181818181818182,0.18181818181818182,2,False
Personal | r29_c16 | Wednesday,Personal,r29_c16,Wednesday,r36_c23,2,1,0.06060606060606061,0.06060606060606061,3,False
Personal | r29_c17 | Friday,Personal,r29_c17,Friday,r17_c17,18,5,0.72,0.72,1,True
Personal | r29_c17 | Friday,Personal,r29_c17,Friday,r27_c17,5,1,0.2,0.2,2,False
Personal | r29_c17 | Friday,Personal,r29_c17,Friday,r31_c14,1,1,0.04,0.04,3,False
Personal | r29_c17 | Friday,Personal,r29_c17,Friday,r35_c15,1,1,0.04,0.04,4,False
Personal | r29_c17 | Monday,Personal,r29_c17,Monday,r22_c16,1,1,0.3333333333333333,0.3333333333333333,1,True
Personal | r29_c17 | Monday,Personal,r29_c17,Monday,r30_c21,1,1,0.3333333333333333,0.3333333333333333,2,False
Personal | r29_c17 | Monday,Personal,r29_c17,Monday,r43_c19,1,1,0.3333333333333333,0.3333333333333333,3,False
Personal | r29_c17 | Thursday,Personal,r29_c17,Thursday,r17_c17,8,2,0.42105263157894735,0.42105263157894735,1,True
Personal | r29_c17 | Thursday,Personal,r29_c17,Thursday,r35_c15,6,2,0.3157894736842105,0.3157894736842105,2,False
Personal | r29_c17 | Thursday,Personal,r29_c17,Thursday,r32_c21,3,1,0.15789473684210525,0.15789473684210525,3,False
Personal | r29_c17 | Thursday,Personal,r29_c17,Thursday,r31_c14,2,1,0.10526315789473684,0.10526315789473684,4,False
Personal | r29_c17 | Tuesday,Personal,r29_c17,Tuesday,r35_c15,5,4,0.625,0.625,1,True
Personal | r29_c17 | Tuesday,Personal,r29_c17,Tuesday,r17_c15,1,1,0.125,0.125,2,False
Personal | r29_c17 | Tuesday,Personal,r29_c17,Tuesday,r22_c16,1,1,0.125,0.125,3,False
Personal | r29_c17 | Tuesday,Personal,r29_c17,Tuesday,r31_c5,1,1,0.125,0.125,4,False
Personal | r29_c17 | Wednesday,Personal,r29_c17,Wednesday,r17_c17,2,2,0.3333333333333333,0.3333333333333333,1,True
Personal | r29_c17 | Wednesday,Personal,r29_c17,Wednesday,r35_c15,2,2,0.3333333333333333,0.3333333333333333,2,False
Personal | r29_c17 | Wednesday,Personal,r29_c17,Wednesday,r30_c21,1,1,0.16666666666666666,0.16666666666666666,3,False
Personal | r29_c17 | Wednesday,Personal,r29_c17,Wednesday,r31_c14,1,1,0.16666666666666666,0.16666666666666666,4,False
Personal | r29_c18 | Tuesday,Personal,r29_c18,Tuesday,r22_c13,3,1,1.0,1.0,1,True
Personal | r29_c19 | Monday,Personal,r29_c19,Monday,r30_c21,6,5,1.0,1.0,1,True
Personal | r29_c19 | Thursday,Personal,r29_c19,Thursday,r30_c21,2,1,1.0,1.0,1,True
Personal | r29_c19 | Wednesday,Personal,r29_c19,Wednesday,r30_c21,14,7,1.0,1.0,1,True
Personal | r29_c22 | Friday,Personal,r29_c22,Friday,r30_c15,2,1,1.0,1.0,1,True
Personal | r29_c22 | Tuesday,Personal,r29_c22,Tuesday,r30_c15,1,1,1.0,1.0,1,True
Personal | r29_c22 | Wednesday,Personal,r29_c22,Wednesday,r30_c15,1,1,1.0,1.0,1,True
Personal | r30_c14 | Friday,Personal,r30_c14,Friday,r29_c16,2,1,1.0,1.0,1,True
Personal | r30_c15 | Friday,Personal,r30_c15,Friday,r34_c23,2,1,0.6666666666666666,0.6666666666666666,1,True
Personal | r30_c15 | Friday,Personal,r30_c15,Friday,r29_c22,1,1,0.3333333333333333,0.3333333333333333,2,False
Personal | r30_c15 | Monday,Personal,r30_c15,Monday,r34_c23,1,1,1.0,1.0,1,True
Personal | r30_c15 | Thursday,Personal,r30_c15,Thursday,r34_c23,2,1,1.0,1.0,1,True
Personal | r30_c15 | Tuesday,Personal,r30_c15,Tuesday,r29_c22,2,1,0.5,0.5,1,True
Personal | r30_c15 | Tuesday,Personal,r30_c15,Tuesday,r34_c18,2,1,0.5,0.5,2,False
Personal | r30_c15 | Wednesday,Personal,r30_c15,Wednesday,r29_c22,2,1,0.6666666666666666,0.6666666666666666,1,True
Personal | r30_c15 | Wednesday,Personal,r30_c15,Wednesday,r29_c16,1,1,0.3333333333333333,0.3333333333333333,2,False
Personal | r30_c16 | Friday,Personal,r30_c16,Friday,r28_c13,1,1,0.5,0.5,1,True
Personal | r30_c16 | Friday,Personal,r30_c16,Friday,r32_c21,1,1,0.5,0.5,2,False
Personal | r30_c16 | Monday,Personal,r30_c16,Monday,r33_c24,1,1,1.0,1.0,1,True
Personal | r30_c16 | Thursday,Personal,r30_c16,Thursday,r31_c14,2,1,1.0,1.0,1,True
Personal | r30_c16 | Tuesday,Personal,r30_c16,Tuesday,r21_c17,4,1,0.5,0.5,1,True
Personal | r30_c16 | Tuesday,Personal,r30_c16,Tuesday,r33_c24,2,1,0.25,0.25,2,False
Personal | r30_c16 | Tuesday,Personal,r30_c16,Tuesday,r34_c18,2,2,0.25,0.25,3,False
Personal | r30_c16 | Wednesday,Personal,r30_c16,Wednesday,r33_c24,1,1,1.0,1.0,1,True
Personal | r30_c17 | Tuesday,Personal,r30_c17,Tuesday,r34_c18,3,1,1.0,1.0,1,True
Personal | r30_c18 | Thursday,Personal,r30_c18,Thursday,r24_c7,2,1,0.6666666666666666,0.6666666666666666,1,True
Personal | r30_c18 | Thursday,Personal,r30_c18,Thursday,r34_c23,1,1,0.3333333333333333,0.3333333333333333,2,False
Personal | r30_c18 | Tuesday,Personal,r30_c18,Tuesday,r35_c23,2,1,0.6666666666666666,0.6666666666666666,1,True
Personal | r30_c18 | Tuesday,Personal,r30_c18,Tuesday,r24_c7,1,1,0.3333333333333333,0.3333333333333333,2,False
Personal | r30_c19 | Monday,Personal,r30_c19,Monday,r35_c15,1,1,1.0,1.0,1,True
Personal | r30_c19 | Tuesday,Personal,r30_c19,Tuesday,r35_c15,1,1,1.0,1.0,1,True
Personal | r30_c19 | Wednesday,Personal,r30_c19,Wednesday,r35_c15,1,1,1.0,1.0,1,True
Personal | r30_c20 | Tuesday,Personal,r30_c20,Tuesday,r27_c10,2,1,0.6666666666666666,0.6666666666666666,1,True
Personal | r30_c20 | Tuesday,Personal,r30_c20,Tuesday,r35_c14,1,1,0.3333333333333333,0.3333333333333333,2,False
Personal | r30_c21 | Friday,Personal,r30_c21,Friday,r29_c15,2,1,0.5,0.5,1,True
Personal | r30_c21 | Friday,Personal,r30_c21,Friday,r31_c19,2,1,0.5,0.5,2,False
Personal | r30_c21 | Monday,Personal,r30_c21,Monday,r29_c19,4,3,0.8,0.8,1,True
Personal | r30_c21 | Monday,Personal,r30_c21,Monday,r29_c17,1,1,0.2,0.2,2,False
Personal | r30_c21 | Thursday,Personal,r30_c21,Thursday,r29_c15,2,1,0.3333333333333333,0.3333333333333333,1,True
Personal | r30_c21 | Thursday,Personal,r30_c21,Thursday,r28_c14,1,1,0.16666666666666666,0.16666666666666666,2,False
Personal | r30_c21 | Thursday,Personal,r30_c21,Thursday,r29_c16,1,1,0.16666666666666666,0.16666666666666666,3,False
Personal | r30_c21 | Thursday,Personal,r30_c21,Thursday,r29_c17,1,1,0.16666666666666666,0.16666666666666666,4,False
Personal | r30_c21 | Thursday,Personal,r30_c21,Thursday,r29_c19,1,1,0.16666666666666666,0.16666666666666666,5,False
Personal | r30_c21 | Tuesday,Personal,r30_c21,Tuesday,r31_c19,2,1,0.6666666666666666,0.6666666666666666,1,True
Personal | r30_c21 | Tuesday,Personal,r30_c21,Tuesday,r29_c15,1,1,0.3333333333333333,0.3333333333333333,2,False
Personal | r30_c21 | Wednesday,Personal,r30_c21,Wednesday,r29_c19,10,5,0.7692307692307693,0.7692307692307693,1,True
Personal | r30_c21 | Wednesday,Personal,r30_c21,Wednesday,r29_c15,1,1,0.07692307692307693,0.07692307692307693,2,False
Personal | r30_c21 | Wednesday,Personal,r30_c21,Wednesday,r29_c17,1,1,0.07692307692307693,0.07692307692307693,3,False
Personal | r30_c21 | Wednesday,Personal,r30_c21,Wednesday,r31_c16,1,1,0.07692307692307693,0.07692307692307693,4,False
Personal | r30_c23 | Friday,Personal,r30_c23,Friday,r25_c22,18,1,1.0,1.0,1,True
Personal | r30_c25 | Tuesday,Personal,r30_c25,Tuesday,r28_c15,2,1,1.0,1.0,1,True
Personal | r31_c13 | Friday,Personal,r31_c13,Friday,r23_c16,6,2,1.0,1.0,1,True
Personal | r31_c13 | Tuesday,Personal,r31_c13,Tuesday,r22_c11,7,1,0.5833333333333334,0.5833333333333334,1,True
Personal | r31_c13 | Tuesday,Personal,r31_c13,Tuesday,r29_c16,5,1,0.4166666666666667,0.4166666666666667,2,False
Personal | r31_c13 | Wednesday,Personal,r31_c13,Wednesday,r32_c12,3,1,1.0,1.0,1,True
Personal | r31_c14 | Friday,Personal,r31_c14,Friday,r29_c17,6,1,0.6666666666666666,0.6666666666666666,1,True
Personal | r31_c14 | Friday,Personal,r31_c14,Friday,r28_c17,3,1,0.3333333333333333,0.3333333333333333,2,False
Personal | r31_c14 | Thursday,Personal,r31_c14,Thursday,r29_c17,2,1,0.5,0.5,1,True
Personal | r31_c14 | Thursday,Personal,r31_c14,Thursday,r30_c16,2,1,0.5,0.5,2,False
Personal | r31_c14 | Wednesday,Personal,r31_c14,Wednesday,r29_c17,3,1,1.0,1.0,1,True
Personal | r31_c16 | Tuesday,Personal,r31_c16,Tuesday,r34_c20,1,1,1.0,1.0,1,True
Personal | r31_c16 | Wednesday,Personal,r31_c16,Wednesday,r30_c21,1,1,1.0,1.0,1,True
Personal | r31_c19 | Friday,Personal,r31_c19,Friday,r10_c14,16,1,0.8421052631578947,0.8421052631578947,1,True
Personal | r31_c19 | Friday,Personal,r31_c19,Friday,r30_c21,2,1,0.10526315789473684,0.10526315789473684,2,False
Personal | r31_c19 | Friday,Personal,r31_c19,Friday,r25_c9,1,1,0.05263157894736842,0.05263157894736842,3,False
Personal | r31_c19 | Tuesday,Personal,r31_c19,Tuesday,r13_c19,12,1,0.9230769230769231,0.9230769230769231,1,True
Personal | r31_c19 | Tuesday,Personal,r31_c19,Tuesday,r30_c21,1,1,0.07692307692307693,0.07692307692307693,2,False
Personal | r31_c20 | Thursday,Personal,r31_c20,Thursday,r21_c9,8,3,0.8,0.8,1,True
Personal | r31_c20 | Thursday,Personal,r31_c20,Thursday,r22_c9,1,1,0.1,0.1,2,False
Personal | r31_c20 | Thursday,Personal,r31_c20,Thursday,r34_c18,1,1,0.1,0.1,3,False
Personal | r31_c20 | Wednesday,Personal,r31_c20,Wednesday,r21_c9,2,1,1.0,1.0,1,True
Personal | r31_c26 | Tuesday,Personal,r31_c26,Tuesday,r29_c16,1,1,1.0,1.0,1,True
Personal | r31_c5 | Friday,Personal,r31_c5,Friday,r29_c16,8,2,1.0,1.0,1,True
Personal | r31_c5 | Monday,Personal,r31_c5,Monday,r29_c16,1,1,1.0,1.0,1,True
Personal | r31_c5 | Thursday,Personal,r31_c5,Thursday,r29_c16,1,1,1.0,1.0,1,True
Personal | r31_c5 | Tuesday,Personal,r31_c5,Tuesday,r29_c16,2,2,0.6666666666666666,0.6666666666666666,1,True
Personal | r31_c5 | Tuesday,Personal,r31_c5,Tuesday,r29_c17,1,1,0.3333333333333333,0.3333333333333333,2,False
Personal | r31_c5 | Wednesday,Personal,r31_c5,Wednesday,r24_c11,3,1,1.0,1.0,1,True
Personal | r32_c12 | Thursday,Personal,r32_c12,Thursday,r28_c17,3,1,1.0,1.0,1,True
Personal | r32_c12 | Wednesday,Personal,r32_c12,Wednesday,r31_c13,2,1,1.0,1.0,1,True
Personal | r32_c18 | Friday,Personal,r32_c18,Friday,r34_c18,1,1,1.0,1.0,1,True
Personal | r32_c20 | Friday,Personal,r32_c20,Friday,r34_c18,2,2,1.0,1.0,1,True
Personal | r32_c20 | Thursday,Personal,r32_c20,Thursday,r34_c18,3,2,0.6,0.6,1,True
Personal | r32_c20 | Thursday,Personal,r32_c20,Thursday,r32_c20,1,1,0.2,0.2,2,False
Personal | r32_c20 | Thursday,Personal,r32_c20,Thursday,r34_c22,1,1,0.2,0.2,3,False
Personal | r32_c20 | Tuesday,Personal,r32_c20,Tuesday,r34_c18,5,1,1.0,1.0,1,True
Personal | r32_c20 | Wednesday,Personal,r32_c20,Wednesday,r34_c18,1,1,1.0,1.0,1,True
Personal | r32_c21 | Friday,Personal,r32_c21,Friday,r29_c16,11,4,0.6875,0.6875,1,True
Personal | r32_c21 | Friday,Personal,r32_c21,Friday,r30_c16,3,1,0.1875,0.1875,2,False
Personal | r32_c21 | Friday,Personal,r32_c21,Friday,r29_c13,1,1,0.0625,0.0625,3,False
Personal | r32_c21 | Friday,Personal,r32_c21,Friday,r29_c17,1,1,0.0625,0.0625,4,False
Personal | r32_c21 | Thursday,Personal,r32_c21,Thursday,r29_c17,8,2,0.6153846153846154,0.6153846153846154,1,True
Personal | r32_c21 | Thursday,Personal,r32_c21,Thursday,r29_c16,3,2,0.23076923076923078,0.23076923076923078,2,False
Personal | r32_c21 | Thursday,Personal,r32_c21,Thursday,r24_c13,2,1,0.15384615384615385,0.15384615384615385,3,False
Personal | r32_c21 | Wednesday,Personal,r32_c21,Wednesday,r29_c17,2,1,0.6666666666666666,0.6666666666666666,1,True
Personal | r32_c21 | Wednesday,Personal,r32_c21,Wednesday,r33_c21,1,1,0.3333333333333333,0.3333333333333333,2,False
Personal | r32_c22 | Friday,Personal,r32_c22,Friday,r33_c21,3,1,1.0,1.0,1,True
Personal | r32_c22 | Thursday,Personal,r32_c22,Thursday,r33_c21,1,1,1.0,1.0,1,True
Personal | r32_c22 | Tuesday,Personal,r32_c22,Tuesday,r37_c17,1,1,1.0,1.0,1,True
Personal | r32_c9 | Friday,Personal,r32_c9,Friday,r29_c17,1,1,1.0,1.0,1,True
Personal | r33_c10 | Thursday,Personal,r33_c10,Thursday,r35_c16,1,1,1.0,1.0,1,True
Personal | r33_c11 | Wednesday,Personal,r33_c11,Wednesday,r35_c14,2,1,1.0,1.0,1,True
Personal | r33_c12 | Monday,Personal,r33_c12,Monday,r36_c16,2,1,1.0,1.0,1,True
Personal | r33_c12 | Thursday,Personal,r33_c12,Thursday,r36_c16,1,1,1.0,1.0,1,True
Personal | r33_c12 | Tuesday,Personal,r33_c12,Tuesday,r23_c10,2,2,0.5,0.5,1,True
Personal | r33_c12 | Tuesday,Personal,r33_c12,Tuesday,r37_c16,2,1,0.5,0.5,2,False
Personal | r33_c16 | Monday,Personal,r33_c16,Monday,r27_c13,1,1,1.0,1.0,1,True
Personal | r33_c16 | Thursday,Personal,r33_c16,Thursday,r27_c13,1,1,0.5,0.5,1,True
Personal | r33_c16 | Thursday,Personal,r33_c16,Thursday,r34_c18,1,1,0.5,0.5,2,False
Personal | r33_c16 | Wednesday,Personal,r33_c16,Wednesday,r35_c16,2,1,1.0,1.0,1,True
Personal | r33_c17 | Monday,Personal,r33_c17,Monday,r34_c18,2,1,1.0,1.0,1,True
Personal | r33_c17 | Thursday,Personal,r33_c17,Thursday,r34_c20,1,1,0.5,0.5,1,True
Personal | r33_c17 | Thursday,Personal,r33_c17,Thursday,r36_c21,1,1,0.5,0.5,2,False
Personal | r33_c18 | Tuesday,Personal,r33_c18,Tuesday,r19_c16,5,1,1.0,1.0,1,True
Personal | r33_c20 | Friday,Personal,r33_c20,Friday,r35_c15,10,9,0.6666666666666666,0.6666666666666666,1,True
Personal | r33_c20 | Friday,Personal,r33_c20,Friday,r34_c18,5,5,0.3333333333333333,0.3333333333333333,2,False
Personal | r33_c20 | Monday,Personal,r33_c20,Monday,r35_c15,11,7,0.7857142857142857,0.7857142857142857,1,True
Personal | r33_c20 | Monday,Personal,r33_c20,Monday,r34_c18,3,2,0.21428571428571427,0.21428571428571427,2,False
Personal | r33_c20 | Thursday,Personal,r33_c20,Thursday,r35_c15,10,8,1.0,1.0,1,True
Personal | r33_c20 | Tuesday,Personal,r33_c20,Tuesday,r35_c15,10,9,0.9090909090909091,0.9090909090909091,1,True
Personal | r33_c20 | Tuesday,Personal,r33_c20,Tuesday,r34_c18,1,1,0.09090909090909091,0.09090909090909091,2,False
Personal | r33_c20 | Wednesday,Personal,r33_c20,Wednesday,r35_c15,8,7,1.0,1.0,1,True
Personal | r33_c21 | Friday,Personal,r33_c21,Friday,r32_c22,3,1,1.0,1.0,1,True
Personal | r33_c21 | Monday,Personal,r33_c21,Monday,r25_c22,2,1,1.0,1.0,1,True
Personal | r33_c21 | Thursday,Personal,r33_c21,Thursday,r32_c22,1,1,0.5,0.5,1,True
Personal | r33_c21 | Thursday,Personal,r33_c21,Thursday,r37_c16,1,1,0.5,0.5,2,False
Personal | r33_c21 | Tuesday,Personal,r33_c21,Tuesday,r36_c16,1,1,1.0,1.0,1,True
Personal | r33_c21 | Wednesday,Personal,r33_c21,Wednesday,r32_c21,3,1,1.0,1.0,1,True
Personal | r33_c22 | Thursday,Personal,r33_c22,Thursday,r26_c13,1,1,0.5,0.5,1,True
Personal | r33_c22 | Thursday,Personal,r33_c22,Thursday,r27_c16,1,1,0.5,0.5,2,False
Personal | r33_c22 | Tuesday,Personal,r33_c22,Tuesday,r21_c17,3,1,1.0,1.0,1,True
Personal | r33_c22 | Wednesday,Personal,r33_c22,Wednesday,r29_c16,23,16,0.9583333333333334,0.9583333333333334,1,True
Personal | r33_c22 | Wednesday,Personal,r33_c22,Wednesday,r27_c16,1,1,0.041666666666666664,0.041666666666666664,2,False
Personal | r33_c23 | Friday,Personal,r33_c23,Friday,r35_c15,5,2,1.0,1.0,1,True
Personal | r33_c23 | Monday,Personal,r33_c23,Monday,r26_c15,4,1,0.6666666666666666,0.6666666666666666,1,True
Personal | r33_c23 | Monday,Personal,r33_c23,Monday,r35_c15,2,1,0.3333333333333333,0.3333333333333333,2,False
Personal | r33_c23 | Thursday,Personal,r33_c23,Thursday,r26_c15,4,1,1.0,1.0,1,True
Personal | r33_c23 | Tuesday,Personal,r33_c23,Tuesday,r35_c15,8,1,0.6153846153846154,0.6153846153846154,1,True
Personal | r33_c23 | Tuesday,Personal,r33_c23,Tuesday,r26_c15,5,2,0.38461538461538464,0.38461538461538464,2,False
Personal | r33_c23 | Wednesday,Personal,r33_c23,Wednesday,r22_c14,8,1,0.3333333333333333,0.3333333333333333,1,True
Personal | r33_c23 | Wednesday,Personal,r33_c23,Wednesday,r26_c15,8,3,0.3333333333333333,0.3333333333333333,2,False
Personal | r33_c23 | Wednesday,Personal,r33_c23,Wednesday,r34_c18,7,1,0.2916666666666667,0.2916666666666667,3,False
Personal | r33_c23 | Wednesday,Personal,r33_c23,Wednesday,r35_c15,1,1,0.041666666666666664,0.041666666666666664,4,False
Personal | r33_c24 | Monday,Personal,r33_c24,Monday,r30_c16,5,2,0.8333333333333334,0.8333333333333334,1,True
Personal | r33_c24 | Monday,Personal,r33_c24,Monday,r28_c16,1,1,0.16666666666666666,0.16666666666666666,2,False
Personal | r33_c24 | Wednesday,Personal,r33_c24,Wednesday,r30_c16,1,1,1.0,1.0,1,True
Personal | r33_c9 | Friday,Personal,r33_c9,Friday,r24_c11,9,2,0.9,0.9,1,True
Personal | r33_c9 | Friday,Personal,r33_c9,Friday,r30_c16,1,1,0.1,0.1,2,False
Personal | r33_c9 | Thursday,Personal,r33_c9,Thursday,r24_c11,16,6,0.9411764705882353,0.9411764705882353,1,True
Personal | r33_c9 | Thursday,Personal,r33_c9,Thursday,r35_c21,1,1,0.058823529411764705,0.058823529411764705,2,False
Personal | r33_c9 | Tuesday,Personal,r33_c9,Tuesday,r25_c12,1,1,1.0,1.0,1,True
Personal | r34_c18 | Friday,Personal,r34_c18,Friday,r32_c20,6,6,0.2857142857142857,0.2857142857142857,1,True
Personal | r34_c18 | Friday,Personal,r34_c18,Friday,r35_c16,6,5,0.2857142857142857,0.2857142857142857,2,False
Personal | r34_c18 | Friday,Personal,r34_c18,Friday,r34_c23,4,1,0.19047619047619047,0.19047619047619047,3,False
Personal | r34_c18 | Friday,Personal,r34_c18,Friday,r34_c24,2,1,0.09523809523809523,0.09523809523809523,4,False
Personal | r34_c18 | Friday,Personal,r34_c18,Friday,r32_c18,1,1,0.047619047619047616,0.047619047619047616,5,False
Personal | r34_c18 | Friday,Personal,r34_c18,Friday,r34_c21,1,1,0.047619047619047616,0.047619047619047616,6,False
Personal | r34_c18 | Friday,Personal,r34_c18,Friday,r35_c15,1,1,0.047619047619047616,0.047619047619047616,7,False
Personal | r34_c18 | Monday,Personal,r34_c18,Monday,r32_c20,3,2,0.3,0.3,1,True
Personal | r34_c18 | Monday,Personal,r34_c18,Monday,r33_c17,2,1,0.2,0.2,2,False
Personal | r34_c18 | Monday,Personal,r34_c18,Monday,r33_c20,2,1,0.2,0.2,3,False
Personal | r34_c18 | Monday,Personal,r34_c18,Monday,r35_c20,2,1,0.2,0.2,4,False
Personal | r34_c18 | Monday,Personal,r34_c18,Monday,r34_c21,1,1,0.1,0.1,5,False
Personal | r34_c18 | Thursday,Personal,r34_c18,Thursday,r34_c24,6,3,0.23076923076923078,0.23076923076923078,1,True
Personal | r34_c18 | Thursday,Personal,r34_c18,Thursday,r29_c16,4,1,0.15384615384615385,0.15384615384615385,2,False
Personal | r34_c18 | Thursday,Personal,r34_c18,Thursday,r29_c18,4,3,0.15384615384615385,0.15384615384615385,3,False
Personal | r34_c18 | Thursday,Personal,r34_c18,Thursday,r35_c16,4,2,0.15384615384615385,0.15384615384615385,4,False
Personal | r34_c18 | Thursday,Personal,r34_c18,Thursday,r32_c20,3,3,0.11538461538461539,0.11538461538461539,5,False
Personal | r34_c18 | Thursday,Personal,r34_c18,Thursday,r31_c20,2,1,0.07692307692307693,0.07692307692307693,6,False
Personal | r34_c18 | Thursday,Personal,r34_c18,Thursday,r33_c16,2,1,0.07692307692307693,0.07692307692307693,7,False
Personal | r34_c18 | Thursday,Personal,r34_c18,Thursday,r25_c11,1,1,0.038461538461538464,0.038461538461538464,8,False
Personal | r34_c18 | Tuesday,Personal,r34_c18,Tuesday,r30_c17,11,1,0.5238095238095238,0.5238095238095238,1,True
Personal | r34_c18 | Tuesday,Personal,r34_c18,Tuesday,r35_c16,5,2,0.23809523809523808,0.23809523809523808,2,False
Personal | r34_c18 | Tuesday,Personal,r34_c18,Tuesday,r30_c16,2,2,0.09523809523809523,0.09523809523809523,3,False
Personal | r34_c18 | Tuesday,Personal,r34_c18,Tuesday,r32_c20,2,2,0.09523809523809523,0.09523809523809523,4,False
Personal | r34_c18 | Tuesday,Personal,r34_c18,Tuesday,r30_c15,1,1,0.047619047619047616,0.047619047619047616,5,False
Personal | r34_c18 | Wednesday,Personal,r34_c18,Wednesday,r34_c24,5,2,0.3125,0.3125,1,True
Personal | r34_c18 | Wednesday,Personal,r34_c18,Wednesday,r33_c23,4,1,0.25,0.25,2,False
Personal | r34_c18 | Wednesday,Personal,r34_c18,Wednesday,r34_c18,3,1,0.1875,0.1875,3,False
Personal | r34_c18 | Wednesday,Personal,r34_c18,Wednesday,r32_c20,1,1,0.0625,0.0625,4,False
Personal | r34_c18 | Wednesday,Personal,r34_c18,Wednesday,r34_c23,1,1,0.0625,0.0625,5,False
Personal | r34_c18 | Wednesday,Personal,r34_c18,Wednesday,r35_c15,1,1,0.0625,0.0625,6,False
Personal | r34_c18 | Wednesday,Personal,r34_c18,Wednesday,r35_c16,1,1,0.0625,0.0625,7,False
Personal | r34_c20 | Friday,Personal,r34_c20,Friday,r29_c15,1,1,1.0,1.0,1,True
Personal | r34_c20 | Monday,Personal,r34_c20,Monday,r27_c12,1,1,0.3333333333333333,0.3333333333333333,1,True
Personal | r34_c20 | Monday,Personal,r34_c20,Monday,r34_c23,1,1,0.3333333333333333,0.3333333333333333,2,False
Personal | r34_c20 | Monday,Personal,r34_c20,Monday,r35_c23,1,1,0.3333333333333333,0.3333333333333333,3,False
Personal | r34_c20 | Thursday,Personal,r34_c20,Thursday,r27_c14,1,1,0.3333333333333333,0.3333333333333333,1,True
Personal | r34_c20 | Thursday,Personal,r34_c20,Thursday,r27_c16,1,1,0.3333333333333333,0.3333333333333333,2,False
Personal | r34_c20 | Thursday,Personal,r34_c20,Thursday,r33_c17,1,1,0.3333333333333333,0.3333333333333333,3,False
Personal | r34_c20 | Tuesday,Personal,r34_c20,Tuesday,r27_c12,1,1,0.5,0.5,1,True
Personal | r34_c20 | Tuesday,Personal,r34_c20,Tuesday,r31_c16,1,1,0.5,0.5,2,False
Personal | r34_c20 | Wednesday,Personal,r34_c20,Wednesday,r34_c24,1,1,1.0,1.0,1,True
Personal | r34_c21 | Friday,Personal,r34_c21,Friday,r34_c18,1,1,0.5,0.5,1,True
Personal | r34_c21 | Friday,Personal,r34_c21,Friday,r35_c15,1,1,0.5,0.5,2,False
Personal | r34_c21 | Monday,Personal,r34_c21,Monday,r34_c18,9,1,1.0,1.0,1,True
Personal | r34_c21 | Thursday,Personal,r34_c21,Thursday,r30_c16,1,1,1.0,1.0,1,True
Personal | r34_c21 | Tuesday,Personal,r34_c21,Tuesday,r31_c19,1,1,1.0,1.0,1,True
Personal | r34_c21 | Wednesday,Personal,r34_c21,Wednesday,r35_c15,1,1,1.0,1.0,1,True
Personal | r34_c22 | Friday,Personal,r34_c22,Friday,r32_c20,1,1,1.0,1.0,1,True
Personal | r34_c23 | Friday,Personal,r34_c23,Friday,r30_c15,1,1,0.5,0.5,1,True
Personal | r34_c23 | Friday,Personal,r34_c23,Friday,r34_c18,1,1,0.5,0.5,2,False
Personal | r34_c23 | Monday,Personal,r34_c23,Monday,r30_c15,1,1,0.5,0.5,1,True
Personal | r34_c23 | Monday,Personal,r34_c23,Monday,r35_c15,1,1,0.5,0.5,2,False
Personal | r34_c23 | Thursday,Personal,r34_c23,Thursday,r35_c15,5,2,0.625,0.625,1,True
Personal | r34_c23 | Thursday,Personal,r34_c23,Thursday,r30_c15,1,1,0.125,0.125,2,False
Personal | r34_c23 | Thursday,Personal,r34_c23,Thursday,r30_c18,1,1,0.125,0.125,3,False
Personal | r34_c23 | Thursday,Personal,r34_c23,Thursday,r43_c19,1,1,0.125,0.125,4,False
Personal | r34_c23 | Tuesday,Personal,r34_c23,Tuesday,r35_c15,7,2,1.0,1.0,1,True
Personal | r34_c23 | Wednesday,Personal,r34_c23,Wednesday,r35_c15,2,2,0.6666666666666666,0.6666666666666666,1,True
Personal | r34_c23 | Wednesday,Personal,r34_c23,Wednesday,r34_c18,1,1,0.3333333333333333,0.3333333333333333,2,False
Personal | r34_c24 | Friday,Personal,r34_c24,Friday,r34_c18,2,1,1.0,1.0,1,True
Personal | r34_c24 | Thursday,Personal,r34_c24,Thursday,r34_c18,8,3,1.0,1.0,1,True
Personal | r34_c24 | Wednesday,Personal,r34_c24,Wednesday,r34_c18,5,2,0.625,0.625,1,True
Personal | r34_c24 | Wednesday,Personal,r34_c24,Wednesday,r34_c20,3,1,0.375,0.375,2,False
Personal | r35_c14 | Friday,Personal,r35_c14,Friday,r29_c16,2,1,0.6666666666666666,0.6666666666666666,1,True
Personal | r35_c14 | Friday,Personal,r35_c14,Friday,r35_c16,1,1,0.3333333333333333,0.3333333333333333,2,False
Personal | r35_c14 | Monday,Personal,r35_c14,Monday,r26_c16,2,1,1.0,1.0,1,True
Personal | r35_c14 | Thursday,Personal,r35_c14,Thursday,r35_c16,1,1,1.0,1.0,1,True
Personal | r35_c14 | Tuesday,Personal,r35_c14,Tuesday,r30_c20,1,1,0.5,0.5,1,True
Personal | r35_c14 | Tuesday,Personal,r35_c14,Tuesday,r33_c11,1,1,0.5,0.5,2,False
Personal | r35_c14 | Wednesday,Personal,r35_c14,Wednesday,r35_c16,1,1,1.0,1.0,1,True
Personal | r35_c15 | Friday,Personal,r35_c15,Friday,r33_c20,9,9,0.5625,0.5625,1,True
Personal | r35_c15 | Friday,Personal,r35_c15,Friday,r29_c17,3,3,0.1875,0.1875,2,False
Personal | r35_c15 | Friday,Personal,r35_c15,Friday,r33_c23,2,2,0.125,0.125,3,False
Personal | r35_c15 | Friday,Personal,r35_c15,Friday,r34_c18,1,1,0.0625,0.0625,4,False
Personal | r35_c15 | Friday,Personal,r35_c15,Friday,r34_c21,1,1,0.0625,0.0625,5,False
Personal | r35_c15 | Monday,Personal,r35_c15,Monday,r33_c20,8,7,0.5,0.5,1,True
Personal | r35_c15 | Monday,Personal,r35_c15,Monday,r34_c23,5,2,0.3125,0.3125,2,False
Personal | r35_c15 | Monday,Personal,r35_c15,Monday,r29_c17,2,2,0.125,0.125,3,False
Personal | r35_c15 | Monday,Personal,r35_c15,Monday,r30_c19,1,1,0.0625,0.0625,4,False
Personal | r35_c15 | Thursday,Personal,r35_c15,Thursday,r33_c20,14,9,0.56,0.56,1,True
Personal | r35_c15 | Thursday,Personal,r35_c15,Thursday,r34_c23,6,2,0.24,0.24,2,False
Personal | r35_c15 | Thursday,Personal,r35_c15,Thursday,r29_c17,3,3,0.12,0.12,3,False
Personal | r35_c15 | Thursday,Personal,r35_c15,Thursday,r23_c16,1,1,0.04,0.04,4,False
Personal | r35_c15 | Thursday,Personal,r35_c15,Thursday,r25_c16,1,1,0.04,0.04,5,False
Personal | r35_c15 | Tuesday,Personal,r35_c15,Tuesday,r33_c20,11,9,0.36666666666666664,0.36666666666666664,1,True
Personal | r35_c15 | Tuesday,Personal,r35_c15,Tuesday,r33_c23,8,1,0.26666666666666666,0.26666666666666666,2,False
Personal | r35_c15 | Tuesday,Personal,r35_c15,Tuesday,r34_c23,5,2,0.16666666666666666,0.16666666666666666,3,False
Personal | r35_c15 | Tuesday,Personal,r35_c15,Tuesday,r29_c17,4,3,0.13333333333333333,0.13333333333333333,4,False
Personal | r35_c15 | Tuesday,Personal,r35_c15,Tuesday,r30_c19,2,1,0.06666666666666667,0.06666666666666667,5,False
Personal | r35_c15 | Wednesday,Personal,r35_c15,Wednesday,r33_c20,10,8,0.47619047619047616,0.47619047619047616,1,True
Personal | r35_c15 | Wednesday,Personal,r35_c15,Wednesday,r34_c23,4,3,0.19047619047619047,0.19047619047619047,2,False
Personal | r35_c15 | Wednesday,Personal,r35_c15,Wednesday,r29_c17,3,3,0.14285714285714285,0.14285714285714285,3,False
Personal | r35_c15 | Wednesday,Personal,r35_c15,Wednesday,r34_c21,2,1,0.09523809523809523,0.09523809523809523,4,False
Personal | r35_c15 | Wednesday,Personal,r35_c15,Wednesday,r30_c19,1,1,0.047619047619047616,0.047619047619047616,5,False
Personal | r35_c15 | Wednesday,Personal,r35_c15,Wednesday,r34_c18,1,1,0.047619047619047616,0.047619047619047616,6,False
Personal | r35_c16 | Friday,Personal,r35_c16,Friday,r34_c18,5,5,0.7142857142857143,0.7142857142857143,1,True
Personal | r35_c16 | Friday,Personal,r35_c16,Friday,r31_c20,1,1,0.14285714285714285,0.14285714285714285,2,False
Personal | r35_c16 | Friday,Personal,r35_c16,Friday,r35_c14,1,1,0.14285714285714285,0.14285714285714285,3,False
Personal | r35_c16 | Monday,Personal,r35_c16,Monday,r43_c19,3,1,1.0,1.0,1,True
Personal | r35_c16 | Thursday,Personal,r35_c16,Thursday,r34_c18,3,2,0.5,0.5,1,True
Personal | r35_c16 | Thursday,Personal,r35_c16,Thursday,r28_c14,1,1,0.16666666666666666,0.16666666666666666,2,False
Personal | r35_c16 | Thursday,Personal,r35_c16,Thursday,r33_c10,1,1,0.16666666666666666,0.16666666666666666,3,False
Personal | r35_c16 | Thursday,Personal,r35_c16,Thursday,r35_c14,1,1,0.16666666666666666,0.16666666666666666,4,False
Personal | r35_c16 | Tuesday,Personal,r35_c16,Tuesday,r28_c12,2,2,0.5,0.5,1,True
Personal | r35_c16 | Tuesday,Personal,r35_c16,Tuesday,r34_c18,1,1,0.25,0.25,2,False
Personal | r35_c16 | Tuesday,Personal,r35_c16,Tuesday,r35_c16,1,1,0.25,0.25,3,False
Personal | r35_c16 | Wednesday,Personal,r35_c16,Wednesday,r33_c11,1,1,0.25,0.25,1,True
Personal | r35_c16 | Wednesday,Personal,r35_c16,Wednesday,r33_c16,1,1,0.25,0.25,2,False
Personal | r35_c16 | Wednesday,Personal,r35_c16,Wednesday,r34_c18,1,1,0.25,0.25,3,False
Personal | r35_c16 | Wednesday,Personal,r35_c16,Wednesday,r35_c14,1,1,0.25,0.25,4,False
Personal | r35_c17 | Thursday,Personal,r35_c17,Thursday,r27_c15,8,3,1.0,1.0,1,True
Personal | r35_c20 | Monday,Personal,r35_c20,Monday,r34_c18,1,1,1.0,1.0,1,True
Personal | r35_c21 | Thursday,Personal,r35_c21,Thursday,r33_c9,8,1,1.0,1.0,1,True
Personal | r35_c22 | Friday,Personal,r35_c22,Friday,r31_c20,3,1,1.0,1.0,1,True
Personal | r35_c22 | Tuesday,Personal,r35_c22,Tuesday,r35_c15,6,1,1.0,1.0,1,True
Personal | r35_c23 | Monday,Personal,r35_c23,Monday,r34_c20,2,1,1.0,1.0,1,True
Personal | r35_c23 | Tuesday,Personal,r35_c23,Tuesday,r28_c15,6,1,0.75,0.75,1,True
Personal | r35_c23 | Tuesday,Personal,r35_c23,Tuesday,r30_c18,2,1,0.25,0.25,2,False
Personal | r35_c23 | Wednesday,Personal,r35_c23,Wednesday,r34_c20,1,1,1.0,1.0,1,True
Personal | r36_c16 | Monday,Personal,r36_c16,Monday,r33_c12,1,1,0.5,0.5,1,True
Personal | r36_c16 | Monday,Personal,r36_c16,Monday,r43_c19,1,1,0.5,0.5,2,False
Personal | r36_c16 | Thursday,Personal,r36_c16,Thursday,r34_c18,6,1,0.8571428571428571,0.8571428571428571,1,True
Personal | r36_c16 | Thursday,Personal,r36_c16,Thursday,r33_c12,1,1,0.14285714285714285,0.14285714285714285,2,False
Personal | r36_c16 | Tuesday,Personal,r36_c16,Tuesday,r33_c21,1,1,1.0,1.0,1,True
Personal | r36_c16 | Wednesday,Personal,r36_c16,Wednesday,r43_c19,1,1,1.0,1.0,1,True
Personal | r36_c21 | Thursday,Personal,r36_c21,Thursday,r32_c20,1,1,0.5,0.5,1,True
Personal | r36_c21 | Thursday,Personal,r36_c21,Thursday,r34_c20,1,1,0.5,0.5,2,False
Personal | r36_c23 | Friday,Personal,r36_c23,Friday,r29_c16,1,1,1.0,1.0,1,True
Personal | r36_c23 | Thursday,Personal,r36_c23,Thursday,r29_c16,1,1,1.0,1.0,1,True
Personal | r36_c23 | Tuesday,Personal,r36_c23,Tuesday,r29_c16,4,1,0.6666666666666666,0.6666666666666666,1,True
Personal | r36_c23 | Tuesday,Personal,r36_c23,Tuesday,r36_c23,2,1,0.3333333333333333,0.3333333333333333,2,False
Personal | r36_c23 | Wednesday,Personal,r36_c23,Wednesday,r29_c16,2,1,1.0,1.0,1,True
Personal | r36_c24 | Thursday,Personal,r36_c24,Thursday,r28_c13,10,1,1.0,1.0,1,True
Personal | r36_c8 | Tuesday,Personal,r36_c8,Tuesday,r29_c16,1,1,1.0,1.0,1,True
Personal | r37_c16 | Thursday,Personal,r37_c16,Thursday,r33_c21,3,1,1.0,1.0,1,True
Personal | r37_c16 | Tuesday,Personal,r37_c16,Tuesday,r33_c12,1,1,0.5,0.5,1,True
Personal | r37_c16 | Tuesday,Personal,r37_c16,Tuesday,r33_c21,1,1,0.5,0.5,2,False
Personal | r37_c17 | Tuesday,Personal,r37_c17,Tuesday,r32_c22,1,1,1.0,1.0,1,True
Personal | r38_c16 | Thursday,Personal,r38_c16,Thursday,r40_c16,5,1,1.0,1.0,1,True
Personal | r38_c16 | Wednesday,Personal,r38_c16,Wednesday,r40_c16,2,1,1.0,1.0,1,True
Personal | r40_c16 | Thursday,Personal,r40_c16,Thursday,r38_c16,3,1,1.0,1.0,1,True
Personal | r40_c16 | Wednesday,Personal,r40_c16,Wednesday,r38_c16,3,1,1.0,1.0,1,True
Personal | r42_c16 | Thursday,Personal,r42_c16,Thursday,r43_c16,11,1,1.0,1.0,1,True
Personal | r43_c16 | Thursday,Personal,r43_c16,Thursday,r42_c16,1,1,1.0,1.0,1,True
Personal | r43_c19 | Friday,Personal,r43_c19,Friday,r34_c23,4,1,0.6666666666666666,0.6666666666666666,1,True
Personal | r43_c19 | Friday,Personal,r43_c19,Friday,r29_c16,2,1,0.3333333333333333,0.3333333333333333,2,False
Personal | r43_c19 | Monday,Personal,r43_c19,Monday,r35_c16,6,1,0.46153846153846156,0.46153846153846156,1,True
Personal | r43_c19 | Monday,Personal,r43_c19,Monday,r34_c23,5,1,0.38461538461538464,0.38461538461538464,2,False
Personal | r43_c19 | Monday,Personal,r43_c19,Monday,r29_c17,1,1,0.07692307692307693,0.07692307692307693,3,False
Personal | r43_c19 | Monday,Personal,r43_c19,Monday,r36_c16,1,1,0.07692307692307693,0.07692307692307693,4,False
Personal | r43_c19 | Thursday,Personal,r43_c19,Thursday,r34_c23,3,1,0.6,0.6,1,True
Personal | r43_c19 | Thursday,Personal,r43_c19,Thursday,r29_c16,1,1,0.2,0.2,2,False
Personal | r43_c19 | Thursday,Personal,r43_c19,Thursday,r35_c16,1,1,0.2,0.2,3,False
Personal | r43_c19 | Tuesday,Personal,r43_c19,Tuesday,r34_c23,4,1,1.0,1.0,1,True
Personal | r43_c19 | Wednesday,Personal,r43_c19,Wednesday,r36_c16,4,1,1.0,1.0,1,True
Personal | r9_c19 | Friday,Personal,r9_c19,Friday,r10_c14,4,1,0.8,0.8,1,True
Personal | r9_c19 | Friday,Personal,r9_c19,Friday,r27_c20,1,1,0.2,0.2,2,False
Recreation | r10_c15 | Thursday,Recreation,r10_c15,Thursday,r20_c17,1,1,1.0,1.0,1,True
Recreation | r10_c20 | Monday,Recreation,r10_c20,Monday,r23_c17,1,1,1.0,1.0,1,True
Recreation | r10_c20 | Wednesday,Recreation,r10_c20,Wednesday,r23_c17,1,1,1.0,1.0,1,True
Recreation | r13_c16 | Monday,Recreation,r13_c16,Monday,r20_c17,1,1,1.0,1.0,1,True
Recreation | r13_c16 | Thursday,Recreation,r13_c16,Thursday,r20_c17,2,2,1.0,1.0,1,True
Recreation | r13_c16 | Tuesday,Recreation,r13_c16,Tuesday,r20_c17,6,6,1.0,1.0,1,True
Recreation | r13_c16 | Wednesday,Recreation,r13_c16,Wednesday,r20_c17,11,6,1.0,1.0,1,True
Recreation | r14_c24 | Friday,Recreation,r14_c24,Friday,r20_c17,7,3,1.0,1.0,1,True
Recreation | r14_c24 | Wednesday,Recreation,r14_c24,Wednesday,r17_c15,5,1,1.0,1.0,1,True
Recreation | r15_c16 | Monday,Recreation,r15_c16,Monday,r13_c16,1,1,1.0,1.0,1,True
Recreation | r15_c16 | Thursday,Recreation,r15_c16,Thursday,r20_c17,1,1,1.0,1.0,1,True
Recreation | r15_c16 | Wednesday,Recreation,r15_c16,Wednesday,r20_c17,1,1,1.0,1.0,1,True
Recreation | r16_c16 | Wednesday,Recreation,r16_c16,Wednesday,r17_c15,1,1,1.0,1.0,1,True
Recreation | r17_c15 | Wednesday,Recreation,r17_c15,Wednesday,r21_c31,9,1,0.6,0.6,1,True
Recreation | r17_c15 | Wednesday,Recreation,r17_c15,Wednesday,r14_c24,3,1,0.2,0.2,2,False
Recreation | r17_c15 | Wednesday,Recreation,r17_c15,Wednesday,r16_c16,3,1,0.2,0.2,3,False
Recreation | r17_c6 | Friday,Recreation,r17_c6,Friday,r31_c13,3,1,1.0,1.0,1,True
Recreation | r17_c9 | Friday,Recreation,r17_c9,Friday,r25_c19,1,1,1.0,1.0,1,True
Recreation | r20_c17 | Friday,Recreation,r20_c17,Friday,r14_c24,2,2,1.0,1.0,1,True
Recreation | r20_c17 | Monday,Recreation,r20_c17,Monday,r15_c16,4,1,0.6666666666666666,0.6666666666666666,1,True
Recreation | r20_c17 | Monday,Recreation,r20_c17,Monday,r13_c16,2,1,0.3333333333333333,0.3333333333333333,2,False
Recreation | r20_c17 | Thursday,Recreation,r20_c17,Thursday,r13_c16,4,2,0.8,0.8,1,True
Recreation | r20_c17 | Thursday,Recreation,r20_c17,Thursday,r15_c16,1,1,0.2,0.2,2,False
Recreation | r20_c17 | Tuesday,Recreation,r20_c17,Tuesday,r13_c16,7,6,1.0,1.0,1,True
Recreation | r20_c17 | Wednesday,Recreation,r20_c17,Wednesday,r13_c16,7,4,0.875,0.875,1,True
Recreation | r20_c17 | Wednesday,Recreation,r20_c17,Wednesday,r15_c16,1,1,0.125,0.125,2,False
Recreation | r21_c31 | Wednesday,Recreation,r21_c31,Wednesday,r17_c15,10,1,1.0,1.0,1,True
Recreation | r22_c17 | Friday,Recreation,r22_c17,Friday,r29_c16,2,1,1.0,1.0,1,True
Recreation | r22_c20 | Friday,Recreation,r22_c20,Friday,r28_c16,8,2,1.0,1.0,1,True
Recreation | r24_c11 | Friday,Recreation,r24_c11,Friday,r29_c10,20,12,1.0,1.0,1,True
Recreation | r24_c11 | Monday,Recreation,r24_c11,Monday,r29_c10,1,1,1.0,1.0,1,True
Recreation | r24_c11 | Thursday,Recreation,r24_c11,Thursday,r29_c10,22,11,1.0,1.0,1,True
Recreation | r24_c11 | Tuesday,Recreation,r24_c11,Tuesday,r29_c10,2,2,1.0,1.0,1,True
Recreation | r24_c11 | Wednesday,Recreation,r24_c11,Wednesday,r29_c10,5,2,0.7142857142857143,0.7142857142857143,1,True
Recreation | r24_c11 | Wednesday,Recreation,r24_c11,Wednesday,r26_c10,1,1,0.14285714285714285,0.14285714285714285,2,False
Recreation | r24_c11 | Wednesday,Recreation,r24_c11,Wednesday,r28_c13,1,1,0.14285714285714285,0.14285714285714285,3,False
Recreation | r24_c13 | Thursday,Recreation,r24_c13,Thursday,r32_c21,1,1,1.0,1.0,1,True
Recreation | r24_c17 | Friday,Recreation,r24_c17,Friday,r26_c10,4,2,1.0,1.0,1,True
Recreation | r24_c17 | Thursday,Recreation,r24_c17,Thursday,r26_c10,1,1,1.0,1.0,1,True
Recreation | r24_c17 | Tuesday,Recreation,r24_c17,Tuesday,r27_c11,1,1,1.0,1.0,1,True
Recreation | r24_c17 | Wednesday,Recreation,r24_c17,Wednesday,r26_c10,1,1,1.0,1.0,1,True
Recreation | r25_c11 | Tuesday,Recreation,r25_c11,Tuesday,r26_c11,1,1,1.0,1.0,1,True
Recreation | r25_c19 | Friday,Recreation,r25_c19,Friday,r17_c9,29,14,1.0,1.0,1,True
Recreation | r25_c19 | Monday,Recreation,r25_c19,Monday,r17_c9,17,11,1.0,1.0,1,True
Recreation | r25_c19 | Wednesday,Recreation,r25_c19,Wednesday,r17_c9,33,13,1.0,1.0,1,True
Recreation | r26_c10 | Friday,Recreation,r26_c10,Friday,r28_c12,17,14,1.0,1.0,1,True
Recreation | r26_c10 | Wednesday,Recreation,r26_c10,Wednesday,r28_c13,2,1,1.0,1.0,1,True
Recreation | r26_c11 | Tuesday,Recreation,r26_c11,Tuesday,r25_c11,1,1,1.0,1.0,1,True
Recreation | r26_c16 | Monday,Recreation,r26_c16,Monday,r28_c16,2,1,1.0,1.0,1,True
Recreation | r26_c16 | Thursday,Recreation,r26_c16,Thursday,r28_c16,1,1,1.0,1.0,1,True
Recreation | r26_c17 | Thursday,Recreation,r26_c17,Thursday,r32_c18,4,1,1.0,1.0,1,True
Recreation | r27_c11 | Friday,Recreation,r27_c11,Friday,r28_c16,3,1,1.0,1.0,1,True
Recreation | r27_c11 | Tuesday,Recreation,r27_c11,Tuesday,r24_c17,2,1,0.6666666666666666,0.6666666666666666,1,True
Recreation | r27_c11 | Tuesday,Recreation,r27_c11,Tuesday,r28_c11,1,1,0.3333333333333333,0.3333333333333333,2,False
Recreation | r27_c11 | Wednesday,Recreation,r27_c11,Wednesday,r28_c11,4,1,0.6666666666666666,0.6666666666666666,1,True
Recreation | r27_c11 | Wednesday,Recreation,r27_c11,Wednesday,r29_c16,2,1,0.3333333333333333,0.3333333333333333,2,False
Recreation | r27_c12 | Friday,Recreation,r27_c12,Friday,r28_c16,5,1,0.45454545454545453,0.45454545454545453,1,True
Recreation | r27_c12 | Friday,Recreation,r27_c12,Friday,r29_c16,5,1,0.45454545454545453,0.45454545454545453,2,False
Recreation | r27_c12 | Friday,Recreation,r27_c12,Friday,r26_c13,1,1,0.09090909090909091,0.09090909090909091,3,False
Recreation | r27_c12 | Thursday,Recreation,r27_c12,Thursday,r29_c15,5,1,0.7142857142857143,0.7142857142857143,1,True
Recreation | r27_c12 | Thursday,Recreation,r27_c12,Thursday,r27_c12,1,1,0.14285714285714285,0.14285714285714285,2,False
Recreation | r27_c12 | Thursday,Recreation,r27_c12,Thursday,r29_c16,1,1,0.14285714285714285,0.14285714285714285,3,False
Recreation | r27_c12 | Wednesday,Recreation,r27_c12,Wednesday,r29_c16,3,1,0.6,0.6,1,True
Recreation | r27_c12 | Wednesday,Recreation,r27_c12,Wednesday,r28_c16,2,1,0.4,0.4,2,False
Recreation | r27_c13 | Wednesday,Recreation,r27_c13,Wednesday,r28_c16,2,1,1.0,1.0,1,True
Recreation | r27_c17 | Friday,Recreation,r27_c17,Friday,r27_c17,10,4,0.9090909090909091,0.9090909090909091,1,True
Recreation | r27_c17 | Friday,Recreation,r27_c17,Friday,r32_c16,1,1,0.09090909090909091,0.09090909090909091,2,False
Recreation | r27_c17 | Monday,Recreation,r27_c17,Monday,r27_c17,7,3,1.0,1.0,1,True
Recreation | r27_c17 | Thursday,Recreation,r27_c17,Thursday,r34_c16,37,30,0.8809523809523809,0.8809523809523809,1,True
Recreation | r27_c17 | Thursday,Recreation,r27_c17,Thursday,r34_c19,3,3,0.07142857142857142,0.07142857142857142,2,False
Recreation | r27_c17 | Thursday,Recreation,r27_c17,Thursday,r32_c11,1,1,0.023809523809523808,0.023809523809523808,3,False
Recreation | r27_c17 | Thursday,Recreation,r27_c17,Thursday,r42_c16,1,1,0.023809523809523808,0.023809523809523808,4,False
Recreation | r27_c17 | Tuesday,Recreation,r27_c17,Tuesday,r34_c16,37,32,0.9736842105263158,0.9736842105263158,1,True
Recreation | r27_c17 | Tuesday,Recreation,r27_c17,Tuesday,r32_c11,1,1,0.02631578947368421,0.02631578947368421,2,False
Recreation | r27_c17 | Wednesday,Recreation,r27_c17,Wednesday,r27_c17,8,4,1.0,1.0,1,True
Recreation | r28_c11 | Tuesday,Recreation,r28_c11,Tuesday,r27_c11,1,1,1.0,1.0,1,True
Recreation | r28_c11 | Wednesday,Recreation,r28_c11,Wednesday,r27_c11,6,1,1.0,1.0,1,True
Recreation | r28_c12 | Friday,Recreation,r28_c12,Friday,r26_c10,17,14,1.0,1.0,1,True
Recreation | r28_c15 | Tuesday,Recreation,r28_c15,Tuesday,r28_c16,9,2,1.0,1.0,1,True
Recreation | r28_c15 | Wednesday,Recreation,r28_c15,Wednesday,r28_c16,3,1,1.0,1.0,1,True
Recreation | r28_c16 | Friday,Recreation,r28_c16,Friday,r28_c16,6,1,0.2857142857142857,0.2857142857142857,1,True
Recreation | r28_c16 | Friday,Recreation,r28_c16,Friday,r22_c20,4,2,0.19047619047619047,0.19047619047619047,2,False
Recreation | r28_c16 | Friday,Recreation,r28_c16,Friday,r29_c16,4,2,0.19047619047619047,0.19047619047619047,3,False
Recreation | r28_c16 | Friday,Recreation,r28_c16,Friday,r30_c10,2,1,0.09523809523809523,0.09523809523809523,4,False
Recreation | r28_c16 | Friday,Recreation,r28_c16,Friday,r32_c20,2,1,0.09523809523809523,0.09523809523809523,5,False
Recreation | r28_c16 | Friday,Recreation,r28_c16,Friday,r27_c11,1,1,0.047619047619047616,0.047619047619047616,6,False
Recreation | r28_c16 | Friday,Recreation,r28_c16,Friday,r27_c12,1,1,0.047619047619047616,0.047619047619047616,7,False
Recreation | r28_c16 | Friday,Recreation,r28_c16,Friday,r32_c18,1,1,0.047619047619047616,0.047619047619047616,8,False
Recreation | r28_c16 | Monday,Recreation,r28_c16,Monday,r26_c16,3,1,0.5,0.5,1,True
Recreation | r28_c16 | Monday,Recreation,r28_c16,Monday,r28_c16,3,1,0.5,0.5,2,False
Recreation | r28_c16 | Thursday,Recreation,r28_c16,Thursday,r29_c15,4,1,0.5714285714285714,0.5714285714285714,1,True
Recreation | r28_c16 | Thursday,Recreation,r28_c16,Thursday,r28_c16,2,1,0.2857142857142857,0.2857142857142857,2,False
Recreation | r28_c16 | Thursday,Recreation,r28_c16,Thursday,r26_c16,1,1,0.14285714285714285,0.14285714285714285,3,False
Recreation | r28_c16 | Tuesday,Recreation,r28_c16,Tuesday,r28_c15,11,2,0.8461538461538461,0.8461538461538461,1,True
Recreation | r28_c16 | Tuesday,Recreation,r28_c16,Tuesday,r29_c16,2,1,0.15384615384615385,0.15384615384615385,2,False
Recreation | r28_c16 | Wednesday,Recreation,r28_c16,Wednesday,r29_c17,8,1,0.3076923076923077,0.3076923076923077,1,True
Recreation | r28_c16 | Wednesday,Recreation,r28_c16,Wednesday,r29_c16,7,1,0.2692307692307692,0.2692307692307692,2,False
Recreation | r28_c16 | Wednesday,Recreation,r28_c16,Wednesday,r27_c12,4,1,0.15384615384615385,0.15384615384615385,3,False
Recreation | r28_c16 | Wednesday,Recreation,r28_c16,Wednesday,r28_c15,4,1,0.15384615384615385,0.15384615384615385,4,False
Recreation | r28_c16 | Wednesday,Recreation,r28_c16,Wednesday,r27_c13,3,1,0.11538461538461539,0.11538461538461539,5,False
Recreation | r29_c10 | Friday,Recreation,r29_c10,Friday,r24_c11,13,12,1.0,1.0,1,True
Recreation | r29_c10 | Monday,Recreation,r29_c10,Monday,r24_c11,1,1,1.0,1.0,1,True
Recreation | r29_c10 | Thursday,Recreation,r29_c10,Thursday,r24_c11,13,11,1.0,1.0,1,True
Recreation | r29_c10 | Tuesday,Recreation,r29_c10,Tuesday,r24_c11,2,2,1.0,1.0,1,True
Recreation | r29_c10 | Wednesday,Recreation,r29_c10,Wednesday,r24_c11,2,2,1.0,1.0,1,True
Recreation | r29_c15 | Thursday,Recreation,r29_c15,Thursday,r33_c16,7,5,0.1590909090909091,0.1590909090909091,1,True
Recreation | r29_c15 | Thursday,Recreation,r29_c15,Thursday,r31_c13,6,1,0.13636363636363635,0.13636363636363635,2,False
Recreation | r29_c15 | Thursday,Recreation,r29_c15,Thursday,r27_c12,5,1,0.11363636363636363,0.11363636363636363,3,False
Recreation | r29_c15 | Thursday,Recreation,r29_c15,Thursday,r30_c10,5,1,0.11363636363636363,0.11363636363636363,4,False
Recreation | r29_c15 | Thursday,Recreation,r29_c15,Thursday,r31_c15,4,1,0.09090909090909091,0.09090909090909091,5,False
Recreation | r29_c15 | Thursday,Recreation,r29_c15,Thursday,r28_c16,3,1,0.06818181818181818,0.06818181818181818,6,False
Recreation | r29_c15 | Thursday,Recreation,r29_c15,Thursday,r32_c18,3,1,0.06818181818181818,0.06818181818181818,7,False
Recreation | r29_c15 | Thursday,Recreation,r29_c15,Thursday,r32_c20,3,1,0.06818181818181818,0.06818181818181818,8,False
Recreation | r29_c15 | Thursday,Recreation,r29_c15,Thursday,r34_c21,2,1,0.045454545454545456,0.045454545454545456,9,False
Recreation | r29_c15 | Thursday,Recreation,r29_c15,Thursday,r34_c22,2,1,0.045454545454545456,0.045454545454545456,10,False
Recreation | r29_c15 | Thursday,Recreation,r29_c15,Thursday,r33_c20,1,1,0.022727272727272728,0.022727272727272728,11,False
Recreation | r29_c15 | Thursday,Recreation,r29_c15,Thursday,r33_c21,1,1,0.022727272727272728,0.022727272727272728,12,False
Recreation | r29_c15 | Thursday,Recreation,r29_c15,Thursday,r34_c20,1,1,0.022727272727272728,0.022727272727272728,13,False
Recreation | r29_c15 | Thursday,Recreation,r29_c15,Thursday,r35_c21,1,1,0.022727272727272728,0.022727272727272728,14,False
Recreation | r29_c15 | Tuesday,Recreation,r29_c15,Tuesday,r33_c16,5,4,1.0,1.0,1,True
Recreation | r29_c16 | Friday,Recreation,r29_c16,Friday,r31_c13,14,2,0.42424242424242425,0.42424242424242425,1,True
Recreation | r29_c16 | Friday,Recreation,r29_c16,Friday,r27_c12,6,1,0.18181818181818182,0.18181818181818182,2,False
Recreation | r29_c16 | Friday,Recreation,r29_c16,Friday,r28_c16,5,2,0.15151515151515152,0.15151515151515152,3,False
Recreation | r29_c16 | Friday,Recreation,r29_c16,Friday,r31_c15,4,1,0.12121212121212122,0.12121212121212122,4,False
Recreation | r29_c16 | Friday,Recreation,r29_c16,Friday,r30_c10,3,1,0.09090909090909091,0.09090909090909091,5,False
Recreation | r29_c16 | Friday,Recreation,r29_c16,Friday,r34_c20,1,1,0.030303030303030304,0.030303030303030304,6,False
Recreation | r29_c16 | Monday,Recreation,r29_c16,Monday,r31_c15,1,1,1.0,1.0,1,True
Recreation | r29_c16 | Thursday,Recreation,r29_c16,Thursday,r27_c12,1,1,1.0,1.0,1,True
Recreation | r29_c16 | Tuesday,Recreation,r29_c16,Tuesday,r31_c13,2,1,0.5,0.5,1,True
Recreation | r29_c16 | Tuesday,Recreation,r29_c16,Tuesday,r28_c16,1,1,0.25,0.25,2,False
Recreation | r29_c16 | Tuesday,Recreation,r29_c16,Tuesday,r35_c21,1,1,0.25,0.25,3,False
Recreation | r29_c16 | Wednesday,Recreation,r29_c16,Wednesday,r31_c15,4,1,0.14285714285714285,0.14285714285714285,1,True
Recreation | r29_c16 | Wednesday,Recreation,r29_c16,Wednesday,r32_c18,4,1,0.14285714285714285,0.14285714285714285,2,False
Recreation | r29_c16 | Wednesday,Recreation,r29_c16,Wednesday,r27_c12,3,1,0.10714285714285714,0.10714285714285714,3,False
Recreation | r29_c16 | Wednesday,Recreation,r29_c16,Wednesday,r30_c10,2,1,0.07142857142857142,0.07142857142857142,4,False
Recreation | r29_c16 | Wednesday,Recreation,r29_c16,Wednesday,r31_c13,2,1,0.07142857142857142,0.07142857142857142,5,False
Recreation | r29_c16 | Wednesday,Recreation,r29_c16,Wednesday,r32_c20,2,1,0.07142857142857142,0.07142857142857142,6,False
Recreation | r29_c16 | Wednesday,Recreation,r29_c16,Wednesday,r34_c20,2,1,0.07142857142857142,0.07142857142857142,7,False
Recreation | r29_c16 | Wednesday,Recreation,r29_c16,Wednesday,r34_c21,2,1,0.07142857142857142,0.07142857142857142,8,False
Recreation | r29_c16 | Wednesday,Recreation,r29_c16,Wednesday,r27_c11,1,1,0.03571428571428571,0.03571428571428571,9,False
Recreation | r29_c16 | Wednesday,Recreation,r29_c16,Wednesday,r28_c16,1,1,0.03571428571428571,0.03571428571428571,10,False
Recreation | r29_c16 | Wednesday,Recreation,r29_c16,Wednesday,r30_c21,1,1,0.03571428571428571,0.03571428571428571,11,False
Recreation | r29_c16 | Wednesday,Recreation,r29_c16,Wednesday,r33_c20,1,1,0.03571428571428571,0.03571428571428571,12,False
Recreation | r29_c16 | Wednesday,Recreation,r29_c16,Wednesday,r33_c21,1,1,0.03571428571428571,0.03571428571428571,13,False
Recreation | r29_c16 | Wednesday,Recreation,r29_c16,Wednesday,r34_c22,1,1,0.03571428571428571,0.03571428571428571,14,False
Recreation | r29_c16 | Wednesday,Recreation,r29_c16,Wednesday,r35_c21,1,1,0.03571428571428571,0.03571428571428571,15,False
Recreation | r29_c17 | Tuesday,Recreation,r29_c17,Tuesday,r31_c15,4,1,1.0,1.0,1,True
Recreation | r29_c17 | Wednesday,Recreation,r29_c17,Wednesday,r28_c16,6,1,1.0,1.0,1,True
Recreation | r30_c10 | Friday,Recreation,r30_c10,Friday,r32_c22,4,1,0.5,0.5,1,True
Recreation | r30_c10 | Friday,Recreation,r30_c10,Friday,r28_c16,2,1,0.25,0.25,2,False
Recreation | r30_c10 | Friday,Recreation,r30_c10,Friday,r29_c16,2,1,0.25,0.25,3,False
Recreation | r30_c10 | Monday,Recreation,r30_c10,Monday,r35_c21,7,1,1.0,1.0,1,True
Recreation | r30_c10 | Thursday,Recreation,r30_c10,Thursday,r29_c15,5,1,1.0,1.0,1,True
Recreation | r30_c10 | Wednesday,Recreation,r30_c10,Wednesday,r29_c16,3,1,1.0,1.0,1,True
Recreation | r30_c15 | Friday,Recreation,r30_c15,Friday,r31_c13,26,2,1.0,1.0,1,True
Recreation | r30_c15 | Thursday,Recreation,r30_c15,Thursday,r31_c13,6,1,1.0,1.0,1,True
Recreation | r30_c19 | Friday,Recreation,r30_c19,Friday,r32_c20,1,1,1.0,1.0,1,True
Recreation | r30_c20 | Thursday,Recreation,r30_c20,Thursday,r28_c17,1,1,0.5,0.5,1,True
Recreation | r30_c20 | Thursday,Recreation,r30_c20,Thursday,r29_c10,1,1,0.5,0.5,2,False
Recreation | r30_c21 | Wednesday,Recreation,r30_c21,Wednesday,r29_c16,3,1,1.0,1.0,1,True
Recreation | r31_c13 | Friday,Recreation,r31_c13,Friday,r30_c15,19,2,0.48717948717948717,0.48717948717948717,1,True
Recreation | r31_c13 | Friday,Recreation,r31_c13,Friday,r29_c16,17,2,0.4358974358974359,0.4358974358974359,2,False
Recreation | r31_c13 | Friday,Recreation,r31_c13,Friday,r17_c6,3,1,0.07692307692307693,0.07692307692307693,3,False
Recreation | r31_c13 | Thursday,Recreation,r31_c13,Thursday,r30_c15,6,1,0.5454545454545454,0.5454545454545454,1,True
Recreation | r31_c13 | Thursday,Recreation,r31_c13,Thursday,r29_c15,5,1,0.45454545454545453,0.45454545454545453,2,False
Recreation | r31_c13 | Tuesday,Recreation,r31_c13,Tuesday,r29_c16,7,1,1.0,1.0,1,True
Recreation | r31_c13 | Wednesday,Recreation,r31_c13,Wednesday,r29_c16,2,1,1.0,1.0,1,True
Recreation | r31_c15 | Friday,Recreation,r31_c15,Friday,r29_c16,4,1,1.0,1.0,1,True
Recreation | r31_c15 | Monday,Recreation,r31_c15,Monday,r29_c16,1,1,1.0,1.0,1,True
Recreation | r31_c15 | Thursday,Recreation,r31_c15,Thursday,r29_c15,3,1,1.0,1.0,1,True
Recreation | r31_c15 | Tuesday,Recreation,r31_c15,Tuesday,r29_c17,2,1,1.0,1.0,1,True
Recreation | r31_c15 | Wednesday,Recreation,r31_c15,Wednesday,r29_c16,5,1,1.0,1.0,1,True
Recreation | r32_c11 | Thursday,Recreation,r32_c11,Thursday,r27_c17,1,1,1.0,1.0,1,True
Recreation | r32_c11 | Tuesday,Recreation,r32_c11,Tuesday,r27_c17,1,1,1.0,1.0,1,True
Recreation | r32_c16 | Friday,Recreation,r32_c16,Friday,r27_c17,1,1,1.0,1.0,1,True
Recreation | r32_c17 | Wednesday,Recreation,r32_c17,Wednesday,r32_c18,1,1,1.0,1.0,1,True
Recreation | r32_c18 | Friday,Recreation,r32_c18,Friday,r28_c16,1,1,1.0,1.0,1,True
Recreation | r32_c18 | Thursday,Recreation,r32_c18,Thursday,r29_c15,4,1,0.6666666666666666,0.6666666666666666,1,True
Recreation | r32_c18 | Thursday,Recreation,r32_c18,Thursday,r26_c17,2,1,0.3333333333333333,0.3333333333333333,2,False
Recreation | r32_c18 | Wednesday,Recreation,r32_c18,Wednesday,r29_c16,4,1,0.6666666666666666,0.6666666666666666,1,True
Recreation | r32_c18 | Wednesday,Recreation,r32_c18,Wednesday,r32_c17,1,1,0.16666666666666666,0.16666666666666666,2,False
Recreation | r32_c18 | Wednesday,Recreation,r32_c18,Wednesday,r32_c18,1,1,0.16666666666666666,0.16666666666666666,3,False
Recreation | r32_c20 | Friday,Recreation,r32_c20,Friday,r28_c16,2,1,0.5,0.5,1,True
Recreation | r32_c20 | Friday,Recreation,r32_c20,Friday,r30_c19,2,1,0.5,0.5,2,False
Recreation | r32_c20 | Thursday,Recreation,r32_c20,Thursday,r29_c15,4,1,1.0,1.0,1,True
Recreation | r32_c20 | Wednesday,Recreation,r32_c20,Wednesday,r29_c16,2,1,1.0,1.0,1,True
Recreation | r32_c21 | Thursday,Recreation,r32_c21,Thursday,r24_c13,2,1,1.0,1.0,1,True
Recreation | r32_c22 | Friday,Recreation,r32_c22,Friday,r30_c10,4,1,1.0,1.0,1,True
Recreation | r32_c22 | Wednesday,Recreation,r32_c22,Wednesday,r35_c20,1,1,1.0,1.0,1,True
Recreation | r33_c16 | Thursday,Recreation,r33_c16,Thursday,r29_c15,10,6,1.0,1.0,1,True
Recreation | r33_c16 | Tuesday,Recreation,r33_c16,Tuesday,r29_c15,26,8,1.0,1.0,1,True
Recreation | r33_c20 | Thursday,Recreation,r33_c20,Thursday,r29_c15,1,1,1.0,1.0,1,True
Recreation | r33_c21 | Thursday,Recreation,r33_c21,Thursday,r29_c15,1,1,1.0,1.0,1,True
Recreation | r33_c21 | Wednesday,Recreation,r33_c21,Wednesday,r29_c16,1,1,1.0,1.0,1,True
Recreation | r34_c16 | Thursday,Recreation,r34_c16,Thursday,r27_c17,37,30,1.0,1.0,1,True
Recreation | r34_c16 | Tuesday,Recreation,r34_c16,Tuesday,r27_c17,44,32,1.0,1.0,1,True
Recreation | r34_c18 | Thursday,Recreation,r34_c18,Thursday,r29_c18,1,1,1.0,1.0,1,True
Recreation | r34_c19 | Thursday,Recreation,r34_c19,Thursday,r27_c17,3,2,1.0,1.0,1,True
Recreation | r34_c20 | Friday,Recreation,r34_c20,Friday,r29_c16,1,1,1.0,1.0,1,True
Recreation | r34_c20 | Thursday,Recreation,r34_c20,Thursday,r29_c15,1,1,1.0,1.0,1,True
Recreation | r34_c20 | Wednesday,Recreation,r34_c20,Wednesday,r29_c16,1,1,1.0,1.0,1,True
Recreation | r34_c21 | Thursday,Recreation,r34_c21,Thursday,r29_c15,3,1,1.0,1.0,1,True
Recreation | r34_c22 | Thursday,Recreation,r34_c22,Thursday,r29_c15,2,1,1.0,1.0,1,True
Recreation | r35_c20 | Wednesday,Recreation,r35_c20,Wednesday,r32_c22,1,1,1.0,1.0,1,True
Recreation | r35_c21 | Monday,Recreation,r35_c21,Monday,r30_c10,6,1,1.0,1.0,1,True
Recreation | r35_c21 | Thursday,Recreation,r35_c21,Thursday,r29_c15,1,1,0.5,0.5,1,True
Recreation | r35_c21 | Thursday,Recreation,r35_c21,Thursday,r35_c21,1,1,0.5,0.5,2,False
Recreation | r35_c21 | Tuesday,Recreation,r35_c21,Tuesday,r29_c16,1,1,1.0,1.0,1,True
Recreation | r35_c21 | Wednesday,Recreation,r35_c21,Wednesday,r29_c16,1,1,1.0,1.0,1,True
Recreation | r35_c23 | Thursday,Recreation,r35_c23,Thursday,r37_c24,1,1,1.0,1.0,1,True
Recreation | r35_c23 | Tuesday,Recreation,r35_c23,Tuesday,r37_c24,1,1,1.0,1.0,1,True
Recreation | r37_c24 | Thursday,Recreation,r37_c24,Thursday,r35_c23,2,1,1.0,1.0,1,True
Recreation | r37_c24 | Tuesday,Recreation,r37_c24,Tuesday,r35_c23,2,1,1.0,1.0,1,True
Recreation | r42_c16 | Thursday,Recreation,r42_c16,Thursday,r27_c17,1,1,1.0,1.0,1,True
Shopping | r10_c14 | Friday,Shopping,r10_c14,Friday,r16_c17,6,3,0.46153846153846156,0.46153846153846156,1,True
Shopping | r10_c14 | Friday,Shopping,r10_c14,Friday,r13_c16,3,1,0.23076923076923078,0.23076923076923078,2,False
Shopping | r10_c14 | Friday,Shopping,r10_c14,Friday,r14_c24,3,2,0.23076923076923078,0.23076923076923078,3,False
Shopping | r10_c14 | Friday,Shopping,r10_c14,Friday,r10_c15,1,1,0.07692307692307693,0.07692307692307693,4,False
Shopping | r10_c14 | Monday,Shopping,r10_c14,Monday,r16_c17,4,2,0.6666666666666666,0.6666666666666666,1,True
Shopping | r10_c14 | Monday,Shopping,r10_c14,Monday,r14_c24,2,1,0.3333333333333333,0.3333333333333333,2,False
Shopping | r10_c14 | Thursday,Shopping,r10_c14,Thursday,r16_c17,15,6,1.0,1.0,1,True
Shopping | r10_c14 | Tuesday,Shopping,r10_c14,Tuesday,r16_c17,7,3,1.0,1.0,1,True
Shopping | r10_c14 | Wednesday,Shopping,r10_c14,Wednesday,r16_c17,11,3,1.0,1.0,1,True
Shopping | r10_c15 | Friday,Shopping,r10_c15,Friday,r10_c14,1,1,1.0,1.0,1,True
Shopping | r10_c15 | Thursday,Shopping,r10_c15,Thursday,r22_c25,7,1,0.4117647058823529,0.4117647058823529,1,True
Shopping | r10_c15 | Thursday,Shopping,r10_c15,Thursday,r14_c24,4,2,0.23529411764705882,0.23529411764705882,2,False
Shopping | r10_c15 | Thursday,Shopping,r10_c15,Thursday,r17_c16,3,1,0.17647058823529413,0.17647058823529413,3,False
Shopping | r10_c15 | Thursday,Shopping,r10_c15,Thursday,r22_c23,2,1,0.11764705882352941,0.11764705882352941,4,False
Shopping | r10_c15 | Thursday,Shopping,r10_c15,Thursday,r16_c17,1,1,0.058823529411764705,0.058823529411764705,5,False
Shopping | r10_c15 | Tuesday,Shopping,r10_c15,Tuesday,r16_c17,9,6,0.47368421052631576,0.47368421052631576,1,True
Shopping | r10_c15 | Tuesday,Shopping,r10_c15,Tuesday,r14_c24,4,2,0.21052631578947367,0.21052631578947367,2,False
Shopping | r10_c15 | Tuesday,Shopping,r10_c15,Tuesday,r16_c16,4,2,0.21052631578947367,0.21052631578947367,3,False
Shopping | r10_c15 | Tuesday,Shopping,r10_c15,Tuesday,r17_c16,1,1,0.05263157894736842,0.05263157894736842,4,False
Shopping | r10_c15 | Tuesday,Shopping,r10_c15,Tuesday,r22_c25,1,1,0.05263157894736842,0.05263157894736842,5,False
Shopping | r10_c15 | Wednesday,Shopping,r10_c15,Wednesday,r22_c25,6,1,1.0,1.0,1,True
Shopping | r10_c18 | Monday,Shopping,r10_c18,Monday,r16_c17,2,1,0.5,0.5,1,True
Shopping | r10_c18 | Monday,Shopping,r10_c18,Monday,r10_c19,1,1,0.25,0.25,2,False
Shopping | r10_c18 | Monday,Shopping,r10_c18,Monday,r17_c16,1,1,0.25,0.25,3,False
Shopping | r10_c18 | Thursday,Shopping,r10_c18,Thursday,r10_c19,1,1,0.5,0.5,1,True
Shopping | r10_c18 | Thursday,Shopping,r10_c18,Thursday,r18_c16,1,1,0.5,0.5,2,False
Shopping | r10_c18 | Tuesday,Shopping,r10_c18,Tuesday,r12_c19,3,1,0.6,0.6,1,True
Shopping | r10_c18 | Tuesday,Shopping,r10_c18,Tuesday,r10_c19,2,1,0.4,0.4,2,False
Shopping | r10_c18 | Wednesday,Shopping,r10_c18,Wednesday,r10_c19,4,2,1.0,1.0,1,True
Shopping | r10_c19 | Monday,Shopping,r10_c19,Monday,r10_c18,1,1,1.0,1.0,1,True
Shopping | r10_c19 | Thursday,Shopping,r10_c19,Thursday,r10_c18,5,1,1.0,1.0,1,True
Shopping | r10_c19 | Tuesday,Shopping,r10_c19,Tuesday,r10_c18,1,1,1.0,1.0,1,True
Shopping | r10_c19 | Wednesday,Shopping,r10_c19,Wednesday,r10_c18,1,1,1.0,1.0,1,True
Shopping | r11_c18 | Friday,Shopping,r11_c18,Friday,r12_c19,1,1,0.5,0.5,1,True
Shopping | r11_c18 | Friday,Shopping,r11_c18,Friday,r16_c17,1,1,0.5,0.5,2,False
Shopping | r11_c18 | Monday,Shopping,r11_c18,Monday,r12_c19,2,1,0.5,0.5,1,True
Shopping | r11_c18 | Monday,Shopping,r11_c18,Monday,r16_c16,2,1,0.5,0.5,2,False
Shopping | r11_c18 | Thursday,Shopping,r11_c18,Thursday,r12_c19,1,1,0.5,0.5,1,True
Shopping | r11_c18 | Thursday,Shopping,r11_c18,Thursday,r16_c17,1,1,0.5,0.5,2,False
Shopping | r11_c18 | Tuesday,Shopping,r11_c18,Tuesday,r16_c17,3,2,0.42857142857142855,0.42857142857142855,1,True
Shopping | r11_c18 | Tuesday,Shopping,r11_c18,Tuesday,r12_c19,2,2,0.2857142857142857,0.2857142857142857,2,False
Shopping | r11_c18 | Tuesday,Shopping,r11_c18,Tuesday,r23_c16,2,1,0.2857142857142857,0.2857142857142857,3,False
Shopping | r11_c18 | Wednesday,Shopping,r11_c18,Wednesday,r22_c16,6,1,0.42857142857142855,0.42857142857142855,1,True
Shopping | r11_c18 | Wednesday,Shopping,r11_c18,Wednesday,r23_c16,5,2,0.35714285714285715,0.35714285714285715,2,False
Shopping | r11_c18 | Wednesday,Shopping,r11_c18,Wednesday,r16_c17,2,2,0.14285714285714285,0.14285714285714285,3,False
Shopping | r11_c18 | Wednesday,Shopping,r11_c18,Wednesday,r16_c16,1,1,0.07142857142857142,0.07142857142857142,4,False
Shopping | r12_c19 | Friday,Shopping,r12_c19,Friday,r11_c18,1,1,1.0,1.0,1,True
Shopping | r12_c19 | Monday,Shopping,r12_c19,Monday,r11_c18,1,1,1.0,1.0,1,True
Shopping | r12_c19 | Thursday,Shopping,r12_c19,Thursday,r13_c19,13,4,1.0,1.0,1,True
Shopping | r12_c19 | Tuesday,Shopping,r12_c19,Tuesday,r10_c18,3,1,0.6,0.6,1,True
Shopping | r12_c19 | Tuesday,Shopping,r12_c19,Tuesday,r11_c18,2,2,0.4,0.4,2,False
Shopping | r12_c25 | Friday,Shopping,r12_c25,Friday,r16_c17,19,8,0.95,0.95,1,True
Shopping | r12_c25 | Friday,Shopping,r12_c25,Friday,r21_c17,1,1,0.05,0.05,2,False
Shopping | r12_c25 | Monday,Shopping,r12_c25,Monday,r16_c17,17,5,0.7083333333333334,0.7083333333333334,1,True
Shopping | r12_c25 | Monday,Shopping,r12_c25,Monday,r21_c17,7,1,0.2916666666666667,0.2916666666666667,2,False
Shopping | r12_c25 | Thursday,Shopping,r12_c25,Thursday,r16_c17,19,9,0.9047619047619048,0.9047619047619048,1,True
Shopping | r12_c25 | Thursday,Shopping,r12_c25,Thursday,r21_c17,2,1,0.09523809523809523,0.09523809523809523,2,False
Shopping | r12_c25 | Tuesday,Shopping,r12_c25,Tuesday,r16_c17,15,9,1.0,1.0,1,True
Shopping | r12_c25 | Wednesday,Shopping,r12_c25,Wednesday,r16_c17,10,5,1.0,1.0,1,True
Shopping | r13_c16 | Friday,Shopping,r13_c16,Friday,r10_c14,2,1,0.5,0.5,1,True
Shopping | r13_c16 | Friday,Shopping,r13_c16,Friday,r15_c16,2,1,0.5,0.5,2,False
Shopping | r13_c19 | Monday,Shopping,r13_c19,Monday,r14_c24,2,1,1.0,1.0,1,True
Shopping | r13_c19 | Thursday,Shopping,r13_c19,Thursday,r12_c19,10,4,0.9090909090909091,0.9090909090909091,1,True
Shopping | r13_c19 | Thursday,Shopping,r13_c19,Thursday,r14_c24,1,1,0.09090909090909091,0.09090909090909091,2,False
Shopping | r13_c19 | Tuesday,Shopping,r13_c19,Tuesday,r14_c24,1,1,1.0,1.0,1,True
Shopping | r13_c22 | Friday,Shopping,r13_c22,Friday,r12_c18,1,1,1.0,1.0,1,True
Shopping | r14_c24 | Friday,Shopping,r14_c24,Friday,r16_c17,6,3,0.5454545454545454,0.5454545454545454,1,True
Shopping | r14_c24 | Friday,Shopping,r14_c24,Friday,r10_c14,5,2,0.45454545454545453,0.45454545454545453,2,False
Shopping | r14_c24 | Monday,Shopping,r14_c24,Monday,r13_c19,3,1,0.5,0.5,1,True
Shopping | r14_c24 | Monday,Shopping,r14_c24,Monday,r10_c14,2,1,0.3333333333333333,0.3333333333333333,2,False
Shopping | r14_c24 | Monday,Shopping,r14_c24,Monday,r16_c17,1,1,0.16666666666666666,0.16666666666666666,3,False
Shopping | r14_c24 | Thursday,Shopping,r14_c24,Thursday,r10_c15,3,2,0.6,0.6,1,True
Shopping | r14_c24 | Thursday,Shopping,r14_c24,Thursday,r13_c19,1,1,0.2,0.2,2,False
Shopping | r14_c24 | Thursday,Shopping,r14_c24,Thursday,r16_c17,1,1,0.2,0.2,3,False
Shopping | r14_c24 | Tuesday,Shopping,r14_c24,Tuesday,r10_c15,4,2,0.4,0.4,1,True
Shopping | r14_c24 | Tuesday,Shopping,r14_c24,Tuesday,r16_c17,4,3,0.4,0.4,2,False
Shopping | r14_c24 | Tuesday,Shopping,r14_c24,Tuesday,r13_c19,2,1,0.2,0.2,3,False
Shopping | r14_c24 | Wednesday,Shopping,r14_c24,Wednesday,r16_c17,4,3,1.0,1.0,1,True
Shopping | r15_c16 | Friday,Shopping,r15_c16,Friday,r13_c16,1,1,0.5,0.5,1,True
Shopping | r15_c16 | Friday,Shopping,r15_c16,Friday,r15_c16,1,1,0.5,0.5,2,False
Shopping | r15_c16 | Thursday,Shopping,r15_c16,Thursday,r16_c16,1,1,0.5,0.5,1,True
Shopping | r15_c16 | Thursday,Shopping,r15_c16,Thursday,r22_c15,1,1,0.5,0.5,2,False
Shopping | r15_c16 | Tuesday,Shopping,r15_c16,Tuesday,r22_c15,2,2,0.6666666666666666,0.6666666666666666,1,True
Shopping | r15_c16 | Tuesday,Shopping,r15_c16,Tuesday,r13_c16,1,1,0.3333333333333333,0.3333333333333333,2,False
Shopping | r15_c16 | Wednesday,Shopping,r15_c16,Wednesday,r22_c15,2,1,1.0,1.0,1,True
Shopping | r16_c16 | Friday,Shopping,r16_c16,Friday,r16_c29,6,1,1.0,1.0,1,True
Shopping | r16_c16 | Monday,Shopping,r16_c16,Monday,r16_c29,1,1,0.5,0.5,1,True
Shopping | r16_c16 | Monday,Shopping,r16_c16,Monday,r17_c16,1,1,0.5,0.5,2,False
Shopping | r16_c16 | Thursday,Shopping,r16_c16,Thursday,r15_c16,1,1,0.5,0.5,1,True
Shopping | r16_c16 | Thursday,Shopping,r16_c16,Thursday,r16_c29,1,1,0.5,0.5,2,False
Shopping | r16_c16 | Tuesday,Shopping,r16_c16,Tuesday,r10_c15,2,1,1.0,1.0,1,True
Shopping | r16_c16 | Wednesday,Shopping,r16_c16,Wednesday,r11_c18,2,1,0.6666666666666666,0.6666666666666666,1,True
Shopping | r16_c16 | Wednesday,Shopping,r16_c16,Wednesday,r16_c29,1,1,0.3333333333333333,0.3333333333333333,2,False
Shopping | r16_c17 | Friday,Shopping,r16_c17,Friday,r14_c24,8,3,0.32,0.32,1,True
Shopping | r16_c17 | Friday,Shopping,r16_c17,Friday,r12_c25,7,6,0.28,0.28,2,False
Shopping | r16_c17 | Friday,Shopping,r16_c17,Friday,r10_c14,5,3,0.2,0.2,3,False
Shopping | r16_c17 | Friday,Shopping,r16_c17,Friday,r19_c14,3,2,0.12,0.12,4,False
Shopping | r16_c17 | Friday,Shopping,r16_c17,Friday,r11_c18,1,1,0.04,0.04,5,False
Shopping | r16_c17 | Friday,Shopping,r16_c17,Friday,r18_c15,1,1,0.04,0.04,6,False
Shopping | r16_c17 | Monday,Shopping,r16_c17,Monday,r12_c25,8,3,0.47058823529411764,0.47058823529411764,1,True
Shopping | r16_c17 | Monday,Shopping,r16_c17,Monday,r17_c16,4,2,0.23529411764705882,0.23529411764705882,2,False
Shopping | r16_c17 | Monday,Shopping,r16_c17,Monday,r10_c14,2,2,0.11764705882352941,0.11764705882352941,3,False
Shopping | r16_c17 | Monday,Shopping,r16_c17,Monday,r14_c24,2,1,0.11764705882352941,0.11764705882352941,4,False
Shopping | r16_c17 | Monday,Shopping,r16_c17,Monday,r10_c18,1,1,0.058823529411764705,0.058823529411764705,5,False
Shopping | r16_c17 | Thursday,Shopping,r16_c17,Thursday,r12_c25,28,7,0.5833333333333334,0.5833333333333334,1,True
Shopping | r16_c17 | Thursday,Shopping,r16_c17,Thursday,r14_c24,6,1,0.125,0.125,2,False
Shopping | r16_c17 | Thursday,Shopping,r16_c17,Thursday,r18_c16,6,2,0.125,0.125,3,False
Shopping | r16_c17 | Thursday,Shopping,r16_c17,Thursday,r10_c14,5,5,0.10416666666666667,0.10416666666666667,4,False
Shopping | r16_c17 | Thursday,Shopping,r16_c17,Thursday,r10_c15,1,1,0.020833333333333332,0.020833333333333332,5,False
Shopping | r16_c17 | Thursday,Shopping,r16_c17,Thursday,r11_c18,1,1,0.020833333333333332,0.020833333333333332,6,False
Shopping | r16_c17 | Thursday,Shopping,r16_c17,Thursday,r18_c15,1,1,0.020833333333333332,0.020833333333333332,7,False
Shopping | r16_c17 | Tuesday,Shopping,r16_c17,Tuesday,r12_c25,22,7,0.34375,0.34375,1,True
Shopping | r16_c17 | Tuesday,Shopping,r16_c17,Tuesday,r10_c15,19,7,0.296875,0.296875,2,False
Shopping | r16_c17 | Tuesday,Shopping,r16_c17,Tuesday,r19_c14,7,1,0.109375,0.109375,3,False
Shopping | r16_c17 | Tuesday,Shopping,r16_c17,Tuesday,r10_c14,5,3,0.078125,0.078125,4,False
Shopping | r16_c17 | Tuesday,Shopping,r16_c17,Tuesday,r14_c24,4,3,0.0625,0.0625,5,False
Shopping | r16_c17 | Tuesday,Shopping,r16_c17,Tuesday,r11_c18,3,1,0.046875,0.046875,6,False
Shopping | r16_c17 | Tuesday,Shopping,r16_c17,Tuesday,r17_c16,2,1,0.03125,0.03125,7,False
Shopping | r16_c17 | Tuesday,Shopping,r16_c17,Tuesday,r18_c15,2,1,0.03125,0.03125,8,False
Shopping | r16_c17 | Wednesday,Shopping,r16_c17,Wednesday,r12_c25,7,2,0.25925925925925924,0.25925925925925924,1,True
Shopping | r16_c17 | Wednesday,Shopping,r16_c17,Wednesday,r10_c14,5,3,0.18518518518518517,0.18518518518518517,2,False
Shopping | r16_c17 | Wednesday,Shopping,r16_c17,Wednesday,r14_c24,5,3,0.18518518518518517,0.18518518518518517,3,False
Shopping | r16_c17 | Wednesday,Shopping,r16_c17,Wednesday,r17_c16,4,2,0.14814814814814814,0.14814814814814814,4,False
Shopping | r16_c17 | Wednesday,Shopping,r16_c17,Wednesday,r19_c14,3,1,0.1111111111111111,0.1111111111111111,5,False
Shopping | r16_c17 | Wednesday,Shopping,r16_c17,Wednesday,r18_c15,2,1,0.07407407407407407,0.07407407407407407,6,False
Shopping | r16_c17 | Wednesday,Shopping,r16_c17,Wednesday,r11_c18,1,1,0.037037037037037035,0.037037037037037035,7,False
Shopping | r16_c29 | Friday,Shopping,r16_c29,Friday,r16_c16,1,1,1.0,1.0,1,True
Shopping | r16_c29 | Monday,Shopping,r16_c29,Monday,r16_c16,1,1,1.0,1.0,1,True
Shopping | r16_c29 | Thursday,Shopping,r16_c29,Thursday,r16_c16,6,1,1.0,1.0,1,True
Shopping | r16_c29 | Wednesday,Shopping,r16_c29,Wednesday,r16_c16,3,1,1.0,1.0,1,True
Shopping | r17_c16 | Monday,Shopping,r17_c16,Monday,r16_c17,5,2,0.7142857142857143,0.7142857142857143,1,True
Shopping | r17_c16 | Monday,Shopping,r17_c16,Monday,r10_c18,2,1,0.2857142857142857,0.2857142857142857,2,False
Shopping | r17_c16 | Thursday,Shopping,r17_c16,Thursday,r10_c15,3,1,1.0,1.0,1,True
Shopping | r17_c16 | Tuesday,Shopping,r17_c16,Tuesday,r19_c14,5,1,0.7142857142857143,0.7142857142857143,1,True
Shopping | r17_c16 | Tuesday,Shopping,r17_c16,Tuesday,r10_c15,1,1,0.14285714285714285,0.14285714285714285,2,False
Shopping | r17_c16 | Tuesday,Shopping,r17_c16,Tuesday,r16_c17,1,1,0.14285714285714285,0.14285714285714285,3,False
Shopping | r17_c16 | Wednesday,Shopping,r17_c16,Wednesday,r16_c17,4,2,1.0,1.0,1,True
Shopping | r18_c15 | Friday,Shopping,r18_c15,Friday,r22_c16,5,1,0.35714285714285715,0.35714285714285715,1,True
Shopping | r18_c15 | Friday,Shopping,r18_c15,Friday,r25_c15,4,1,0.2857142857142857,0.2857142857142857,2,False
Shopping | r18_c15 | Friday,Shopping,r18_c15,Friday,r18_c15,3,2,0.21428571428571427,0.21428571428571427,3,False
Shopping | r18_c15 | Friday,Shopping,r18_c15,Friday,r16_c17,1,1,0.07142857142857142,0.07142857142857142,4,False
Shopping | r18_c15 | Friday,Shopping,r18_c15,Friday,r23_c16,1,1,0.07142857142857142,0.07142857142857142,5,False
Shopping | r18_c15 | Monday,Shopping,r18_c15,Monday,r18_c16,1,1,1.0,1.0,1,True
Shopping | r18_c15 | Thursday,Shopping,r18_c15,Thursday,r18_c15,9,4,0.6428571428571429,0.6428571428571429,1,True
Shopping | r18_c15 | Thursday,Shopping,r18_c15,Thursday,r16_c17,2,1,0.14285714285714285,0.14285714285714285,2,False
Shopping | r18_c15 | Thursday,Shopping,r18_c15,Thursday,r23_c16,2,2,0.14285714285714285,0.14285714285714285,3,False
Shopping | r18_c15 | Thursday,Shopping,r18_c15,Thursday,r22_c16,1,1,0.07142857142857142,0.07142857142857142,4,False
Shopping | r18_c15 | Tuesday,Shopping,r18_c15,Tuesday,r18_c15,9,4,0.8181818181818182,0.8181818181818182,1,True
Shopping | r18_c15 | Tuesday,Shopping,r18_c15,Tuesday,r16_c17,1,1,0.09090909090909091,0.09090909090909091,2,False
Shopping | r18_c15 | Tuesday,Shopping,r18_c15,Tuesday,r22_c16,1,1,0.09090909090909091,0.09090909090909091,3,False
Shopping | r18_c15 | Wednesday,Shopping,r18_c15,Wednesday,r18_c15,8,3,0.34782608695652173,0.34782608695652173,1,True
Shopping | r18_c15 | Wednesday,Shopping,r18_c15,Wednesday,r16_c17,7,2,0.30434782608695654,0.30434782608695654,2,False
Shopping | r18_c15 | Wednesday,Shopping,r18_c15,Wednesday,r22_c16,6,1,0.2608695652173913,0.2608695652173913,3,False
Shopping | r18_c15 | Wednesday,Shopping,r18_c15,Wednesday,r23_c16,2,2,0.08695652173913043,0.08695652173913043,4,False
Shopping | r18_c16 | Monday,Shopping,r18_c16,Monday,r18_c15,1,1,1.0,1.0,1,True
Shopping | r18_c16 | Thursday,Shopping,r18_c16,Thursday,r10_c18,3,1,0.6,0.6,1,True
Shopping | r18_c16 | Thursday,Shopping,r18_c16,Thursday,r16_c17,2,2,0.4,0.4,2,False
Shopping | r18_c17 | Friday,Shopping,r18_c17,Friday,r21_c17,2,1,1.0,1.0,1,True
Shopping | r19_c14 | Friday,Shopping,r19_c14,Friday,r16_c17,3,2,0.75,0.75,1,True
Shopping | r19_c14 | Friday,Shopping,r19_c14,Friday,r23_c16,1,1,0.25,0.25,2,False
Shopping | r19_c14 | Tuesday,Shopping,r19_c14,Tuesday,r16_c17,3,1,0.6,0.6,1,True
Shopping | r19_c14 | Tuesday,Shopping,r19_c14,Tuesday,r22_c15,2,1,0.4,0.4,2,False
Shopping | r19_c14 | Wednesday,Shopping,r19_c14,Wednesday,r16_c17,8,2,1.0,1.0,1,True
Shopping | r19_c16 | Monday,Shopping,r19_c16,Monday,r16_c17,1,1,1.0,1.0,1,True
Shopping | r19_c16 | Thursday,Shopping,r19_c16,Thursday,r22_c24,6,3,1.0,1.0,1,True
Shopping | r20_c17 | Tuesday,Shopping,r20_c17,Tuesday,r15_c16,1,1,1.0,1.0,1,True
Shopping | r20_c22 | Friday,Shopping,r20_c22,Friday,r22_c24,7,2,1.0,1.0,1,True
Shopping | r20_c22 | Thursday,Shopping,r20_c22,Thursday,r22_c24,9,3,1.0,1.0,1,True
Shopping | r20_c7 | Wednesday,Shopping,r20_c7,Wednesday,r26_c10,2,1,1.0,1.0,1,True
Shopping | r21_c13 | Monday,Shopping,r21_c13,Monday,r22_c9,1,1,1.0,1.0,1,True
Shopping | r21_c13 | Tuesday,Shopping,r21_c13,Tuesday,r22_c9,2,1,1.0,1.0,1,True
Shopping | r21_c17 | Friday,Shopping,r21_c17,Friday,r12_c25,2,1,1.0,1.0,1,True
Shopping | r21_c17 | Monday,Shopping,r21_c17,Monday,r12_c25,1,1,1.0,1.0,1,True
Shopping | r21_c17 | Thursday,Shopping,r21_c17,Thursday,r12_c25,5,1,0.8333333333333334,0.8333333333333334,1,True
Shopping | r21_c17 | Thursday,Shopping,r21_c17,Thursday,r22_c17,1,1,0.16666666666666666,0.16666666666666666,2,False
Shopping | r21_c31 | Friday,Shopping,r21_c31,Friday,r22_c24,3,1,1.0,1.0,1,True
Shopping | r21_c31 | Monday,Shopping,r21_c31,Monday,r22_c24,4,2,1.0,1.0,1,True
Shopping | r21_c31 | Thursday,Shopping,r21_c31,Thursday,r22_c24,1,1,1.0,1.0,1,True
Shopping | r21_c31 | Tuesday,Shopping,r21_c31,Tuesday,r22_c24,3,2,1.0,1.0,1,True
Shopping | r21_c9 | Friday,Shopping,r21_c9,Friday,r22_c16,1,1,0.5,0.5,1,True
Shopping | r21_c9 | Friday,Shopping,r21_c9,Friday,r31_c20,1,1,0.5,0.5,2,False
Shopping | r21_c9 | Wednesday,Shopping,r21_c9,Wednesday,r22_c16,1,1,1.0,1.0,1,True
Shopping | r22_c15 | Friday,Shopping,r22_c15,Friday,r15_c16,5,1,1.0,1.0,1,True
Shopping | r22_c15 | Monday,Shopping,r22_c15,Monday,r22_c15,3,1,1.0,1.0,1,True
Shopping | r22_c15 | Thursday,Shopping,r22_c15,Thursday,r15_c16,9,2,1.0,1.0,1,True
Shopping | r22_c15 | Tuesday,Shopping,r22_c15,Tuesday,r15_c16,7,2,0.875,0.875,1,True
Shopping | r22_c15 | Tuesday,Shopping,r22_c15,Tuesday,r19_c14,1,1,0.125,0.125,2,False
Shopping | r22_c16 | Friday,Shopping,r22_c16,Friday,r18_c15,4,1,0.4444444444444444,0.4444444444444444,1,True
Shopping | r22_c16 | Friday,Shopping,r22_c16,Friday,r21_c9,4,1,0.4444444444444444,0.4444444444444444,2,False
Shopping | r22_c16 | Friday,Shopping,r22_c16,Friday,r24_c11,1,1,0.1111111111111111,0.1111111111111111,3,False
Shopping | r22_c16 | Thursday,Shopping,r22_c16,Thursday,r18_c15,8,1,1.0,1.0,1,True
Shopping | r22_c16 | Tuesday,Shopping,r22_c16,Tuesday,r18_c15,7,1,0.875,0.875,1,True
Shopping | r22_c16 | Tuesday,Shopping,r22_c16,Tuesday,r27_c14,1,1,0.125,0.125,2,False
Shopping | r22_c16 | Wednesday,Shopping,r22_c16,Wednesday,r24_c11,27,18,0.84375,0.84375,1,True
Shopping | r22_c16 | Wednesday,Shopping,r22_c16,Wednesday,r21_c9,3,1,0.09375,0.09375,2,False
Shopping | r22_c16 | Wednesday,Shopping,r22_c16,Wednesday,r11_c18,1,1,0.03125,0.03125,3,False
Shopping | r22_c16 | Wednesday,Shopping,r22_c16,Wednesday,r18_c15,1,1,0.03125,0.03125,4,False
Shopping | r22_c17 | Friday,Shopping,r22_c17,Friday,r23_c16,2,1,1.0,1.0,1,True
Shopping | r22_c17 | Thursday,Shopping,r22_c17,Thursday,r21_c17,3,1,1.0,1.0,1,True
Shopping | r22_c23 | Monday,Shopping,r22_c23,Monday,r21_c31,1,1,1.0,1.0,1,True
Shopping | r22_c23 | Thursday,Shopping,r22_c23,Thursday,r10_c15,1,1,1.0,1.0,1,True
Shopping | r22_c24 | Friday,Shopping,r22_c24,Friday,r20_c22,1,1,1.0,1.0,1,True
Shopping | r22_c24 | Monday,Shopping,r22_c24,Monday,r21_c31,5,1,1.0,1.0,1,True
Shopping | r22_c24 | Thursday,Shopping,r22_c24,Thursday,r20_c22,6,3,0.8571428571428571,0.8571428571428571,1,True
Shopping | r22_c24 | Thursday,Shopping,r22_c24,Thursday,r21_c31,1,1,0.14285714285714285,0.14285714285714285,2,False
Shopping | r22_c24 | Tuesday,Shopping,r22_c24,Tuesday,r21_c31,1,1,1.0,1.0,1,True
Shopping | r22_c25 | Tuesday,Shopping,r22_c25,Tuesday,r10_c15,23,1,1.0,1.0,1,True
Shopping | r22_c29 | Friday,Shopping,r22_c29,Friday,r22_c24,13,1,1.0,1.0,1,True
Shopping | r22_c29 | Thursday,Shopping,r22_c29,Thursday,r22_c24,8,1,1.0,1.0,1,True
Shopping | r22_c9 | Tuesday,Shopping,r22_c9,Tuesday,r21_c13,2,1,1.0,1.0,1,True
Shopping | r22_c9 | Wednesday,Shopping,r22_c9,Wednesday,r26_c10,3,1,1.0,1.0,1,True
Shopping | r23_c16 | Friday,Shopping,r23_c16,Friday,r18_c15,8,1,0.7272727272727273,0.7272727272727273,1,True
Shopping | r23_c16 | Friday,Shopping,r23_c16,Friday,r19_c14,2,1,0.18181818181818182,0.18181818181818182,2,False
Shopping | r23_c16 | Friday,Shopping,r23_c16,Friday,r24_c7,1,1,0.09090909090909091,0.09090909090909091,3,False
Shopping | r23_c16 | Thursday,Shopping,r23_c16,Thursday,r18_c15,3,2,0.375,0.375,1,True
Shopping | r23_c16 | Thursday,Shopping,r23_c16,Thursday,r24_c23,2,1,0.25,0.25,2,False
Shopping | r23_c16 | Thursday,Shopping,r23_c16,Thursday,r27_c10,2,1,0.25,0.25,3,False
Shopping | r23_c16 | Thursday,Shopping,r23_c16,Thursday,r24_c7,1,1,0.125,0.125,4,False
Shopping | r23_c16 | Tuesday,Shopping,r23_c16,Tuesday,r11_c18,3,1,0.75,0.75,1,True
Shopping | r23_c16 | Tuesday,Shopping,r23_c16,Tuesday,r36_c8,1,1,0.25,0.25,2,False
Shopping | r23_c16 | Wednesday,Shopping,r23_c16,Wednesday,r24_c7,3,2,0.5,0.5,1,True
Shopping | r23_c16 | Wednesday,Shopping,r23_c16,Wednesday,r18_c15,2,2,0.3333333333333333,0.3333333333333333,2,False
Shopping | r23_c16 | Wednesday,Shopping,r23_c16,Wednesday,r11_c18,1,1,0.16666666666666666,0.16666666666666666,3,False
Shopping | r24_c10 | Friday,Shopping,r24_c10,Friday,r26_c10,1,1,1.0,1.0,1,True
Shopping | r24_c11 | Friday,Shopping,r24_c11,Friday,r22_c16,1,1,1.0,1.0,1,True
Shopping | r24_c11 | Thursday,Shopping,r24_c11,Thursday,r23_c16,1,1,1.0,1.0,1,True
Shopping | r24_c11 | Wednesday,Shopping,r24_c11,Wednesday,r22_c16,28,19,1.0,1.0,1,True
Shopping | r24_c16 | Monday,Shopping,r24_c16,Monday,r26_c17,2,1,1.0,1.0,1,True
Shopping | r24_c23 | Thursday,Shopping,r24_c23,Thursday,r23_c16,4,2,1.0,1.0,1,True
Shopping | r24_c23 | Wednesday,Shopping,r24_c23,Wednesday,r23_c16,4,1,0.6666666666666666,0.6666666666666666,1,True
Shopping | r24_c23 | Wednesday,Shopping,r24_c23,Wednesday,r25_c21,2,1,0.3333333333333333,0.3333333333333333,2,False
Shopping | r24_c7 | Friday,Shopping,r24_c7,Friday,r23_c16,1,1,1.0,1.0,1,True
Shopping | r24_c7 | Thursday,Shopping,r24_c7,Thursday,r23_c16,2,1,0.6666666666666666,0.6666666666666666,1,True
Shopping | r24_c7 | Thursday,Shopping,r24_c7,Thursday,r24_c11,1,1,0.3333333333333333,0.3333333333333333,2,False
Shopping | r24_c7 | Wednesday,Shopping,r24_c7,Wednesday,r23_c16,3,2,1.0,1.0,1,True
Shopping | r25_c15 | Friday,Shopping,r25_c15,Friday,r18_c15,5,1,1.0,1.0,1,True
Shopping | r25_c15 | Monday,Shopping,r25_c15,Monday,r25_c16,1,1,1.0,1.0,1,True
Shopping | r25_c16 | Monday,Shopping,r25_c16,Monday,r25_c15,1,1,1.0,1.0,1,True
Shopping | r25_c21 | Wednesday,Shopping,r25_c21,Wednesday,r24_c23,1,1,1.0,1.0,1,True
Shopping | r26_c10 | Friday,Shopping,r26_c10,Friday,r31_c5,3,1,0.6,0.6,1,True
Shopping | r26_c10 | Friday,Shopping,r26_c10,Friday,r24_c10,1,1,0.2,0.2,2,False
Shopping | r26_c10 | Friday,Shopping,r26_c10,Friday,r27_c12,1,1,0.2,0.2,3,False
Shopping | r26_c10 | Monday,Shopping,r26_c10,Monday,r28_c15,1,1,0.5,0.5,1,True
Shopping | r26_c10 | Monday,Shopping,r26_c10,Monday,r31_c5,1,1,0.5,0.5,2,False
Shopping | r26_c10 | Thursday,Shopping,r26_c10,Thursday,r27_c10,4,2,1.0,1.0,1,True
Shopping | r26_c10 | Wednesday,Shopping,r26_c10,Wednesday,r20_c7,2,1,0.6666666666666666,0.6666666666666666,1,True
Shopping | r26_c10 | Wednesday,Shopping,r26_c10,Wednesday,r22_c9,1,1,0.3333333333333333,0.3333333333333333,2,False
Shopping | r26_c15 | Monday,Shopping,r26_c15,Monday,r33_c23,4,1,1.0,1.0,1,True
Shopping | r26_c16 | Friday,Shopping,r26_c16,Friday,r31_c14,1,1,0.5,0.5,1,True
Shopping | r26_c16 | Friday,Shopping,r26_c16,Friday,r35_c14,1,1,0.5,0.5,2,False
Shopping | r26_c16 | Monday,Shopping,r26_c16,Monday,r35_c14,1,1,1.0,1.0,1,True
Shopping | r26_c16 | Thursday,Shopping,r26_c16,Thursday,r27_c17,1,1,1.0,1.0,1,True
Shopping | r26_c16 | Tuesday,Shopping,r26_c16,Tuesday,r27_c17,3,1,0.5,0.5,1,True
Shopping | r26_c16 | Tuesday,Shopping,r26_c16,Tuesday,r35_c14,2,2,0.3333333333333333,0.3333333333333333,2,False
Shopping | r26_c16 | Tuesday,Shopping,r26_c16,Tuesday,r31_c14,1,1,0.16666666666666666,0.16666666666666666,3,False
Shopping | r26_c9 | Thursday,Shopping,r26_c9,Thursday,r27_c10,1,1,1.0,1.0,1,True
Shopping | r27_c10 | Friday,Shopping,r27_c10,Friday,r27_c12,2,1,0.6666666666666666,0.6666666666666666,1,True
Shopping | r27_c10 | Friday,Shopping,r27_c10,Friday,r28_c13,1,1,0.3333333333333333,0.3333333333333333,2,False
Shopping | r27_c10 | Monday,Shopping,r27_c10,Monday,r27_c12,2,1,0.5,0.5,1,True
Shopping | r27_c10 | Monday,Shopping,r27_c10,Monday,r28_c10,1,1,0.25,0.25,2,False
Shopping | r27_c10 | Monday,Shopping,r27_c10,Monday,r28_c11,1,1,0.25,0.25,3,False
Shopping | r27_c10 | Thursday,Shopping,r27_c10,Thursday,r26_c10,6,3,0.46153846153846156,0.46153846153846156,1,True
Shopping | r27_c10 | Thursday,Shopping,r27_c10,Thursday,r23_c16,2,1,0.15384615384615385,0.15384615384615385,2,False
Shopping | r27_c10 | Thursday,Shopping,r27_c10,Thursday,r27_c12,2,2,0.15384615384615385,0.15384615384615385,3,False
Shopping | r27_c10 | Thursday,Shopping,r27_c10,Thursday,r26_c9,1,1,0.07692307692307693,0.07692307692307693,4,False
Shopping | r27_c10 | Thursday,Shopping,r27_c10,Thursday,r28_c11,1,1,0.07692307692307693,0.07692307692307693,5,False
Shopping | r27_c10 | Thursday,Shopping,r27_c10,Thursday,r33_c16,1,1,0.07692307692307693,0.07692307692307693,6,False
Shopping | r27_c10 | Tuesday,Shopping,r27_c10,Tuesday,r27_c12,4,1,0.4444444444444444,0.4444444444444444,1,True
Shopping | r27_c10 | Tuesday,Shopping,r27_c10,Tuesday,r31_c5,4,1,0.4444444444444444,0.4444444444444444,2,False
Shopping | r27_c10 | Tuesday,Shopping,r27_c10,Tuesday,r26_c10,1,1,0.1111111111111111,0.1111111111111111,3,False
Shopping | r27_c10 | Wednesday,Shopping,r27_c10,Wednesday,r27_c12,3,3,0.6,0.6,1,True
Shopping | r27_c10 | Wednesday,Shopping,r27_c10,Wednesday,r28_c13,2,2,0.4,0.4,2,False
Shopping | r27_c12 | Friday,Shopping,r27_c12,Friday,r26_c10,1,1,0.5,0.5,1,True
Shopping | r27_c12 | Friday,Shopping,r27_c12,Friday,r27_c10,1,1,0.5,0.5,2,False
Shopping | r27_c12 | Monday,Shopping,r27_c12,Monday,r27_c10,1,1,1.0,1.0,1,True
Shopping | r27_c12 | Thursday,Shopping,r27_c12,Thursday,r27_c10,2,2,1.0,1.0,1,True
Shopping | r27_c12 | Tuesday,Shopping,r27_c12,Tuesday,r27_c10,2,1,1.0,1.0,1,True
Shopping | r27_c12 | Wednesday,Shopping,r27_c12,Wednesday,r27_c10,4,3,1.0,1.0,1,True
Shopping | r27_c14 | Tuesday,Shopping,r27_c14,Tuesday,r22_c16,1,1,1.0,1.0,1,True
Shopping | r27_c16 | Friday,Shopping,r27_c16,Friday,r34_c18,6,1,0.5454545454545454,0.5454545454545454,1,True
Shopping | r27_c16 | Friday,Shopping,r27_c16,Friday,r36_c8,5,3,0.45454545454545453,0.45454545454545453,2,False
Shopping | r27_c16 | Monday,Shopping,r27_c16,Monday,r36_c8,13,4,1.0,1.0,1,True
Shopping | r27_c16 | Thursday,Shopping,r27_c16,Thursday,r36_c8,9,2,0.8181818181818182,0.8181818181818182,1,True
Shopping | r27_c16 | Thursday,Shopping,r27_c16,Thursday,r31_c14,2,2,0.18181818181818182,0.18181818181818182,2,False
Shopping | r27_c16 | Tuesday,Shopping,r27_c16,Tuesday,r36_c8,9,2,1.0,1.0,1,True
Shopping | r27_c16 | Wednesday,Shopping,r27_c16,Wednesday,r36_c8,7,3,1.0,1.0,1,True
Shopping | r27_c17 | Thursday,Shopping,r27_c17,Thursday,r26_c16,1,1,0.5,0.5,1,True
Shopping | r27_c17 | Thursday,Shopping,r27_c17,Thursday,r27_c18,1,1,0.5,0.5,2,False
Shopping | r27_c17 | Tuesday,Shopping,r27_c17,Tuesday,r26_c16,4,1,1.0,1.0,1,True
Shopping | r27_c18 | Friday,Shopping,r27_c18,Friday,r29_c10,7,2,1.0,1.0,1,True
Shopping | r27_c18 | Monday,Shopping,r27_c18,Monday,r29_c10,8,6,1.0,1.0,1,True
Shopping | r27_c18 | Thursday,Shopping,r27_c18,Thursday,r29_c10,6,5,0.8571428571428571,0.8571428571428571,1,True
Shopping | r27_c18 | Thursday,Shopping,r27_c18,Thursday,r27_c17,1,1,0.14285714285714285,0.14285714285714285,2,False
Shopping | r27_c18 | Tuesday,Shopping,r27_c18,Tuesday,r29_c10,24,5,1.0,1.0,1,True
Shopping | r28_c10 | Monday,Shopping,r28_c10,Monday,r27_c10,1,1,1.0,1.0,1,True
Shopping | r28_c10 | Thursday,Shopping,r28_c10,Thursday,r27_c10,2,2,0.6666666666666666,0.6666666666666666,1,True
Shopping | r28_c10 | Thursday,Shopping,r28_c10,Thursday,r28_c15,1,1,0.3333333333333333,0.3333333333333333,2,False
Shopping | r28_c10 | Tuesday,Shopping,r28_c10,Tuesday,r28_c15,6,1,1.0,1.0,1,True
Shopping | r28_c10 | Wednesday,Shopping,r28_c10,Wednesday,r28_c15,1,1,1.0,1.0,1,True
Shopping | r28_c11 | Monday,Shopping,r28_c11,Monday,r27_c10,1,1,1.0,1.0,1,True
Shopping | r28_c11 | Thursday,Shopping,r28_c11,Thursday,r27_c10,2,1,1.0,1.0,1,True
Shopping | r28_c12 | Friday,Shopping,r28_c12,Friday,r35_c23,1,1,1.0,1.0,1,True
Shopping | r28_c12 | Thursday,Shopping,r28_c12,Thursday,r35_c23,2,1,1.0,1.0,1,True
Shopping | r28_c12 | Tuesday,Shopping,r28_c12,Tuesday,r35_c16,1,1,1.0,1.0,1,True
Shopping | r28_c13 | Friday,Shopping,r28_c13,Friday,r27_c10,8,4,0.8888888888888888,0.8888888888888888,1,True
Shopping | r28_c13 | Friday,Shopping,r28_c13,Friday,r30_c21,1,1,0.1111111111111111,0.1111111111111111,2,False
Shopping | r28_c13 | Monday,Shopping,r28_c13,Monday,r27_c10,2,1,0.5,0.5,1,True
Shopping | r28_c13 | Monday,Shopping,r28_c13,Monday,r30_c21,2,1,0.5,0.5,2,False
Shopping | r28_c13 | Wednesday,Shopping,r28_c13,Wednesday,r27_c10,4,3,0.8,0.8,1,True
Shopping | r28_c13 | Wednesday,Shopping,r28_c13,Wednesday,r27_c12,1,1,0.2,0.2,2,False
Shopping | r28_c14 | Friday,Shopping,r28_c14,Friday,r35_c23,3,3,1.0,1.0,1,True
Shopping | r28_c14 | Monday,Shopping,r28_c14,Monday,r35_c23,5,3,1.0,1.0,1,True
Shopping | r28_c14 | Thursday,Shopping,r28_c14,Thursday,r35_c23,2,2,1.0,1.0,1,True
Shopping | r28_c14 | Tuesday,Shopping,r28_c14,Tuesday,r35_c23,2,1,1.0,1.0,1,True
Shopping | r28_c14 | Wednesday,Shopping,r28_c14,Wednesday,r35_c23,7,3,1.0,1.0,1,True
Shopping | r28_c15 | Friday,Shopping,r28_c15,Friday,r18_c15,4,1,1.0,1.0,1,True
Shopping | r28_c15 | Monday,Shopping,r28_c15,Monday,r35_c23,8,8,0.4444444444444444,0.4444444444444444,1,True
Shopping | r28_c15 | Monday,Shopping,r28_c15,Monday,r34_c24,4,2,0.2222222222222222,0.2222222222222222,2,False
Shopping | r28_c15 | Monday,Shopping,r28_c15,Monday,r26_c10,3,1,0.16666666666666666,0.16666666666666666,3,False
Shopping | r28_c15 | Monday,Shopping,r28_c15,Monday,r34_c23,2,2,0.1111111111111111,0.1111111111111111,4,False
Shopping | r28_c15 | Monday,Shopping,r28_c15,Monday,r32_c12,1,1,0.05555555555555555,0.05555555555555555,5,False
Shopping | r28_c15 | Thursday,Shopping,r28_c15,Thursday,r32_c12,4,1,0.3333333333333333,0.3333333333333333,1,True
Shopping | r28_c15 | Thursday,Shopping,r28_c15,Thursday,r28_c10,3,1,0.25,0.25,2,False
Shopping | r28_c15 | Thursday,Shopping,r28_c15,Thursday,r35_c23,3,2,0.25,0.25,3,False
Shopping | r28_c15 | Thursday,Shopping,r28_c15,Thursday,r18_c15,2,1,0.16666666666666666,0.16666666666666666,4,False
Shopping | r28_c15 | Tuesday,Shopping,r28_c15,Tuesday,r18_c15,12,2,0.631578947368421,0.631578947368421,1,True
Shopping | r28_c15 | Tuesday,Shopping,r28_c15,Tuesday,r35_c23,3,2,0.15789473684210525,0.15789473684210525,2,False
Shopping | r28_c15 | Tuesday,Shopping,r28_c15,Tuesday,r32_c12,2,1,0.10526315789473684,0.10526315789473684,3,False
Shopping | r28_c15 | Tuesday,Shopping,r28_c15,Tuesday,r28_c10,1,1,0.05263157894736842,0.05263157894736842,4,False
Shopping | r28_c15 | Tuesday,Shopping,r28_c15,Tuesday,r30_c25,1,1,0.05263157894736842,0.05263157894736842,5,False
Shopping | r28_c15 | Wednesday,Shopping,r28_c15,Wednesday,r35_c23,12,6,0.4444444444444444,0.4444444444444444,1,True
Shopping | r28_c15 | Wednesday,Shopping,r28_c15,Wednesday,r32_c12,9,2,0.3333333333333333,0.3333333333333333,2,False
Shopping | r28_c15 | Wednesday,Shopping,r28_c15,Wednesday,r18_c15,4,1,0.14814814814814814,0.14814814814814814,3,False
Shopping | r28_c15 | Wednesday,Shopping,r28_c15,Wednesday,r28_c10,1,1,0.037037037037037035,0.037037037037037035,4,False
Shopping | r28_c15 | Wednesday,Shopping,r28_c15,Wednesday,r34_c24,1,1,0.037037037037037035,0.037037037037037035,5,False
Shopping | r29_c10 | Friday,Shopping,r29_c10,Friday,r27_c18,2,2,1.0,1.0,1,True
Shopping | r29_c10 | Monday,Shopping,r29_c10,Monday,r27_c18,8,6,1.0,1.0,1,True
Shopping | r29_c10 | Saturday,Shopping,r29_c10,Saturday,r27_c18,7,1,1.0,1.0,1,True
Shopping | r29_c10 | Thursday,Shopping,r29_c10,Thursday,r27_c18,5,5,1.0,1.0,1,True
Shopping | r29_c10 | Tuesday,Shopping,r29_c10,Tuesday,r27_c18,7,6,1.0,1.0,1,True
Shopping | r29_c15 | Friday,Shopping,r29_c15,Friday,r33_c9,2,1,1.0,1.0,1,True
Shopping | r29_c17 | Friday,Shopping,r29_c17,Friday,r35_c16,2,1,1.0,1.0,1,True
Shopping | r29_c17 | Monday,Shopping,r29_c17,Monday,r37_c21,11,1,1.0,1.0,1,True
Shopping | r29_c17 | Thursday,Shopping,r29_c17,Thursday,r31_c14,1,1,1.0,1.0,1,True
Shopping | r29_c17 | Wednesday,Shopping,r29_c17,Wednesday,r35_c23,3,1,1.0,1.0,1,True
Shopping | r29_c19 | Wednesday,Shopping,r29_c19,Wednesday,r31_c19,3,1,1.0,1.0,1,True
Shopping | r29_c22 | Thursday,Shopping,r29_c22,Thursday,r28_c16,2,1,1.0,1.0,1,True
Shopping | r30_c17 | Wednesday,Shopping,r30_c17,Wednesday,r35_c21,1,1,1.0,1.0,1,True
Shopping | r30_c18 | Thursday,Shopping,r30_c18,Thursday,r35_c23,2,1,0.6666666666666666,0.6666666666666666,1,True
Shopping | r30_c18 | Thursday,Shopping,r30_c18,Thursday,r35_c16,1,1,0.3333333333333333,0.3333333333333333,2,False
Shopping | r30_c18 | Tuesday,Shopping,r30_c18,Tuesday,r32_c12,4,1,1.0,1.0,1,True
Shopping | r30_c20 | Friday,Shopping,r30_c20,Friday,r30_c21,2,1,0.6666666666666666,0.6666666666666666,1,True
Shopping | r30_c20 | Friday,Shopping,r30_c20,Friday,r35_c14,1,1,0.3333333333333333,0.3333333333333333,2,False
Shopping | r30_c20 | Monday,Shopping,r30_c20,Monday,r30_c21,2,1,1.0,1.0,1,True
Shopping | r30_c20 | Thursday,Shopping,r30_c20,Thursday,r35_c14,4,2,0.5714285714285714,0.5714285714285714,1,True
Shopping | r30_c20 | Thursday,Shopping,r30_c20,Thursday,r30_c21,3,1,0.42857142857142855,0.42857142857142855,2,False
Shopping | r30_c20 | Wednesday,Shopping,r30_c20,Wednesday,r30_c21,1,1,1.0,1.0,1,True
Shopping | r30_c21 | Friday,Shopping,r30_c21,Friday,r28_c13,1,1,0.5,0.5,1,True
Shopping | r30_c21 | Friday,Shopping,r30_c21,Friday,r30_c20,1,1,0.5,0.5,2,False
Shopping | r30_c21 | Monday,Shopping,r30_c21,Monday,r30_c20,2,1,0.5,0.5,1,True
Shopping | r30_c21 | Monday,Shopping,r30_c21,Monday,r28_c13,1,1,0.25,0.25,2,False
Shopping | r30_c21 | Monday,Shopping,r30_c21,Monday,r33_c20,1,1,0.25,0.25,3,False
Shopping | r30_c21 | Tuesday,Shopping,r30_c21,Tuesday,r33_c23,3,1,0.5,0.5,1,True
Shopping | r30_c21 | Tuesday,Shopping,r30_c21,Tuesday,r36_c22,3,1,0.5,0.5,2,False
Shopping | r30_c21 | Wednesday,Shopping,r30_c21,Wednesday,r30_c20,1,1,1.0,1.0,1,True
Shopping | r30_c25 | Tuesday,Shopping,r30_c25,Tuesday,r28_c15,1,1,1.0,1.0,1,True
Shopping | r31_c14 | Friday,Shopping,r31_c14,Friday,r35_c16,2,2,0.4,0.4,1,True
Shopping | r31_c14 | Friday,Shopping,r31_c14,Friday,r26_c16,1,1,0.2,0.2,2,False
Shopping | r31_c14 | Friday,Shopping,r31_c14,Friday,r32_c12,1,1,0.2,0.2,3,False
Shopping | r31_c14 | Friday,Shopping,r31_c14,Friday,r34_c17,1,1,0.2,0.2,4,False
Shopping | r31_c14 | Thursday,Shopping,r31_c14,Thursday,r27_c16,2,2,0.3333333333333333,0.3333333333333333,1,True
Shopping | r31_c14 | Thursday,Shopping,r31_c14,Thursday,r29_c17,1,1,0.16666666666666666,0.16666666666666666,2,False
Shopping | r31_c14 | Thursday,Shopping,r31_c14,Thursday,r32_c13,1,1,0.16666666666666666,0.16666666666666666,3,False
Shopping | r31_c14 | Thursday,Shopping,r31_c14,Thursday,r33_c17,1,1,0.16666666666666666,0.16666666666666666,4,False
Shopping | r31_c14 | Thursday,Shopping,r31_c14,Thursday,r35_c16,1,1,0.16666666666666666,0.16666666666666666,5,False
Shopping | r31_c14 | Tuesday,Shopping,r31_c14,Tuesday,r26_c16,1,1,0.5,0.5,1,True
Shopping | r31_c14 | Tuesday,Shopping,r31_c14,Tuesday,r35_c16,1,1,0.5,0.5,2,False
Shopping | r31_c14 | Wednesday,Shopping,r31_c14,Wednesday,r35_c16,11,3,0.6111111111111112,0.6111111111111112,1,True
Shopping | r31_c14 | Wednesday,Shopping,r31_c14,Wednesday,r26_c16,6,1,0.3333333333333333,0.3333333333333333,2,False
Shopping | r31_c14 | Wednesday,Shopping,r31_c14,Wednesday,r32_c12,1,1,0.05555555555555555,0.05555555555555555,3,False
Shopping | r31_c19 | Wednesday,Shopping,r31_c19,Wednesday,r29_c19,6,1,1.0,1.0,1,True
Shopping | r31_c20 | Friday,Shopping,r31_c20,Friday,r35_c23,3,3,0.5,0.5,1,True
Shopping | r31_c20 | Friday,Shopping,r31_c20,Friday,r21_c9,1,1,0.16666666666666666,0.16666666666666666,2,False
Shopping | r31_c20 | Friday,Shopping,r31_c20,Friday,r33_c23,1,1,0.16666666666666666,0.16666666666666666,3,False
Shopping | r31_c20 | Friday,Shopping,r31_c20,Friday,r35_c16,1,1,0.16666666666666666,0.16666666666666666,4,False
Shopping | r31_c20 | Thursday,Shopping,r31_c20,Thursday,r35_c23,3,2,0.5,0.5,1,True
Shopping | r31_c20 | Thursday,Shopping,r31_c20,Thursday,r26_c19,1,1,0.16666666666666666,0.16666666666666666,2,False
Shopping | r31_c20 | Thursday,Shopping,r31_c20,Thursday,r33_c16,1,1,0.16666666666666666,0.16666666666666666,3,False
Shopping | r31_c20 | Thursday,Shopping,r31_c20,Thursday,r33_c23,1,1,0.16666666666666666,0.16666666666666666,4,False
Shopping | r31_c20 | Tuesday,Shopping,r31_c20,Tuesday,r35_c23,3,1,0.75,0.75,1,True
Shopping | r31_c20 | Tuesday,Shopping,r31_c20,Tuesday,r33_c23,1,1,0.25,0.25,2,False
Shopping | r31_c20 | Wednesday,Shopping,r31_c20,Wednesday,r35_c23,3,2,0.75,0.75,1,True
Shopping | r31_c20 | Wednesday,Shopping,r31_c20,Wednesday,r30_c20,1,1,0.25,0.25,2,False
Shopping | r31_c21 | Friday,Shopping,r31_c21,Friday,r32_c19,5,1,1.0,1.0,1,True
Shopping | r31_c5 | Friday,Shopping,r31_c5,Friday,r26_c10,1,1,1.0,1.0,1,True
Shopping | r31_c5 | Monday,Shopping,r31_c5,Monday,r26_c10,1,1,1.0,1.0,1,True
Shopping | r31_c5 | Tuesday,Shopping,r31_c5,Tuesday,r27_c10,3,1,1.0,1.0,1,True
Shopping | r32_c12 | Friday,Shopping,r32_c12,Friday,r31_c14,1,1,1.0,1.0,1,True
Shopping | r32_c12 | Monday,Shopping,r32_c12,Monday,r28_c15,1,1,1.0,1.0,1,True
Shopping | r32_c12 | Tuesday,Shopping,r32_c12,Tuesday,r30_c18,3,1,0.75,0.75,1,True
Shopping | r32_c12 | Tuesday,Shopping,r32_c12,Tuesday,r28_c15,1,1,0.25,0.25,2,False
Shopping | r32_c12 | Wednesday,Shopping,r32_c12,Wednesday,r28_c15,2,2,0.6666666666666666,0.6666666666666666,1,True
Shopping | r32_c12 | Wednesday,Shopping,r32_c12,Wednesday,r31_c14,1,1,0.3333333333333333,0.3333333333333333,2,False
Shopping | r32_c13 | Thursday,Shopping,r32_c13,Thursday,r31_c14,1,1,1.0,1.0,1,True
Shopping | r32_c17 | Monday,Shopping,r32_c17,Monday,r35_c16,6,3,1.0,1.0,1,True
Shopping | r32_c17 | Thursday,Shopping,r32_c17,Thursday,r33_c16,3,1,0.75,0.75,1,True
Shopping | r32_c17 | Thursday,Shopping,r32_c17,Thursday,r35_c16,1,1,0.25,0.25,2,False
Shopping | r32_c17 | Tuesday,Shopping,r32_c17,Tuesday,r35_c16,1,1,1.0,1.0,1,True
Shopping | r32_c17 | Wednesday,Shopping,r32_c17,Wednesday,r35_c16,1,1,1.0,1.0,1,True
Shopping | r32_c19 | Friday,Shopping,r32_c19,Friday,r31_c21,1,1,1.0,1.0,1,True
Shopping | r32_c20 | Friday,Shopping,r32_c20,Friday,r35_c23,3,2,0.375,0.375,1,True
Shopping | r32_c20 | Friday,Shopping,r32_c20,Friday,r36_c22,3,2,0.375,0.375,2,False
Shopping | r32_c20 | Friday,Shopping,r32_c20,Friday,r34_c18,1,1,0.125,0.125,3,False
Shopping | r32_c20 | Friday,Shopping,r32_c20,Friday,r36_c16,1,1,0.125,0.125,4,False
Shopping | r32_c20 | Monday,Shopping,r32_c20,Monday,r36_c16,2,2,1.0,1.0,1,True
Shopping | r32_c20 | Thursday,Shopping,r32_c20,Thursday,r34_c18,1,1,1.0,1.0,1,True
Shopping | r32_c20 | Tuesday,Shopping,r32_c20,Tuesday,r36_c22,3,3,0.75,0.75,1,True
Shopping | r32_c20 | Tuesday,Shopping,r32_c20,Tuesday,r36_c16,1,1,0.25,0.25,2,False
Shopping | r32_c21 | Tuesday,Shopping,r32_c21,Tuesday,r33_c21,9,4,1.0,1.0,1,True
Shopping | r33_c16 | Friday,Shopping,r33_c16,Friday,r34_c18,3,3,1.0,1.0,1,True
Shopping | r33_c16 | Thursday,Shopping,r33_c16,Thursday,r27_c10,3,1,0.375,0.375,1,True
Shopping | r33_c16 | Thursday,Shopping,r33_c16,Thursday,r34_c18,2,2,0.25,0.25,2,False
Shopping | r33_c16 | Thursday,Shopping,r33_c16,Thursday,r31_c20,1,1,0.125,0.125,3,False
Shopping | r33_c16 | Thursday,Shopping,r33_c16,Thursday,r32_c17,1,1,0.125,0.125,4,False
Shopping | r33_c16 | Thursday,Shopping,r33_c16,Thursday,r35_c19,1,1,0.125,0.125,5,False
Shopping | r33_c16 | Tuesday,Shopping,r33_c16,Tuesday,r34_c18,7,3,0.875,0.875,1,True
Shopping | r33_c16 | Tuesday,Shopping,r33_c16,Tuesday,r35_c15,1,1,0.125,0.125,2,False
Shopping | r33_c16 | Wednesday,Shopping,r33_c16,Wednesday,r34_c18,8,4,0.7272727272727273,0.7272727272727273,1,True
Shopping | r33_c16 | Wednesday,Shopping,r33_c16,Wednesday,r36_c16,2,1,0.18181818181818182,0.18181818181818182,2,False
Shopping | r33_c16 | Wednesday,Shopping,r33_c16,Wednesday,r35_c19,1,1,0.09090909090909091,0.09090909090909091,3,False
Shopping | r33_c17 | Friday,Shopping,r33_c17,Friday,r34_c18,2,2,0.6666666666666666,0.6666666666666666,1,True
Shopping | r33_c17 | Friday,Shopping,r33_c17,Friday,r31_c14,1,1,0.3333333333333333,0.3333333333333333,2,False
Shopping | r33_c17 | Thursday,Shopping,r33_c17,Thursday,r31_c14,1,1,1.0,1.0,1,True
Shopping | r33_c20 | Friday,Shopping,r33_c20,Friday,r34_c18,3,2,1.0,1.0,1,True
Shopping | r33_c20 | Monday,Shopping,r33_c20,Monday,r30_c21,1,1,1.0,1.0,1,True
Shopping | r33_c20 | Thursday,Shopping,r33_c20,Thursday,r34_c18,8,2,1.0,1.0,1,True
Shopping | r33_c20 | Wednesday,Shopping,r33_c20,Wednesday,r33_c24,1,1,1.0,1.0,1,True
Shopping | r33_c21 | Tuesday,Shopping,r33_c21,Tuesday,r32_c21,8,4,1.0,1.0,1,True
Shopping | r33_c23 | Friday,Shopping,r33_c23,Friday,r31_c20,1,1,1.0,1.0,1,True
Shopping | r33_c23 | Monday,Shopping,r33_c23,Monday,r35_c19,2,1,0.5,0.5,1,True
Shopping | r33_c23 | Monday,Shopping,r33_c23,Monday,r26_c15,1,1,0.25,0.25,2,False
Shopping | r33_c23 | Monday,Shopping,r33_c23,Monday,r35_c16,1,1,0.25,0.25,3,False
Shopping | r33_c23 | Thursday,Shopping,r33_c23,Thursday,r35_c20,2,2,0.5,0.5,1,True
Shopping | r33_c23 | Thursday,Shopping,r33_c23,Thursday,r31_c20,1,1,0.25,0.25,2,False
Shopping | r33_c23 | Thursday,Shopping,r33_c23,Thursday,r36_c23,1,1,0.25,0.25,3,False
Shopping | r33_c23 | Tuesday,Shopping,r33_c23,Tuesday,r36_c23,6,3,0.5454545454545454,0.5454545454545454,1,True
Shopping | r33_c23 | Tuesday,Shopping,r33_c23,Tuesday,r30_c21,2,1,0.18181818181818182,0.18181818181818182,2,False
Shopping | r33_c23 | Tuesday,Shopping,r33_c23,Tuesday,r31_c20,2,1,0.18181818181818182,0.18181818181818182,3,False
Shopping | r33_c23 | Tuesday,Shopping,r33_c23,Tuesday,r34_c20,1,1,0.09090909090909091,0.09090909090909091,4,False
Shopping | r33_c23 | Wednesday,Shopping,r33_c23,Wednesday,r36_c23,1,1,1.0,1.0,1,True
Shopping | r33_c24 | Wednesday,Shopping,r33_c24,Wednesday,r33_c20,1,1,1.0,1.0,1,True
Shopping | r33_c9 | Friday,Shopping,r33_c9,Friday,r29_c15,1,1,1.0,1.0,1,True
Shopping | r34_c17 | Friday,Shopping,r34_c17,Friday,r31_c14,1,1,0.5,0.5,1,True
Shopping | r34_c17 | Friday,Shopping,r34_c17,Friday,r34_c18,1,1,0.5,0.5,2,False
Shopping | r34_c17 | Thursday,Shopping,r34_c17,Thursday,r35_c19,1,1,1.0,1.0,1,True
Shopping | r34_c18 | Friday,Shopping,r34_c18,Friday,r35_c16,30,14,0.5882352941176471,0.5882352941176471,1,True
Shopping | r34_c18 | Friday,Shopping,r34_c18,Friday,r33_c17,7,2,0.13725490196078433,0.13725490196078433,2,False
Shopping | r34_c18 | Friday,Shopping,r34_c18,Friday,r33_c16,4,3,0.0784313725490196,0.0784313725490196,3,False
Shopping | r34_c18 | Friday,Shopping,r34_c18,Friday,r35_c23,3,2,0.058823529411764705,0.058823529411764705,4,False
Shopping | r34_c18 | Friday,Shopping,r34_c18,Friday,r32_c20,2,2,0.0392156862745098,0.0392156862745098,5,False
Shopping | r34_c18 | Friday,Shopping,r34_c18,Friday,r34_c17,2,1,0.0392156862745098,0.0392156862745098,6,False
Shopping | r34_c18 | Friday,Shopping,r34_c18,Friday,r27_c16,1,1,0.0196078431372549,0.0196078431372549,7,False
Shopping | r34_c18 | Friday,Shopping,r34_c18,Friday,r33_c20,1,1,0.0196078431372549,0.0196078431372549,8,False
Shopping | r34_c18 | Friday,Shopping,r34_c18,Friday,r34_c21,1,1,0.0196078431372549,0.0196078431372549,9,False
Shopping | r34_c18 | Monday,Shopping,r34_c18,Monday,r35_c16,11,4,0.6875,0.6875,1,True
Shopping | r34_c18 | Monday,Shopping,r34_c18,Monday,r33_c16,2,1,0.125,0.125,2,False
Shopping | r34_c18 | Monday,Shopping,r34_c18,Monday,r35_c23,2,2,0.125,0.125,3,False
Shopping | r34_c18 | Monday,Shopping,r34_c18,Monday,r34_c21,1,1,0.0625,0.0625,4,False
Shopping | r34_c18 | Thursday,Shopping,r34_c18,Thursday,r35_c16,26,12,0.6190476190476191,0.6190476190476191,1,True
Shopping | r34_c18 | Thursday,Shopping,r34_c18,Thursday,r34_c21,6,4,0.14285714285714285,0.14285714285714285,2,False
Shopping | r34_c18 | Thursday,Shopping,r34_c18,Thursday,r33_c16,4,2,0.09523809523809523,0.09523809523809523,3,False
Shopping | r34_c18 | Thursday,Shopping,r34_c18,Thursday,r35_c23,4,2,0.09523809523809523,0.09523809523809523,4,False
Shopping | r34_c18 | Thursday,Shopping,r34_c18,Thursday,r32_c20,1,1,0.023809523809523808,0.023809523809523808,5,False
Shopping | r34_c18 | Thursday,Shopping,r34_c18,Thursday,r33_c20,1,1,0.023809523809523808,0.023809523809523808,6,False
Shopping | r34_c18 | Tuesday,Shopping,r34_c18,Tuesday,r33_c16,9,3,0.5,0.5,1,True
Shopping | r34_c18 | Tuesday,Shopping,r34_c18,Tuesday,r35_c16,5,3,0.2777777777777778,0.2777777777777778,2,False
Shopping | r34_c18 | Tuesday,Shopping,r34_c18,Tuesday,r35_c23,3,3,0.16666666666666666,0.16666666666666666,3,False
Shopping | r34_c18 | Tuesday,Shopping,r34_c18,Tuesday,r34_c21,1,1,0.05555555555555555,0.05555555555555555,4,False
Shopping | r34_c18 | Wednesday,Shopping,r34_c18,Wednesday,r33_c16,10,5,0.5555555555555556,0.5555555555555556,1,True
Shopping | r34_c18 | Wednesday,Shopping,r34_c18,Wednesday,r35_c16,5,5,0.2777777777777778,0.2777777777777778,2,False
Shopping | r34_c18 | Wednesday,Shopping,r34_c18,Wednesday,r34_c21,3,2,0.16666666666666666,0.16666666666666666,3,False
Shopping | r34_c20 | Friday,Shopping,r34_c20,Friday,r34_c23,1,1,1.0,1.0,1,True
Shopping | r34_c20 | Tuesday,Shopping,r34_c20,Tuesday,r33_c23,1,1,1.0,1.0,1,True
Shopping | r34_c21 | Friday,Shopping,r34_c21,Friday,r34_c18,1,1,1.0,1.0,1,True
Shopping | r34_c21 | Monday,Shopping,r34_c21,Monday,r32_c20,1,1,0.3333333333333333,0.3333333333333333,1,True
Shopping | r34_c21 | Monday,Shopping,r34_c21,Monday,r34_c18,1,1,0.3333333333333333,0.3333333333333333,2,False
Shopping | r34_c21 | Monday,Shopping,r34_c21,Monday,r34_c21,1,1,0.3333333333333333,0.3333333333333333,3,False
Shopping | r34_c21 | Thursday,Shopping,r34_c21,Thursday,r34_c18,6,4,0.8571428571428571,0.8571428571428571,1,True
Shopping | r34_c21 | Thursday,Shopping,r34_c21,Thursday,r34_c23,1,1,0.14285714285714285,0.14285714285714285,2,False
Shopping | r34_c21 | Wednesday,Shopping,r34_c21,Wednesday,r34_c18,10,2,1.0,1.0,1,True
Shopping | r34_c23 | Friday,Shopping,r34_c23,Friday,r34_c20,3,1,0.75,0.75,1,True
Shopping | r34_c23 | Friday,Shopping,r34_c23,Friday,r35_c19,1,1,0.25,0.25,2,False
Shopping | r34_c23 | Monday,Shopping,r34_c23,Monday,r35_c15,7,2,0.7777777777777778,0.7777777777777778,1,True
Shopping | r34_c23 | Monday,Shopping,r34_c23,Monday,r28_c15,2,2,0.2222222222222222,0.2222222222222222,2,False
Shopping | r34_c23 | Thursday,Shopping,r34_c23,Thursday,r36_c23,8,2,0.8888888888888888,0.8888888888888888,1,True
Shopping | r34_c23 | Thursday,Shopping,r34_c23,Thursday,r34_c21,1,1,0.1111111111111111,0.1111111111111111,2,False
Shopping | r34_c23 | Tuesday,Shopping,r34_c23,Tuesday,r36_c23,7,3,0.7,0.7,1,True
Shopping | r34_c23 | Tuesday,Shopping,r34_c23,Tuesday,r35_c15,3,1,0.3,0.3,2,False
Shopping | r34_c23 | Wednesday,Shopping,r34_c23,Wednesday,r35_c15,1,1,1.0,1.0,1,True
Shopping | r34_c24 | Monday,Shopping,r34_c24,Monday,r28_c15,3,2,1.0,1.0,1,True
Shopping | r34_c24 | Wednesday,Shopping,r34_c24,Wednesday,r28_c15,1,1,1.0,1.0,1,True
Shopping | r35_c10 | Monday,Shopping,r35_c10,Monday,r35_c16,2,1,1.0,1.0,1,True
Shopping | r35_c10 | Tuesday,Shopping,r35_c10,Tuesday,r35_c16,1,1,1.0,1.0,1,True
Shopping | r35_c14 | Friday,Shopping,r35_c14,Friday,r26_c16,3,1,0.5,0.5,1,True
Shopping | r35_c14 | Friday,Shopping,r35_c14,Friday,r30_c20,2,2,0.3333333333333333,0.3333333333333333,2,False
Shopping | r35_c14 | Friday,Shopping,r35_c14,Friday,r35_c16,1,1,0.16666666666666666,0.16666666666666666,3,False
Shopping | r35_c14 | Monday,Shopping,r35_c14,Monday,r26_c16,1,1,0.5,0.5,1,True
Shopping | r35_c14 | Monday,Shopping,r35_c14,Monday,r35_c16,1,1,0.5,0.5,2,False
Shopping | r35_c14 | Thursday,Shopping,r35_c14,Thursday,r30_c20,1,1,1.0,1.0,1,True
Shopping | r35_c14 | Tuesday,Shopping,r35_c14,Tuesday,r26_c16,3,2,1.0,1.0,1,True
Shopping | r35_c15 | Friday,Shopping,r35_c15,Friday,r35_c16,2,2,1.0,1.0,1,True
Shopping | r35_c15 | Monday,Shopping,r35_c15,Monday,r34_c23,3,2,0.6,0.6,1,True
Shopping | r35_c15 | Monday,Shopping,r35_c15,Monday,r35_c16,2,1,0.4,0.4,2,False
Shopping | r35_c15 | Thursday,Shopping,r35_c15,Thursday,r35_c16,4,3,1.0,1.0,1,True
Shopping | r35_c15 | Tuesday,Shopping,r35_c15,Tuesday,r33_c16,1,1,0.3333333333333333,0.3333333333333333,1,True
Shopping | r35_c15 | Tuesday,Shopping,r35_c15,Tuesday,r34_c23,1,1,0.3333333333333333,0.3333333333333333,2,False
Shopping | r35_c15 | Tuesday,Shopping,r35_c15,Tuesday,r35_c21,1,1,0.3333333333333333,0.3333333333333333,3,False
Shopping | r35_c15 | Wednesday,Shopping,r35_c15,Wednesday,r34_c23,1,1,0.5,0.5,1,True
Shopping | r35_c15 | Wednesday,Shopping,r35_c15,Wednesday,r35_c16,1,1,0.5,0.5,2,False
Shopping | r35_c16 | Friday,Shopping,r35_c16,Friday,r34_c18,28,13,0.56,0.56,1,True
Shopping | r35_c16 | Friday,Shopping,r35_c16,Friday,r35_c19,9,5,0.18,0.18,2,False
Shopping | r35_c16 | Friday,Shopping,r35_c16,Friday,r35_c20,3,1,0.06,0.06,3,False
Shopping | r35_c16 | Friday,Shopping,r35_c16,Friday,r31_c14,2,2,0.04,0.04,4,False
Shopping | r35_c16 | Friday,Shopping,r35_c16,Friday,r31_c20,2,1,0.04,0.04,5,False
Shopping | r35_c16 | Friday,Shopping,r35_c16,Friday,r35_c15,2,2,0.04,0.04,6,False
Shopping | r35_c16 | Friday,Shopping,r35_c16,Friday,r29_c17,1,1,0.02,0.02,7,False
Shopping | r35_c16 | Friday,Shopping,r35_c16,Friday,r34_c23,1,1,0.02,0.02,8,False
Shopping | r35_c16 | Friday,Shopping,r35_c16,Friday,r35_c14,1,1,0.02,0.02,9,False
Shopping | r35_c16 | Friday,Shopping,r35_c16,Friday,r35_c17,1,1,0.02,0.02,10,False
Shopping | r35_c16 | Monday,Shopping,r35_c16,Monday,r35_c19,8,4,0.34782608695652173,0.34782608695652173,1,True
Shopping | r35_c16 | Monday,Shopping,r35_c16,Monday,r32_c17,6,2,0.2608695652173913,0.2608695652173913,2,False
Shopping | r35_c16 | Monday,Shopping,r35_c16,Monday,r34_c18,4,3,0.17391304347826086,0.17391304347826086,3,False
Shopping | r35_c16 | Monday,Shopping,r35_c16,Monday,r35_c10,2,1,0.08695652173913043,0.08695652173913043,4,False
Shopping | r35_c16 | Monday,Shopping,r35_c16,Monday,r35_c14,1,1,0.043478260869565216,0.043478260869565216,5,False
Shopping | r35_c16 | Monday,Shopping,r35_c16,Monday,r35_c15,1,1,0.043478260869565216,0.043478260869565216,6,False
Shopping | r35_c16 | Monday,Shopping,r35_c16,Monday,r35_c17,1,1,0.043478260869565216,0.043478260869565216,7,False
Shopping | r35_c16 | Thursday,Shopping,r35_c16,Thursday,r34_c18,45,11,0.7758620689655172,0.7758620689655172,1,True
Shopping | r35_c16 | Thursday,Shopping,r35_c16,Thursday,r30_c18,4,1,0.06896551724137931,0.06896551724137931,2,False
Shopping | r35_c16 | Thursday,Shopping,r35_c16,Thursday,r35_c15,4,3,0.06896551724137931,0.06896551724137931,3,False
Shopping | r35_c16 | Thursday,Shopping,r35_c16,Thursday,r35_c19,3,1,0.05172413793103448,0.05172413793103448,4,False
Shopping | r35_c16 | Thursday,Shopping,r35_c16,Thursday,r31_c14,1,1,0.017241379310344827,0.017241379310344827,5,False
Shopping | r35_c16 | Thursday,Shopping,r35_c16,Thursday,r32_c17,1,1,0.017241379310344827,0.017241379310344827,6,False
Shopping | r35_c16 | Tuesday,Shopping,r35_c16,Tuesday,r35_c19,9,3,0.34615384615384615,0.34615384615384615,1,True
Shopping | r35_c16 | Tuesday,Shopping,r35_c16,Tuesday,r34_c18,4,2,0.15384615384615385,0.15384615384615385,2,False
Shopping | r35_c16 | Tuesday,Shopping,r35_c16,Tuesday,r28_c12,2,1,0.07692307692307693,0.07692307692307693,3,False
Shopping | r35_c16 | Tuesday,Shopping,r35_c16,Tuesday,r35_c16,2,1,0.07692307692307693,0.07692307692307693,4,False
Shopping | r35_c16 | Tuesday,Shopping,r35_c16,Tuesday,r35_c17,2,1,0.07692307692307693,0.07692307692307693,5,False
Shopping | r35_c16 | Tuesday,Shopping,r35_c16,Tuesday,r43_c16,2,2,0.07692307692307693,0.07692307692307693,6,False
Shopping | r35_c16 | Tuesday,Shopping,r35_c16,Tuesday,r26_c16,1,1,0.038461538461538464,0.038461538461538464,7,False
Shopping | r35_c16 | Tuesday,Shopping,r35_c16,Tuesday,r31_c14,1,1,0.038461538461538464,0.038461538461538464,8,False
Shopping | r35_c16 | Tuesday,Shopping,r35_c16,Tuesday,r32_c17,1,1,0.038461538461538464,0.038461538461538464,9,False
Shopping | r35_c16 | Tuesday,Shopping,r35_c16,Tuesday,r35_c10,1,1,0.038461538461538464,0.038461538461538464,10,False
Shopping | r35_c16 | Tuesday,Shopping,r35_c16,Tuesday,r35_c20,1,1,0.038461538461538464,0.038461538461538464,11,False
Shopping | r35_c16 | Wednesday,Shopping,r35_c16,Wednesday,r31_c14,8,3,0.34782608695652173,0.34782608695652173,1,True
Shopping | r35_c16 | Wednesday,Shopping,r35_c16,Wednesday,r34_c18,7,4,0.30434782608695654,0.30434782608695654,2,False
Shopping | r35_c16 | Wednesday,Shopping,r35_c16,Wednesday,r35_c19,6,3,0.2608695652173913,0.2608695652173913,3,False
Shopping | r35_c16 | Wednesday,Shopping,r35_c16,Wednesday,r32_c17,1,1,0.043478260869565216,0.043478260869565216,4,False
Shopping | r35_c16 | Wednesday,Shopping,r35_c16,Wednesday,r35_c15,1,1,0.043478260869565216,0.043478260869565216,5,False
Shopping | r35_c17 | Friday,Shopping,r35_c17,Friday,r35_c16,1,1,1.0,1.0,1,True
Shopping | r35_c17 | Monday,Shopping,r35_c17,Monday,r35_c16,2,1,1.0,1.0,1,True
Shopping | r35_c17 | Tuesday,Shopping,r35_c17,Tuesday,r35_c16,1,1,1.0,1.0,1,True
Shopping | r35_c19 | Friday,Shopping,r35_c19,Friday,r35_c16,4,4,0.5714285714285714,0.5714285714285714,1,True
Shopping | r35_c19 | Friday,Shopping,r35_c19,Friday,r37_c21,3,2,0.42857142857142855,0.42857142857142855,2,False
Shopping | r35_c19 | Monday,Shopping,r35_c19,Monday,r35_c16,5,4,0.5555555555555556,0.5555555555555556,1,True
Shopping | r35_c19 | Monday,Shopping,r35_c19,Monday,r37_c21,3,1,0.3333333333333333,0.3333333333333333,2,False
Shopping | r35_c19 | Monday,Shopping,r35_c19,Monday,r33_c23,1,1,0.1111111111111111,0.1111111111111111,3,False
Shopping | r35_c19 | Thursday,Shopping,r35_c19,Thursday,r35_c16,3,1,0.42857142857142855,0.42857142857142855,1,True
Shopping | r35_c19 | Thursday,Shopping,r35_c19,Thursday,r37_c21,2,2,0.2857142857142857,0.2857142857142857,2,False
Shopping | r35_c19 | Thursday,Shopping,r35_c19,Thursday,r33_c16,1,1,0.14285714285714285,0.14285714285714285,3,False
Shopping | r35_c19 | Thursday,Shopping,r35_c19,Thursday,r34_c17,1,1,0.14285714285714285,0.14285714285714285,4,False
Shopping | r35_c19 | Tuesday,Shopping,r35_c19,Tuesday,r35_c16,3,3,0.5,0.5,1,True
Shopping | r35_c19 | Tuesday,Shopping,r35_c19,Tuesday,r37_c21,2,1,0.3333333333333333,0.3333333333333333,2,False
Shopping | r35_c19 | Tuesday,Shopping,r35_c19,Tuesday,r35_c23,1,1,0.16666666666666666,0.16666666666666666,3,False
Shopping | r35_c19 | Wednesday,Shopping,r35_c19,Wednesday,r35_c16,3,3,0.75,0.75,1,True
Shopping | r35_c19 | Wednesday,Shopping,r35_c19,Wednesday,r33_c16,1,1,0.25,0.25,2,False
Shopping | r35_c20 | Friday,Shopping,r35_c20,Friday,r35_c16,1,1,0.5,0.5,1,True
Shopping | r35_c20 | Friday,Shopping,r35_c20,Friday,r35_c23,1,1,0.5,0.5,2,False
Shopping | r35_c20 | Monday,Shopping,r35_c20,Monday,r36_c16,1,1,1.0,1.0,1,True
Shopping | r35_c20 | Thursday,Shopping,r35_c20,Thursday,r33_c23,2,2,0.4,0.4,1,True
Shopping | r35_c20 | Thursday,Shopping,r35_c20,Thursday,r35_c21,2,1,0.4,0.4,2,False
Shopping | r35_c20 | Thursday,Shopping,r35_c20,Thursday,r35_c23,1,1,0.2,0.2,3,False
Shopping | r35_c20 | Tuesday,Shopping,r35_c20,Tuesday,r35_c16,1,1,0.5,0.5,1,True
Shopping | r35_c20 | Tuesday,Shopping,r35_c20,Tuesday,r35_c23,1,1,0.5,0.5,2,False
Shopping | r35_c23 | Friday,Shopping,r35_c23,Friday,r28_c14,4,3,0.2222222222222222,0.2222222222222222,1,True
Shopping | r35_c23 | Friday,Shopping,r35_c23,Friday,r34_c18,4,2,0.2222222222222222,0.2222222222222222,2,False
Shopping | r35_c23 | Friday,Shopping,r35_c23,Friday,r28_c12,3,1,0.16666666666666666,0.16666666666666666,3,False
Shopping | r35_c23 | Friday,Shopping,r35_c23,Friday,r31_c20,3,2,0.16666666666666666,0.16666666666666666,4,False
Shopping | r35_c23 | Friday,Shopping,r35_c23,Friday,r32_c20,2,2,0.1111111111111111,0.1111111111111111,5,False
Shopping | r35_c23 | Friday,Shopping,r35_c23,Friday,r35_c20,1,1,0.05555555555555555,0.05555555555555555,6,False
Shopping | r35_c23 | Friday,Shopping,r35_c23,Friday,r35_c22,1,1,0.05555555555555555,0.05555555555555555,7,False
Shopping | r35_c23 | Monday,Shopping,r35_c23,Monday,r28_c15,9,8,0.6,0.6,1,True
Shopping | r35_c23 | Monday,Shopping,r35_c23,Monday,r28_c14,3,3,0.2,0.2,2,False
Shopping | r35_c23 | Monday,Shopping,r35_c23,Monday,r34_c18,3,2,0.2,0.2,3,False
Shopping | r35_c23 | Thursday,Shopping,r35_c23,Thursday,r34_c18,8,2,0.26666666666666666,0.26666666666666666,1,True
Shopping | r35_c23 | Thursday,Shopping,r35_c23,Thursday,r28_c15,7,2,0.23333333333333334,0.23333333333333334,2,False
Shopping | r35_c23 | Thursday,Shopping,r35_c23,Thursday,r36_c23,4,4,0.13333333333333333,0.13333333333333333,3,False
Shopping | r35_c23 | Thursday,Shopping,r35_c23,Thursday,r28_c14,3,2,0.1,0.1,4,False
Shopping | r35_c23 | Thursday,Shopping,r35_c23,Thursday,r31_c20,3,2,0.1,0.1,5,False
Shopping | r35_c23 | Thursday,Shopping,r35_c23,Thursday,r28_c12,2,1,0.06666666666666667,0.06666666666666667,6,False
Shopping | r35_c23 | Thursday,Shopping,r35_c23,Thursday,r30_c18,1,1,0.03333333333333333,0.03333333333333333,7,False
Shopping | r35_c23 | Thursday,Shopping,r35_c23,Thursday,r35_c20,1,1,0.03333333333333333,0.03333333333333333,8,False
Shopping | r35_c23 | Thursday,Shopping,r35_c23,Thursday,r36_c22,1,1,0.03333333333333333,0.03333333333333333,9,False
Shopping | r35_c23 | Tuesday,Shopping,r35_c23,Tuesday,r34_c18,8,3,0.25,0.25,1,True
Shopping | r35_c23 | Tuesday,Shopping,r35_c23,Tuesday,r28_c15,7,2,0.21875,0.21875,2,False
Shopping | r35_c23 | Tuesday,Shopping,r35_c23,Tuesday,r36_c23,6,5,0.1875,0.1875,3,False
Shopping | r35_c23 | Tuesday,Shopping,r35_c23,Tuesday,r36_c22,4,2,0.125,0.125,4,False
Shopping | r35_c23 | Tuesday,Shopping,r35_c23,Tuesday,r28_c14,3,1,0.09375,0.09375,5,False
Shopping | r35_c23 | Tuesday,Shopping,r35_c23,Tuesday,r31_c20,1,1,0.03125,0.03125,6,False
Shopping | r35_c23 | Tuesday,Shopping,r35_c23,Tuesday,r35_c19,1,1,0.03125,0.03125,7,False
Shopping | r35_c23 | Tuesday,Shopping,r35_c23,Tuesday,r35_c20,1,1,0.03125,0.03125,8,False
Shopping | r35_c23 | Tuesday,Shopping,r35_c23,Tuesday,r36_c21,1,1,0.03125,0.03125,9,False
Shopping | r35_c23 | Wednesday,Shopping,r35_c23,Wednesday,r28_c14,8,2,0.42105263157894735,0.42105263157894735,1,True
Shopping | r35_c23 | Wednesday,Shopping,r35_c23,Wednesday,r28_c15,8,6,0.42105263157894735,0.42105263157894735,2,False
Shopping | r35_c23 | Wednesday,Shopping,r35_c23,Wednesday,r31_c20,3,2,0.15789473684210525,0.15789473684210525,3,False
Shopping | r36_c16 | Friday,Shopping,r36_c16,Friday,r32_c20,1,1,1.0,1.0,1,True
Shopping | r36_c16 | Monday,Shopping,r36_c16,Monday,r32_c20,2,2,0.6666666666666666,0.6666666666666666,1,True
Shopping | r36_c16 | Monday,Shopping,r36_c16,Monday,r35_c20,1,1,0.3333333333333333,0.3333333333333333,2,False
Shopping | r36_c16 | Tuesday,Shopping,r36_c16,Tuesday,r32_c20,1,1,1.0,1.0,1,True
Shopping | r36_c16 | Wednesday,Shopping,r36_c16,Wednesday,r33_c16,2,1,1.0,1.0,1,True
Shopping | r36_c21 | Tuesday,Shopping,r36_c21,Tuesday,r35_c23,1,1,1.0,1.0,1,True
Shopping | r36_c22 | Friday,Shopping,r36_c22,Friday,r32_c20,2,2,0.6666666666666666,0.6666666666666666,1,True
Shopping | r36_c22 | Friday,Shopping,r36_c22,Friday,r35_c23,1,1,0.3333333333333333,0.3333333333333333,2,False
Shopping | r36_c22 | Thursday,Shopping,r36_c22,Thursday,r35_c23,1,1,1.0,1.0,1,True
Shopping | r36_c22 | Tuesday,Shopping,r36_c22,Tuesday,r32_c20,4,3,0.5,0.5,1,True
Shopping | r36_c22 | Tuesday,Shopping,r36_c22,Tuesday,r30_c21,2,1,0.25,0.25,2,False
Shopping | r36_c22 | Tuesday,Shopping,r36_c22,Tuesday,r35_c23,2,2,0.25,0.25,3,False
Shopping | r36_c23 | Thursday,Shopping,r36_c23,Thursday,r35_c23,6,4,0.6666666666666666,0.6666666666666666,1,True
Shopping | r36_c23 | Thursday,Shopping,r36_c23,Thursday,r34_c23,2,2,0.2222222222222222,0.2222222222222222,2,False
Shopping | r36_c23 | Thursday,Shopping,r36_c23,Thursday,r33_c23,1,1,0.1111111111111111,0.1111111111111111,3,False
Shopping | r36_c23 | Tuesday,Shopping,r36_c23,Tuesday,r33_c23,6,4,0.42857142857142855,0.42857142857142855,1,True
Shopping | r36_c23 | Tuesday,Shopping,r36_c23,Tuesday,r35_c23,6,5,0.42857142857142855,0.42857142857142855,2,False
Shopping | r36_c23 | Tuesday,Shopping,r36_c23,Tuesday,r34_c23,2,2,0.14285714285714285,0.14285714285714285,3,False
Shopping | r36_c23 | Wednesday,Shopping,r36_c23,Wednesday,r33_c23,1,1,1.0,1.0,1,True
Shopping | r36_c8 | Friday,Shopping,r36_c8,Friday,r27_c16,6,3,1.0,1.0,1,True
Shopping | r36_c8 | Monday,Shopping,r36_c8,Monday,r27_c16,6,5,1.0,1.0,1,True
Shopping | r36_c8 | Thursday,Shopping,r36_c8,Thursday,r27_c16,1,1,1.0,1.0,1,True
Shopping | r36_c8 | Tuesday,Shopping,r36_c8,Tuesday,r27_c16,3,3,0.75,0.75,1,True
Shopping | r36_c8 | Tuesday,Shopping,r36_c8,Tuesday,r23_c16,1,1,0.25,0.25,2,False
Shopping | r36_c8 | Wednesday,Shopping,r36_c8,Wednesday,r27_c16,7,4,1.0,1.0,1,True
Shopping | r37_c16 | Friday,Shopping,r37_c16,Friday,r35_c16,1,1,1.0,1.0,1,True
Shopping | r37_c21 | Friday,Shopping,r37_c21,Friday,r35_c19,4,2,1.0,1.0,1,True
Shopping | r37_c21 | Monday,Shopping,r37_c21,Monday,r29_c17,2,1,0.5,0.5,1,True
Shopping | r37_c21 | Monday,Shopping,r37_c21,Monday,r28_c15,1,1,0.25,0.25,2,False
Shopping | r37_c21 | Monday,Shopping,r37_c21,Monday,r35_c19,1,1,0.25,0.25,3,False
Shopping | r37_c21 | Thursday,Shopping,r37_c21,Thursday,r35_c19,5,2,1.0,1.0,1,True
Shopping | r37_c21 | Tuesday,Shopping,r37_c21,Tuesday,r35_c19,1,1,1.0,1.0,1,True
Shopping | r43_c16 | Tuesday,Shopping,r43_c16,Tuesday,r35_c16,4,2,1.0,1.0,1,True
Shopping | r7_c27 | Monday,Shopping,r7_c27,Monday,r29_c17,4,1,1.0,1.0,1,True
Trolley | r14_c24 | Friday,Trolley,r14_c24,Friday,r24_c16,3,3,0.6,0.6,1,True
Trolley | r14_c24 | Friday,Trolley,r14_c24,Friday,r14_c24,1,1,0.2,0.2,2,False
Trolley | r14_c24 | Friday,Trolley,r14_c24,Friday,r25_c16,1,1,0.2,0.2,3,False
Trolley | r14_c24 | Monday,Trolley,r14_c24,Monday,r24_c16,1,1,1.0,1.0,1,True
Trolley | r14_c24 | Wednesday,Trolley,r14_c24,Wednesday,r25_c16,1,1,1.0,1.0,1,True
Trolley | r24_c16 | Tuesday,Trolley,r24_c16,Tuesday,r25_c16,1,1,1.0,1.0,1,True
Trolley | r25_c16 | Friday,Trolley,r25_c16,Friday,r24_c16,1,1,1.0,1.0,1,True
Trolley | r25_c16 | Tuesday,Trolley,r25_c16,Tuesday,r14_c24,1,1,1.0,1.0,1,True
Trolley | r25_c16 | Wednesday,Trolley,r25_c16,Wednesday,r14_c23,1,1,0.5,0.5,1,True
Trolley | r25_c16 | Wednesday,Trolley,r25_c16,Wednesday,r14_c24,1,1,0.5,0.5,2,False
