segment_id,Purpose,origin_zone,weekday,pickup_time_bin_min,pickup_time_bin,time_bin_trips,time_bin_service_days,trips,service_days,policy_flexible,p_time,p_s_t,peak_time_bin_min,peak_time_bin,peak_time_share,signed_shift_minutes,absolute_shift_minutes,is_peak_time,is_alternative_time,capped_shift_minutes,expected_shift_contribution_minutes,temporal_index_contribution,temporal_eligible,meets_reliability_filter,alternative_time_share,average_alternative_shift_minutes,expected_shift_potential_minutes,temporal_flexibility_index,A_s,D_s_minutes,T_s,alternative_rank
Dialysis | r10_c14 | Friday,Dialysis,r10_c14,Friday,570.0,09:30-10:00,29,27,62,53,True,0.46774193548387094,0.46774193548387094,540.0,09:00-09:30,0.532258064516129,30.0,30.0,False,True,30.0,14.032258064516128,0.11693548387096774,True,True,0.467741935483871,29.999999999999996,14.032258064516128,0.11693548387096774,0.467741935483871,29.999999999999996,0.11693548387096774,1
Dialysis | r10_c14 | Monday,Dialysis,r10_c14,Monday,570.0,09:30-10:00,30,27,64,52,True,0.46875,0.46875,540.0,09:00-09:30,0.484375,30.0,30.0,False,True,30.0,14.0625,0.1171875,True,True,0.515625,30.0,15.46875,0.12890625,0.515625,30.0,0.12890625,1
Dialysis | r10_c14 | Monday,Dialysis,r10_c14,Monday,510.0,08:30-09:00,3,2,64,52,True,0.046875,0.046875,540.0,09:00-09:30,0.484375,-30.0,30.0,False,True,30.0,1.40625,0.01171875,True,True,0.515625,30.0,15.46875,0.12890625,0.515625,30.0,0.12890625,2
Dialysis | r10_c14 | Wednesday,Dialysis,r10_c14,Wednesday,570.0,09:30-10:00,28,26,58,52,True,0.4827586206896552,0.4827586206896552,540.0,09:00-09:30,0.5172413793103449,30.0,30.0,False,True,30.0,14.482758620689657,0.1206896551724138,True,True,0.48275862068965514,30.000000000000004,14.482758620689657,0.1206896551724138,0.48275862068965514,30.000000000000004,0.1206896551724138,1
Dialysis | r13_c11 | Friday,Dialysis,r13_c11,Friday,570.0,09:30-10:00,2,2,13,11,True,0.15384615384615385,0.15384615384615385,600.0,10:00-10:30,0.8461538461538461,-30.0,30.0,False,True,30.0,4.615384615384616,0.038461538461538464,True,True,0.15384615384615385,30.0,4.615384615384616,0.038461538461538464,0.15384615384615385,30.0,0.038461538461538464,1
Dialysis | r13_c11 | Wednesday,Dialysis,r13_c11,Wednesday,570.0,09:30-10:00,2,2,12,10,True,0.16666666666666666,0.16666666666666666,600.0,10:00-10:30,0.8333333333333334,-30.0,30.0,False,True,30.0,5.0,0.041666666666666664,True,True,0.16666666666666663,30.000000000000007,5.0,0.041666666666666664,0.16666666666666663,30.000000000000007,0.041666666666666664,1
Dialysis | r13_c12 | Friday,Dialysis,r13_c12,Friday,630.0,10:30-11:00,58,53,250,53,True,0.232,0.232,930.0,15:30-16:00,0.564,-300.0,300.0,False,True,120.0,69.60000000000001,0.232,True,True,0.43600000000000005,253.21100917431195,110.40000000000002,0.36500000000000005,0.43600000000000005,253.21100917431195,0.36500000000000005,1
Dialysis | r13_c12 | Friday,Dialysis,r13_c12,Friday,570.0,09:30-10:00,23,17,250,53,True,0.092,0.092,930.0,15:30-16:00,0.564,-360.0,360.0,False,True,120.0,33.12,0.092,True,True,0.43600000000000005,253.21100917431195,110.40000000000002,0.36500000000000005,0.43600000000000005,253.21100917431195,0.36500000000000005,2
Dialysis | r13_c12 | Friday,Dialysis,r13_c12,Friday,900.0,15:00-15:30,20,10,250,53,True,0.08,0.08,930.0,15:30-16:00,0.564,-30.0,30.0,False,True,30.0,2.4,0.02,True,True,0.43600000000000005,253.21100917431195,110.40000000000002,0.36500000000000005,0.43600000000000005,253.21100917431195,0.36500000000000005,3
Dialysis | r13_c12 | Friday,Dialysis,r13_c12,Friday,870.0,14:30-15:00,3,3,250,53,True,0.012,0.012,930.0,15:30-16:00,0.564,-60.0,60.0,False,True,60.0,0.72,0.006,True,True,0.43600000000000005,253.21100917431195,110.40000000000002,0.36500000000000005,0.43600000000000005,253.21100917431195,0.36500000000000005,4
Dialysis | r13_c12 | Friday,Dialysis,r13_c12,Friday,600.0,10:00-10:30,2,1,250,53,True,0.008,0.008,930.0,15:30-16:00,0.564,-330.0,330.0,False,True,120.0,2.64,0.008,True,True,0.43600000000000005,253.21100917431195,110.40000000000002,0.36500000000000005,0.43600000000000005,253.21100917431195,0.36500000000000005,5
Dialysis | r13_c12 | Friday,Dialysis,r13_c12,Friday,540.0,09:00-09:30,1,1,250,53,True,0.004,0.004,930.0,15:30-16:00,0.564,-390.0,390.0,False,True,120.0,1.56,0.004,True,True,0.43600000000000005,253.21100917431195,110.40000000000002,0.36500000000000005,0.43600000000000005,253.21100917431195,0.36500000000000005,6
Dialysis | r13_c12 | Friday,Dialysis,r13_c12,Friday,960.0,16:00-16:30,1,1,250,53,True,0.004,0.004,930.0,15:30-16:00,0.564,30.0,30.0,False,True,30.0,0.12,0.001,True,True,0.43600000000000005,253.21100917431195,110.40000000000002,0.36500000000000005,0.43600000000000005,253.21100917431195,0.36500000000000005,7
Dialysis | r13_c12 | Friday,Dialysis,r13_c12,Friday,990.0,16:30-17:00,1,1,250,53,True,0.004,0.004,930.0,15:30-16:00,0.564,60.0,60.0,False,True,60.0,0.24,0.002,True,True,0.43600000000000005,253.21100917431195,110.40000000000002,0.36500000000000005,0.43600000000000005,253.21100917431195,0.36500000000000005,8
Dialysis | r13_c12 | Monday,Dialysis,r13_c12,Monday,630.0,10:30-11:00,52,50,259,52,True,0.20077220077220076,0.20077220077220076,930.0,15:30-16:00,0.5868725868725869,-300.0,300.0,False,True,120.0,60.23166023166023,0.20077220077220076,True,True,0.4131274131274131,257.66355140186914,106.44787644787644,0.35135135135135137,0.4131274131274131,257.66355140186914,0.35135135135135137,1
Dialysis | r13_c12 | Monday,Dialysis,r13_c12,Monday,570.0,09:30-10:00,26,16,259,52,True,0.10038610038610038,0.10038610038610038,930.0,15:30-16:00,0.5868725868725869,-360.0,360.0,False,True,120.0,36.138996138996134,0.10038610038610038,True,True,0.4131274131274131,257.66355140186914,106.44787644787644,0.35135135135135137,0.4131274131274131,257.66355140186914,0.35135135135135137,2
Dialysis | r13_c12 | Monday,Dialysis,r13_c12,Monday,900.0,15:00-15:30,15,9,259,52,True,0.05791505791505792,0.05791505791505792,930.0,15:30-16:00,0.5868725868725869,-30.0,30.0,False,True,30.0,1.7374517374517375,0.01447876447876448,True,True,0.4131274131274131,257.66355140186914,106.44787644787644,0.35135135135135137,0.4131274131274131,257.66355140186914,0.35135135135135137,3
Dialysis | r13_c12 | Monday,Dialysis,r13_c12,Monday,960.0,16:00-16:30,4,4,259,52,True,0.015444015444015444,0.015444015444015444,930.0,15:30-16:00,0.5868725868725869,30.0,30.0,False,True,30.0,0.46332046332046334,0.003861003861003861,True,True,0.4131274131274131,257.66355140186914,106.44787644787644,0.35135135135135137,0.4131274131274131,257.66355140186914,0.35135135135135137,4
Dialysis | r13_c12 | Monday,Dialysis,r13_c12,Monday,540.0,09:00-09:30,3,3,259,52,True,0.011583011583011582,0.011583011583011582,930.0,15:30-16:00,0.5868725868725869,-390.0,390.0,False,True,120.0,4.517374517374517,0.011583011583011582,True,True,0.4131274131274131,257.66355140186914,106.44787644787644,0.35135135135135137,0.4131274131274131,257.66355140186914,0.35135135135135137,5
Dialysis | r13_c12 | Monday,Dialysis,r13_c12,Monday,870.0,14:30-15:00,3,3,259,52,True,0.011583011583011582,0.011583011583011582,930.0,15:30-16:00,0.5868725868725869,-60.0,60.0,False,True,60.0,0.6949806949806949,0.005791505791505791,True,True,0.4131274131274131,257.66355140186914,106.44787644787644,0.35135135135135137,0.4131274131274131,257.66355140186914,0.35135135135135137,6
Dialysis | r13_c12 | Monday,Dialysis,r13_c12,Monday,600.0,10:00-10:30,1,1,259,52,True,0.003861003861003861,0.003861003861003861,930.0,15:30-16:00,0.5868725868725869,-330.0,330.0,False,True,120.0,1.2741312741312742,0.003861003861003861,True,True,0.4131274131274131,257.66355140186914,106.44787644787644,0.35135135135135137,0.4131274131274131,257.66355140186914,0.35135135135135137,7
Dialysis | r13_c12 | Monday,Dialysis,r13_c12,Monday,780.0,13:00-13:30,1,1,259,52,True,0.003861003861003861,0.003861003861003861,930.0,15:30-16:00,0.5868725868725869,-150.0,150.0,False,True,120.0,0.5791505791505792,0.003861003861003861,True,True,0.4131274131274131,257.66355140186914,106.44787644787644,0.35135135135135137,0.4131274131274131,257.66355140186914,0.35135135135135137,8
Dialysis | r13_c12 | Monday,Dialysis,r13_c12,Monday,810.0,13:30-14:00,1,1,259,52,True,0.003861003861003861,0.003861003861003861,930.0,15:30-16:00,0.5868725868725869,-120.0,120.0,False,True,120.0,0.46332046332046334,0.003861003861003861,True,True,0.4131274131274131,257.66355140186914,106.44787644787644,0.35135135135135137,0.4131274131274131,257.66355140186914,0.35135135135135137,9
Dialysis | r13_c12 | Monday,Dialysis,r13_c12,Monday,840.0,14:00-14:30,1,1,259,52,True,0.003861003861003861,0.003861003861003861,930.0,15:30-16:00,0.5868725868725869,-90.0,90.0,False,True,90.0,0.3474903474903475,0.002895752895752896,True,True,0.4131274131274131,257.66355140186914,106.44787644787644,0.35135135135135137,0.4131274131274131,257.66355140186914,0.35135135135135137,10
Dialysis | r13_c12 | Wednesday,Dialysis,r13_c12,Wednesday,630.0,10:30-11:00,57,52,253,52,True,0.22529644268774704,0.22529644268774704,930.0,15:30-16:00,0.5691699604743083,-300.0,300.0,False,True,120.0,67.58893280632411,0.22529644268774704,True,True,0.43083003952569165,258.7155963302752,111.46245059288536,0.3626482213438735,0.43083003952569165,258.7155963302752,0.3626482213438735,1
Dialysis | r13_c12 | Wednesday,Dialysis,r13_c12,Wednesday,570.0,09:30-10:00,21,13,253,52,True,0.08300395256916997,0.08300395256916997,930.0,15:30-16:00,0.5691699604743083,-360.0,360.0,False,True,120.0,29.881422924901187,0.08300395256916997,True,True,0.43083003952569165,258.7155963302752,111.46245059288536,0.3626482213438735,0.43083003952569165,258.7155963302752,0.3626482213438735,2
Dialysis | r13_c12 | Wednesday,Dialysis,r13_c12,Wednesday,900.0,15:00-15:30,18,10,253,52,True,0.07114624505928854,0.07114624505928854,930.0,15:30-16:00,0.5691699604743083,-30.0,30.0,False,True,30.0,2.1343873517786562,0.017786561264822136,True,True,0.43083003952569165,258.7155963302752,111.46245059288536,0.3626482213438735,0.43083003952569165,258.7155963302752,0.3626482213438735,3
Dialysis | r13_c12 | Wednesday,Dialysis,r13_c12,Wednesday,540.0,09:00-09:30,7,6,253,52,True,0.02766798418972332,0.02766798418972332,930.0,15:30-16:00,0.5691699604743083,-390.0,390.0,False,True,120.0,10.790513833992096,0.02766798418972332,True,True,0.43083003952569165,258.7155963302752,111.46245059288536,0.3626482213438735,0.43083003952569165,258.7155963302752,0.3626482213438735,4
Dialysis | r13_c12 | Wednesday,Dialysis,r13_c12,Wednesday,960.0,16:00-16:30,3,3,253,52,True,0.011857707509881422,0.011857707509881422,930.0,15:30-16:00,0.5691699604743083,30.0,30.0,False,True,30.0,0.3557312252964427,0.0029644268774703555,True,True,0.43083003952569165,258.7155963302752,111.46245059288536,0.3626482213438735,0.43083003952569165,258.7155963302752,0.3626482213438735,5
Dialysis | r13_c12 | Wednesday,Dialysis,r13_c12,Wednesday,870.0,14:30-15:00,2,2,253,52,True,0.007905138339920948,0.007905138339920948,930.0,15:30-16:00,0.5691699604743083,-60.0,60.0,False,True,60.0,0.4743083003952569,0.003952569169960474,True,True,0.43083003952569165,258.7155963302752,111.46245059288536,0.3626482213438735,0.43083003952569165,258.7155963302752,0.3626482213438735,6
Dialysis | r13_c12 | Wednesday,Dialysis,r13_c12,Wednesday,990.0,16:30-17:00,1,1,253,52,True,0.003952569169960474,0.003952569169960474,930.0,15:30-16:00,0.5691699604743083,60.0,60.0,False,True,60.0,0.23715415019762845,0.001976284584980237,True,True,0.43083003952569165,258.7155963302752,111.46245059288536,0.3626482213438735,0.43083003952569165,258.7155963302752,0.3626482213438735,7
Dialysis | r14_c5 | Thursday,Dialysis,r14_c5,Thursday,600.0,10:00-10:30,11,9,23,21,True,0.4782608695652174,0.4782608695652174,570.0,09:30-10:00,0.5217391304347826,30.0,30.0,False,True,30.0,14.347826086956522,0.11956521739130435,True,True,0.4782608695652174,30.0,14.347826086956522,0.11956521739130435,0.4782608695652174,30.0,0.11956521739130435,1
Dialysis | r14_c5 | Tuesday,Dialysis,r14_c5,Tuesday,570.0,09:30-10:00,11,10,31,23,True,0.3548387096774194,0.3548387096774194,600.0,10:00-10:30,0.6129032258064516,-30.0,30.0,False,True,30.0,10.645161290322582,0.08870967741935484,True,True,0.3870967741935484,32.50000000000001,12.580645161290324,0.10483870967741936,0.3870967741935484,32.50000000000001,0.10483870967741936,1
Dialysis | r14_c5 | Tuesday,Dialysis,r14_c5,Tuesday,540.0,09:00-09:30,1,1,31,23,True,0.03225806451612903,0.03225806451612903,600.0,10:00-10:30,0.6129032258064516,-60.0,60.0,False,True,60.0,1.935483870967742,0.016129032258064516,True,True,0.3870967741935484,32.50000000000001,12.580645161290324,0.10483870967741936,0.3870967741935484,32.50000000000001,0.10483870967741936,2
Dialysis | r15_c16 | Friday,Dialysis,r15_c16,Friday,540.0,09:00-09:30,21,16,72,51,True,0.2916666666666667,0.2916666666666667,510.0,08:30-09:00,0.6388888888888888,30.0,30.0,False,True,30.0,8.75,0.07291666666666667,True,True,0.36111111111111116,31.15384615384615,11.25,0.09375,0.36111111111111116,31.15384615384615,0.09375,1
Dialysis | r15_c16 | Friday,Dialysis,r15_c16,Friday,480.0,08:00-08:30,4,3,72,51,True,0.05555555555555555,0.05555555555555555,510.0,08:30-09:00,0.6388888888888888,-30.0,30.0,False,True,30.0,1.6666666666666665,0.013888888888888888,True,True,0.36111111111111116,31.15384615384615,11.25,0.09375,0.36111111111111116,31.15384615384615,0.09375,2
Dialysis | r15_c16 | Friday,Dialysis,r15_c16,Friday,450.0,07:30-08:00,1,1,72,51,True,0.013888888888888888,0.013888888888888888,510.0,08:30-09:00,0.6388888888888888,-60.0,60.0,False,True,60.0,0.8333333333333333,0.006944444444444444,True,True,0.36111111111111116,31.15384615384615,11.25,0.09375,0.36111111111111116,31.15384615384615,0.09375,3
Dialysis | r15_c16 | Monday,Dialysis,r15_c16,Monday,540.0,09:00-09:30,21,17,93,49,True,0.22580645161290322,0.22580645161290322,510.0,08:30-09:00,0.6344086021505376,30.0,30.0,False,True,30.0,6.774193548387097,0.056451612903225805,True,True,0.3655913978494624,34.411764705882355,12.580645161290324,0.10483870967741934,0.3655913978494624,34.411764705882355,0.10483870967741934,1
Dialysis | r15_c16 | Monday,Dialysis,r15_c16,Monday,480.0,08:00-08:30,8,4,93,49,True,0.08602150537634409,0.08602150537634409,510.0,08:30-09:00,0.6344086021505376,-30.0,30.0,False,True,30.0,2.580645161290323,0.021505376344086023,True,True,0.3655913978494624,34.411764705882355,12.580645161290324,0.10483870967741934,0.3655913978494624,34.411764705882355,0.10483870967741934,2
Dialysis | r15_c16 | Monday,Dialysis,r15_c16,Monday,450.0,07:30-08:00,5,3,93,49,True,0.053763440860215055,0.053763440860215055,510.0,08:30-09:00,0.6344086021505376,-60.0,60.0,False,True,60.0,3.2258064516129035,0.026881720430107527,True,True,0.3655913978494624,34.411764705882355,12.580645161290324,0.10483870967741934,0.3655913978494624,34.411764705882355,0.10483870967741934,3
Dialysis | r15_c16 | Wednesday,Dialysis,r15_c16,Wednesday,540.0,09:00-09:30,28,17,88,52,True,0.3181818181818182,0.3181818181818182,510.0,08:30-09:00,0.5681818181818182,30.0,30.0,False,True,30.0,9.545454545454545,0.07954545454545454,True,True,0.43181818181818177,37.89473684210527,16.363636363636363,0.13636363636363635,0.43181818181818177,37.89473684210527,0.13636363636363635,1
Dialysis | r15_c16 | Wednesday,Dialysis,r15_c16,Wednesday,480.0,08:00-08:30,4,3,88,52,True,0.045454545454545456,0.045454545454545456,510.0,08:30-09:00,0.5681818181818182,-30.0,30.0,False,True,30.0,1.3636363636363638,0.011363636363636364,True,True,0.43181818181818177,37.89473684210527,16.363636363636363,0.13636363636363635,0.43181818181818177,37.89473684210527,0.13636363636363635,2
Dialysis | r15_c16 | Wednesday,Dialysis,r15_c16,Wednesday,570.0,09:30-10:00,2,2,88,52,True,0.022727272727272728,0.022727272727272728,510.0,08:30-09:00,0.5681818181818182,60.0,60.0,False,True,60.0,1.3636363636363638,0.011363636363636364,True,True,0.43181818181818177,37.89473684210527,16.363636363636363,0.13636363636363635,0.43181818181818177,37.89473684210527,0.13636363636363635,3
Dialysis | r15_c16 | Wednesday,Dialysis,r15_c16,Wednesday,600.0,10:00-10:30,2,2,88,52,True,0.022727272727272728,0.022727272727272728,510.0,08:30-09:00,0.5681818181818182,90.0,90.0,False,True,90.0,2.0454545454545454,0.017045454545454544,True,True,0.43181818181818177,37.89473684210527,16.363636363636363,0.13636363636363635,0.43181818181818177,37.89473684210527,0.13636363636363635,4
Dialysis | r15_c16 | Wednesday,Dialysis,r15_c16,Wednesday,450.0,07:30-08:00,1,1,88,52,True,0.011363636363636364,0.011363636363636364,510.0,08:30-09:00,0.5681818181818182,-60.0,60.0,False,True,60.0,0.6818181818181819,0.005681818181818182,True,True,0.43181818181818177,37.89473684210527,16.363636363636363,0.13636363636363635,0.43181818181818177,37.89473684210527,0.13636363636363635,5
Dialysis | r15_c16 | Wednesday,Dialysis,r15_c16,Wednesday,630.0,10:30-11:00,1,1,88,52,True,0.011363636363636364,0.011363636363636364,510.0,08:30-09:00,0.5681818181818182,120.0,120.0,False,True,120.0,1.3636363636363638,0.011363636363636364,True,True,0.43181818181818177,37.89473684210527,16.363636363636363,0.13636363636363635,0.43181818181818177,37.89473684210527,0.13636363636363635,6
Dialysis | r15_c7 | Friday,Dialysis,r15_c7,Friday,870.0,14:30-15:00,43,42,108,53,True,0.39814814814814814,0.39814814814814814,630.0,10:30-11:00,0.5740740740740741,240.0,240.0,False,True,120.0,95.55555555555556,0.39814814814814814,True,True,0.42592592592592593,226.95652173913044,96.66666666666667,0.4074074074074074,0.42592592592592593,226.95652173913044,0.4074074074074074,1
Dialysis | r15_c7 | Friday,Dialysis,r15_c7,Friday,660.0,11:00-11:30,2,2,108,53,True,0.018518518518518517,0.018518518518518517,630.0,10:30-11:00,0.5740740740740741,30.0,30.0,False,True,30.0,0.5555555555555556,0.00462962962962963,True,True,0.42592592592592593,226.95652173913044,96.66666666666667,0.4074074074074074,0.42592592592592593,226.95652173913044,0.4074074074074074,2
Dialysis | r15_c7 | Friday,Dialysis,r15_c7,Friday,570.0,09:30-10:00,1,1,108,53,True,0.009259259259259259,0.009259259259259259,630.0,10:30-11:00,0.5740740740740741,-60.0,60.0,False,True,60.0,0.5555555555555556,0.00462962962962963,True,True,0.42592592592592593,226.95652173913044,96.66666666666667,0.4074074074074074,0.42592592592592593,226.95652173913044,0.4074074074074074,3
Dialysis | r15_c7 | Monday,Dialysis,r15_c7,Monday,870.0,14:30-15:00,47,42,109,52,True,0.43119266055045874,0.43119266055045874,630.0,10:30-11:00,0.5412844036697247,240.0,240.0,False,True,120.0,103.4862385321101,0.43119266055045874,True,True,0.45871559633027525,237.0,108.71559633027523,0.4518348623853211,0.45871559633027525,237.0,0.4518348623853211,1
Dialysis | r15_c7 | Monday,Dialysis,r15_c7,Monday,900.0,15:00-15:30,2,2,109,52,True,0.01834862385321101,0.01834862385321101,630.0,10:30-11:00,0.5412844036697247,270.0,270.0,False,True,120.0,4.954128440366973,0.01834862385321101,True,True,0.45871559633027525,237.0,108.71559633027523,0.4518348623853211,0.45871559633027525,237.0,0.4518348623853211,2
Dialysis | r15_c7 | Monday,Dialysis,r15_c7,Monday,660.0,11:00-11:30,1,1,109,52,True,0.009174311926605505,0.009174311926605505,630.0,10:30-11:00,0.5412844036697247,30.0,30.0,False,True,30.0,0.27522935779816515,0.0022935779816513763,True,True,0.45871559633027525,237.0,108.71559633027523,0.4518348623853211,0.45871559633027525,237.0,0.4518348623853211,3
Dialysis | r15_c7 | Thursday,Dialysis,r15_c7,Thursday,870.0,14:30-15:00,33,16,138,48,True,0.2391304347826087,0.2391304347826087,900.0,15:00-15:30,0.45652173913043476,-30.0,30.0,False,True,30.0,7.173913043478261,0.059782608695652176,True,True,0.5434782608695652,113.20000000000002,61.52173913043479,0.286231884057971,0.5434782608695652,113.20000000000002,0.286231884057971,1
Dialysis | r15_c7 | Thursday,Dialysis,r15_c7,Thursday,660.0,11:00-11:30,17,13,138,48,True,0.12318840579710146,0.12318840579710146,900.0,15:00-15:30,0.45652173913043476,-240.0,240.0,False,True,120.0,29.565217391304348,0.12318840579710146,True,True,0.5434782608695652,113.20000000000002,61.52173913043479,0.286231884057971,0.5434782608695652,113.20000000000002,0.286231884057971,2
Dialysis | r15_c7 | Thursday,Dialysis,r15_c7,Thursday,930.0,15:30-16:00,13,7,138,48,True,0.09420289855072464,0.09420289855072464,900.0,15:00-15:30,0.45652173913043476,30.0,30.0,False,True,30.0,2.8260869565217392,0.02355072463768116,True,True,0.5434782608695652,113.20000000000002,61.52173913043479,0.286231884057971,0.5434782608695652,113.20000000000002,0.286231884057971,3
Dialysis | r15_c7 | Thursday,Dialysis,r15_c7,Thursday,630.0,10:30-11:00,5,5,138,48,True,0.036231884057971016,0.036231884057971016,900.0,15:00-15:30,0.45652173913043476,-270.0,270.0,False,True,120.0,9.782608695652174,0.036231884057971016,True,True,0.5434782608695652,113.20000000000002,61.52173913043479,0.286231884057971,0.5434782608695652,113.20000000000002,0.286231884057971,4
Dialysis | r15_c7 | Thursday,Dialysis,r15_c7,Thursday,600.0,10:00-10:30,3,3,138,48,True,0.021739130434782608,0.021739130434782608,900.0,15:00-15:30,0.45652173913043476,-300.0,300.0,False,True,120.0,6.521739130434782,0.021739130434782608,True,True,0.5434782608695652,113.20000000000002,61.52173913043479,0.286231884057971,0.5434782608695652,113.20000000000002,0.286231884057971,5
Dialysis | r15_c7 | Thursday,Dialysis,r15_c7,Thursday,570.0,09:30-10:00,2,1,138,48,True,0.014492753623188406,0.014492753623188406,900.0,15:00-15:30,0.45652173913043476,-330.0,330.0,False,True,120.0,4.782608695652174,0.014492753623188406,True,True,0.5434782608695652,113.20000000000002,61.52173913043479,0.286231884057971,0.5434782608695652,113.20000000000002,0.286231884057971,6
Dialysis | r15_c7 | Thursday,Dialysis,r15_c7,Thursday,840.0,14:00-14:30,1,1,138,48,True,0.007246376811594203,0.007246376811594203,900.0,15:00-15:30,0.45652173913043476,-60.0,60.0,False,True,60.0,0.43478260869565216,0.0036231884057971015,True,True,0.5434782608695652,113.20000000000002,61.52173913043479,0.286231884057971,0.5434782608695652,113.20000000000002,0.286231884057971,7
Dialysis | r15_c7 | Thursday,Dialysis,r15_c7,Thursday,960.0,16:00-16:30,1,1,138,48,True,0.007246376811594203,0.007246376811594203,900.0,15:00-15:30,0.45652173913043476,60.0,60.0,False,True,60.0,0.43478260869565216,0.0036231884057971015,True,True,0.5434782608695652,113.20000000000002,61.52173913043479,0.286231884057971,0.5434782608695652,113.20000000000002,0.286231884057971,8
Dialysis | r15_c7 | Tuesday,Dialysis,r15_c7,Tuesday,870.0,14:30-15:00,41,21,129,48,True,0.3178294573643411,0.3178294573643411,900.0,15:00-15:30,0.46511627906976744,-30.0,30.0,False,True,30.0,9.534883720930234,0.07945736434108527,True,True,0.5348837209302326,108.26086956521738,57.906976744186046,0.2732558139534884,0.5348837209302326,108.26086956521738,0.2732558139534884,1
Dialysis | r15_c7 | Tuesday,Dialysis,r15_c7,Tuesday,660.0,11:00-11:30,14,12,129,48,True,0.10852713178294573,0.10852713178294573,900.0,15:00-15:30,0.46511627906976744,-240.0,240.0,False,True,120.0,26.046511627906977,0.10852713178294573,True,True,0.5348837209302326,108.26086956521738,57.906976744186046,0.2732558139534884,0.5348837209302326,108.26086956521738,0.2732558139534884,2
Dialysis | r15_c7 | Tuesday,Dialysis,r15_c7,Tuesday,630.0,10:30-11:00,8,8,129,48,True,0.06201550387596899,0.06201550387596899,900.0,15:00-15:30,0.46511627906976744,-270.0,270.0,False,True,120.0,16.74418604651163,0.06201550387596899,True,True,0.5348837209302326,108.26086956521738,57.906976744186046,0.2732558139534884,0.5348837209302326,108.26086956521738,0.2732558139534884,3
Dialysis | r15_c7 | Tuesday,Dialysis,r15_c7,Tuesday,930.0,15:30-16:00,4,3,129,48,True,0.031007751937984496,0.031007751937984496,900.0,15:00-15:30,0.46511627906976744,30.0,30.0,False,True,30.0,0.9302325581395349,0.007751937984496124,True,True,0.5348837209302326,108.26086956521738,57.906976744186046,0.2732558139534884,0.5348837209302326,108.26086956521738,0.2732558139534884,4
Dialysis | r15_c7 | Tuesday,Dialysis,r15_c7,Tuesday,600.0,10:00-10:30,2,2,129,48,True,0.015503875968992248,0.015503875968992248,900.0,15:00-15:30,0.46511627906976744,-300.0,300.0,False,True,120.0,4.651162790697675,0.015503875968992248,True,True,0.5348837209302326,108.26086956521738,57.906976744186046,0.2732558139534884,0.5348837209302326,108.26086956521738,0.2732558139534884,5
Dialysis | r15_c7 | Wednesday,Dialysis,r15_c7,Wednesday,870.0,14:30-15:00,43,41,104,52,True,0.41346153846153844,0.41346153846153844,630.0,10:30-11:00,0.5576923076923077,240.0,240.0,False,True,120.0,99.23076923076923,0.41346153846153844,True,True,0.4423076923076923,231.52173913043478,102.40384615384615,0.42788461538461536,0.4423076923076923,231.52173913043478,0.42788461538461536,1
Dialysis | r15_c7 | Wednesday,Dialysis,r15_c7,Wednesday,660.0,11:00-11:30,2,2,104,52,True,0.019230769230769232,0.019230769230769232,630.0,10:30-11:00,0.5576923076923077,30.0,30.0,False,True,30.0,0.576923076923077,0.004807692307692308,True,True,0.4423076923076923,231.52173913043478,102.40384615384615,0.42788461538461536,0.4423076923076923,231.52173913043478,0.42788461538461536,2
Dialysis | r15_c7 | Wednesday,Dialysis,r15_c7,Wednesday,900.0,15:00-15:30,1,1,104,52,True,0.009615384615384616,0.009615384615384616,630.0,10:30-11:00,0.5576923076923077,270.0,270.0,False,True,120.0,2.5961538461538463,0.009615384615384616,True,True,0.4423076923076923,231.52173913043478,102.40384615384615,0.42788461538461536,0.4423076923076923,231.52173913043478,0.42788461538461536,3
Dialysis | r16_c13 | Friday,Dialysis,r16_c13,Friday,660.0,11:00-11:30,78,53,299,53,True,0.2608695652173913,0.2608695652173913,750.0,12:30-13:00,0.27759197324414714,-90.0,90.0,False,True,90.0,23.478260869565215,0.19565217391304346,True,True,0.7224080267558528,78.47222222222221,56.68896321070233,0.42391304347826086,0.7224080267558528,78.47222222222221,0.42391304347826086,1
Dialysis | r16_c13 | Friday,Dialysis,r16_c13,Friday,720.0,12:00-12:30,58,34,299,53,True,0.1939799331103679,0.1939799331103679,750.0,12:30-13:00,0.27759197324414714,-30.0,30.0,False,True,30.0,5.819397993311037,0.048494983277591976,True,True,0.7224080267558528,78.47222222222221,56.68896321070233,0.42391304347826086,0.7224080267558528,78.47222222222221,0.42391304347826086,2
Dialysis | r16_c13 | Friday,Dialysis,r16_c13,Friday,690.0,11:30-12:00,43,30,299,53,True,0.14381270903010032,0.14381270903010032,750.0,12:30-13:00,0.27759197324414714,-60.0,60.0,False,True,60.0,8.628762541806019,0.07190635451505016,True,True,0.7224080267558528,78.47222222222221,56.68896321070233,0.42391304347826086,0.7224080267558528,78.47222222222221,0.42391304347826086,3
Dialysis | r16_c13 | Friday,Dialysis,r16_c13,Friday,930.0,15:30-16:00,20,12,299,53,True,0.06688963210702341,0.06688963210702341,750.0,12:30-13:00,0.27759197324414714,180.0,180.0,False,True,120.0,12.040133779264213,0.06688963210702341,True,True,0.7224080267558528,78.47222222222221,56.68896321070233,0.42391304347826086,0.7224080267558528,78.47222222222221,0.42391304347826086,4
Dialysis | r16_c13 | Friday,Dialysis,r16_c13,Friday,810.0,13:30-14:00,6,4,299,53,True,0.020066889632107024,0.020066889632107024,750.0,12:30-13:00,0.27759197324414714,60.0,60.0,False,True,60.0,1.2040133779264215,0.010033444816053512,True,True,0.7224080267558528,78.47222222222221,56.68896321070233,0.42391304347826086,0.7224080267558528,78.47222222222221,0.42391304347826086,5
Dialysis | r16_c13 | Friday,Dialysis,r16_c13,Friday,960.0,16:00-16:30,5,3,299,53,True,0.016722408026755852,0.016722408026755852,750.0,12:30-13:00,0.27759197324414714,210.0,210.0,False,True,120.0,3.511705685618729,0.016722408026755852,True,True,0.7224080267558528,78.47222222222221,56.68896321070233,0.42391304347826086,0.7224080267558528,78.47222222222221,0.42391304347826086,6
Dialysis | r16_c13 | Friday,Dialysis,r16_c13,Friday,900.0,15:00-15:30,3,2,299,53,True,0.010033444816053512,0.010033444816053512,750.0,12:30-13:00,0.27759197324414714,150.0,150.0,False,True,120.0,1.5050167224080269,0.010033444816053512,True,True,0.7224080267558528,78.47222222222221,56.68896321070233,0.42391304347826086,0.7224080267558528,78.47222222222221,0.42391304347826086,7
Dialysis | r16_c13 | Friday,Dialysis,r16_c13,Friday,780.0,13:00-13:30,2,1,299,53,True,0.006688963210702341,0.006688963210702341,750.0,12:30-13:00,0.27759197324414714,30.0,30.0,False,True,30.0,0.20066889632107024,0.0016722408026755853,True,True,0.7224080267558528,78.47222222222221,56.68896321070233,0.42391304347826086,0.7224080267558528,78.47222222222221,0.42391304347826086,8
Dialysis | r16_c13 | Friday,Dialysis,r16_c13,Friday,840.0,14:00-14:30,1,1,299,53,True,0.0033444816053511705,0.0033444816053511705,750.0,12:30-13:00,0.27759197324414714,90.0,90.0,False,True,90.0,0.3010033444816054,0.002508361204013378,True,True,0.7224080267558528,78.47222222222221,56.68896321070233,0.42391304347826086,0.7224080267558528,78.47222222222221,0.42391304347826086,9
Dialysis | r16_c13 | Monday,Dialysis,r16_c13,Monday,750.0,12:30-13:00,82,52,291,52,True,0.281786941580756,0.281786941580756,660.0,11:00-11:30,0.2852233676975945,90.0,90.0,False,True,90.0,25.36082474226804,0.211340206185567,True,True,0.7147766323024055,89.13461538461539,63.71134020618557,0.44158075601374563,0.7147766323024055,89.13461538461539,0.44158075601374563,1
Dialysis | r16_c13 | Monday,Dialysis,r16_c13,Monday,720.0,12:00-12:30,52,32,291,52,True,0.17869415807560138,0.17869415807560138,660.0,11:00-11:30,0.2852233676975945,60.0,60.0,False,True,60.0,10.721649484536083,0.08934707903780069,True,True,0.7147766323024055,89.13461538461539,63.71134020618557,0.44158075601374563,0.7147766323024055,89.13461538461539,0.44158075601374563,2
Dialysis | r16_c13 | Monday,Dialysis,r16_c13,Monday,690.0,11:30-12:00,43,26,291,52,True,0.14776632302405499,0.14776632302405499,660.0,11:00-11:30,0.2852233676975945,30.0,30.0,False,True,30.0,4.43298969072165,0.036941580756013746,True,True,0.7147766323024055,89.13461538461539,63.71134020618557,0.44158075601374563,0.7147766323024055,89.13461538461539,0.44158075601374563,3
Dialysis | r16_c13 | Monday,Dialysis,r16_c13,Monday,930.0,15:30-16:00,15,10,291,52,True,0.05154639175257732,0.05154639175257732,660.0,11:00-11:30,0.2852233676975945,270.0,270.0,False,True,120.0,13.917525773195875,0.05154639175257732,True,True,0.7147766323024055,89.13461538461539,63.71134020618557,0.44158075601374563,0.7147766323024055,89.13461538461539,0.44158075601374563,4
Dialysis | r16_c13 | Monday,Dialysis,r16_c13,Monday,810.0,13:30-14:00,7,4,291,52,True,0.024054982817869417,0.024054982817869417,660.0,11:00-11:30,0.2852233676975945,150.0,150.0,False,True,120.0,3.6082474226804124,0.024054982817869417,True,True,0.7147766323024055,89.13461538461539,63.71134020618557,0.44158075601374563,0.7147766323024055,89.13461538461539,0.44158075601374563,5
Dialysis | r16_c13 | Monday,Dialysis,r16_c13,Monday,840.0,14:00-14:30,3,1,291,52,True,0.010309278350515464,0.010309278350515464,660.0,11:00-11:30,0.2852233676975945,180.0,180.0,False,True,120.0,1.8556701030927836,0.010309278350515464,True,True,0.7147766323024055,89.13461538461539,63.71134020618557,0.44158075601374563,0.7147766323024055,89.13461538461539,0.44158075601374563,6
Dialysis | r16_c13 | Monday,Dialysis,r16_c13,Monday,870.0,14:30-15:00,2,1,291,52,True,0.006872852233676976,0.006872852233676976,660.0,11:00-11:30,0.2852233676975945,210.0,210.0,False,True,120.0,1.443298969072165,0.006872852233676976,True,True,0.7147766323024055,89.13461538461539,63.71134020618557,0.44158075601374563,0.7147766323024055,89.13461538461539,0.44158075601374563,7
Dialysis | r16_c13 | Monday,Dialysis,r16_c13,Monday,630.0,10:30-11:00,1,1,291,52,True,0.003436426116838488,0.003436426116838488,660.0,11:00-11:30,0.2852233676975945,-30.0,30.0,False,True,30.0,0.10309278350515463,0.000859106529209622,True,True,0.7147766323024055,89.13461538461539,63.71134020618557,0.44158075601374563,0.7147766323024055,89.13461538461539,0.44158075601374563,8
Dialysis | r16_c13 | Monday,Dialysis,r16_c13,Monday,780.0,13:00-13:30,1,1,291,52,True,0.003436426116838488,0.003436426116838488,660.0,11:00-11:30,0.2852233676975945,120.0,120.0,False,True,120.0,0.41237113402061853,0.003436426116838488,True,True,0.7147766323024055,89.13461538461539,63.71134020618557,0.44158075601374563,0.7147766323024055,89.13461538461539,0.44158075601374563,9
Dialysis | r16_c13 | Monday,Dialysis,r16_c13,Monday,900.0,15:00-15:30,1,1,291,52,True,0.003436426116838488,0.003436426116838488,660.0,11:00-11:30,0.2852233676975945,240.0,240.0,False,True,120.0,0.8247422680412371,0.003436426116838488,True,True,0.7147766323024055,89.13461538461539,63.71134020618557,0.44158075601374563,0.7147766323024055,89.13461538461539,0.44158075601374563,10
Dialysis | r16_c13 | Monday,Dialysis,r16_c13,Monday,960.0,16:00-16:30,1,1,291,52,True,0.003436426116838488,0.003436426116838488,660.0,11:00-11:30,0.2852233676975945,300.0,300.0,False,True,120.0,1.0309278350515463,0.003436426116838488,True,True,0.7147766323024055,89.13461538461539,63.71134020618557,0.44158075601374563,0.7147766323024055,89.13461538461539,0.44158075601374563,11
Dialysis | r16_c13 | Wednesday,Dialysis,r16_c13,Wednesday,660.0,11:00-11:30,82,52,297,52,True,0.2760942760942761,0.2760942760942761,750.0,12:30-13:00,0.28619528619528617,-90.0,90.0,False,True,90.0,24.84848484848485,0.2070707070707071,True,True,0.7138047138047139,82.0754716981132,58.585858585858595,0.43434343434343436,0.7138047138047139,82.0754716981132,0.43434343434343436,1
Dialysis | r16_c13 | Wednesday,Dialysis,r16_c13,Wednesday,720.0,12:00-12:30,50,30,297,52,True,0.16835016835016836,0.16835016835016836,750.0,12:30-13:00,0.28619528619528617,-30.0,30.0,False,True,30.0,5.050505050505051,0.04208754208754209,True,True,0.7138047138047139,82.0754716981132,58.585858585858595,0.43434343434343436,0.7138047138047139,82.0754716981132,0.43434343434343436,2
Dialysis | r16_c13 | Wednesday,Dialysis,r16_c13,Wednesday,690.0,11:30-12:00,39,26,297,52,True,0.13131313131313133,0.13131313131313133,750.0,12:30-13:00,0.28619528619528617,-60.0,60.0,False,True,60.0,7.87878787878788,0.06565656565656566,True,True,0.7138047138047139,82.0754716981132,58.585858585858595,0.43434343434343436,0.7138047138047139,82.0754716981132,0.43434343434343436,3
Dialysis | r16_c13 | Wednesday,Dialysis,r16_c13,Wednesday,930.0,15:30-16:00,21,11,297,52,True,0.0707070707070707,0.0707070707070707,750.0,12:30-13:00,0.28619528619528617,180.0,180.0,False,True,120.0,12.727272727272727,0.0707070707070707,True,True,0.7138047138047139,82.0754716981132,58.585858585858595,0.43434343434343436,0.7138047138047139,82.0754716981132,0.43434343434343436,4
Dialysis | r16_c13 | Wednesday,Dialysis,r16_c13,Wednesday,810.0,13:30-14:00,7,5,297,52,True,0.02356902356902357,0.02356902356902357,750.0,12:30-13:00,0.28619528619528617,60.0,60.0,False,True,60.0,1.4141414141414141,0.011784511784511785,True,True,0.7138047138047139,82.0754716981132,58.585858585858595,0.43434343434343436,0.7138047138047139,82.0754716981132,0.43434343434343436,5
Dialysis | r16_c13 | Wednesday,Dialysis,r16_c13,Wednesday,960.0,16:00-16:30,6,4,297,52,True,0.020202020202020204,0.020202020202020204,750.0,12:30-13:00,0.28619528619528617,210.0,210.0,False,True,120.0,4.242424242424243,0.020202020202020204,True,True,0.7138047138047139,82.0754716981132,58.585858585858595,0.43434343434343436,0.7138047138047139,82.0754716981132,0.43434343434343436,6
Dialysis | r16_c13 | Wednesday,Dialysis,r16_c13,Wednesday,780.0,13:00-13:30,2,1,297,52,True,0.006734006734006734,0.006734006734006734,750.0,12:30-13:00,0.28619528619528617,30.0,30.0,False,True,30.0,0.20202020202020202,0.0016835016835016834,True,True,0.7138047138047139,82.0754716981132,58.585858585858595,0.43434343434343436,0.7138047138047139,82.0754716981132,0.43434343434343436,7
Dialysis | r16_c13 | Wednesday,Dialysis,r16_c13,Wednesday,840.0,14:00-14:30,2,1,297,52,True,0.006734006734006734,0.006734006734006734,750.0,12:30-13:00,0.28619528619528617,90.0,90.0,False,True,90.0,0.6060606060606061,0.005050505050505051,True,True,0.7138047138047139,82.0754716981132,58.585858585858595,0.43434343434343436,0.7138047138047139,82.0754716981132,0.43434343434343436,8
Dialysis | r16_c13 | Wednesday,Dialysis,r16_c13,Wednesday,870.0,14:30-15:00,2,1,297,52,True,0.006734006734006734,0.006734006734006734,750.0,12:30-13:00,0.28619528619528617,120.0,120.0,False,True,120.0,0.8080808080808081,0.006734006734006734,True,True,0.7138047138047139,82.0754716981132,58.585858585858595,0.43434343434343436,0.7138047138047139,82.0754716981132,0.43434343434343436,9
Dialysis | r16_c13 | Wednesday,Dialysis,r16_c13,Wednesday,990.0,16:30-17:00,1,1,297,52,True,0.003367003367003367,0.003367003367003367,750.0,12:30-13:00,0.28619528619528617,240.0,240.0,False,True,120.0,0.8080808080808081,0.003367003367003367,True,True,0.7138047138047139,82.0754716981132,58.585858585858595,0.43434343434343436,0.7138047138047139,82.0754716981132,0.43434343434343436,10
Dialysis | r16_c23 | Friday,Dialysis,r16_c23,Friday,570.0,09:30-10:00,8,6,20,16,True,0.4,0.4,510.0,08:30-09:00,0.4,60.0,60.0,False,True,60.0,24.0,0.2,True,True,0.6,50.0,30.0,0.25,0.6,50.0,0.25,1
Dialysis | r16_c23 | Friday,Dialysis,r16_c23,Friday,480.0,08:00-08:30,2,2,20,16,True,0.1,0.1,510.0,08:30-09:00,0.4,-30.0,30.0,False,True,30.0,3.0,0.025,True,True,0.6,50.0,30.0,0.25,0.6,50.0,0.25,2
Dialysis | r16_c23 | Friday,Dialysis,r16_c23,Friday,540.0,09:00-09:30,2,2,20,16,True,0.1,0.1,510.0,08:30-09:00,0.4,30.0,30.0,False,True,30.0,3.0,0.025,True,True,0.6,50.0,30.0,0.25,0.6,50.0,0.25,3
Dialysis | r16_c23 | Monday,Dialysis,r16_c23,Monday,510.0,08:30-09:00,8,8,24,17,True,0.3333333333333333,0.3333333333333333,570.0,09:30-10:00,0.5,-60.0,60.0,False,True,60.0,20.0,0.16666666666666666,True,True,0.5,55.0,27.5,0.22916666666666666,0.5,55.0,0.22916666666666666,1
Dialysis | r16_c23 | Monday,Dialysis,r16_c23,Monday,540.0,09:00-09:30,3,1,24,17,True,0.125,0.125,570.0,09:30-10:00,0.5,-30.0,30.0,False,True,30.0,3.75,0.03125,True,True,0.5,55.0,27.5,0.22916666666666666,0.5,55.0,0.22916666666666666,2
Dialysis | r16_c23 | Monday,Dialysis,r16_c23,Monday,480.0,08:00-08:30,1,1,24,17,True,0.041666666666666664,0.041666666666666664,570.0,09:30-10:00,0.5,-90.0,90.0,False,True,90.0,3.75,0.03125,True,True,0.5,55.0,27.5,0.22916666666666666,0.5,55.0,0.22916666666666666,3
Dialysis | r16_c23 | Wednesday,Dialysis,r16_c23,Wednesday,570.0,09:30-10:00,8,6,25,17,True,0.32,0.32,510.0,08:30-09:00,0.36,60.0,60.0,False,True,60.0,19.2,0.16,True,True,0.64,44.99999999999999,28.799999999999997,0.24,0.64,44.99999999999999,0.24,1
Dialysis | r16_c23 | Wednesday,Dialysis,r16_c23,Wednesday,540.0,09:00-09:30,6,6,25,17,True,0.24,0.24,510.0,08:30-09:00,0.36,30.0,30.0,False,True,30.0,7.199999999999999,0.05999999999999999,True,True,0.64,44.99999999999999,28.799999999999997,0.24,0.64,44.99999999999999,0.24,2
Dialysis | r16_c23 | Wednesday,Dialysis,r16_c23,Wednesday,480.0,08:00-08:30,2,2,25,17,True,0.08,0.08,510.0,08:30-09:00,0.36,-30.0,30.0,False,True,30.0,2.4,0.02,True,True,0.64,44.99999999999999,28.799999999999997,0.24,0.64,44.99999999999999,0.24,3
Dialysis | r16_c6 | Friday,Dialysis,r16_c6,Friday,570.0,09:30-10:00,36,34,85,42,True,0.4235294117647059,0.4235294117647059,600.0,10:00-10:30,0.5764705882352941,-30.0,30.0,False,True,30.0,12.705882352941176,0.10588235294117647,True,True,0.42352941176470593,29.999999999999996,12.705882352941176,0.10588235294117647,0.42352941176470593,29.999999999999996,0.10588235294117647,1
Dialysis | r16_c6 | Monday,Dialysis,r16_c6,Monday,570.0,09:30-10:00,37,35,84,42,True,0.44047619047619047,0.44047619047619047,600.0,10:00-10:30,0.5595238095238095,-30.0,30.0,False,True,30.0,13.214285714285714,0.11011904761904762,True,True,0.44047619047619047,30.0,13.214285714285714,0.11011904761904762,0.44047619047619047,30.0,0.11011904761904762,1
Dialysis | r16_c6 | Wednesday,Dialysis,r16_c6,Wednesday,570.0,09:30-10:00,39,36,86,41,True,0.45348837209302323,0.45348837209302323,600.0,10:00-10:30,0.5348837209302325,-30.0,30.0,False,True,30.0,13.604651162790697,0.11337209302325581,True,True,0.4651162790697675,29.999999999999996,13.953488372093023,0.11627906976744186,0.4651162790697675,29.999999999999996,0.11627906976744186,1
Dialysis | r16_c6 | Wednesday,Dialysis,r16_c6,Wednesday,630.0,10:30-11:00,1,1,86,41,True,0.011627906976744186,0.011627906976744186,600.0,10:00-10:30,0.5348837209302325,30.0,30.0,False,True,30.0,0.3488372093023256,0.0029069767441860465,True,True,0.4651162790697675,29.999999999999996,13.953488372093023,0.11627906976744186,0.4651162790697675,29.999999999999996,0.11627906976744186,2
Dialysis | r17_c10 | Monday,Dialysis,r17_c10,Monday,570.0,09:30-10:00,2,2,10,3,True,0.2,0.2,600.0,10:00-10:30,0.8,-30.0,30.0,False,True,30.0,6.0,0.05,True,True,0.19999999999999996,30.000000000000007,6.0,0.05,0.19999999999999996,30.000000000000007,0.05,1
Dialysis | r17_c7 | Friday,Dialysis,r17_c7,Friday,900.0,15:00-15:30,56,46,213,53,True,0.26291079812206575,0.26291079812206575,930.0,15:30-16:00,0.4131455399061033,-30.0,30.0,False,True,30.0,7.887323943661972,0.06572769953051644,True,True,0.5868544600938967,127.67999999999999,74.92957746478874,0.3873239436619718,0.5868544600938967,127.67999999999999,0.3873239436619718,1
Dialysis | r17_c7 | Friday,Dialysis,r17_c7,Friday,810.0,13:30-14:00,30,28,213,53,True,0.14084507042253522,0.14084507042253522,930.0,15:30-16:00,0.4131455399061033,-120.0,120.0,False,True,120.0,16.901408450704228,0.14084507042253522,True,True,0.5868544600938967,127.67999999999999,74.92957746478874,0.3873239436619718,0.5868544600938967,127.67999999999999,0.3873239436619718,2
Dialysis | r17_c7 | Friday,Dialysis,r17_c7,Friday,600.0,10:00-10:30,15,14,213,53,True,0.07042253521126761,0.07042253521126761,930.0,15:30-16:00,0.4131455399061033,-330.0,330.0,False,True,120.0,23.23943661971831,0.07042253521126761,True,True,0.5868544600938967,127.67999999999999,74.92957746478874,0.3873239436619718,0.5868544600938967,127.67999999999999,0.3873239436619718,3
Dialysis | r17_c7 | Friday,Dialysis,r17_c7,Friday,630.0,10:30-11:00,15,14,213,53,True,0.07042253521126761,0.07042253521126761,930.0,15:30-16:00,0.4131455399061033,-300.0,300.0,False,True,120.0,21.126760563380284,0.07042253521126761,True,True,0.5868544600938967,127.67999999999999,74.92957746478874,0.3873239436619718,0.5868544600938967,127.67999999999999,0.3873239436619718,4
Dialysis | r17_c7 | Friday,Dialysis,r17_c7,Friday,780.0,13:00-13:30,7,5,213,53,True,0.03286384976525822,0.03286384976525822,930.0,15:30-16:00,0.4131455399061033,-150.0,150.0,False,True,120.0,4.929577464788733,0.03286384976525822,True,True,0.5868544600938967,127.67999999999999,74.92957746478874,0.3873239436619718,0.5868544600938967,127.67999999999999,0.3873239436619718,5
Dialysis | r17_c7 | Friday,Dialysis,r17_c7,Friday,840.0,14:00-14:30,2,2,213,53,True,0.009389671361502348,0.009389671361502348,930.0,15:30-16:00,0.4131455399061033,-90.0,90.0,False,True,90.0,0.8450704225352113,0.007042253521126761,True,True,0.5868544600938967,127.67999999999999,74.92957746478874,0.3873239436619718,0.5868544600938967,127.67999999999999,0.3873239436619718,6
Dialysis | r17_c7 | Monday,Dialysis,r17_c7,Monday,900.0,15:00-15:30,53,45,215,52,True,0.24651162790697675,0.24651162790697675,930.0,15:30-16:00,0.40930232558139534,-30.0,30.0,False,True,30.0,7.395348837209303,0.06162790697674419,True,True,0.5906976744186047,129.21259842519686,76.32558139534885,0.4,0.5906976744186047,129.21259842519686,0.4,1
Dialysis | r17_c7 | Monday,Dialysis,r17_c7,Monday,810.0,13:30-14:00,35,29,215,52,True,0.16279069767441862,0.16279069767441862,930.0,15:30-16:00,0.40930232558139534,-120.0,120.0,False,True,120.0,19.534883720930235,0.16279069767441862,True,True,0.5906976744186047,129.21259842519686,76.32558139534885,0.4,0.5906976744186047,129.21259842519686,0.4,2
Dialysis | r17_c7 | Monday,Dialysis,r17_c7,Monday,630.0,10:30-11:00,21,17,215,52,True,0.09767441860465116,0.09767441860465116,930.0,15:30-16:00,0.40930232558139534,-300.0,300.0,False,True,120.0,29.302325581395348,0.09767441860465116,True,True,0.5906976744186047,129.21259842519686,76.32558139534885,0.4,0.5906976744186047,129.21259842519686,0.4,3
Dialysis | r17_c7 | Monday,Dialysis,r17_c7,Monday,600.0,10:00-10:30,10,9,215,52,True,0.046511627906976744,0.046511627906976744,930.0,15:30-16:00,0.40930232558139534,-330.0,330.0,False,True,120.0,15.348837209302326,0.046511627906976744,True,True,0.5906976744186047,129.21259842519686,76.32558139534885,0.4,0.5906976744186047,129.21259842519686,0.4,4
Dialysis | r17_c7 | Monday,Dialysis,r17_c7,Monday,780.0,13:00-13:30,4,3,215,52,True,0.018604651162790697,0.018604651162790697,930.0,15:30-16:00,0.40930232558139534,-150.0,150.0,False,True,120.0,2.7906976744186047,0.018604651162790697,True,True,0.5906976744186047,129.21259842519686,76.32558139534885,0.4,0.5906976744186047,129.21259842519686,0.4,5
Dialysis | r17_c7 | Monday,Dialysis,r17_c7,Monday,870.0,14:30-15:00,2,2,215,52,True,0.009302325581395349,0.009302325581395349,930.0,15:30-16:00,0.40930232558139534,-60.0,60.0,False,True,60.0,0.5581395348837209,0.004651162790697674,True,True,0.5906976744186047,129.21259842519686,76.32558139534885,0.4,0.5906976744186047,129.21259842519686,0.4,6
Dialysis | r17_c7 | Monday,Dialysis,r17_c7,Monday,720.0,12:00-12:30,1,1,215,52,True,0.004651162790697674,0.004651162790697674,930.0,15:30-16:00,0.40930232558139534,-210.0,210.0,False,True,120.0,0.9767441860465116,0.004651162790697674,True,True,0.5906976744186047,129.21259842519686,76.32558139534885,0.4,0.5906976744186047,129.21259842519686,0.4,7
Dialysis | r17_c7 | Monday,Dialysis,r17_c7,Monday,840.0,14:00-14:30,1,1,215,52,True,0.004651162790697674,0.004651162790697674,930.0,15:30-16:00,0.40930232558139534,-90.0,90.0,False,True,90.0,0.41860465116279066,0.0034883720930232553,True,True,0.5906976744186047,129.21259842519686,76.32558139534885,0.4,0.5906976744186047,129.21259842519686,0.4,8
Dialysis | r17_c7 | Thursday,Dialysis,r17_c7,Thursday,630.0,10:30-11:00,2,1,50,34,True,0.04,0.04,540.0,09:00-09:30,0.96,90.0,90.0,False,True,90.0,3.6,0.030000000000000002,True,True,0.040000000000000036,89.99999999999993,3.6,0.030000000000000002,0.040000000000000036,89.99999999999993,0.030000000000000002,1
Dialysis | r17_c7 | Tuesday,Dialysis,r17_c7,Tuesday,870.0,14:30-15:00,1,1,43,32,True,0.023255813953488372,0.023255813953488372,540.0,09:00-09:30,0.9534883720930233,330.0,330.0,False,True,120.0,7.674418604651163,0.023255813953488372,True,True,0.046511627906976716,360.0000000000002,16.74418604651163,0.046511627906976744,0.046511627906976716,360.0000000000002,0.046511627906976744,1
Dialysis | r17_c7 | Tuesday,Dialysis,r17_c7,Tuesday,930.0,15:30-16:00,1,1,43,32,True,0.023255813953488372,0.023255813953488372,540.0,09:00-09:30,0.9534883720930233,390.0,390.0,False,True,120.0,9.069767441860465,0.023255813953488372,True,True,0.046511627906976716,360.0000000000002,16.74418604651163,0.046511627906976744,0.046511627906976716,360.0000000000002,0.046511627906976744,2
Dialysis | r17_c7 | Wednesday,Dialysis,r17_c7,Wednesday,900.0,15:00-15:30,56,45,204,52,True,0.27450980392156865,0.27450980392156865,930.0,15:30-16:00,0.3872549019607843,-30.0,30.0,False,True,30.0,8.23529411764706,0.06862745098039216,True,True,0.6127450980392157,123.6,75.73529411764706,0.40073529411764697,0.6127450980392157,123.6,0.40073529411764697,1
Dialysis | r17_c7 | Wednesday,Dialysis,r17_c7,Wednesday,810.0,13:30-14:00,30,28,204,52,True,0.14705882352941177,0.14705882352941177,930.0,15:30-16:00,0.3872549019607843,-120.0,120.0,False,True,120.0,17.647058823529413,0.14705882352941177,True,True,0.6127450980392157,123.6,75.73529411764706,0.40073529411764697,0.6127450980392157,123.6,0.40073529411764697,2
Dialysis | r17_c7 | Wednesday,Dialysis,r17_c7,Wednesday,630.0,10:30-11:00,17,16,204,52,True,0.08333333333333333,0.08333333333333333,930.0,15:30-16:00,0.3872549019607843,-300.0,300.0,False,True,120.0,25.0,0.08333333333333333,True,True,0.6127450980392157,123.6,75.73529411764706,0.40073529411764697,0.6127450980392157,123.6,0.40073529411764697,3
Dialysis | r17_c7 | Wednesday,Dialysis,r17_c7,Wednesday,600.0,10:00-10:30,9,9,204,52,True,0.04411764705882353,0.04411764705882353,930.0,15:30-16:00,0.3872549019607843,-330.0,330.0,False,True,120.0,14.558823529411766,0.04411764705882353,True,True,0.6127450980392157,123.6,75.73529411764706,0.40073529411764697,0.6127450980392157,123.6,0.40073529411764697,4
Dialysis | r17_c7 | Wednesday,Dialysis,r17_c7,Wednesday,780.0,13:00-13:30,4,4,204,52,True,0.0196078431372549,0.0196078431372549,930.0,15:30-16:00,0.3872549019607843,-150.0,150.0,False,True,120.0,2.941176470588235,0.0196078431372549,True,True,0.6127450980392157,123.6,75.73529411764706,0.40073529411764697,0.6127450980392157,123.6,0.40073529411764697,5
Dialysis | r17_c7 | Wednesday,Dialysis,r17_c7,Wednesday,720.0,12:00-12:30,2,2,204,52,True,0.00980392156862745,0.00980392156862745,930.0,15:30-16:00,0.3872549019607843,-210.0,210.0,False,True,120.0,2.0588235294117645,0.00980392156862745,True,True,0.6127450980392157,123.6,75.73529411764706,0.40073529411764697,0.6127450980392157,123.6,0.40073529411764697,6
Dialysis | r17_c7 | Wednesday,Dialysis,r17_c7,Wednesday,750.0,12:30-13:00,2,2,204,52,True,0.00980392156862745,0.00980392156862745,930.0,15:30-16:00,0.3872549019607843,-180.0,180.0,False,True,120.0,1.7647058823529411,0.00980392156862745,True,True,0.6127450980392157,123.6,75.73529411764706,0.40073529411764697,0.6127450980392157,123.6,0.40073529411764697,7
Dialysis | r17_c7 | Wednesday,Dialysis,r17_c7,Wednesday,870.0,14:30-15:00,2,2,204,52,True,0.00980392156862745,0.00980392156862745,930.0,15:30-16:00,0.3872549019607843,-60.0,60.0,False,True,60.0,0.5882352941176471,0.004901960784313725,True,True,0.6127450980392157,123.6,75.73529411764706,0.40073529411764697,0.6127450980392157,123.6,0.40073529411764697,8
Dialysis | r17_c7 | Wednesday,Dialysis,r17_c7,Wednesday,660.0,11:00-11:30,1,1,204,52,True,0.004901960784313725,0.004901960784313725,930.0,15:30-16:00,0.3872549019607843,-270.0,270.0,False,True,120.0,1.3235294117647058,0.004901960784313725,True,True,0.6127450980392157,123.6,75.73529411764706,0.40073529411764697,0.6127450980392157,123.6,0.40073529411764697,9
Dialysis | r17_c7 | Wednesday,Dialysis,r17_c7,Wednesday,690.0,11:30-12:00,1,1,204,52,True,0.004901960784313725,0.004901960784313725,930.0,15:30-16:00,0.3872549019607843,-240.0,240.0,False,True,120.0,1.1764705882352942,0.004901960784313725,True,True,0.6127450980392157,123.6,75.73529411764706,0.40073529411764697,0.6127450980392157,123.6,0.40073529411764697,10
Dialysis | r17_c7 | Wednesday,Dialysis,r17_c7,Wednesday,840.0,14:00-14:30,1,1,204,52,True,0.004901960784313725,0.004901960784313725,930.0,15:30-16:00,0.3872549019607843,-90.0,90.0,False,True,90.0,0.4411764705882353,0.003676470588235294,True,True,0.6127450980392157,123.6,75.73529411764706,0.40073529411764697,0.6127450980392157,123.6,0.40073529411764697,11
Dialysis | r18_c11 | Friday,Dialysis,r18_c11,Friday,570.0,09:30-10:00,18,18,58,53,True,0.3103448275862069,0.3103448275862069,540.0,09:00-09:30,0.6896551724137931,30.0,30.0,False,True,30.0,9.310344827586206,0.07758620689655173,True,True,0.31034482758620685,30.000000000000004,9.310344827586206,0.07758620689655173,0.31034482758620685,30.000000000000004,0.07758620689655173,1
Dialysis | r18_c11 | Monday,Dialysis,r18_c11,Monday,570.0,09:30-10:00,21,18,60,51,True,0.35,0.35,540.0,09:00-09:30,0.6333333333333333,30.0,30.0,False,True,30.0,10.5,0.0875,True,True,0.3666666666666667,35.45454545454545,13.0,0.10416666666666666,0.3666666666666667,35.45454545454545,0.10416666666666666,1
Dialysis | r18_c11 | Monday,Dialysis,r18_c11,Monday,690.0,11:30-12:00,1,1,60,51,True,0.016666666666666666,0.016666666666666666,540.0,09:00-09:30,0.6333333333333333,150.0,150.0,False,True,120.0,2.5,0.016666666666666666,True,True,0.3666666666666667,35.45454545454545,13.0,0.10416666666666666,0.3666666666666667,35.45454545454545,0.10416666666666666,2
Dialysis | r18_c11 | Wednesday,Dialysis,r18_c11,Wednesday,570.0,09:30-10:00,20,17,60,52,True,0.3333333333333333,0.3333333333333333,540.0,09:00-09:30,0.6666666666666666,30.0,30.0,False,True,30.0,10.0,0.08333333333333333,True,True,0.33333333333333337,29.999999999999996,10.0,0.08333333333333333,0.33333333333333337,29.999999999999996,0.08333333333333333,1
Dialysis | r18_c12 | Friday,Dialysis,r18_c12,Friday,840.0,14:00-14:30,19,19,66,53,True,0.2878787878787879,0.2878787878787879,900.0,15:00-15:30,0.42424242424242425,-60.0,60.0,False,True,60.0,17.272727272727273,0.14393939393939395,True,True,0.5757575757575757,49.736842105263165,28.636363636363637,0.2272727272727273,0.5757575757575757,49.736842105263165,0.2272727272727273,1
Dialysis | r18_c12 | Friday,Dialysis,r18_c12,Friday,870.0,14:30-15:00,15,13,66,53,True,0.22727272727272727,0.22727272727272727,900.0,15:00-15:30,0.42424242424242425,-30.0,30.0,False,True,30.0,6.818181818181818,0.056818181818181816,True,True,0.5757575757575757,49.736842105263165,28.636363636363637,0.2272727272727273,0.5757575757575757,49.736842105263165,0.2272727272727273,2
Dialysis | r18_c12 | Friday,Dialysis,r18_c12,Friday,930.0,15:30-16:00,3,1,66,53,True,0.045454545454545456,0.045454545454545456,900.0,15:00-15:30,0.42424242424242425,30.0,30.0,False,True,30.0,1.3636363636363638,0.011363636363636364,True,True,0.5757575757575757,49.736842105263165,28.636363636363637,0.2272727272727273,0.5757575757575757,49.736842105263165,0.2272727272727273,3
Dialysis | r18_c12 | Friday,Dialysis,r18_c12,Friday,690.0,11:30-12:00,1,1,66,53,True,0.015151515151515152,0.015151515151515152,900.0,15:00-15:30,0.42424242424242425,-210.0,210.0,False,True,120.0,3.181818181818182,0.015151515151515154,True,True,0.5757575757575757,49.736842105263165,28.636363636363637,0.2272727272727273,0.5757575757575757,49.736842105263165,0.2272727272727273,4
Dialysis | r18_c12 | Monday,Dialysis,r18_c12,Monday,840.0,14:00-14:30,21,21,69,51,True,0.30434782608695654,0.30434782608695654,900.0,15:00-15:30,0.37681159420289856,-60.0,60.0,False,True,60.0,18.26086956521739,0.15217391304347824,True,True,0.6231884057971014,50.93023255813954,31.73913043478261,0.24275362318840576,0.6231884057971014,50.93023255813954,0.24275362318840576,1
Dialysis | r18_c12 | Monday,Dialysis,r18_c12,Monday,870.0,14:30-15:00,15,12,69,51,True,0.21739130434782608,0.21739130434782608,900.0,15:00-15:30,0.37681159420289856,-30.0,30.0,False,True,30.0,6.521739130434782,0.05434782608695652,True,True,0.6231884057971014,50.93023255813954,31.73913043478261,0.24275362318840576,0.6231884057971014,50.93023255813954,0.24275362318840576,2
Dialysis | r18_c12 | Monday,Dialysis,r18_c12,Monday,930.0,15:30-16:00,6,4,69,51,True,0.08695652173913043,0.08695652173913043,900.0,15:00-15:30,0.37681159420289856,30.0,30.0,False,True,30.0,2.608695652173913,0.021739130434782608,True,True,0.6231884057971014,50.93023255813954,31.73913043478261,0.24275362318840576,0.6231884057971014,50.93023255813954,0.24275362318840576,3
Dialysis | r18_c12 | Monday,Dialysis,r18_c12,Monday,600.0,10:00-10:30,1,1,69,51,True,0.014492753623188406,0.014492753623188406,900.0,15:00-15:30,0.37681159420289856,-300.0,300.0,False,True,120.0,4.3478260869565215,0.014492753623188406,True,True,0.6231884057971014,50.93023255813954,31.73913043478261,0.24275362318840576,0.6231884057971014,50.93023255813954,0.24275362318840576,4
Dialysis | r18_c12 | Wednesday,Dialysis,r18_c12,Wednesday,840.0,14:00-14:30,19,19,64,52,True,0.296875,0.296875,900.0,15:00-15:30,0.4375,-60.0,60.0,False,True,60.0,17.8125,0.1484375,True,True,0.5625,45.833333333333336,25.78125,0.21484375,0.5625,45.833333333333336,0.21484375,1
Dialysis | r18_c12 | Wednesday,Dialysis,r18_c12,Wednesday,870.0,14:30-15:00,15,13,64,52,True,0.234375,0.234375,900.0,15:00-15:30,0.4375,-30.0,30.0,False,True,30.0,7.03125,0.05859375,True,True,0.5625,45.833333333333336,25.78125,0.21484375,0.5625,45.833333333333336,0.21484375,2
Dialysis | r18_c12 | Wednesday,Dialysis,r18_c12,Wednesday,930.0,15:30-16:00,2,2,64,52,True,0.03125,0.03125,900.0,15:00-15:30,0.4375,30.0,30.0,False,True,30.0,0.9375,0.0078125,True,True,0.5625,45.833333333333336,25.78125,0.21484375,0.5625,45.833333333333336,0.21484375,3
Dialysis | r19_c3 | Friday,Dialysis,r19_c3,Friday,510.0,08:30-09:00,4,3,20,14,True,0.2,0.2,540.0,09:00-09:30,0.8,-30.0,30.0,False,True,30.0,6.0,0.05,True,True,0.19999999999999996,30.000000000000007,6.0,0.05,0.19999999999999996,30.000000000000007,0.05,1
Dialysis | r19_c3 | Monday,Dialysis,r19_c3,Monday,510.0,08:30-09:00,3,3,17,14,True,0.17647058823529413,0.17647058823529413,540.0,09:00-09:30,0.7647058823529411,-30.0,30.0,False,True,30.0,5.294117647058824,0.04411764705882353,True,True,0.23529411764705888,82.49999999999999,19.411764705882355,0.10294117647058823,0.23529411764705888,82.49999999999999,0.10294117647058823,1
Dialysis | r19_c3 | Monday,Dialysis,r19_c3,Monday,780.0,13:00-13:30,1,1,17,14,True,0.058823529411764705,0.058823529411764705,540.0,09:00-09:30,0.7647058823529411,240.0,240.0,False,True,120.0,14.117647058823529,0.058823529411764705,True,True,0.23529411764705888,82.49999999999999,19.411764705882355,0.10294117647058823,0.23529411764705888,82.49999999999999,0.10294117647058823,2
Dialysis | r19_c3 | Wednesday,Dialysis,r19_c3,Wednesday,510.0,08:30-09:00,3,3,26,16,True,0.11538461538461539,0.11538461538461539,540.0,09:00-09:30,0.7307692307692307,-30.0,30.0,False,True,30.0,3.4615384615384617,0.028846153846153848,True,True,0.2692307692307693,38.57142857142857,10.384615384615385,0.08653846153846155,0.2692307692307693,38.57142857142857,0.08653846153846155,1
Dialysis | r19_c3 | Wednesday,Dialysis,r19_c3,Wednesday,480.0,08:00-08:30,2,1,26,16,True,0.07692307692307693,0.07692307692307693,540.0,09:00-09:30,0.7307692307692307,-60.0,60.0,False,True,60.0,4.615384615384616,0.038461538461538464,True,True,0.2692307692307693,38.57142857142857,10.384615384615385,0.08653846153846155,0.2692307692307693,38.57142857142857,0.08653846153846155,2
Dialysis | r19_c3 | Wednesday,Dialysis,r19_c3,Wednesday,570.0,09:30-10:00,2,1,26,16,True,0.07692307692307693,0.07692307692307693,540.0,09:00-09:30,0.7307692307692307,30.0,30.0,False,True,30.0,2.307692307692308,0.019230769230769232,True,True,0.2692307692307693,38.57142857142857,10.384615384615385,0.08653846153846155,0.2692307692307693,38.57142857142857,0.08653846153846155,3
Dialysis | r19_c9 | Friday,Dialysis,r19_c9,Friday,540.0,09:00-09:30,9,6,38,26,True,0.23684210526315788,0.23684210526315788,570.0,09:30-10:00,0.7105263157894737,-30.0,30.0,False,True,30.0,7.105263157894736,0.05921052631578947,True,True,0.2894736842105263,32.72727272727273,9.473684210526315,0.07894736842105263,0.2894736842105263,32.72727272727273,0.07894736842105263,1
Dialysis | r19_c9 | Friday,Dialysis,r19_c9,Friday,600.0,10:00-10:30,1,1,38,26,True,0.02631578947368421,0.02631578947368421,570.0,09:30-10:00,0.7105263157894737,30.0,30.0,False,True,30.0,0.7894736842105263,0.006578947368421053,True,True,0.2894736842105263,32.72727272727273,9.473684210526315,0.07894736842105263,0.2894736842105263,32.72727272727273,0.07894736842105263,2
Dialysis | r19_c9 | Friday,Dialysis,r19_c9,Friday,630.0,10:30-11:00,1,1,38,26,True,0.02631578947368421,0.02631578947368421,570.0,09:30-10:00,0.7105263157894737,60.0,60.0,False,True,60.0,1.5789473684210527,0.013157894736842106,True,True,0.2894736842105263,32.72727272727273,9.473684210526315,0.07894736842105263,0.2894736842105263,32.72727272727273,0.07894736842105263,3
Dialysis | r19_c9 | Monday,Dialysis,r19_c9,Monday,540.0,09:00-09:30,14,9,49,25,True,0.2857142857142857,0.2857142857142857,570.0,09:30-10:00,0.5918367346938775,-30.0,30.0,False,True,30.0,8.571428571428571,0.07142857142857142,True,True,0.40816326530612246,31.5,12.857142857142858,0.10714285714285714,0.40816326530612246,31.5,0.10714285714285714,1
Dialysis | r19_c9 | Monday,Dialysis,r19_c9,Monday,600.0,10:00-10:30,5,1,49,25,True,0.10204081632653061,0.10204081632653061,570.0,09:30-10:00,0.5918367346938775,30.0,30.0,False,True,30.0,3.0612244897959187,0.025510204081632657,True,True,0.40816326530612246,31.5,12.857142857142858,0.10714285714285714,0.40816326530612246,31.5,0.10714285714285714,2
Dialysis | r19_c9 | Monday,Dialysis,r19_c9,Monday,630.0,10:30-11:00,1,1,49,25,True,0.02040816326530612,0.02040816326530612,570.0,09:30-10:00,0.5918367346938775,60.0,60.0,False,True,60.0,1.2244897959183672,0.01020408163265306,True,True,0.40816326530612246,31.5,12.857142857142858,0.10714285714285714,0.40816326530612246,31.5,0.10714285714285714,3
Dialysis | r19_c9 | Wednesday,Dialysis,r19_c9,Wednesday,540.0,09:00-09:30,7,4,35,25,True,0.2,0.2,570.0,09:30-10:00,0.7428571428571429,-30.0,30.0,False,True,30.0,6.0,0.05,True,True,0.2571428571428571,30.000000000000004,7.714285714285714,0.0642857142857143,0.2571428571428571,30.000000000000004,0.0642857142857143,1
Dialysis | r19_c9 | Wednesday,Dialysis,r19_c9,Wednesday,600.0,10:00-10:30,2,2,35,25,True,0.05714285714285714,0.05714285714285714,570.0,09:30-10:00,0.7428571428571429,30.0,30.0,False,True,30.0,1.7142857142857142,0.014285714285714285,True,True,0.2571428571428571,30.000000000000004,7.714285714285714,0.0642857142857143,0.2571428571428571,30.000000000000004,0.0642857142857143,2
Dialysis | r20_c7 | Friday,Dialysis,r20_c7,Friday,600.0,10:00-10:30,78,53,227,53,True,0.3436123348017621,0.3436123348017621,540.0,09:00-09:30,0.6387665198237885,60.0,60.0,False,True,60.0,20.61674008810573,0.1718061674008811,True,True,0.3612334801762115,60.00000000000001,21.67400881057269,0.18061674008810574,0.3612334801762115,60.00000000000001,0.18061674008810574,1
Dialysis | r20_c7 | Friday,Dialysis,r20_c7,Friday,570.0,09:30-10:00,2,2,227,53,True,0.00881057268722467,0.00881057268722467,540.0,09:00-09:30,0.6387665198237885,30.0,30.0,False,True,30.0,0.2643171806167401,0.0022026431718061676,True,True,0.3612334801762115,60.00000000000001,21.67400881057269,0.18061674008810574,0.3612334801762115,60.00000000000001,0.18061674008810574,2
Dialysis | r20_c7 | Friday,Dialysis,r20_c7,Friday,630.0,10:30-11:00,2,2,227,53,True,0.00881057268722467,0.00881057268722467,540.0,09:00-09:30,0.6387665198237885,90.0,90.0,False,True,90.0,0.7929515418502203,0.006607929515418502,True,True,0.3612334801762115,60.00000000000001,21.67400881057269,0.18061674008810574,0.3612334801762115,60.00000000000001,0.18061674008810574,3
Dialysis | r20_c7 | Monday,Dialysis,r20_c7,Monday,600.0,10:00-10:30,84,52,243,52,True,0.345679012345679,0.345679012345679,540.0,09:00-09:30,0.6378600823045267,60.0,60.0,False,True,60.0,20.74074074074074,0.1728395061728395,True,True,0.36213991769547327,60.340909090909086,21.85185185185185,0.18209876543209877,0.36213991769547327,60.340909090909086,0.18209876543209877,1
Dialysis | r20_c7 | Monday,Dialysis,r20_c7,Monday,630.0,10:30-11:00,2,2,243,52,True,0.00823045267489712,0.00823045267489712,540.0,09:00-09:30,0.6378600823045267,90.0,90.0,False,True,90.0,0.7407407407407408,0.00617283950617284,True,True,0.36213991769547327,60.340909090909086,21.85185185185185,0.18209876543209877,0.36213991769547327,60.340909090909086,0.18209876543209877,2
Dialysis | r20_c7 | Monday,Dialysis,r20_c7,Monday,480.0,08:00-08:30,1,1,243,52,True,0.00411522633744856,0.00411522633744856,540.0,09:00-09:30,0.6378600823045267,-60.0,60.0,False,True,60.0,0.2469135802469136,0.00205761316872428,True,True,0.36213991769547327,60.340909090909086,21.85185185185185,0.18209876543209877,0.36213991769547327,60.340909090909086,0.18209876543209877,3
Dialysis | r20_c7 | Monday,Dialysis,r20_c7,Monday,510.0,08:30-09:00,1,1,243,52,True,0.00411522633744856,0.00411522633744856,540.0,09:00-09:30,0.6378600823045267,-30.0,30.0,False,True,30.0,0.1234567901234568,0.00102880658436214,True,True,0.36213991769547327,60.340909090909086,21.85185185185185,0.18209876543209877,0.36213991769547327,60.340909090909086,0.18209876543209877,4
Dialysis | r20_c7 | Thursday,Dialysis,r20_c7,Thursday,600.0,10:00-10:30,2,2,17,12,True,0.11764705882352941,0.11764705882352941,630.0,10:30-11:00,0.7647058823529411,-30.0,30.0,False,True,30.0,3.5294117647058822,0.029411764705882353,True,True,0.23529411764705888,29.999999999999993,7.0588235294117645,0.058823529411764705,0.23529411764705888,29.999999999999993,0.058823529411764705,1
Dialysis | r20_c7 | Thursday,Dialysis,r20_c7,Thursday,660.0,11:00-11:30,2,2,17,12,True,0.11764705882352941,0.11764705882352941,630.0,10:30-11:00,0.7647058823529411,30.0,30.0,False,True,30.0,3.5294117647058822,0.029411764705882353,True,True,0.23529411764705888,29.999999999999993,7.0588235294117645,0.058823529411764705,0.23529411764705888,29.999999999999993,0.058823529411764705,2
Dialysis | r20_c7 | Tuesday,Dialysis,r20_c7,Tuesday,600.0,10:00-10:30,4,3,18,9,True,0.2222222222222222,0.2222222222222222,630.0,10:30-11:00,0.5,-30.0,30.0,False,True,30.0,6.666666666666666,0.05555555555555555,True,True,0.5,49.99999999999999,24.999999999999996,0.20833333333333331,0.5,49.99999999999999,0.20833333333333331,1
Dialysis | r20_c7 | Tuesday,Dialysis,r20_c7,Tuesday,540.0,09:00-09:30,3,1,18,9,True,0.16666666666666666,0.16666666666666666,630.0,10:30-11:00,0.5,-90.0,90.0,False,True,90.0,15.0,0.125,True,True,0.5,49.99999999999999,24.999999999999996,0.20833333333333331,0.5,49.99999999999999,0.20833333333333331,2
Dialysis | r20_c7 | Tuesday,Dialysis,r20_c7,Tuesday,660.0,11:00-11:30,2,2,18,9,True,0.1111111111111111,0.1111111111111111,630.0,10:30-11:00,0.5,30.0,30.0,False,True,30.0,3.333333333333333,0.027777777777777776,True,True,0.5,49.99999999999999,24.999999999999996,0.20833333333333331,0.5,49.99999999999999,0.20833333333333331,3
Dialysis | r20_c7 | Wednesday,Dialysis,r20_c7,Wednesday,600.0,10:00-10:30,80,52,236,52,True,0.3389830508474576,0.3389830508474576,540.0,09:00-09:30,0.6398305084745762,60.0,60.0,False,True,60.0,20.338983050847457,0.1694915254237288,True,True,0.36016949152542377,59.29411764705882,21.35593220338983,0.17796610169491522,0.36016949152542377,59.29411764705882,0.17796610169491522,1
Dialysis | r20_c7 | Wednesday,Dialysis,r20_c7,Wednesday,510.0,08:30-09:00,2,1,236,52,True,0.00847457627118644,0.00847457627118644,540.0,09:00-09:30,0.6398305084745762,-30.0,30.0,False,True,30.0,0.2542372881355932,0.00211864406779661,True,True,0.36016949152542377,59.29411764705882,21.35593220338983,0.17796610169491522,0.36016949152542377,59.29411764705882,0.17796610169491522,2
Dialysis | r20_c7 | Wednesday,Dialysis,r20_c7,Wednesday,480.0,08:00-08:30,1,1,236,52,True,0.00423728813559322,0.00423728813559322,540.0,09:00-09:30,0.6398305084745762,-60.0,60.0,False,True,60.0,0.2542372881355932,0.00211864406779661,True,True,0.36016949152542377,59.29411764705882,21.35593220338983,0.17796610169491522,0.36016949152542377,59.29411764705882,0.17796610169491522,3
Dialysis | r20_c7 | Wednesday,Dialysis,r20_c7,Wednesday,570.0,09:30-10:00,1,1,236,52,True,0.00423728813559322,0.00423728813559322,540.0,09:00-09:30,0.6398305084745762,30.0,30.0,False,True,30.0,0.1271186440677966,0.001059322033898305,True,True,0.36016949152542377,59.29411764705882,21.35593220338983,0.17796610169491522,0.36016949152542377,59.29411764705882,0.17796610169491522,4
Dialysis | r20_c7 | Wednesday,Dialysis,r20_c7,Wednesday,630.0,10:30-11:00,1,1,236,52,True,0.00423728813559322,0.00423728813559322,540.0,09:00-09:30,0.6398305084745762,90.0,90.0,False,True,90.0,0.3813559322033898,0.003177966101694915,True,True,0.36016949152542377,59.29411764705882,21.35593220338983,0.17796610169491522,0.36016949152542377,59.29411764705882,0.17796610169491522,5
Dialysis | r20_c9 | Friday,Dialysis,r20_c9,Friday,870.0,14:30-15:00,37,27,124,53,True,0.29838709677419356,0.29838709677419356,900.0,15:00-15:30,0.7016129032258065,-30.0,30.0,False,True,30.0,8.951612903225806,0.07459677419354839,True,True,0.2983870967741935,30.000000000000004,8.951612903225806,0.07459677419354839,0.2983870967741935,30.000000000000004,0.07459677419354839,1
Dialysis | r20_c9 | Monday,Dialysis,r20_c9,Monday,870.0,14:30-15:00,38,26,115,52,True,0.33043478260869563,0.33043478260869563,900.0,15:00-15:30,0.6347826086956522,-30.0,30.0,False,True,30.0,9.91304347826087,0.08260869565217391,True,True,0.3652173913043478,32.857142857142854,12.0,0.1,0.3652173913043478,32.857142857142854,0.1,1
Dialysis | r20_c9 | Monday,Dialysis,r20_c9,Monday,930.0,15:30-16:00,2,1,115,52,True,0.017391304347826087,0.017391304347826087,900.0,15:00-15:30,0.6347826086956522,30.0,30.0,False,True,30.0,0.5217391304347826,0.004347826086956522,True,True,0.3652173913043478,32.857142857142854,12.0,0.1,0.3652173913043478,32.857142857142854,0.1,2
Dialysis | r20_c9 | Monday,Dialysis,r20_c9,Monday,780.0,13:00-13:30,1,1,115,52,True,0.008695652173913044,0.008695652173913044,900.0,15:00-15:30,0.6347826086956522,-120.0,120.0,False,True,120.0,1.0434782608695652,0.008695652173913044,True,True,0.3652173913043478,32.857142857142854,12.0,0.1,0.3652173913043478,32.857142857142854,0.1,3
Dialysis | r20_c9 | Monday,Dialysis,r20_c9,Monday,960.0,16:00-16:30,1,1,115,52,True,0.008695652173913044,0.008695652173913044,900.0,15:00-15:30,0.6347826086956522,60.0,60.0,False,True,60.0,0.5217391304347826,0.004347826086956522,True,True,0.3652173913043478,32.857142857142854,12.0,0.1,0.3652173913043478,32.857142857142854,0.1,4
Dialysis | r20_c9 | Thursday,Dialysis,r20_c9,Thursday,900.0,15:00-15:30,4,1,13,5,True,0.3076923076923077,0.3076923076923077,570.0,09:30-10:00,0.3076923076923077,330.0,330.0,False,True,120.0,101.53846153846155,0.3076923076923077,True,True,0.6923076923076923,316.6666666666667,219.23076923076923,0.6923076923076923,0.6923076923076923,316.6666666666667,0.6923076923076923,1
Dialysis | r20_c9 | Thursday,Dialysis,r20_c9,Thursday,840.0,14:00-14:30,2,1,13,5,True,0.15384615384615385,0.15384615384615385,570.0,09:30-10:00,0.3076923076923077,270.0,270.0,False,True,120.0,41.53846153846154,0.15384615384615385,True,True,0.6923076923076923,316.6666666666667,219.23076923076923,0.6923076923076923,0.6923076923076923,316.6666666666667,0.6923076923076923,2
Dialysis | r20_c9 | Thursday,Dialysis,r20_c9,Thursday,870.0,14:30-15:00,2,1,13,5,True,0.15384615384615385,0.15384615384615385,570.0,09:30-10:00,0.3076923076923077,300.0,300.0,False,True,120.0,46.15384615384615,0.15384615384615385,True,True,0.6923076923076923,316.6666666666667,219.23076923076923,0.6923076923076923,0.6923076923076923,316.6666666666667,0.6923076923076923,3
Dialysis | r20_c9 | Thursday,Dialysis,r20_c9,Thursday,960.0,16:00-16:30,1,1,13,5,True,0.07692307692307693,0.07692307692307693,570.0,09:30-10:00,0.3076923076923077,390.0,390.0,False,True,120.0,30.0,0.07692307692307693,True,True,0.6923076923076923,316.6666666666667,219.23076923076923,0.6923076923076923,0.6923076923076923,316.6666666666667,0.6923076923076923,4
Dialysis | r20_c9 | Wednesday,Dialysis,r20_c9,Wednesday,870.0,14:30-15:00,37,25,112,52,True,0.33035714285714285,0.33035714285714285,900.0,15:00-15:30,0.6696428571428571,-30.0,30.0,False,True,30.0,9.910714285714285,0.08258928571428571,True,True,0.3303571428571429,29.999999999999993,9.910714285714285,0.08258928571428571,0.3303571428571429,29.999999999999993,0.08258928571428571,1
Dialysis | r21_c11 | Thursday,Dialysis,r21_c11,Thursday,570.0,09:30-10:00,4,1,19,9,True,0.21052631578947367,0.21052631578947367,600.0,10:00-10:30,0.7894736842105263,-30.0,30.0,False,True,30.0,6.315789473684211,0.052631578947368425,True,True,0.21052631578947367,30.000000000000004,6.315789473684211,0.052631578947368425,0.21052631578947367,30.000000000000004,0.052631578947368425,1
Dialysis | r21_c11 | Tuesday,Dialysis,r21_c11,Tuesday,570.0,09:30-10:00,2,1,16,11,True,0.125,0.125,600.0,10:00-10:30,0.875,-30.0,30.0,False,True,30.0,3.75,0.03125,True,True,0.125,30.0,3.75,0.03125,0.125,30.0,0.03125,1
Dialysis | r21_c12 | Friday,Dialysis,r21_c12,Friday,690.0,11:30-12:00,11,8,44,33,True,0.25,0.25,660.0,11:00-11:30,0.5227272727272727,30.0,30.0,False,True,30.0,7.5,0.0625,True,True,0.4772727272727273,67.14285714285714,32.04545454545455,0.2102272727272727,0.4772727272727273,67.14285714285714,0.2102272727272727,1
Dialysis | r21_c12 | Friday,Dialysis,r21_c12,Friday,720.0,12:00-12:30,4,4,44,33,True,0.09090909090909091,0.09090909090909091,660.0,11:00-11:30,0.5227272727272727,60.0,60.0,False,True,60.0,5.454545454545455,0.045454545454545456,True,True,0.4772727272727273,67.14285714285714,32.04545454545455,0.2102272727272727,0.4772727272727273,67.14285714285714,0.2102272727272727,2
Dialysis | r21_c12 | Friday,Dialysis,r21_c12,Friday,750.0,12:30-13:00,3,3,44,33,True,0.06818181818181818,0.06818181818181818,660.0,11:00-11:30,0.5227272727272727,90.0,90.0,False,True,90.0,6.136363636363636,0.05113636363636363,True,True,0.4772727272727273,67.14285714285714,32.04545454545455,0.2102272727272727,0.4772727272727273,67.14285714285714,0.2102272727272727,3
Dialysis | r21_c12 | Friday,Dialysis,r21_c12,Friday,930.0,15:30-16:00,2,2,44,33,True,0.045454545454545456,0.045454545454545456,660.0,11:00-11:30,0.5227272727272727,270.0,270.0,False,True,120.0,12.272727272727273,0.045454545454545456,True,True,0.4772727272727273,67.14285714285714,32.04545454545455,0.2102272727272727,0.4772727272727273,67.14285714285714,0.2102272727272727,4
Dialysis | r21_c12 | Friday,Dialysis,r21_c12,Friday,630.0,10:30-11:00,1,1,44,33,True,0.022727272727272728,0.022727272727272728,660.0,11:00-11:30,0.5227272727272727,-30.0,30.0,False,True,30.0,0.6818181818181819,0.005681818181818182,True,True,0.4772727272727273,67.14285714285714,32.04545454545455,0.2102272727272727,0.4772727272727273,67.14285714285714,0.2102272727272727,5
Dialysis | r21_c12 | Monday,Dialysis,r21_c12,Monday,690.0,11:30-12:00,15,10,54,31,True,0.2777777777777778,0.2777777777777778,660.0,11:00-11:30,0.5370370370370371,30.0,30.0,False,True,30.0,8.333333333333334,0.06944444444444445,True,True,0.4629629629629629,70.80000000000001,32.77777777777778,0.20833333333333331,0.4629629629629629,70.80000000000001,0.20833333333333331,1
Dialysis | r21_c12 | Monday,Dialysis,r21_c12,Monday,810.0,13:30-14:00,3,2,54,31,True,0.05555555555555555,0.05555555555555555,660.0,11:00-11:30,0.5370370370370371,150.0,150.0,False,True,120.0,8.333333333333332,0.05555555555555555,True,True,0.4629629629629629,70.80000000000001,32.77777777777778,0.20833333333333331,0.4629629629629629,70.80000000000001,0.20833333333333331,2
Dialysis | r21_c12 | Monday,Dialysis,r21_c12,Monday,630.0,10:30-11:00,2,1,54,31,True,0.037037037037037035,0.037037037037037035,660.0,11:00-11:30,0.5370370370370371,-30.0,30.0,False,True,30.0,1.1111111111111112,0.00925925925925926,True,True,0.4629629629629629,70.80000000000001,32.77777777777778,0.20833333333333331,0.4629629629629629,70.80000000000001,0.20833333333333331,3
Dialysis | r21_c12 | Monday,Dialysis,r21_c12,Monday,750.0,12:30-13:00,2,2,54,31,True,0.037037037037037035,0.037037037037037035,660.0,11:00-11:30,0.5370370370370371,90.0,90.0,False,True,90.0,3.333333333333333,0.027777777777777776,True,True,0.4629629629629629,70.80000000000001,32.77777777777778,0.20833333333333331,0.4629629629629629,70.80000000000001,0.20833333333333331,4
Dialysis | r21_c12 | Monday,Dialysis,r21_c12,Monday,720.0,12:00-12:30,1,1,54,31,True,0.018518518518518517,0.018518518518518517,660.0,11:00-11:30,0.5370370370370371,60.0,60.0,False,True,60.0,1.1111111111111112,0.00925925925925926,True,True,0.4629629629629629,70.80000000000001,32.77777777777778,0.20833333333333331,0.4629629629629629,70.80000000000001,0.20833333333333331,5
Dialysis | r21_c12 | Monday,Dialysis,r21_c12,Monday,930.0,15:30-16:00,1,1,54,31,True,0.018518518518518517,0.018518518518518517,660.0,11:00-11:30,0.5370370370370371,270.0,270.0,False,True,120.0,5.0,0.01851851851851852,True,True,0.4629629629629629,70.80000000000001,32.77777777777778,0.20833333333333331,0.4629629629629629,70.80000000000001,0.20833333333333331,6
Dialysis | r21_c12 | Monday,Dialysis,r21_c12,Monday,960.0,16:00-16:30,1,1,54,31,True,0.018518518518518517,0.018518518518518517,660.0,11:00-11:30,0.5370370370370371,300.0,300.0,False,True,120.0,5.555555555555555,0.01851851851851852,True,True,0.4629629629629629,70.80000000000001,32.77777777777778,0.20833333333333331,0.4629629629629629,70.80000000000001,0.20833333333333331,7
Dialysis | r21_c12 | Wednesday,Dialysis,r21_c12,Wednesday,690.0,11:30-12:00,15,11,56,34,True,0.26785714285714285,0.26785714285714285,660.0,11:00-11:30,0.39285714285714285,30.0,30.0,False,True,30.0,8.035714285714285,0.06696428571428571,True,True,0.6071428571428572,77.64705882352939,47.14285714285714,0.30803571428571425,0.6071428571428572,77.64705882352939,0.30803571428571425,1
Dialysis | r21_c12 | Wednesday,Dialysis,r21_c12,Wednesday,720.0,12:00-12:30,8,7,56,34,True,0.14285714285714285,0.14285714285714285,660.0,11:00-11:30,0.39285714285714285,60.0,60.0,False,True,60.0,8.571428571428571,0.07142857142857142,True,True,0.6071428571428572,77.64705882352939,47.14285714285714,0.30803571428571425,0.6071428571428572,77.64705882352939,0.30803571428571425,2
Dialysis | r21_c12 | Wednesday,Dialysis,r21_c12,Wednesday,750.0,12:30-13:00,3,3,56,34,True,0.05357142857142857,0.05357142857142857,660.0,11:00-11:30,0.39285714285714285,90.0,90.0,False,True,90.0,4.821428571428571,0.040178571428571425,True,True,0.6071428571428572,77.64705882352939,47.14285714285714,0.30803571428571425,0.6071428571428572,77.64705882352939,0.30803571428571425,3
Dialysis | r21_c12 | Wednesday,Dialysis,r21_c12,Wednesday,810.0,13:30-14:00,2,2,56,34,True,0.03571428571428571,0.03571428571428571,660.0,11:00-11:30,0.39285714285714285,150.0,150.0,False,True,120.0,5.357142857142857,0.03571428571428571,True,True,0.6071428571428572,77.64705882352939,47.14285714285714,0.30803571428571425,0.6071428571428572,77.64705882352939,0.30803571428571425,4
Dialysis | r21_c12 | Wednesday,Dialysis,r21_c12,Wednesday,930.0,15:30-16:00,2,2,56,34,True,0.03571428571428571,0.03571428571428571,660.0,11:00-11:30,0.39285714285714285,270.0,270.0,False,True,120.0,9.642857142857142,0.03571428571428571,True,True,0.6071428571428572,77.64705882352939,47.14285714285714,0.30803571428571425,0.6071428571428572,77.64705882352939,0.30803571428571425,5
Dialysis | r21_c12 | Wednesday,Dialysis,r21_c12,Wednesday,630.0,10:30-11:00,1,1,56,34,True,0.017857142857142856,0.017857142857142856,660.0,11:00-11:30,0.39285714285714285,-30.0,30.0,False,True,30.0,0.5357142857142857,0.004464285714285714,True,True,0.6071428571428572,77.64705882352939,47.14285714285714,0.30803571428571425,0.6071428571428572,77.64705882352939,0.30803571428571425,6
Dialysis | r21_c12 | Wednesday,Dialysis,r21_c12,Wednesday,780.0,13:00-13:30,1,1,56,34,True,0.017857142857142856,0.017857142857142856,660.0,11:00-11:30,0.39285714285714285,120.0,120.0,False,True,120.0,2.142857142857143,0.017857142857142856,True,True,0.6071428571428572,77.64705882352939,47.14285714285714,0.30803571428571425,0.6071428571428572,77.64705882352939,0.30803571428571425,7
Dialysis | r21_c12 | Wednesday,Dialysis,r21_c12,Wednesday,870.0,14:30-15:00,1,1,56,34,True,0.017857142857142856,0.017857142857142856,660.0,11:00-11:30,0.39285714285714285,210.0,210.0,False,True,120.0,3.75,0.017857142857142856,True,True,0.6071428571428572,77.64705882352939,47.14285714285714,0.30803571428571425,0.6071428571428572,77.64705882352939,0.30803571428571425,8
Dialysis | r21_c12 | Wednesday,Dialysis,r21_c12,Wednesday,900.0,15:00-15:30,1,1,56,34,True,0.017857142857142856,0.017857142857142856,660.0,11:00-11:30,0.39285714285714285,240.0,240.0,False,True,120.0,4.285714285714286,0.017857142857142856,True,True,0.6071428571428572,77.64705882352939,47.14285714285714,0.30803571428571425,0.6071428571428572,77.64705882352939,0.30803571428571425,9
Dialysis | r21_c6 | Friday,Dialysis,r21_c6,Friday,690.0,11:30-12:00,3,2,10,7,True,0.3,0.3,630.0,10:30-11:00,0.7,60.0,60.0,False,True,60.0,18.0,0.15,True,True,0.30000000000000004,59.99999999999999,18.0,0.15,0.30000000000000004,59.99999999999999,0.15,1
Dialysis | r21_c6 | Monday,Dialysis,r21_c6,Monday,600.0,10:00-10:30,2,2,13,7,True,0.15384615384615385,0.15384615384615385,630.0,10:30-11:00,0.7692307692307693,-30.0,30.0,False,True,30.0,4.615384615384616,0.038461538461538464,True,True,0.23076923076923073,40.000000000000014,9.230769230769232,0.07692307692307693,0.23076923076923073,40.000000000000014,0.07692307692307693,1
Dialysis | r21_c6 | Monday,Dialysis,r21_c6,Monday,690.0,11:30-12:00,1,1,13,7,True,0.07692307692307693,0.07692307692307693,630.0,10:30-11:00,0.7692307692307693,60.0,60.0,False,True,60.0,4.615384615384616,0.038461538461538464,True,True,0.23076923076923073,40.000000000000014,9.230769230769232,0.07692307692307693,0.23076923076923073,40.000000000000014,0.07692307692307693,2
Dialysis | r21_c6 | Wednesday,Dialysis,r21_c6,Wednesday,600.0,10:00-10:30,1,1,10,6,True,0.1,0.1,630.0,10:30-11:00,0.9,-30.0,30.0,False,True,30.0,3.0,0.025,True,True,0.09999999999999998,30.000000000000007,3.0,0.025,0.09999999999999998,30.000000000000007,0.025,1
Dialysis | r21_c7 | Thursday,Dialysis,r21_c7,Thursday,630.0,10:30-11:00,3,1,19,11,True,0.15789473684210525,0.15789473684210525,570.0,09:30-10:00,0.7368421052631579,60.0,60.0,False,True,60.0,9.473684210526315,0.07894736842105263,True,True,0.26315789473684215,59.999999999999986,15.789473684210526,0.13157894736842105,0.26315789473684215,59.999999999999986,0.13157894736842105,1
Dialysis | r21_c7 | Thursday,Dialysis,r21_c7,Thursday,540.0,09:00-09:30,1,1,19,11,True,0.05263157894736842,0.05263157894736842,570.0,09:30-10:00,0.7368421052631579,-30.0,30.0,False,True,30.0,1.5789473684210527,0.013157894736842106,True,True,0.26315789473684215,59.999999999999986,15.789473684210526,0.13157894736842105,0.26315789473684215,59.999999999999986,0.13157894736842105,2
Dialysis | r21_c7 | Thursday,Dialysis,r21_c7,Thursday,660.0,11:00-11:30,1,1,19,11,True,0.05263157894736842,0.05263157894736842,570.0,09:30-10:00,0.7368421052631579,90.0,90.0,False,True,90.0,4.7368421052631575,0.039473684210526314,True,True,0.26315789473684215,59.999999999999986,15.789473684210526,0.13157894736842105,0.26315789473684215,59.999999999999986,0.13157894736842105,3
Dialysis | r21_c7 | Tuesday,Dialysis,r21_c7,Tuesday,630.0,10:30-11:00,1,1,12,11,True,0.08333333333333333,0.08333333333333333,570.0,09:30-10:00,0.9166666666666666,60.0,60.0,False,True,60.0,5.0,0.041666666666666664,True,True,0.08333333333333337,59.99999999999997,5.0,0.041666666666666664,0.08333333333333337,59.99999999999997,0.041666666666666664,1
Dialysis | r21_c9 | Thursday,Dialysis,r21_c9,Thursday,660.0,11:00-11:30,3,3,31,18,True,0.0967741935483871,0.0967741935483871,870.0,14:30-15:00,0.8709677419354839,-210.0,210.0,False,True,120.0,20.32258064516129,0.0967741935483871,True,True,0.12903225806451613,172.5,22.258064516129032,0.11290322580645161,0.12903225806451613,172.5,0.11290322580645161,1
Dialysis | r21_c9 | Thursday,Dialysis,r21_c9,Thursday,930.0,15:30-16:00,1,1,31,18,True,0.03225806451612903,0.03225806451612903,870.0,14:30-15:00,0.8709677419354839,60.0,60.0,False,True,60.0,1.935483870967742,0.016129032258064516,True,True,0.12903225806451613,172.5,22.258064516129032,0.11290322580645161,0.12903225806451613,172.5,0.11290322580645161,2
Dialysis | r21_c9 | Tuesday,Dialysis,r21_c9,Tuesday,660.0,11:00-11:30,3,3,27,18,True,0.1111111111111111,0.1111111111111111,870.0,14:30-15:00,0.8518518518518519,-210.0,210.0,False,True,120.0,23.333333333333332,0.1111111111111111,True,True,0.14814814814814814,187.50000000000003,27.77777777777778,0.14814814814814814,0.14814814814814814,187.50000000000003,0.14814814814814814,1
Dialysis | r21_c9 | Tuesday,Dialysis,r21_c9,Tuesday,990.0,16:30-17:00,1,1,27,18,True,0.037037037037037035,0.037037037037037035,870.0,14:30-15:00,0.8518518518518519,120.0,120.0,False,True,120.0,4.444444444444445,0.03703703703703704,True,True,0.14814814814814814,187.50000000000003,27.77777777777778,0.14814814814814814,0.14814814814814814,187.50000000000003,0.14814814814814814,2
Dialysis | r22_c12 | Thursday,Dialysis,r22_c12,Thursday,900.0,15:00-15:30,23,16,88,48,True,0.26136363636363635,0.26136363636363635,930.0,15:30-16:00,0.6136363636363636,-30.0,30.0,False,True,30.0,7.840909090909091,0.06534090909090909,True,True,0.38636363636363635,83.82352941176472,32.38636363636364,0.16477272727272727,0.38636363636363635,83.82352941176472,0.16477272727272727,1
Dialysis | r22_c12 | Thursday,Dialysis,r22_c12,Thursday,570.0,09:30-10:00,2,1,88,48,True,0.022727272727272728,0.022727272727272728,930.0,15:30-16:00,0.6136363636363636,-360.0,360.0,False,True,120.0,8.181818181818182,0.022727272727272728,True,True,0.38636363636363635,83.82352941176472,32.38636363636364,0.16477272727272727,0.38636363636363635,83.82352941176472,0.16477272727272727,2
Dialysis | r22_c12 | Thursday,Dialysis,r22_c12,Thursday,630.0,10:30-11:00,2,2,88,48,True,0.022727272727272728,0.022727272727272728,930.0,15:30-16:00,0.6136363636363636,-300.0,300.0,False,True,120.0,6.818181818181818,0.022727272727272728,True,True,0.38636363636363635,83.82352941176472,32.38636363636364,0.16477272727272727,0.38636363636363635,83.82352941176472,0.16477272727272727,3
Dialysis | r22_c12 | Thursday,Dialysis,r22_c12,Thursday,840.0,14:00-14:30,2,2,88,48,True,0.022727272727272728,0.022727272727272728,930.0,15:30-16:00,0.6136363636363636,-90.0,90.0,False,True,90.0,2.0454545454545454,0.017045454545454544,True,True,0.38636363636363635,83.82352941176472,32.38636363636364,0.16477272727272727,0.38636363636363635,83.82352941176472,0.16477272727272727,4
Dialysis | r22_c12 | Thursday,Dialysis,r22_c12,Thursday,870.0,14:30-15:00,2,2,88,48,True,0.022727272727272728,0.022727272727272728,930.0,15:30-16:00,0.6136363636363636,-60.0,60.0,False,True,60.0,1.3636363636363638,0.011363636363636364,True,True,0.38636363636363635,83.82352941176472,32.38636363636364,0.16477272727272727,0.38636363636363635,83.82352941176472,0.16477272727272727,5
Dialysis | r22_c12 | Thursday,Dialysis,r22_c12,Thursday,660.0,11:00-11:30,1,1,88,48,True,0.011363636363636364,0.011363636363636364,930.0,15:30-16:00,0.6136363636363636,-270.0,270.0,False,True,120.0,3.0681818181818183,0.011363636363636364,True,True,0.38636363636363635,83.82352941176472,32.38636363636364,0.16477272727272727,0.38636363636363635,83.82352941176472,0.16477272727272727,6
Dialysis | r22_c12 | Thursday,Dialysis,r22_c12,Thursday,690.0,11:30-12:00,1,1,88,48,True,0.011363636363636364,0.011363636363636364,930.0,15:30-16:00,0.6136363636363636,-240.0,240.0,False,True,120.0,2.7272727272727275,0.011363636363636364,True,True,0.38636363636363635,83.82352941176472,32.38636363636364,0.16477272727272727,0.38636363636363635,83.82352941176472,0.16477272727272727,7
Dialysis | r22_c12 | Thursday,Dialysis,r22_c12,Thursday,960.0,16:00-16:30,1,1,88,48,True,0.011363636363636364,0.011363636363636364,930.0,15:30-16:00,0.6136363636363636,30.0,30.0,False,True,30.0,0.34090909090909094,0.002840909090909091,True,True,0.38636363636363635,83.82352941176472,32.38636363636364,0.16477272727272727,0.38636363636363635,83.82352941176472,0.16477272727272727,8
Dialysis | r22_c12 | Tuesday,Dialysis,r22_c12,Tuesday,900.0,15:00-15:30,29,17,86,47,True,0.3372093023255814,0.3372093023255814,930.0,15:30-16:00,0.5465116279069767,-30.0,30.0,False,True,30.0,10.116279069767442,0.08430232558139535,True,True,0.4534883720930233,41.53846153846153,18.83720930232558,0.1453488372093023,0.4534883720930233,41.53846153846153,0.1453488372093023,1
Dialysis | r22_c12 | Tuesday,Dialysis,r22_c12,Tuesday,870.0,14:30-15:00,4,3,86,47,True,0.046511627906976744,0.046511627906976744,930.0,15:30-16:00,0.5465116279069767,-60.0,60.0,False,True,60.0,2.7906976744186047,0.023255813953488372,True,True,0.4534883720930233,41.53846153846153,18.83720930232558,0.1453488372093023,0.4534883720930233,41.53846153846153,0.1453488372093023,2
Dialysis | r22_c12 | Tuesday,Dialysis,r22_c12,Tuesday,960.0,16:00-16:30,3,2,86,47,True,0.03488372093023256,0.03488372093023256,930.0,15:30-16:00,0.5465116279069767,30.0,30.0,False,True,30.0,1.0465116279069768,0.00872093023255814,True,True,0.4534883720930233,41.53846153846153,18.83720930232558,0.1453488372093023,0.4534883720930233,41.53846153846153,0.1453488372093023,3
Dialysis | r22_c12 | Tuesday,Dialysis,r22_c12,Tuesday,840.0,14:00-14:30,2,1,86,47,True,0.023255813953488372,0.023255813953488372,930.0,15:30-16:00,0.5465116279069767,-90.0,90.0,False,True,90.0,2.0930232558139537,0.01744186046511628,True,True,0.4534883720930233,41.53846153846153,18.83720930232558,0.1453488372093023,0.4534883720930233,41.53846153846153,0.1453488372093023,4
Dialysis | r22_c12 | Tuesday,Dialysis,r22_c12,Tuesday,690.0,11:30-12:00,1,1,86,47,True,0.011627906976744186,0.011627906976744186,930.0,15:30-16:00,0.5465116279069767,-240.0,240.0,False,True,120.0,2.7906976744186047,0.011627906976744186,True,True,0.4534883720930233,41.53846153846153,18.83720930232558,0.1453488372093023,0.4534883720930233,41.53846153846153,0.1453488372093023,5
Dialysis | r22_c13 | Friday,Dialysis,r22_c13,Friday,960.0,16:00-16:30,4,3,31,19,True,0.12903225806451613,0.12903225806451613,930.0,15:30-16:00,0.8064516129032258,30.0,30.0,False,True,30.0,3.870967741935484,0.03225806451612903,True,True,0.19354838709677424,49.999999999999986,9.67741935483871,0.08064516129032258,0.19354838709677424,49.999999999999986,0.08064516129032258,1
Dialysis | r22_c13 | Friday,Dialysis,r22_c13,Friday,990.0,16:30-17:00,1,1,31,19,True,0.03225806451612903,0.03225806451612903,930.0,15:30-16:00,0.8064516129032258,60.0,60.0,False,True,60.0,1.935483870967742,0.016129032258064516,True,True,0.19354838709677424,49.999999999999986,9.67741935483871,0.08064516129032258,0.19354838709677424,49.999999999999986,0.08064516129032258,2
Dialysis | r22_c13 | Friday,Dialysis,r22_c13,Friday,1050.0,17:30-18:00,1,1,31,19,True,0.03225806451612903,0.03225806451612903,930.0,15:30-16:00,0.8064516129032258,120.0,120.0,False,True,120.0,3.870967741935484,0.03225806451612903,True,True,0.19354838709677424,49.999999999999986,9.67741935483871,0.08064516129032258,0.19354838709677424,49.999999999999986,0.08064516129032258,3
Dialysis | r22_c13 | Monday,Dialysis,r22_c13,Monday,960.0,16:00-16:30,3,3,28,17,True,0.10714285714285714,0.10714285714285714,930.0,15:30-16:00,0.8928571428571429,30.0,30.0,False,True,30.0,3.214285714285714,0.026785714285714284,True,True,0.1071428571428571,30.00000000000001,3.214285714285714,0.026785714285714284,0.1071428571428571,30.00000000000001,0.026785714285714284,1
Dialysis | r22_c13 | Wednesday,Dialysis,r22_c13,Wednesday,960.0,16:00-16:30,2,2,27,18,True,0.07407407407407407,0.07407407407407407,930.0,15:30-16:00,0.8518518518518519,30.0,30.0,False,True,30.0,2.2222222222222223,0.01851851851851852,True,True,0.14814814814814814,45.00000000000001,6.666666666666667,0.055555555555555566,0.14814814814814814,45.00000000000001,0.055555555555555566,1
Dialysis | r22_c13 | Wednesday,Dialysis,r22_c13,Wednesday,990.0,16:30-17:00,2,1,27,18,True,0.07407407407407407,0.07407407407407407,930.0,15:30-16:00,0.8518518518518519,60.0,60.0,False,True,60.0,4.444444444444445,0.03703703703703704,True,True,0.14814814814814814,45.00000000000001,6.666666666666667,0.055555555555555566,0.14814814814814814,45.00000000000001,0.055555555555555566,2
Dialysis | r22_c15 | Friday,Dialysis,r22_c15,Friday,840.0,14:00-14:30,2,1,129,48,True,0.015503875968992248,0.015503875968992248,720.0,12:00-12:30,0.9844961240310077,120.0,120.0,False,True,120.0,1.8604651162790697,0.015503875968992248,True,True,0.015503875968992276,119.99999999999979,1.8604651162790697,0.015503875968992248,0.015503875968992276,119.99999999999979,0.015503875968992248,1
Dialysis | r22_c15 | Wednesday,Dialysis,r22_c15,Wednesday,750.0,12:30-13:00,1,1,129,47,True,0.007751937984496124,0.007751937984496124,720.0,12:00-12:30,0.9922480620155039,30.0,30.0,False,True,30.0,0.23255813953488372,0.001937984496124031,True,True,0.007751937984496138,29.999999999999947,0.23255813953488372,0.001937984496124031,0.007751937984496138,29.999999999999947,0.001937984496124031,1
Dialysis | r22_c9 | Tuesday,Dialysis,r22_c9,Tuesday,420.0,07:00-07:30,1,1,10,7,True,0.1,0.1,660.0,11:00-11:30,0.8,-240.0,240.0,False,True,120.0,24.0,0.1,True,True,0.19999999999999996,150.00000000000003,30.0,0.15000000000000002,0.19999999999999996,150.00000000000003,0.15000000000000002,1
Dialysis | r22_c9 | Tuesday,Dialysis,r22_c9,Tuesday,600.0,10:00-10:30,1,1,10,7,True,0.1,0.1,660.0,11:00-11:30,0.8,-60.0,60.0,False,True,60.0,6.0,0.05,True,True,0.19999999999999996,150.00000000000003,30.0,0.15000000000000002,0.19999999999999996,150.00000000000003,0.15000000000000002,2
Dialysis | r23_c10 | Friday,Dialysis,r23_c10,Friday,630.0,10:30-11:00,31,26,88,44,True,0.3522727272727273,0.3522727272727273,600.0,10:00-10:30,0.4090909090909091,30.0,30.0,False,True,30.0,10.568181818181818,0.08806818181818182,True,True,0.5909090909090908,52.5,31.02272727272727,0.20738636363636362,0.5909090909090908,52.5,0.20738636363636362,1
Dialysis | r23_c10 | Friday,Dialysis,r23_c10,Friday,660.0,11:00-11:30,15,13,88,44,True,0.17045454545454544,0.17045454545454544,600.0,10:00-10:30,0.4090909090909091,60.0,60.0,False,True,60.0,10.227272727272727,0.08522727272727272,True,True,0.5909090909090908,52.5,31.02272727272727,0.20738636363636362,0.5909090909090908,52.5,0.20738636363636362,2
Dialysis | r23_c10 | Friday,Dialysis,r23_c10,Friday,570.0,09:30-10:00,4,3,88,44,True,0.045454545454545456,0.045454545454545456,600.0,10:00-10:30,0.4090909090909091,-30.0,30.0,False,True,30.0,1.3636363636363638,0.011363636363636364,True,True,0.5909090909090908,52.5,31.02272727272727,0.20738636363636362,0.5909090909090908,52.5,0.20738636363636362,3
Dialysis | r23_c10 | Friday,Dialysis,r23_c10,Friday,960.0,16:00-16:30,1,1,88,44,True,0.011363636363636364,0.011363636363636364,600.0,10:00-10:30,0.4090909090909091,360.0,360.0,False,True,120.0,4.090909090909091,0.011363636363636364,True,True,0.5909090909090908,52.5,31.02272727272727,0.20738636363636362,0.5909090909090908,52.5,0.20738636363636362,4
Dialysis | r23_c10 | Friday,Dialysis,r23_c10,Friday,1020.0,17:00-17:30,1,1,88,44,True,0.011363636363636364,0.011363636363636364,600.0,10:00-10:30,0.4090909090909091,420.0,420.0,False,True,120.0,4.7727272727272725,0.011363636363636364,True,True,0.5909090909090908,52.5,31.02272727272727,0.20738636363636362,0.5909090909090908,52.5,0.20738636363636362,5
Dialysis | r23_c10 | Monday,Dialysis,r23_c10,Monday,600.0,10:00-10:30,36,22,104,45,True,0.34615384615384615,0.34615384615384615,630.0,10:30-11:00,0.3942307692307692,-30.0,30.0,False,True,30.0,10.384615384615385,0.08653846153846154,True,True,0.6057692307692308,38.09523809523809,23.076923076923077,0.18509615384615383,0.6057692307692308,38.09523809523809,0.18509615384615383,1
Dialysis | r23_c10 | Monday,Dialysis,r23_c10,Monday,660.0,11:00-11:30,17,11,104,45,True,0.16346153846153846,0.16346153846153846,630.0,10:30-11:00,0.3942307692307692,30.0,30.0,False,True,30.0,4.903846153846154,0.040865384615384616,True,True,0.6057692307692308,38.09523809523809,23.076923076923077,0.18509615384615383,0.6057692307692308,38.09523809523809,0.18509615384615383,2
Dialysis | r23_c10 | Monday,Dialysis,r23_c10,Monday,570.0,09:30-10:00,7,3,104,45,True,0.0673076923076923,0.0673076923076923,630.0,10:30-11:00,0.3942307692307692,-60.0,60.0,False,True,60.0,4.038461538461538,0.03365384615384615,True,True,0.6057692307692308,38.09523809523809,23.076923076923077,0.18509615384615383,0.6057692307692308,38.09523809523809,0.18509615384615383,3
Dialysis | r23_c10 | Monday,Dialysis,r23_c10,Monday,540.0,09:00-09:30,2,1,104,45,True,0.019230769230769232,0.019230769230769232,630.0,10:30-11:00,0.3942307692307692,-90.0,90.0,False,True,90.0,1.7307692307692308,0.014423076923076924,True,True,0.6057692307692308,38.09523809523809,23.076923076923077,0.18509615384615383,0.6057692307692308,38.09523809523809,0.18509615384615383,4
Dialysis | r23_c10 | Monday,Dialysis,r23_c10,Monday,420.0,07:00-07:30,1,1,104,45,True,0.009615384615384616,0.009615384615384616,630.0,10:30-11:00,0.3942307692307692,-210.0,210.0,False,True,120.0,2.019230769230769,0.009615384615384616,True,True,0.6057692307692308,38.09523809523809,23.076923076923077,0.18509615384615383,0.6057692307692308,38.09523809523809,0.18509615384615383,5
Dialysis | r23_c10 | Wednesday,Dialysis,r23_c10,Wednesday,630.0,10:30-11:00,30,23,98,44,True,0.30612244897959184,0.30612244897959184,600.0,10:00-10:30,0.336734693877551,30.0,30.0,False,True,30.0,9.183673469387756,0.07653061224489796,True,True,0.6632653061224489,54.0,35.816326530612244,0.2653061224489796,0.6632653061224489,54.0,0.2653061224489796,1
Dialysis | r23_c10 | Wednesday,Dialysis,r23_c10,Wednesday,660.0,11:00-11:30,27,15,98,44,True,0.2755102040816326,0.2755102040816326,600.0,10:00-10:30,0.336734693877551,60.0,60.0,False,True,60.0,16.53061224489796,0.13775510204081634,True,True,0.6632653061224489,54.0,35.816326530612244,0.2653061224489796,0.6632653061224489,54.0,0.2653061224489796,2
Dialysis | r23_c10 | Wednesday,Dialysis,r23_c10,Wednesday,570.0,09:30-10:00,3,3,98,44,True,0.030612244897959183,0.030612244897959183,600.0,10:00-10:30,0.336734693877551,-30.0,30.0,False,True,30.0,0.9183673469387755,0.007653061224489796,True,True,0.6632653061224489,54.0,35.816326530612244,0.2653061224489796,0.6632653061224489,54.0,0.2653061224489796,3
Dialysis | r23_c10 | Wednesday,Dialysis,r23_c10,Wednesday,690.0,11:30-12:00,3,3,98,44,True,0.030612244897959183,0.030612244897959183,600.0,10:00-10:30,0.336734693877551,90.0,90.0,False,True,90.0,2.7551020408163263,0.022959183673469385,True,True,0.6632653061224489,54.0,35.816326530612244,0.2653061224489796,0.6632653061224489,54.0,0.2653061224489796,4
Dialysis | r23_c10 | Wednesday,Dialysis,r23_c10,Wednesday,900.0,15:00-15:30,1,1,98,44,True,0.01020408163265306,0.01020408163265306,600.0,10:00-10:30,0.336734693877551,300.0,300.0,False,True,120.0,3.061224489795918,0.01020408163265306,True,True,0.6632653061224489,54.0,35.816326530612244,0.2653061224489796,0.6632653061224489,54.0,0.2653061224489796,5
Dialysis | r23_c10 | Wednesday,Dialysis,r23_c10,Wednesday,930.0,15:30-16:00,1,1,98,44,True,0.01020408163265306,0.01020408163265306,600.0,10:00-10:30,0.336734693877551,330.0,330.0,False,True,120.0,3.3673469387755097,0.01020408163265306,True,True,0.6632653061224489,54.0,35.816326530612244,0.2653061224489796,0.6632653061224489,54.0,0.2653061224489796,6
Dialysis | r23_c12 | Friday,Dialysis,r23_c12,Friday,660.0,11:00-11:30,32,27,190,53,True,0.16842105263157894,0.16842105263157894,930.0,15:30-16:00,0.6263157894736842,-270.0,270.0,False,True,120.0,45.473684210526315,0.16842105263157894,True,True,0.37368421052631584,221.83098591549296,82.89473684210527,0.3078947368421053,0.37368421052631584,221.83098591549296,0.3078947368421053,1
Dialysis | r23_c12 | Friday,Dialysis,r23_c12,Friday,630.0,10:30-11:00,15,13,190,53,True,0.07894736842105263,0.07894736842105263,930.0,15:30-16:00,0.6263157894736842,-300.0,300.0,False,True,120.0,23.684210526315788,0.07894736842105263,True,True,0.37368421052631584,221.83098591549296,82.89473684210527,0.3078947368421053,0.37368421052631584,221.83098591549296,0.3078947368421053,2
Dialysis | r23_c12 | Friday,Dialysis,r23_c12,Friday,960.0,16:00-16:30,11,8,190,53,True,0.05789473684210526,0.05789473684210526,930.0,15:30-16:00,0.6263157894736842,30.0,30.0,False,True,30.0,1.736842105263158,0.014473684210526316,True,True,0.37368421052631584,221.83098591549296,82.89473684210527,0.3078947368421053,0.37368421052631584,221.83098591549296,0.3078947368421053,3
Dialysis | r23_c12 | Friday,Dialysis,r23_c12,Friday,600.0,10:00-10:30,4,4,190,53,True,0.021052631578947368,0.021052631578947368,930.0,15:30-16:00,0.6263157894736842,-330.0,330.0,False,True,120.0,6.947368421052632,0.021052631578947368,True,True,0.37368421052631584,221.83098591549296,82.89473684210527,0.3078947368421053,0.37368421052631584,221.83098591549296,0.3078947368421053,4
Dialysis | r23_c12 | Friday,Dialysis,r23_c12,Friday,900.0,15:00-15:30,3,2,190,53,True,0.015789473684210527,0.015789473684210527,930.0,15:30-16:00,0.6263157894736842,-30.0,30.0,False,True,30.0,0.4736842105263158,0.003947368421052632,True,True,0.37368421052631584,221.83098591549296,82.89473684210527,0.3078947368421053,0.37368421052631584,221.83098591549296,0.3078947368421053,5
Dialysis | r23_c12 | Friday,Dialysis,r23_c12,Friday,990.0,16:30-17:00,3,2,190,53,True,0.015789473684210527,0.015789473684210527,930.0,15:30-16:00,0.6263157894736842,60.0,60.0,False,True,60.0,0.9473684210526316,0.007894736842105263,True,True,0.37368421052631584,221.83098591549296,82.89473684210527,0.3078947368421053,0.37368421052631584,221.83098591549296,0.3078947368421053,6
Dialysis | r23_c12 | Friday,Dialysis,r23_c12,Friday,510.0,08:30-09:00,1,1,190,53,True,0.005263157894736842,0.005263157894736842,930.0,15:30-16:00,0.6263157894736842,-420.0,420.0,False,True,120.0,2.2105263157894735,0.005263157894736842,True,True,0.37368421052631584,221.83098591549296,82.89473684210527,0.3078947368421053,0.37368421052631584,221.83098591549296,0.3078947368421053,7
Dialysis | r23_c12 | Friday,Dialysis,r23_c12,Friday,720.0,12:00-12:30,1,1,190,53,True,0.005263157894736842,0.005263157894736842,930.0,15:30-16:00,0.6263157894736842,-210.0,210.0,False,True,120.0,1.1052631578947367,0.005263157894736842,True,True,0.37368421052631584,221.83098591549296,82.89473684210527,0.3078947368421053,0.37368421052631584,221.83098591549296,0.3078947368421053,8
Dialysis | r23_c12 | Friday,Dialysis,r23_c12,Friday,870.0,14:30-15:00,1,1,190,53,True,0.005263157894736842,0.005263157894736842,930.0,15:30-16:00,0.6263157894736842,-60.0,60.0,False,True,60.0,0.3157894736842105,0.002631578947368421,True,True,0.37368421052631584,221.83098591549296,82.89473684210527,0.3078947368421053,0.37368421052631584,221.83098591549296,0.3078947368421053,9
Dialysis | r23_c12 | Monday,Dialysis,r23_c12,Monday,660.0,11:00-11:30,39,26,193,52,True,0.20207253886010362,0.20207253886010362,930.0,15:30-16:00,0.5181347150259067,-270.0,270.0,False,True,120.0,54.55958549222798,0.20207253886010362,True,True,0.4818652849740933,197.09677419354838,94.97409326424871,0.36787564766839376,0.4818652849740933,197.09677419354838,0.36787564766839376,1
Dialysis | r23_c12 | Monday,Dialysis,r23_c12,Monday,960.0,16:00-16:30,15,12,193,52,True,0.07772020725388601,0.07772020725388601,930.0,15:30-16:00,0.5181347150259067,30.0,30.0,False,True,30.0,2.33160621761658,0.019430051813471502,True,True,0.4818652849740933,197.09677419354838,94.97409326424871,0.36787564766839376,0.4818652849740933,197.09677419354838,0.36787564766839376,2
Dialysis | r23_c12 | Monday,Dialysis,r23_c12,Monday,900.0,15:00-15:30,13,5,193,52,True,0.06735751295336788,0.06735751295336788,930.0,15:30-16:00,0.5181347150259067,-30.0,30.0,False,True,30.0,2.0207253886010363,0.01683937823834197,True,True,0.4818652849740933,197.09677419354838,94.97409326424871,0.36787564766839376,0.4818652849740933,197.09677419354838,0.36787564766839376,3
Dialysis | r23_c12 | Monday,Dialysis,r23_c12,Monday,630.0,10:30-11:00,12,12,193,52,True,0.06217616580310881,0.06217616580310881,930.0,15:30-16:00,0.5181347150259067,-300.0,300.0,False,True,120.0,18.65284974093264,0.06217616580310881,True,True,0.4818652849740933,197.09677419354838,94.97409326424871,0.36787564766839376,0.4818652849740933,197.09677419354838,0.36787564766839376,4
Dialysis | r23_c12 | Monday,Dialysis,r23_c12,Monday,600.0,10:00-10:30,6,5,193,52,True,0.031088082901554404,0.031088082901554404,930.0,15:30-16:00,0.5181347150259067,-330.0,330.0,False,True,120.0,10.259067357512953,0.031088082901554404,True,True,0.4818652849740933,197.09677419354838,94.97409326424871,0.36787564766839376,0.4818652849740933,197.09677419354838,0.36787564766839376,5
Dialysis | r23_c12 | Monday,Dialysis,r23_c12,Monday,720.0,12:00-12:30,4,2,193,52,True,0.02072538860103627,0.02072538860103627,930.0,15:30-16:00,0.5181347150259067,-210.0,210.0,False,True,120.0,4.352331606217617,0.02072538860103627,True,True,0.4818652849740933,197.09677419354838,94.97409326424871,0.36787564766839376,0.4818652849740933,197.09677419354838,0.36787564766839376,6
Dialysis | r23_c12 | Monday,Dialysis,r23_c12,Monday,690.0,11:30-12:00,1,1,193,52,True,0.0051813471502590676,0.0051813471502590676,930.0,15:30-16:00,0.5181347150259067,-240.0,240.0,False,True,120.0,1.2435233160621761,0.0051813471502590676,True,True,0.4818652849740933,197.09677419354838,94.97409326424871,0.36787564766839376,0.4818652849740933,197.09677419354838,0.36787564766839376,7
Dialysis | r23_c12 | Monday,Dialysis,r23_c12,Monday,750.0,12:30-13:00,1,1,193,52,True,0.0051813471502590676,0.0051813471502590676,930.0,15:30-16:00,0.5181347150259067,-180.0,180.0,False,True,120.0,0.9326424870466321,0.0051813471502590676,True,True,0.4818652849740933,197.09677419354838,94.97409326424871,0.36787564766839376,0.4818652849740933,197.09677419354838,0.36787564766839376,8
Dialysis | r23_c12 | Monday,Dialysis,r23_c12,Monday,870.0,14:30-15:00,1,1,193,52,True,0.0051813471502590676,0.0051813471502590676,930.0,15:30-16:00,0.5181347150259067,-60.0,60.0,False,True,60.0,0.31088082901554404,0.0025906735751295338,True,True,0.4818652849740933,197.09677419354838,94.97409326424871,0.36787564766839376,0.4818652849740933,197.09677419354838,0.36787564766839376,9
Dialysis | r23_c12 | Monday,Dialysis,r23_c12,Monday,990.0,16:30-17:00,1,1,193,52,True,0.0051813471502590676,0.0051813471502590676,930.0,15:30-16:00,0.5181347150259067,60.0,60.0,False,True,60.0,0.31088082901554404,0.0025906735751295338,True,True,0.4818652849740933,197.09677419354838,94.97409326424871,0.36787564766839376,0.4818652849740933,197.09677419354838,0.36787564766839376,10
Dialysis | r23_c12 | Wednesday,Dialysis,r23_c12,Wednesday,660.0,11:00-11:30,36,27,193,52,True,0.18652849740932642,0.18652849740932642,930.0,15:30-16:00,0.5544041450777202,-270.0,270.0,False,True,120.0,50.362694300518136,0.18652849740932645,True,True,0.4455958549222798,204.76744186046508,91.24352331606217,0.3523316062176166,0.4455958549222798,204.76744186046508,0.3523316062176166,1
Dialysis | r23_c12 | Wednesday,Dialysis,r23_c12,Wednesday,960.0,16:00-16:30,16,13,193,52,True,0.08290155440414508,0.08290155440414508,930.0,15:30-16:00,0.5544041450777202,30.0,30.0,False,True,30.0,2.4870466321243523,0.02072538860103627,True,True,0.4455958549222798,204.76744186046508,91.24352331606217,0.3523316062176166,0.4455958549222798,204.76744186046508,0.3523316062176166,2
Dialysis | r23_c12 | Wednesday,Dialysis,r23_c12,Wednesday,630.0,10:30-11:00,15,13,193,52,True,0.07772020725388601,0.07772020725388601,930.0,15:30-16:00,0.5544041450777202,-300.0,300.0,False,True,120.0,23.316062176165804,0.07772020725388601,True,True,0.4455958549222798,204.76744186046508,91.24352331606217,0.3523316062176166,0.4455958549222798,204.76744186046508,0.3523316062176166,3
Dialysis | r23_c12 | Wednesday,Dialysis,r23_c12,Wednesday,600.0,10:00-10:30,6,6,193,52,True,0.031088082901554404,0.031088082901554404,930.0,15:30-16:00,0.5544041450777202,-330.0,330.0,False,True,120.0,10.259067357512953,0.031088082901554404,True,True,0.4455958549222798,204.76744186046508,91.24352331606217,0.3523316062176166,0.4455958549222798,204.76744186046508,0.3523316062176166,4
Dialysis | r23_c12 | Wednesday,Dialysis,r23_c12,Wednesday,900.0,15:00-15:30,4,4,193,52,True,0.02072538860103627,0.02072538860103627,930.0,15:30-16:00,0.5544041450777202,-30.0,30.0,False,True,30.0,0.6217616580310881,0.0051813471502590676,True,True,0.4455958549222798,204.76744186046508,91.24352331606217,0.3523316062176166,0.4455958549222798,204.76744186046508,0.3523316062176166,5
Dialysis | r23_c12 | Wednesday,Dialysis,r23_c12,Wednesday,990.0,16:30-17:00,4,3,193,52,True,0.02072538860103627,0.02072538860103627,930.0,15:30-16:00,0.5544041450777202,60.0,60.0,False,True,60.0,1.2435233160621761,0.010362694300518135,True,True,0.4455958549222798,204.76744186046508,91.24352331606217,0.3523316062176166,0.4455958549222798,204.76744186046508,0.3523316062176166,6
Dialysis | r23_c12 | Wednesday,Dialysis,r23_c12,Wednesday,1020.0,17:00-17:30,4,2,193,52,True,0.02072538860103627,0.02072538860103627,930.0,15:30-16:00,0.5544041450777202,90.0,90.0,False,True,90.0,1.8652849740932642,0.015544041450777202,True,True,0.4455958549222798,204.76744186046508,91.24352331606217,0.3523316062176166,0.4455958549222798,204.76744186046508,0.3523316062176166,7
Dialysis | r23_c12 | Wednesday,Dialysis,r23_c12,Wednesday,720.0,12:00-12:30,1,1,193,52,True,0.0051813471502590676,0.0051813471502590676,930.0,15:30-16:00,0.5544041450777202,-210.0,210.0,False,True,120.0,1.0880829015544042,0.0051813471502590676,True,True,0.4455958549222798,204.76744186046508,91.24352331606217,0.3523316062176166,0.4455958549222798,204.76744186046508,0.3523316062176166,8
Dialysis | r23_c19 | Friday,Dialysis,r23_c19,Friday,300.0,05:00-05:30,1,1,129,48,True,0.007751937984496124,0.007751937984496124,360.0,06:00-06:30,0.9922480620155039,-60.0,60.0,False,True,60.0,0.46511627906976744,0.003875968992248062,True,True,0.007751937984496138,59.99999999999989,0.46511627906976744,0.003875968992248062,0.007751937984496138,59.99999999999989,0.003875968992248062,1
Dialysis | r23_c19 | Monday,Dialysis,r23_c19,Monday,390.0,06:30-07:00,2,1,132,47,True,0.015151515151515152,0.015151515151515152,360.0,06:00-06:30,0.9621212121212122,30.0,30.0,False,True,30.0,0.4545454545454546,0.0037878787878787884,True,True,0.037878787878787845,60.00000000000006,2.272727272727273,0.01893939393939394,0.037878787878787845,60.00000000000006,0.01893939393939394,1
Dialysis | r23_c19 | Monday,Dialysis,r23_c19,Monday,450.0,07:30-08:00,2,1,132,47,True,0.015151515151515152,0.015151515151515152,360.0,06:00-06:30,0.9621212121212122,90.0,90.0,False,True,90.0,1.3636363636363638,0.011363636363636364,True,True,0.037878787878787845,60.00000000000006,2.272727272727273,0.01893939393939394,0.037878787878787845,60.00000000000006,0.01893939393939394,2
Dialysis | r23_c19 | Monday,Dialysis,r23_c19,Monday,300.0,05:00-05:30,1,1,132,47,True,0.007575757575757576,0.007575757575757576,360.0,06:00-06:30,0.9621212121212122,-60.0,60.0,False,True,60.0,0.4545454545454546,0.0037878787878787884,True,True,0.037878787878787845,60.00000000000006,2.272727272727273,0.01893939393939394,0.037878787878787845,60.00000000000006,0.01893939393939394,3
Dialysis | r23_c19 | Wednesday,Dialysis,r23_c19,Wednesday,300.0,05:00-05:30,1,1,128,47,True,0.0078125,0.0078125,360.0,06:00-06:30,0.9921875,-60.0,60.0,False,True,60.0,0.46875,0.00390625,True,True,0.0078125,60.0,0.46875,0.00390625,0.0078125,60.0,0.00390625,1
Dialysis | r24_c10 | Friday,Dialysis,r24_c10,Friday,630.0,10:30-11:00,1,1,28,19,True,0.03571428571428571,0.03571428571428571,600.0,10:00-10:30,0.9642857142857143,30.0,30.0,False,True,30.0,1.0714285714285714,0.008928571428571428,True,True,0.0357142857142857,30.000000000000014,1.0714285714285714,0.008928571428571428,0.0357142857142857,30.000000000000014,0.008928571428571428,1
Dialysis | r24_c10 | Monday,Dialysis,r24_c10,Monday,570.0,09:30-10:00,3,3,29,19,True,0.10344827586206896,0.10344827586206896,600.0,10:00-10:30,0.896551724137931,-30.0,30.0,False,True,30.0,3.103448275862069,0.02586206896551724,True,True,0.10344827586206895,30.000000000000004,3.103448275862069,0.02586206896551724,0.10344827586206895,30.000000000000004,0.02586206896551724,1
Dialysis | r24_c10 | Wednesday,Dialysis,r24_c10,Wednesday,720.0,12:00-12:30,1,1,23,20,True,0.043478260869565216,0.043478260869565216,600.0,10:00-10:30,0.9565217391304348,120.0,120.0,False,True,120.0,5.217391304347826,0.043478260869565216,True,True,0.04347826086956519,120.00000000000009,5.217391304347826,0.043478260869565216,0.04347826086956519,120.00000000000009,0.043478260869565216,1
Dialysis | r24_c15 | Friday,Dialysis,r24_c15,Friday,930.0,15:30-16:00,14,9,63,49,True,0.2222222222222222,0.2222222222222222,570.0,09:30-10:00,0.7619047619047619,360.0,360.0,False,True,120.0,80.0,0.2222222222222222,True,True,0.23809523809523814,361.99999999999994,86.19047619047619,0.23809523809523808,0.23809523809523814,361.99999999999994,0.23809523809523808,1
Dialysis | r24_c15 | Friday,Dialysis,r24_c15,Friday,960.0,16:00-16:30,1,1,63,49,True,0.015873015873015872,0.015873015873015872,570.0,09:30-10:00,0.7619047619047619,390.0,390.0,False,True,120.0,6.19047619047619,0.015873015873015872,True,True,0.23809523809523814,361.99999999999994,86.19047619047619,0.23809523809523808,0.23809523809523814,361.99999999999994,0.23809523809523808,2
Dialysis | r24_c15 | Monday,Dialysis,r24_c15,Monday,930.0,15:30-16:00,13,10,59,50,True,0.22033898305084745,0.22033898305084745,570.0,09:30-10:00,0.711864406779661,360.0,360.0,False,True,120.0,79.32203389830508,0.22033898305084745,True,True,0.288135593220339,294.7058823529411,84.91525423728812,0.25,0.288135593220339,294.7058823529411,0.25,1
Dialysis | r24_c15 | Monday,Dialysis,r24_c15,Monday,540.0,09:00-09:30,3,3,59,50,True,0.05084745762711865,0.05084745762711865,570.0,09:30-10:00,0.711864406779661,-30.0,30.0,False,True,30.0,1.5254237288135595,0.012711864406779662,True,True,0.288135593220339,294.7058823529411,84.91525423728812,0.25,0.288135593220339,294.7058823529411,0.25,2
Dialysis | r24_c15 | Monday,Dialysis,r24_c15,Monday,810.0,13:30-14:00,1,1,59,50,True,0.01694915254237288,0.01694915254237288,570.0,09:30-10:00,0.711864406779661,240.0,240.0,False,True,120.0,4.067796610169491,0.01694915254237288,True,True,0.288135593220339,294.7058823529411,84.91525423728812,0.25,0.288135593220339,294.7058823529411,0.25,3
Dialysis | r24_c15 | Wednesday,Dialysis,r24_c15,Wednesday,930.0,15:30-16:00,18,9,62,48,True,0.2903225806451613,0.2903225806451613,570.0,09:30-10:00,0.6612903225806451,360.0,360.0,False,True,120.0,104.51612903225808,0.2903225806451613,True,True,0.33870967741935487,332.85714285714283,112.74193548387098,0.31451612903225806,0.33870967741935487,332.85714285714283,0.31451612903225806,1
Dialysis | r24_c15 | Wednesday,Dialysis,r24_c15,Wednesday,540.0,09:00-09:30,2,2,62,48,True,0.03225806451612903,0.03225806451612903,570.0,09:30-10:00,0.6612903225806451,-30.0,30.0,False,True,30.0,0.967741935483871,0.008064516129032258,True,True,0.33870967741935487,332.85714285714283,112.74193548387098,0.31451612903225806,0.33870967741935487,332.85714285714283,0.31451612903225806,2
Dialysis | r24_c15 | Wednesday,Dialysis,r24_c15,Wednesday,1020.0,17:00-17:30,1,1,62,48,True,0.016129032258064516,0.016129032258064516,570.0,09:30-10:00,0.6612903225806451,450.0,450.0,False,True,120.0,7.258064516129032,0.016129032258064516,True,True,0.33870967741935487,332.85714285714283,112.74193548387098,0.31451612903225806,0.33870967741935487,332.85714285714283,0.31451612903225806,3
Dialysis | r24_c16 | Friday,Dialysis,r24_c16,Friday,690.0,11:30-12:00,1,1,62,53,True,0.016129032258064516,0.016129032258064516,900.0,15:00-15:30,0.9516129032258065,-210.0,210.0,False,True,120.0,3.3870967741935485,0.016129032258064516,True,True,0.048387096774193505,110.00000000000009,5.32258064516129,0.03225806451612903,0.048387096774193505,110.00000000000009,0.03225806451612903,1
Dialysis | r24_c16 | Friday,Dialysis,r24_c16,Friday,810.0,13:30-14:00,1,1,62,53,True,0.016129032258064516,0.016129032258064516,900.0,15:00-15:30,0.9516129032258065,-90.0,90.0,False,True,90.0,1.4516129032258065,0.012096774193548387,True,True,0.048387096774193505,110.00000000000009,5.32258064516129,0.03225806451612903,0.048387096774193505,110.00000000000009,0.03225806451612903,2
Dialysis | r24_c16 | Friday,Dialysis,r24_c16,Friday,930.0,15:30-16:00,1,1,62,53,True,0.016129032258064516,0.016129032258064516,900.0,15:00-15:30,0.9516129032258065,30.0,30.0,False,True,30.0,0.4838709677419355,0.004032258064516129,True,True,0.048387096774193505,110.00000000000009,5.32258064516129,0.03225806451612903,0.048387096774193505,110.00000000000009,0.03225806451612903,3
Dialysis | r24_c16 | Monday,Dialysis,r24_c16,Monday,930.0,15:30-16:00,2,2,66,52,True,0.030303030303030304,0.030303030303030304,900.0,15:00-15:30,0.9545454545454546,30.0,30.0,False,True,30.0,0.9090909090909092,0.007575757575757577,True,True,0.045454545454545414,210.00000000000023,9.545454545454547,0.02272727272727273,0.045454545454545414,210.00000000000023,0.02272727272727273,1
Dialysis | r24_c16 | Monday,Dialysis,r24_c16,Monday,330.0,05:30-06:00,1,1,66,52,True,0.015151515151515152,0.015151515151515152,900.0,15:00-15:30,0.9545454545454546,-570.0,570.0,False,True,120.0,8.636363636363637,0.015151515151515154,True,True,0.045454545454545414,210.00000000000023,9.545454545454547,0.02272727272727273,0.045454545454545414,210.00000000000023,0.02272727272727273,2
Dialysis | r24_c16 | Tuesday,Dialysis,r24_c16,Tuesday,360.0,06:00-06:30,2,1,52,41,True,0.038461538461538464,0.038461538461538464,330.0,05:30-06:00,0.9615384615384616,30.0,30.0,False,True,30.0,1.153846153846154,0.009615384615384616,True,True,0.038461538461538436,30.000000000000025,1.153846153846154,0.009615384615384616,0.038461538461538436,30.000000000000025,0.009615384615384616,1
Dialysis | r24_c16 | Wednesday,Dialysis,r24_c16,Wednesday,930.0,15:30-16:00,2,2,65,52,True,0.03076923076923077,0.03076923076923077,900.0,15:00-15:30,0.9384615384615385,30.0,30.0,False,True,30.0,0.9230769230769231,0.007692307692307693,True,True,0.06153846153846154,187.50000000000003,11.53846153846154,0.038461538461538464,0.06153846153846154,187.50000000000003,0.038461538461538464,1
Dialysis | r24_c16 | Wednesday,Dialysis,r24_c16,Wednesday,330.0,05:30-06:00,1,1,65,52,True,0.015384615384615385,0.015384615384615385,900.0,15:00-15:30,0.9384615384615385,-570.0,570.0,False,True,120.0,8.76923076923077,0.015384615384615385,True,True,0.06153846153846154,187.50000000000003,11.53846153846154,0.038461538461538464,0.06153846153846154,187.50000000000003,0.038461538461538464,2
Dialysis | r24_c16 | Wednesday,Dialysis,r24_c16,Wednesday,1020.0,17:00-17:30,1,1,65,52,True,0.015384615384615385,0.015384615384615385,900.0,15:00-15:30,0.9384615384615385,120.0,120.0,False,True,120.0,1.8461538461538463,0.015384615384615385,True,True,0.06153846153846154,187.50000000000003,11.53846153846154,0.038461538461538464,0.06153846153846154,187.50000000000003,0.038461538461538464,3
Dialysis | r25_c12 | Friday,Dialysis,r25_c12,Friday,600.0,10:00-10:30,8,7,34,17,True,0.23529411764705882,0.23529411764705882,570.0,09:30-10:00,0.7647058823529411,30.0,30.0,False,True,30.0,7.0588235294117645,0.058823529411764705,True,True,0.23529411764705888,29.999999999999993,7.0588235294117645,0.058823529411764705,0.23529411764705888,29.999999999999993,0.058823529411764705,1
Dialysis | r25_c12 | Monday,Dialysis,r25_c12,Monday,600.0,10:00-10:30,9,8,29,16,True,0.3103448275862069,0.3103448275862069,570.0,09:30-10:00,0.6896551724137931,30.0,30.0,False,True,30.0,9.310344827586206,0.07758620689655173,True,True,0.31034482758620685,30.000000000000004,9.310344827586206,0.07758620689655173,0.31034482758620685,30.000000000000004,0.07758620689655173,1
Dialysis | r25_c12 | Wednesday,Dialysis,r25_c12,Wednesday,600.0,10:00-10:30,6,6,22,14,True,0.2727272727272727,0.2727272727272727,570.0,09:30-10:00,0.7272727272727273,30.0,30.0,False,True,30.0,8.181818181818182,0.06818181818181818,True,True,0.2727272727272727,30.0,8.181818181818182,0.06818181818181818,0.2727272727272727,30.0,0.06818181818181818,1
Dialysis | r25_c14 | Friday,Dialysis,r25_c14,Friday,540.0,09:00-09:30,11,9,100,53,True,0.11,0.11,600.0,10:00-10:30,0.85,-60.0,60.0,False,True,60.0,6.6,0.055,True,True,0.15000000000000002,75.99999999999999,11.399999999999999,0.0875,0.15000000000000002,75.99999999999999,0.0875,1
Dialysis | r25_c14 | Friday,Dialysis,r25_c14,Friday,720.0,12:00-12:30,2,1,100,53,True,0.02,0.02,600.0,10:00-10:30,0.85,120.0,120.0,False,True,120.0,2.4,0.02,True,True,0.15000000000000002,75.99999999999999,11.399999999999999,0.0875,0.15000000000000002,75.99999999999999,0.0875,2
Dialysis | r25_c14 | Friday,Dialysis,r25_c14,Friday,570.0,09:30-10:00,1,1,100,53,True,0.01,0.01,600.0,10:00-10:30,0.85,-30.0,30.0,False,True,30.0,0.3,0.0025,True,True,0.15000000000000002,75.99999999999999,11.399999999999999,0.0875,0.15000000000000002,75.99999999999999,0.0875,3
Dialysis | r25_c14 | Friday,Dialysis,r25_c14,Friday,810.0,13:30-14:00,1,1,100,53,True,0.01,0.01,600.0,10:00-10:30,0.85,210.0,210.0,False,True,120.0,2.1,0.01,True,True,0.15000000000000002,75.99999999999999,11.399999999999999,0.0875,0.15000000000000002,75.99999999999999,0.0875,4
Dialysis | r25_c14 | Monday,Dialysis,r25_c14,Monday,540.0,09:00-09:30,13,7,93,50,True,0.13978494623655913,0.13978494623655913,600.0,10:00-10:30,0.8387096774193549,-60.0,60.0,False,True,60.0,8.387096774193548,0.06989247311827956,True,True,0.16129032258064513,56.00000000000001,9.032258064516128,0.07526881720430106,0.16129032258064513,56.00000000000001,0.07526881720430106,1
Dialysis | r25_c14 | Monday,Dialysis,r25_c14,Monday,570.0,09:30-10:00,2,2,93,50,True,0.021505376344086023,0.021505376344086023,600.0,10:00-10:30,0.8387096774193549,-30.0,30.0,False,True,30.0,0.6451612903225807,0.005376344086021506,True,True,0.16129032258064513,56.00000000000001,9.032258064516128,0.07526881720430106,0.16129032258064513,56.00000000000001,0.07526881720430106,2
Dialysis | r25_c14 | Wednesday,Dialysis,r25_c14,Wednesday,540.0,09:00-09:30,10,8,90,51,True,0.1111111111111111,0.1111111111111111,600.0,10:00-10:30,0.8444444444444444,-60.0,60.0,False,True,60.0,6.666666666666666,0.05555555555555555,True,True,0.15555555555555556,55.71428571428571,8.666666666666666,0.07222222222222222,0.15555555555555556,55.71428571428571,0.07222222222222222,1
Dialysis | r25_c14 | Wednesday,Dialysis,r25_c14,Wednesday,570.0,09:30-10:00,3,2,90,51,True,0.03333333333333333,0.03333333333333333,600.0,10:00-10:30,0.8444444444444444,-30.0,30.0,False,True,30.0,1.0,0.008333333333333333,True,True,0.15555555555555556,55.71428571428571,8.666666666666666,0.07222222222222222,0.15555555555555556,55.71428571428571,0.07222222222222222,2
Dialysis | r25_c14 | Wednesday,Dialysis,r25_c14,Wednesday,510.0,08:30-09:00,1,1,90,51,True,0.011111111111111112,0.011111111111111112,600.0,10:00-10:30,0.8444444444444444,-90.0,90.0,False,True,90.0,1.0,0.008333333333333333,True,True,0.15555555555555556,55.71428571428571,8.666666666666666,0.07222222222222222,0.15555555555555556,55.71428571428571,0.07222222222222222,3
Dialysis | r25_c15 | Friday,Dialysis,r25_c15,Friday,690.0,11:30-12:00,21,19,100,51,True,0.21,0.21,900.0,15:00-15:30,0.45,-210.0,210.0,False,True,120.0,44.1,0.21,True,True,0.55,183.27272727272725,100.8,0.52,0.55,183.27272727272725,0.52,1
Dialysis | r25_c15 | Friday,Dialysis,r25_c15,Friday,720.0,12:00-12:30,20,16,100,51,True,0.2,0.2,900.0,15:00-15:30,0.45,-180.0,180.0,False,True,120.0,36.0,0.2,True,True,0.55,183.27272727272725,100.8,0.52,0.55,183.27272727272725,0.52,2
Dialysis | r25_c15 | Friday,Dialysis,r25_c15,Friday,660.0,11:00-11:30,5,4,100,51,True,0.05,0.05,900.0,15:00-15:30,0.45,-240.0,240.0,False,True,120.0,12.0,0.05,True,True,0.55,183.27272727272725,100.8,0.52,0.55,183.27272727272725,0.52,3
Dialysis | r25_c15 | Friday,Dialysis,r25_c15,Friday,810.0,13:30-14:00,4,2,100,51,True,0.04,0.04,900.0,15:00-15:30,0.45,-90.0,90.0,False,True,90.0,3.6,0.030000000000000002,True,True,0.55,183.27272727272725,100.8,0.52,0.55,183.27272727272725,0.52,4
Dialysis | r25_c15 | Friday,Dialysis,r25_c15,Friday,870.0,14:30-15:00,2,1,100,51,True,0.02,0.02,900.0,15:00-15:30,0.45,-30.0,30.0,False,True,30.0,0.6,0.005,True,True,0.55,183.27272727272725,100.8,0.52,0.55,183.27272727272725,0.52,5
Dialysis | r25_c15 | Friday,Dialysis,r25_c15,Friday,630.0,10:30-11:00,1,1,100,51,True,0.01,0.01,900.0,15:00-15:30,0.45,-270.0,270.0,False,True,120.0,2.7,0.01,True,True,0.55,183.27272727272725,100.8,0.52,0.55,183.27272727272725,0.52,6
Dialysis | r25_c15 | Friday,Dialysis,r25_c15,Friday,780.0,13:00-13:30,1,1,100,51,True,0.01,0.01,900.0,15:00-15:30,0.45,-120.0,120.0,False,True,120.0,1.2,0.01,True,True,0.55,183.27272727272725,100.8,0.52,0.55,183.27272727272725,0.52,7
Dialysis | r25_c15 | Friday,Dialysis,r25_c15,Friday,960.0,16:00-16:30,1,1,100,51,True,0.01,0.01,900.0,15:00-15:30,0.45,60.0,60.0,False,True,60.0,0.6,0.005,True,True,0.55,183.27272727272725,100.8,0.52,0.55,183.27272727272725,0.52,8
Dialysis | r25_c15 | Monday,Dialysis,r25_c15,Monday,690.0,11:30-12:00,27,21,101,52,True,0.26732673267326734,0.26732673267326734,900.0,15:00-15:30,0.43564356435643564,-210.0,210.0,False,True,120.0,56.13861386138614,0.26732673267326734,True,True,0.5643564356435644,194.21052631578945,109.6039603960396,0.556930693069307,0.5643564356435644,194.21052631578945,0.556930693069307,1
Dialysis | r25_c15 | Monday,Dialysis,r25_c15,Monday,720.0,12:00-12:30,19,15,101,52,True,0.18811881188118812,0.18811881188118812,900.0,15:00-15:30,0.43564356435643564,-180.0,180.0,False,True,120.0,33.86138613861386,0.18811881188118812,True,True,0.5643564356435644,194.21052631578945,109.6039603960396,0.556930693069307,0.5643564356435644,194.21052631578945,0.556930693069307,2
Dialysis | r25_c15 | Monday,Dialysis,r25_c15,Monday,630.0,10:30-11:00,3,3,101,52,True,0.0297029702970297,0.0297029702970297,900.0,15:00-15:30,0.43564356435643564,-270.0,270.0,False,True,120.0,8.01980198019802,0.029702970297029698,True,True,0.5643564356435644,194.21052631578945,109.6039603960396,0.556930693069307,0.5643564356435644,194.21052631578945,0.556930693069307,3
Dialysis | r25_c15 | Monday,Dialysis,r25_c15,Monday,660.0,11:00-11:30,2,2,101,52,True,0.019801980198019802,0.019801980198019802,900.0,15:00-15:30,0.43564356435643564,-240.0,240.0,False,True,120.0,4.752475247524752,0.019801980198019802,True,True,0.5643564356435644,194.21052631578945,109.6039603960396,0.556930693069307,0.5643564356435644,194.21052631578945,0.556930693069307,4
Dialysis | r25_c15 | Monday,Dialysis,r25_c15,Monday,750.0,12:30-13:00,2,2,101,52,True,0.019801980198019802,0.019801980198019802,900.0,15:00-15:30,0.43564356435643564,-150.0,150.0,False,True,120.0,2.9702970297029703,0.019801980198019802,True,True,0.5643564356435644,194.21052631578945,109.6039603960396,0.556930693069307,0.5643564356435644,194.21052631578945,0.556930693069307,5
Dialysis | r25_c15 | Monday,Dialysis,r25_c15,Monday,780.0,13:00-13:30,2,1,101,52,True,0.019801980198019802,0.019801980198019802,900.0,15:00-15:30,0.43564356435643564,-120.0,120.0,False,True,120.0,2.376237623762376,0.019801980198019802,True,True,0.5643564356435644,194.21052631578945,109.6039603960396,0.556930693069307,0.5643564356435644,194.21052631578945,0.556930693069307,6
Dialysis | r25_c15 | Monday,Dialysis,r25_c15,Monday,810.0,13:30-14:00,1,1,101,52,True,0.009900990099009901,0.009900990099009901,900.0,15:00-15:30,0.43564356435643564,-90.0,90.0,False,True,90.0,0.8910891089108911,0.007425742574257426,True,True,0.5643564356435644,194.21052631578945,109.6039603960396,0.556930693069307,0.5643564356435644,194.21052631578945,0.556930693069307,7
Dialysis | r25_c15 | Monday,Dialysis,r25_c15,Monday,960.0,16:00-16:30,1,1,101,52,True,0.009900990099009901,0.009900990099009901,900.0,15:00-15:30,0.43564356435643564,60.0,60.0,False,True,60.0,0.594059405940594,0.0049504950495049506,True,True,0.5643564356435644,194.21052631578945,109.6039603960396,0.556930693069307,0.5643564356435644,194.21052631578945,0.556930693069307,8
Dialysis | r25_c15 | Thursday,Dialysis,r25_c15,Thursday,750.0,12:30-13:00,2,2,55,42,True,0.03636363636363636,0.03636363636363636,720.0,12:00-12:30,0.8727272727272727,30.0,30.0,False,True,30.0,1.0909090909090908,0.00909090909090909,True,True,0.12727272727272732,89.99999999999996,11.454545454545453,0.07727272727272727,0.12727272727272732,89.99999999999996,0.07727272727272727,1
Dialysis | r25_c15 | Thursday,Dialysis,r25_c15,Thursday,900.0,15:00-15:30,2,2,55,42,True,0.03636363636363636,0.03636363636363636,720.0,12:00-12:30,0.8727272727272727,180.0,180.0,False,True,120.0,6.545454545454545,0.03636363636363636,True,True,0.12727272727272732,89.99999999999996,11.454545454545453,0.07727272727272727,0.12727272727272732,89.99999999999996,0.07727272727272727,2
Dialysis | r25_c15 | Thursday,Dialysis,r25_c15,Thursday,600.0,10:00-10:30,1,1,55,42,True,0.01818181818181818,0.01818181818181818,720.0,12:00-12:30,0.8727272727272727,-120.0,120.0,False,True,120.0,2.1818181818181817,0.01818181818181818,True,True,0.12727272727272732,89.99999999999996,11.454545454545453,0.07727272727272727,0.12727272727272732,89.99999999999996,0.07727272727272727,3
Dialysis | r25_c15 | Thursday,Dialysis,r25_c15,Thursday,690.0,11:30-12:00,1,1,55,42,True,0.01818181818181818,0.01818181818181818,720.0,12:00-12:30,0.8727272727272727,-30.0,30.0,False,True,30.0,0.5454545454545454,0.004545454545454545,True,True,0.12727272727272732,89.99999999999996,11.454545454545453,0.07727272727272727,0.12727272727272732,89.99999999999996,0.07727272727272727,4
Dialysis | r25_c15 | Thursday,Dialysis,r25_c15,Thursday,780.0,13:00-13:30,1,1,55,42,True,0.01818181818181818,0.01818181818181818,720.0,12:00-12:30,0.8727272727272727,60.0,60.0,False,True,60.0,1.0909090909090908,0.00909090909090909,True,True,0.12727272727272732,89.99999999999996,11.454545454545453,0.07727272727272727,0.12727272727272732,89.99999999999996,0.07727272727272727,5
Dialysis | r25_c15 | Tuesday,Dialysis,r25_c15,Tuesday,750.0,12:30-13:00,3,2,61,40,True,0.04918032786885246,0.04918032786885246,720.0,12:00-12:30,0.8360655737704918,30.0,30.0,False,True,30.0,1.4754098360655736,0.012295081967213113,True,True,0.16393442622950816,81.00000000000001,13.278688524590164,0.08606557377049179,0.16393442622950816,81.00000000000001,0.08606557377049179,1
Dialysis | r25_c15 | Tuesday,Dialysis,r25_c15,Tuesday,900.0,15:00-15:30,3,3,61,40,True,0.04918032786885246,0.04918032786885246,720.0,12:00-12:30,0.8360655737704918,180.0,180.0,False,True,120.0,8.852459016393443,0.04918032786885245,True,True,0.16393442622950816,81.00000000000001,13.278688524590164,0.08606557377049179,0.16393442622950816,81.00000000000001,0.08606557377049179,2
Dialysis | r25_c15 | Tuesday,Dialysis,r25_c15,Tuesday,660.0,11:00-11:30,2,2,61,40,True,0.03278688524590164,0.03278688524590164,720.0,12:00-12:30,0.8360655737704918,-60.0,60.0,False,True,60.0,1.9672131147540985,0.01639344262295082,True,True,0.16393442622950816,81.00000000000001,13.278688524590164,0.08606557377049179,0.16393442622950816,81.00000000000001,0.08606557377049179,3
Dialysis | r25_c15 | Tuesday,Dialysis,r25_c15,Tuesday,690.0,11:30-12:00,2,1,61,40,True,0.03278688524590164,0.03278688524590164,720.0,12:00-12:30,0.8360655737704918,-30.0,30.0,False,True,30.0,0.9836065573770493,0.00819672131147541,True,True,0.16393442622950816,81.00000000000001,13.278688524590164,0.08606557377049179,0.16393442622950816,81.00000000000001,0.08606557377049179,4
Dialysis | r25_c15 | Wednesday,Dialysis,r25_c15,Wednesday,690.0,11:30-12:00,31,23,104,52,True,0.2980769230769231,0.2980769230769231,900.0,15:00-15:30,0.41346153846153844,-210.0,210.0,False,True,120.0,62.59615384615385,0.2980769230769231,True,True,0.5865384615384616,198.19672131147541,116.25,0.5865384615384616,0.5865384615384616,198.19672131147541,0.5865384615384616,1
Dialysis | r25_c15 | Wednesday,Dialysis,r25_c15,Wednesday,720.0,12:00-12:30,20,14,104,52,True,0.19230769230769232,0.19230769230769232,900.0,15:00-15:30,0.41346153846153844,-180.0,180.0,False,True,120.0,34.61538461538462,0.19230769230769232,True,True,0.5865384615384616,198.19672131147541,116.25,0.5865384615384616,0.5865384615384616,198.19672131147541,0.5865384615384616,2
Dialysis | r25_c15 | Wednesday,Dialysis,r25_c15,Wednesday,660.0,11:00-11:30,5,4,104,52,True,0.04807692307692308,0.04807692307692308,900.0,15:00-15:30,0.41346153846153844,-240.0,240.0,False,True,120.0,11.538461538461538,0.04807692307692308,True,True,0.5865384615384616,198.19672131147541,116.25,0.5865384615384616,0.5865384615384616,198.19672131147541,0.5865384615384616,3
Dialysis | r25_c15 | Wednesday,Dialysis,r25_c15,Wednesday,780.0,13:00-13:30,3,1,104,52,True,0.028846153846153848,0.028846153846153848,900.0,15:00-15:30,0.41346153846153844,-120.0,120.0,False,True,120.0,3.4615384615384617,0.028846153846153848,True,True,0.5865384615384616,198.19672131147541,116.25,0.5865384615384616,0.5865384615384616,198.19672131147541,0.5865384615384616,4
Dialysis | r25_c15 | Wednesday,Dialysis,r25_c15,Wednesday,630.0,10:30-11:00,1,1,104,52,True,0.009615384615384616,0.009615384615384616,900.0,15:00-15:30,0.41346153846153844,-270.0,270.0,False,True,120.0,2.5961538461538463,0.009615384615384616,True,True,0.5865384615384616,198.19672131147541,116.25,0.5865384615384616,0.5865384615384616,198.19672131147541,0.5865384615384616,5
Dialysis | r25_c15 | Wednesday,Dialysis,r25_c15,Wednesday,750.0,12:30-13:00,1,1,104,52,True,0.009615384615384616,0.009615384615384616,900.0,15:00-15:30,0.41346153846153844,-150.0,150.0,False,True,120.0,1.4423076923076923,0.009615384615384616,True,True,0.5865384615384616,198.19672131147541,116.25,0.5865384615384616,0.5865384615384616,198.19672131147541,0.5865384615384616,6
Dialysis | r25_c17 | Friday,Dialysis,r25_c17,Friday,960.0,16:00-16:30,4,4,81,53,True,0.04938271604938271,0.04938271604938271,930.0,15:30-16:00,0.9382716049382716,30.0,30.0,False,True,30.0,1.4814814814814814,0.012345679012345678,True,True,0.06172839506172845,35.99999999999997,2.2222222222222223,0.018518518518518517,0.06172839506172845,35.99999999999997,0.018518518518518517,1
Dialysis | r25_c17 | Friday,Dialysis,r25_c17,Friday,870.0,14:30-15:00,1,1,81,53,True,0.012345679012345678,0.012345679012345678,930.0,15:30-16:00,0.9382716049382716,-60.0,60.0,False,True,60.0,0.7407407407407407,0.006172839506172839,True,True,0.06172839506172845,35.99999999999997,2.2222222222222223,0.018518518518518517,0.06172839506172845,35.99999999999997,0.018518518518518517,2
Dialysis | r25_c17 | Monday,Dialysis,r25_c17,Monday,840.0,14:00-14:30,2,1,84,51,True,0.023809523809523808,0.023809523809523808,930.0,15:30-16:00,0.8809523809523809,-90.0,90.0,False,True,90.0,2.142857142857143,0.017857142857142856,True,True,0.11904761904761907,65.99999999999997,7.857142857142856,0.06249999999999999,0.11904761904761907,65.99999999999997,0.06249999999999999,1
Dialysis | r25_c17 | Monday,Dialysis,r25_c17,Monday,870.0,14:30-15:00,2,2,84,51,True,0.023809523809523808,0.023809523809523808,930.0,15:30-16:00,0.8809523809523809,-60.0,60.0,False,True,60.0,1.4285714285714284,0.011904761904761902,True,True,0.11904761904761907,65.99999999999997,7.857142857142856,0.06249999999999999,0.11904761904761907,65.99999999999997,0.06249999999999999,2
Dialysis | r25_c17 | Monday,Dialysis,r25_c17,Monday,960.0,16:00-16:30,2,2,84,51,True,0.023809523809523808,0.023809523809523808,930.0,15:30-16:00,0.8809523809523809,30.0,30.0,False,True,30.0,0.7142857142857142,0.005952380952380951,True,True,0.11904761904761907,65.99999999999997,7.857142857142856,0.06249999999999999,0.11904761904761907,65.99999999999997,0.06249999999999999,3
Dialysis | r25_c17 | Monday,Dialysis,r25_c17,Monday,990.0,16:30-17:00,2,1,84,51,True,0.023809523809523808,0.023809523809523808,930.0,15:30-16:00,0.8809523809523809,60.0,60.0,False,True,60.0,1.4285714285714284,0.011904761904761902,True,True,0.11904761904761907,65.99999999999997,7.857142857142856,0.06249999999999999,0.11904761904761907,65.99999999999997,0.06249999999999999,4
Dialysis | r25_c17 | Monday,Dialysis,r25_c17,Monday,780.0,13:00-13:30,1,1,84,51,True,0.011904761904761904,0.011904761904761904,930.0,15:30-16:00,0.8809523809523809,-150.0,150.0,False,True,120.0,1.7857142857142856,0.011904761904761902,True,True,0.11904761904761907,65.99999999999997,7.857142857142856,0.06249999999999999,0.11904761904761907,65.99999999999997,0.06249999999999999,5
Dialysis | r25_c17 | Monday,Dialysis,r25_c17,Monday,900.0,15:00-15:30,1,1,84,51,True,0.011904761904761904,0.011904761904761904,930.0,15:30-16:00,0.8809523809523809,-30.0,30.0,False,True,30.0,0.3571428571428571,0.0029761904761904756,True,True,0.11904761904761907,65.99999999999997,7.857142857142856,0.06249999999999999,0.11904761904761907,65.99999999999997,0.06249999999999999,6
Dialysis | r25_c17 | Wednesday,Dialysis,r25_c17,Wednesday,960.0,16:00-16:30,4,4,95,51,True,0.042105263157894736,0.042105263157894736,930.0,15:30-16:00,0.9368421052631579,30.0,30.0,False,True,30.0,1.263157894736842,0.010526315789473684,True,True,0.06315789473684208,35.00000000000001,2.2105263157894735,0.01842105263157895,0.06315789473684208,35.00000000000001,0.01842105263157895,1
Dialysis | r25_c17 | Wednesday,Dialysis,r25_c17,Wednesday,870.0,14:30-15:00,1,1,95,51,True,0.010526315789473684,0.010526315789473684,930.0,15:30-16:00,0.9368421052631579,-60.0,60.0,False,True,60.0,0.631578947368421,0.005263157894736842,True,True,0.06315789473684208,35.00000000000001,2.2105263157894735,0.01842105263157895,0.06315789473684208,35.00000000000001,0.01842105263157895,2
Dialysis | r25_c17 | Wednesday,Dialysis,r25_c17,Wednesday,900.0,15:00-15:30,1,1,95,51,True,0.010526315789473684,0.010526315789473684,930.0,15:30-16:00,0.9368421052631579,-30.0,30.0,False,True,30.0,0.3157894736842105,0.002631578947368421,True,True,0.06315789473684208,35.00000000000001,2.2105263157894735,0.01842105263157895,0.06315789473684208,35.00000000000001,0.01842105263157895,3
Dialysis | r25_c6 | Thursday,Dialysis,r25_c6,Thursday,630.0,10:30-11:00,12,11,44,26,True,0.2727272727272727,0.2727272727272727,660.0,11:00-11:30,0.6818181818181818,-30.0,30.0,False,True,30.0,8.181818181818182,0.06818181818181818,True,True,0.31818181818181823,36.428571428571416,11.59090909090909,0.09659090909090909,0.31818181818181823,36.428571428571416,0.09659090909090909,1
Dialysis | r25_c6 | Thursday,Dialysis,r25_c6,Thursday,570.0,09:30-10:00,1,1,44,26,True,0.022727272727272728,0.022727272727272728,660.0,11:00-11:30,0.6818181818181818,-90.0,90.0,False,True,90.0,2.0454545454545454,0.017045454545454544,True,True,0.31818181818181823,36.428571428571416,11.59090909090909,0.09659090909090909,0.31818181818181823,36.428571428571416,0.09659090909090909,2
Dialysis | r25_c6 | Thursday,Dialysis,r25_c6,Thursday,720.0,12:00-12:30,1,1,44,26,True,0.022727272727272728,0.022727272727272728,660.0,11:00-11:30,0.6818181818181818,60.0,60.0,False,True,60.0,1.3636363636363638,0.011363636363636364,True,True,0.31818181818181823,36.428571428571416,11.59090909090909,0.09659090909090909,0.31818181818181823,36.428571428571416,0.09659090909090909,3
Dialysis | r25_c6 | Tuesday,Dialysis,r25_c6,Tuesday,630.0,10:30-11:00,9,9,32,24,True,0.28125,0.28125,660.0,11:00-11:30,0.65625,-30.0,30.0,False,True,30.0,8.4375,0.0703125,True,True,0.34375,32.72727272727273,11.25,0.09375,0.34375,32.72727272727273,0.09375,1
Dialysis | r25_c6 | Tuesday,Dialysis,r25_c6,Tuesday,690.0,11:30-12:00,1,1,32,24,True,0.03125,0.03125,660.0,11:00-11:30,0.65625,30.0,30.0,False,True,30.0,0.9375,0.0078125,True,True,0.34375,32.72727272727273,11.25,0.09375,0.34375,32.72727272727273,0.09375,2
Dialysis | r25_c6 | Tuesday,Dialysis,r25_c6,Tuesday,720.0,12:00-12:30,1,1,32,24,True,0.03125,0.03125,660.0,11:00-11:30,0.65625,60.0,60.0,False,True,60.0,1.875,0.015625,True,True,0.34375,32.72727272727273,11.25,0.09375,0.34375,32.72727272727273,0.09375,3
Dialysis | r26_c11 | Friday,Dialysis,r26_c11,Friday,540.0,09:00-09:30,13,9,94,53,True,0.13829787234042554,0.13829787234042554,570.0,09:30-10:00,0.8404255319148937,-30.0,30.0,False,True,30.0,4.1489361702127665,0.034574468085106384,True,True,0.15957446808510634,30.00000000000001,4.787234042553192,0.0398936170212766,0.15957446808510634,30.00000000000001,0.0398936170212766,1
Dialysis | r26_c11 | Friday,Dialysis,r26_c11,Friday,600.0,10:00-10:30,2,1,94,53,True,0.02127659574468085,0.02127659574468085,570.0,09:30-10:00,0.8404255319148937,30.0,30.0,False,True,30.0,0.6382978723404256,0.005319148936170213,True,True,0.15957446808510634,30.00000000000001,4.787234042553192,0.0398936170212766,0.15957446808510634,30.00000000000001,0.0398936170212766,2
Dialysis | r26_c11 | Monday,Dialysis,r26_c11,Monday,540.0,09:00-09:30,15,9,83,51,True,0.18072289156626506,0.18072289156626506,570.0,09:30-10:00,0.8072289156626506,-30.0,30.0,False,True,30.0,5.421686746987952,0.045180722891566265,True,True,0.19277108433734935,30.000000000000007,5.783132530120482,0.04819277108433735,0.19277108433734935,30.000000000000007,0.04819277108433735,1
Dialysis | r26_c11 | Monday,Dialysis,r26_c11,Monday,600.0,10:00-10:30,1,1,83,51,True,0.012048192771084338,0.012048192771084338,570.0,09:30-10:00,0.8072289156626506,30.0,30.0,False,True,30.0,0.3614457831325301,0.0030120481927710845,True,True,0.19277108433734935,30.000000000000007,5.783132530120482,0.04819277108433735,0.19277108433734935,30.000000000000007,0.04819277108433735,2
Dialysis | r26_c11 | Thursday,Dialysis,r26_c11,Thursday,540.0,09:00-09:30,22,17,76,50,True,0.2894736842105263,0.2894736842105263,570.0,09:30-10:00,0.6052631578947368,-30.0,30.0,False,True,30.0,8.68421052631579,0.07236842105263158,True,True,0.39473684210526316,49.0,19.342105263157894,0.1118421052631579,0.39473684210526316,49.0,0.1118421052631579,1
Dialysis | r26_c11 | Thursday,Dialysis,r26_c11,Thursday,600.0,10:00-10:30,6,5,76,50,True,0.07894736842105263,0.07894736842105263,570.0,09:30-10:00,0.6052631578947368,30.0,30.0,False,True,30.0,2.3684210526315788,0.019736842105263157,True,True,0.39473684210526316,49.0,19.342105263157894,0.1118421052631579,0.39473684210526316,49.0,0.1118421052631579,2
Dialysis | r26_c11 | Thursday,Dialysis,r26_c11,Thursday,0.0,00:00-00:30,1,1,76,50,True,0.013157894736842105,0.013157894736842105,570.0,09:30-10:00,0.6052631578947368,-570.0,570.0,False,True,120.0,7.5,0.013157894736842106,True,True,0.39473684210526316,49.0,19.342105263157894,0.1118421052631579,0.39473684210526316,49.0,0.1118421052631579,3
Dialysis | r26_c11 | Thursday,Dialysis,r26_c11,Thursday,630.0,10:30-11:00,1,1,76,50,True,0.013157894736842105,0.013157894736842105,570.0,09:30-10:00,0.6052631578947368,60.0,60.0,False,True,60.0,0.7894736842105263,0.006578947368421053,True,True,0.39473684210526316,49.0,19.342105263157894,0.1118421052631579,0.39473684210526316,49.0,0.1118421052631579,4
Dialysis | r26_c11 | Tuesday,Dialysis,r26_c11,Tuesday,540.0,09:00-09:30,20,13,66,48,True,0.30303030303030304,0.30303030303030304,570.0,09:30-10:00,0.6363636363636364,-30.0,30.0,False,True,30.0,9.090909090909092,0.07575757575757576,True,True,0.36363636363636365,31.25,11.363636363636363,0.09469696969696971,0.36363636363636365,31.25,0.09469696969696971,1
Dialysis | r26_c11 | Tuesday,Dialysis,r26_c11,Tuesday,600.0,10:00-10:30,3,3,66,48,True,0.045454545454545456,0.045454545454545456,570.0,09:30-10:00,0.6363636363636364,30.0,30.0,False,True,30.0,1.3636363636363638,0.011363636363636364,True,True,0.36363636363636365,31.25,11.363636363636363,0.09469696969696971,0.36363636363636365,31.25,0.09469696969696971,2
Dialysis | r26_c11 | Tuesday,Dialysis,r26_c11,Tuesday,630.0,10:30-11:00,1,1,66,48,True,0.015151515151515152,0.015151515151515152,570.0,09:30-10:00,0.6363636363636364,60.0,60.0,False,True,60.0,0.9090909090909092,0.007575757575757577,True,True,0.36363636363636365,31.25,11.363636363636363,0.09469696969696971,0.36363636363636365,31.25,0.09469696969696971,3
Dialysis | r26_c11 | Wednesday,Dialysis,r26_c11,Wednesday,540.0,09:00-09:30,22,9,93,52,True,0.23655913978494625,0.23655913978494625,570.0,09:30-10:00,0.7634408602150538,-30.0,30.0,False,True,30.0,7.096774193548388,0.05913978494623657,True,True,0.23655913978494625,30.000000000000004,7.096774193548388,0.05913978494623657,0.23655913978494625,30.000000000000004,0.05913978494623657,1
Dialysis | r26_c16 | Friday,Dialysis,r26_c16,Friday,870.0,14:30-15:00,3,2,76,53,True,0.039473684210526314,0.039473684210526314,570.0,09:30-10:00,0.9342105263157895,300.0,300.0,False,True,120.0,11.842105263157894,0.039473684210526314,True,True,0.06578947368421051,192.00000000000003,12.63157894736842,0.046052631578947366,0.06578947368421051,192.00000000000003,0.046052631578947366,1
Dialysis | r26_c16 | Friday,Dialysis,r26_c16,Friday,540.0,09:00-09:30,1,1,76,53,True,0.013157894736842105,0.013157894736842105,570.0,09:30-10:00,0.9342105263157895,-30.0,30.0,False,True,30.0,0.39473684210526316,0.0032894736842105266,True,True,0.06578947368421051,192.00000000000003,12.63157894736842,0.046052631578947366,0.06578947368421051,192.00000000000003,0.046052631578947366,2
Dialysis | r26_c16 | Friday,Dialysis,r26_c16,Friday,600.0,10:00-10:30,1,1,76,53,True,0.013157894736842105,0.013157894736842105,570.0,09:30-10:00,0.9342105263157895,30.0,30.0,False,True,30.0,0.39473684210526316,0.0032894736842105266,True,True,0.06578947368421051,192.00000000000003,12.63157894736842,0.046052631578947366,0.06578947368421051,192.00000000000003,0.046052631578947366,3
Dialysis | r26_c16 | Monday,Dialysis,r26_c16,Monday,600.0,10:00-10:30,4,1,71,51,True,0.056338028169014086,0.056338028169014086,570.0,09:30-10:00,0.8591549295774648,30.0,30.0,False,True,30.0,1.6901408450704225,0.014084507042253521,True,True,0.14084507042253525,143.99999999999997,20.281690140845072,0.08098591549295775,0.14084507042253525,143.99999999999997,0.08098591549295775,1
Dialysis | r26_c16 | Monday,Dialysis,r26_c16,Monday,870.0,14:30-15:00,3,3,71,51,True,0.04225352112676056,0.04225352112676056,570.0,09:30-10:00,0.8591549295774648,300.0,300.0,False,True,120.0,12.676056338028168,0.04225352112676057,True,True,0.14084507042253525,143.99999999999997,20.281690140845072,0.08098591549295775,0.14084507042253525,143.99999999999997,0.08098591549295775,2
Dialysis | r26_c16 | Monday,Dialysis,r26_c16,Monday,510.0,08:30-09:00,1,1,71,51,True,0.014084507042253521,0.014084507042253521,570.0,09:30-10:00,0.8591549295774648,-60.0,60.0,False,True,60.0,0.8450704225352113,0.007042253521126761,True,True,0.14084507042253525,143.99999999999997,20.281690140845072,0.08098591549295775,0.14084507042253525,143.99999999999997,0.08098591549295775,3
Dialysis | r26_c16 | Monday,Dialysis,r26_c16,Monday,540.0,09:00-09:30,1,1,71,51,True,0.014084507042253521,0.014084507042253521,570.0,09:30-10:00,0.8591549295774648,-30.0,30.0,False,True,30.0,0.4225352112676056,0.0035211267605633804,True,True,0.14084507042253525,143.99999999999997,20.281690140845072,0.08098591549295775,0.14084507042253525,143.99999999999997,0.08098591549295775,4
Dialysis | r26_c16 | Monday,Dialysis,r26_c16,Monday,900.0,15:00-15:30,1,1,71,51,True,0.014084507042253521,0.014084507042253521,570.0,09:30-10:00,0.8591549295774648,330.0,330.0,False,True,120.0,4.647887323943662,0.014084507042253521,True,True,0.14084507042253525,143.99999999999997,20.281690140845072,0.08098591549295775,0.14084507042253525,143.99999999999997,0.08098591549295775,5
Dialysis | r26_c16 | Wednesday,Dialysis,r26_c16,Wednesday,600.0,10:00-10:30,1,1,68,51,True,0.014705882352941176,0.014705882352941176,570.0,09:30-10:00,0.9411764705882353,30.0,30.0,False,True,30.0,0.4411764705882353,0.003676470588235294,True,True,0.05882352941176472,224.99999999999994,13.235294117647058,0.04779411764705882,0.05882352941176472,224.99999999999994,0.04779411764705882,1
Dialysis | r26_c16 | Wednesday,Dialysis,r26_c16,Wednesday,750.0,12:30-13:00,1,1,68,51,True,0.014705882352941176,0.014705882352941176,570.0,09:30-10:00,0.9411764705882353,180.0,180.0,False,True,120.0,2.6470588235294117,0.014705882352941176,True,True,0.05882352941176472,224.99999999999994,13.235294117647058,0.04779411764705882,0.05882352941176472,224.99999999999994,0.04779411764705882,2
Dialysis | r26_c16 | Wednesday,Dialysis,r26_c16,Wednesday,870.0,14:30-15:00,1,1,68,51,True,0.014705882352941176,0.014705882352941176,570.0,09:30-10:00,0.9411764705882353,300.0,300.0,False,True,120.0,4.411764705882353,0.014705882352941176,True,True,0.05882352941176472,224.99999999999994,13.235294117647058,0.04779411764705882,0.05882352941176472,224.99999999999994,0.04779411764705882,3
Dialysis | r26_c16 | Wednesday,Dialysis,r26_c16,Wednesday,960.0,16:00-16:30,1,1,68,51,True,0.014705882352941176,0.014705882352941176,570.0,09:30-10:00,0.9411764705882353,390.0,390.0,False,True,120.0,5.735294117647059,0.014705882352941176,True,True,0.05882352941176472,224.99999999999994,13.235294117647058,0.04779411764705882,0.05882352941176472,224.99999999999994,0.04779411764705882,4
Dialysis | r27_c12 | Friday,Dialysis,r27_c12,Friday,540.0,09:00-09:30,126,53,454,53,True,0.2775330396475771,0.2775330396475771,870.0,14:30-15:00,0.44493392070484583,-330.0,330.0,False,True,120.0,91.58590308370044,0.2775330396475771,True,True,0.5550660792951542,204.40476190476193,113.45814977973569,0.441079295154185,0.5550660792951542,204.40476190476193,0.441079295154185,1
Dialysis | r27_c12 | Friday,Dialysis,r27_c12,Friday,930.0,15:30-16:00,57,33,454,53,True,0.12555066079295155,0.12555066079295155,870.0,14:30-15:00,0.44493392070484583,60.0,60.0,False,True,60.0,7.533039647577093,0.06277533039647577,True,True,0.5550660792951542,204.40476190476193,113.45814977973569,0.441079295154185,0.5550660792951542,204.40476190476193,0.441079295154185,2
Dialysis | r27_c12 | Friday,Dialysis,r27_c12,Friday,960.0,16:00-16:30,41,23,454,53,True,0.09030837004405286,0.09030837004405286,870.0,14:30-15:00,0.44493392070484583,90.0,90.0,False,True,90.0,8.127753303964758,0.06773127753303965,True,True,0.5550660792951542,204.40476190476193,113.45814977973569,0.441079295154185,0.5550660792951542,204.40476190476193,0.441079295154185,3
Dialysis | r27_c12 | Friday,Dialysis,r27_c12,Friday,900.0,15:00-15:30,12,8,454,53,True,0.02643171806167401,0.02643171806167401,870.0,14:30-15:00,0.44493392070484583,30.0,30.0,False,True,30.0,0.7929515418502203,0.006607929515418502,True,True,0.5550660792951542,204.40476190476193,113.45814977973569,0.441079295154185,0.5550660792951542,204.40476190476193,0.441079295154185,4
Dialysis | r27_c12 | Friday,Dialysis,r27_c12,Friday,990.0,16:30-17:00,5,2,454,53,True,0.011013215859030838,0.011013215859030838,870.0,14:30-15:00,0.44493392070484583,120.0,120.0,False,True,120.0,1.3215859030837005,0.011013215859030838,True,True,0.5550660792951542,204.40476190476193,113.45814977973569,0.441079295154185,0.5550660792951542,204.40476190476193,0.441079295154185,5
Dialysis | r27_c12 | Friday,Dialysis,r27_c12,Friday,840.0,14:00-14:30,4,1,454,53,True,0.00881057268722467,0.00881057268722467,870.0,14:30-15:00,0.44493392070484583,-30.0,30.0,False,True,30.0,0.2643171806167401,0.0022026431718061676,True,True,0.5550660792951542,204.40476190476193,113.45814977973569,0.441079295154185,0.5550660792951542,204.40476190476193,0.441079295154185,6
Dialysis | r27_c12 | Friday,Dialysis,r27_c12,Friday,510.0,08:30-09:00,2,2,454,53,True,0.004405286343612335,0.004405286343612335,870.0,14:30-15:00,0.44493392070484583,-360.0,360.0,False,True,120.0,1.5859030837004406,0.004405286343612335,True,True,0.5550660792951542,204.40476190476193,113.45814977973569,0.441079295154185,0.5550660792951542,204.40476190476193,0.441079295154185,7
Dialysis | r27_c12 | Friday,Dialysis,r27_c12,Friday,810.0,13:30-14:00,2,2,454,53,True,0.004405286343612335,0.004405286343612335,870.0,14:30-15:00,0.44493392070484583,-60.0,60.0,False,True,60.0,0.2643171806167401,0.0022026431718061676,True,True,0.5550660792951542,204.40476190476193,113.45814977973569,0.441079295154185,0.5550660792951542,204.40476190476193,0.441079295154185,8
Dialysis | r27_c12 | Friday,Dialysis,r27_c12,Friday,480.0,08:00-08:30,1,1,454,53,True,0.0022026431718061676,0.0022026431718061676,870.0,14:30-15:00,0.44493392070484583,-390.0,390.0,False,True,120.0,0.8590308370044054,0.0022026431718061676,True,True,0.5550660792951542,204.40476190476193,113.45814977973569,0.441079295154185,0.5550660792951542,204.40476190476193,0.441079295154185,9
Dialysis | r27_c12 | Friday,Dialysis,r27_c12,Friday,600.0,10:00-10:30,1,1,454,53,True,0.0022026431718061676,0.0022026431718061676,870.0,14:30-15:00,0.44493392070484583,-270.0,270.0,False,True,120.0,0.5947136563876653,0.0022026431718061676,True,True,0.5550660792951542,204.40476190476193,113.45814977973569,0.441079295154185,0.5550660792951542,204.40476190476193,0.441079295154185,10
Dialysis | r27_c12 | Friday,Dialysis,r27_c12,Friday,630.0,10:30-11:00,1,1,454,53,True,0.0022026431718061676,0.0022026431718061676,870.0,14:30-15:00,0.44493392070484583,-240.0,240.0,False,True,120.0,0.5286343612334802,0.0022026431718061676,True,True,0.5550660792951542,204.40476190476193,113.45814977973569,0.441079295154185,0.5550660792951542,204.40476190476193,0.441079295154185,11
Dialysis | r27_c12 | Monday,Dialysis,r27_c12,Monday,540.0,09:00-09:30,101,51,415,51,True,0.2433734939759036,0.2433734939759036,870.0,14:30-15:00,0.44819277108433736,-330.0,330.0,False,True,120.0,80.3132530120482,0.2433734939759036,True,True,0.5518072289156626,192.57641921397382,106.26506024096386,0.4337349397590361,0.5518072289156626,192.57641921397382,0.4337349397590361,1
Dialysis | r27_c12 | Monday,Dialysis,r27_c12,Monday,930.0,15:30-16:00,54,30,415,51,True,0.13012048192771083,0.13012048192771083,870.0,14:30-15:00,0.44819277108433736,60.0,60.0,False,True,60.0,7.80722891566265,0.06506024096385542,True,True,0.5518072289156626,192.57641921397382,106.26506024096386,0.4337349397590361,0.5518072289156626,192.57641921397382,0.4337349397590361,2
Dialysis | r27_c12 | Monday,Dialysis,r27_c12,Monday,960.0,16:00-16:30,44,25,415,51,True,0.10602409638554217,0.10602409638554217,870.0,14:30-15:00,0.44819277108433736,90.0,90.0,False,True,90.0,9.542168674698795,0.07951807228915662,True,True,0.5518072289156626,192.57641921397382,106.26506024096386,0.4337349397590361,0.5518072289156626,192.57641921397382,0.4337349397590361,3
Dialysis | r27_c12 | Monday,Dialysis,r27_c12,Monday,900.0,15:00-15:30,14,10,415,51,True,0.033734939759036145,0.033734939759036145,870.0,14:30-15:00,0.44819277108433736,30.0,30.0,False,True,30.0,1.0120481927710843,0.008433734939759036,True,True,0.5518072289156626,192.57641921397382,106.26506024096386,0.4337349397590361,0.5518072289156626,192.57641921397382,0.4337349397590361,4
Dialysis | r27_c12 | Monday,Dialysis,r27_c12,Monday,990.0,16:30-17:00,8,3,415,51,True,0.01927710843373494,0.01927710843373494,870.0,14:30-15:00,0.44819277108433736,120.0,120.0,False,True,120.0,2.313253012048193,0.01927710843373494,True,True,0.5518072289156626,192.57641921397382,106.26506024096386,0.4337349397590361,0.5518072289156626,192.57641921397382,0.4337349397590361,5
Dialysis | r27_c12 | Monday,Dialysis,r27_c12,Monday,510.0,08:30-09:00,3,3,415,51,True,0.007228915662650603,0.007228915662650603,870.0,14:30-15:00,0.44819277108433736,-360.0,360.0,False,True,120.0,2.602409638554217,0.007228915662650603,True,True,0.5518072289156626,192.57641921397382,106.26506024096386,0.4337349397590361,0.5518072289156626,192.57641921397382,0.4337349397590361,6
Dialysis | r27_c12 | Monday,Dialysis,r27_c12,Monday,600.0,10:00-10:30,3,2,415,51,True,0.007228915662650603,0.007228915662650603,870.0,14:30-15:00,0.44819277108433736,-270.0,270.0,False,True,120.0,1.9518072289156627,0.007228915662650603,True,True,0.5518072289156626,192.57641921397382,106.26506024096386,0.4337349397590361,0.5518072289156626,192.57641921397382,0.4337349397590361,7
Dialysis | r27_c12 | Monday,Dialysis,r27_c12,Monday,630.0,10:30-11:00,1,1,415,51,True,0.0024096385542168677,0.0024096385542168677,870.0,14:30-15:00,0.44819277108433736,-240.0,240.0,False,True,120.0,0.5783132530120483,0.0024096385542168677,True,True,0.5518072289156626,192.57641921397382,106.26506024096386,0.4337349397590361,0.5518072289156626,192.57641921397382,0.4337349397590361,8
Dialysis | r27_c12 | Monday,Dialysis,r27_c12,Monday,810.0,13:30-14:00,1,1,415,51,True,0.0024096385542168677,0.0024096385542168677,870.0,14:30-15:00,0.44819277108433736,-60.0,60.0,False,True,60.0,0.14457831325301207,0.0012048192771084338,True,True,0.5518072289156626,192.57641921397382,106.26506024096386,0.4337349397590361,0.5518072289156626,192.57641921397382,0.4337349397590361,9
Dialysis | r27_c12 | Wednesday,Dialysis,r27_c12,Wednesday,540.0,09:00-09:30,112,52,425,52,True,0.2635294117647059,0.2635294117647059,870.0,14:30-15:00,0.45176470588235296,-330.0,330.0,False,True,120.0,86.96470588235294,0.2635294117647059,True,True,0.548235294117647,201.24463519313304,110.32941176470587,0.43823529411764717,0.548235294117647,201.24463519313304,0.43823529411764717,1
Dialysis | r27_c12 | Wednesday,Dialysis,r27_c12,Wednesday,930.0,15:30-16:00,51,27,425,52,True,0.12,0.12,870.0,14:30-15:00,0.45176470588235296,60.0,60.0,False,True,60.0,7.199999999999999,0.05999999999999999,True,True,0.548235294117647,201.24463519313304,110.32941176470587,0.43823529411764717,0.548235294117647,201.24463519313304,0.43823529411764717,2
Dialysis | r27_c12 | Wednesday,Dialysis,r27_c12,Wednesday,960.0,16:00-16:30,44,28,425,52,True,0.10352941176470588,0.10352941176470588,870.0,14:30-15:00,0.45176470588235296,90.0,90.0,False,True,90.0,9.31764705882353,0.07764705882352942,True,True,0.548235294117647,201.24463519313304,110.32941176470587,0.43823529411764717,0.548235294117647,201.24463519313304,0.43823529411764717,3
Dialysis | r27_c12 | Wednesday,Dialysis,r27_c12,Wednesday,900.0,15:00-15:30,12,10,425,52,True,0.02823529411764706,0.02823529411764706,870.0,14:30-15:00,0.45176470588235296,30.0,30.0,False,True,30.0,0.8470588235294118,0.007058823529411765,True,True,0.548235294117647,201.24463519313304,110.32941176470587,0.43823529411764717,0.548235294117647,201.24463519313304,0.43823529411764717,4
Dialysis | r27_c12 | Wednesday,Dialysis,r27_c12,Wednesday,600.0,10:00-10:30,3,2,425,52,True,0.007058823529411765,0.007058823529411765,870.0,14:30-15:00,0.45176470588235296,-270.0,270.0,False,True,120.0,1.9058823529411766,0.007058823529411765,True,True,0.548235294117647,201.24463519313304,110.32941176470587,0.43823529411764717,0.548235294117647,201.24463519313304,0.43823529411764717,5
Dialysis | r27_c12 | Wednesday,Dialysis,r27_c12,Wednesday,990.0,16:30-17:00,3,1,425,52,True,0.007058823529411765,0.007058823529411765,870.0,14:30-15:00,0.45176470588235296,120.0,120.0,False,True,120.0,0.8470588235294118,0.007058823529411765,True,True,0.548235294117647,201.24463519313304,110.32941176470587,0.43823529411764717,0.548235294117647,201.24463519313304,0.43823529411764717,6
Dialysis | r27_c12 | Wednesday,Dialysis,r27_c12,Wednesday,660.0,11:00-11:30,2,1,425,52,True,0.004705882352941176,0.004705882352941176,870.0,14:30-15:00,0.45176470588235296,-210.0,210.0,False,True,120.0,0.988235294117647,0.004705882352941176,True,True,0.548235294117647,201.24463519313304,110.32941176470587,0.43823529411764717,0.548235294117647,201.24463519313304,0.43823529411764717,7
Dialysis | r27_c12 | Wednesday,Dialysis,r27_c12,Wednesday,690.0,11:30-12:00,2,2,425,52,True,0.004705882352941176,0.004705882352941176,870.0,14:30-15:00,0.45176470588235296,-180.0,180.0,False,True,120.0,0.8470588235294116,0.004705882352941176,True,True,0.548235294117647,201.24463519313304,110.32941176470587,0.43823529411764717,0.548235294117647,201.24463519313304,0.43823529411764717,8
Dialysis | r27_c12 | Wednesday,Dialysis,r27_c12,Wednesday,510.0,08:30-09:00,1,1,425,52,True,0.002352941176470588,0.002352941176470588,870.0,14:30-15:00,0.45176470588235296,-360.0,360.0,False,True,120.0,0.8470588235294116,0.002352941176470588,True,True,0.548235294117647,201.24463519313304,110.32941176470587,0.43823529411764717,0.548235294117647,201.24463519313304,0.43823529411764717,9
Dialysis | r27_c12 | Wednesday,Dialysis,r27_c12,Wednesday,720.0,12:00-12:30,1,1,425,52,True,0.002352941176470588,0.002352941176470588,870.0,14:30-15:00,0.45176470588235296,-150.0,150.0,False,True,120.0,0.3529411764705882,0.002352941176470588,True,True,0.548235294117647,201.24463519313304,110.32941176470587,0.43823529411764717,0.548235294117647,201.24463519313304,0.43823529411764717,10
Dialysis | r27_c12 | Wednesday,Dialysis,r27_c12,Wednesday,810.0,13:30-14:00,1,1,425,52,True,0.002352941176470588,0.002352941176470588,870.0,14:30-15:00,0.45176470588235296,-60.0,60.0,False,True,60.0,0.1411764705882353,0.001176470588235294,True,True,0.548235294117647,201.24463519313304,110.32941176470587,0.43823529411764717,0.548235294117647,201.24463519313304,0.43823529411764717,11
Dialysis | r27_c12 | Wednesday,Dialysis,r27_c12,Wednesday,840.0,14:00-14:30,1,1,425,52,True,0.002352941176470588,0.002352941176470588,870.0,14:30-15:00,0.45176470588235296,-30.0,30.0,False,True,30.0,0.07058823529411765,0.000588235294117647,True,True,0.548235294117647,201.24463519313304,110.32941176470587,0.43823529411764717,0.548235294117647,201.24463519313304,0.43823529411764717,12
Dialysis | r27_c17 | Friday,Dialysis,r27_c17,Friday,600.0,10:00-10:30,11,6,79,53,True,0.13924050632911392,0.13924050632911392,570.0,09:30-10:00,0.810126582278481,30.0,30.0,False,True,30.0,4.177215189873418,0.03481012658227848,True,True,0.189873417721519,44.0,8.354430379746836,0.06329113924050633,0.189873417721519,44.0,0.06329113924050633,1
Dialysis | r27_c17 | Friday,Dialysis,r27_c17,Friday,630.0,10:30-11:00,2,1,79,53,True,0.02531645569620253,0.02531645569620253,570.0,09:30-10:00,0.810126582278481,60.0,60.0,False,True,60.0,1.5189873417721518,0.012658227848101266,True,True,0.189873417721519,44.0,8.354430379746836,0.06329113924050633,0.189873417721519,44.0,0.06329113924050633,2
Dialysis | r27_c17 | Friday,Dialysis,r27_c17,Friday,390.0,06:30-07:00,1,1,79,53,True,0.012658227848101266,0.012658227848101266,570.0,09:30-10:00,0.810126582278481,-180.0,180.0,False,True,120.0,2.278481012658228,0.012658227848101266,True,True,0.189873417721519,44.0,8.354430379746836,0.06329113924050633,0.189873417721519,44.0,0.06329113924050633,3
Dialysis | r27_c17 | Friday,Dialysis,r27_c17,Friday,540.0,09:00-09:30,1,1,79,53,True,0.012658227848101266,0.012658227848101266,570.0,09:30-10:00,0.810126582278481,-30.0,30.0,False,True,30.0,0.37974683544303794,0.0031645569620253164,True,True,0.189873417721519,44.0,8.354430379746836,0.06329113924050633,0.189873417721519,44.0,0.06329113924050633,4
Dialysis | r27_c17 | Monday,Dialysis,r27_c17,Monday,600.0,10:00-10:30,10,8,79,52,True,0.12658227848101267,0.12658227848101267,570.0,09:30-10:00,0.8354430379746836,30.0,30.0,False,True,30.0,3.79746835443038,0.03164556962025317,True,True,0.16455696202531644,30.000000000000007,4.936708860759494,0.04113924050632912,0.16455696202531644,30.000000000000007,0.04113924050632912,1
Dialysis | r27_c17 | Monday,Dialysis,r27_c17,Monday,540.0,09:00-09:30,3,3,79,52,True,0.0379746835443038,0.0379746835443038,570.0,09:30-10:00,0.8354430379746836,-30.0,30.0,False,True,30.0,1.139240506329114,0.00949367088607595,True,True,0.16455696202531644,30.000000000000007,4.936708860759494,0.04113924050632912,0.16455696202531644,30.000000000000007,0.04113924050632912,2
Dialysis | r27_c17 | Wednesday,Dialysis,r27_c17,Wednesday,600.0,10:00-10:30,7,5,76,52,True,0.09210526315789473,0.09210526315789473,570.0,09:30-10:00,0.9078947368421053,30.0,30.0,False,True,30.0,2.763157894736842,0.023026315789473683,True,True,0.09210526315789469,30.000000000000014,2.763157894736842,0.023026315789473683,0.09210526315789469,30.000000000000014,0.023026315789473683,1
Dialysis | r28_c12 | Friday,Dialysis,r28_c12,Friday,540.0,09:00-09:30,14,9,86,53,True,0.16279069767441862,0.16279069767441862,570.0,09:30-10:00,0.8255813953488372,-30.0,30.0,False,True,30.0,4.883720930232559,0.040697674418604654,True,True,0.17441860465116277,30.000000000000007,5.232558139534884,0.0436046511627907,0.17441860465116277,30.000000000000007,0.0436046511627907,1
Dialysis | r28_c12 | Friday,Dialysis,r28_c12,Friday,600.0,10:00-10:30,1,1,86,53,True,0.011627906976744186,0.011627906976744186,570.0,09:30-10:00,0.8255813953488372,30.0,30.0,False,True,30.0,0.3488372093023256,0.0029069767441860465,True,True,0.17441860465116277,30.000000000000007,5.232558139534884,0.0436046511627907,0.17441860465116277,30.000000000000007,0.0436046511627907,2
Dialysis | r28_c12 | Monday,Dialysis,r28_c12,Monday,540.0,09:00-09:30,16,9,82,50,True,0.1951219512195122,0.1951219512195122,570.0,09:30-10:00,0.8048780487804879,-30.0,30.0,False,True,30.0,5.853658536585366,0.04878048780487805,True,True,0.19512195121951215,30.000000000000007,5.853658536585366,0.04878048780487805,0.19512195121951215,30.000000000000007,0.04878048780487805,1
Dialysis | r28_c12 | Wednesday,Dialysis,r28_c12,Wednesday,540.0,09:00-09:30,17,9,85,51,True,0.2,0.2,570.0,09:30-10:00,0.8,-30.0,30.0,False,True,30.0,6.0,0.05,True,True,0.19999999999999996,30.000000000000007,6.0,0.05,0.19999999999999996,30.000000000000007,0.05,1
Dialysis | r7_c10 | Friday,Dialysis,r7_c10,Friday,960.0,16:00-16:30,43,32,155,53,True,0.27741935483870966,0.27741935483870966,930.0,15:30-16:00,0.2967741935483871,30.0,30.0,False,True,30.0,8.32258064516129,0.06935483870967742,True,True,0.7032258064516129,39.08256880733945,27.483870967741936,0.2290322580645161,0.7032258064516129,39.08256880733945,0.2290322580645161,1
Dialysis | r7_c10 | Friday,Dialysis,r7_c10,Friday,870.0,14:30-15:00,33,28,155,53,True,0.2129032258064516,0.2129032258064516,930.0,15:30-16:00,0.2967741935483871,-60.0,60.0,False,True,60.0,12.774193548387096,0.1064516129032258,True,True,0.7032258064516129,39.08256880733945,27.483870967741936,0.2290322580645161,0.7032258064516129,39.08256880733945,0.2290322580645161,2
Dialysis | r7_c10 | Friday,Dialysis,r7_c10,Friday,900.0,15:00-15:30,33,28,155,53,True,0.2129032258064516,0.2129032258064516,930.0,15:30-16:00,0.2967741935483871,-30.0,30.0,False,True,30.0,6.387096774193548,0.0532258064516129,True,True,0.7032258064516129,39.08256880733945,27.483870967741936,0.2290322580645161,0.7032258064516129,39.08256880733945,0.2290322580645161,3
Dialysis | r7_c10 | Monday,Dialysis,r7_c10,Monday,900.0,15:00-15:30,46,28,175,52,True,0.26285714285714284,0.26285714285714284,930.0,15:30-16:00,0.26857142857142857,-30.0,30.0,False,True,30.0,7.885714285714285,0.06571428571428571,True,True,0.7314285714285714,38.671875,28.285714285714285,0.23571428571428568,0.7314285714285714,38.671875,0.23571428571428568,1
Dialysis | r7_c10 | Monday,Dialysis,r7_c10,Monday,960.0,16:00-16:30,46,32,175,52,True,0.26285714285714284,0.26285714285714284,930.0,15:30-16:00,0.26857142857142857,30.0,30.0,False,True,30.0,7.885714285714285,0.06571428571428571,True,True,0.7314285714285714,38.671875,28.285714285714285,0.23571428571428568,0.7314285714285714,38.671875,0.23571428571428568,2
Dialysis | r7_c10 | Monday,Dialysis,r7_c10,Monday,870.0,14:30-15:00,31,29,175,52,True,0.17714285714285713,0.17714285714285713,930.0,15:30-16:00,0.26857142857142857,-60.0,60.0,False,True,60.0,10.628571428571428,0.08857142857142856,True,True,0.7314285714285714,38.671875,28.285714285714285,0.23571428571428568,0.7314285714285714,38.671875,0.23571428571428568,3
Dialysis | r7_c10 | Monday,Dialysis,r7_c10,Monday,990.0,16:30-17:00,4,1,175,52,True,0.022857142857142857,0.022857142857142857,930.0,15:30-16:00,0.26857142857142857,60.0,60.0,False,True,60.0,1.3714285714285714,0.011428571428571429,True,True,0.7314285714285714,38.671875,28.285714285714285,0.23571428571428568,0.7314285714285714,38.671875,0.23571428571428568,4
Dialysis | r7_c10 | Monday,Dialysis,r7_c10,Monday,1020.0,17:00-17:30,1,1,175,52,True,0.005714285714285714,0.005714285714285714,930.0,15:30-16:00,0.26857142857142857,90.0,90.0,False,True,90.0,0.5142857142857142,0.004285714285714285,True,True,0.7314285714285714,38.671875,28.285714285714285,0.23571428571428568,0.7314285714285714,38.671875,0.23571428571428568,5
Dialysis | r7_c10 | Thursday,Dialysis,r7_c10,Thursday,930.0,15:30-16:00,19,13,68,33,True,0.27941176470588236,0.27941176470588236,900.0,15:00-15:30,0.4264705882352941,30.0,30.0,False,True,30.0,8.382352941176471,0.06985294117647059,True,True,0.5735294117647058,41.53846153846154,23.823529411764707,0.1985294117647059,0.5735294117647058,41.53846153846154,0.1985294117647059,1
Dialysis | r7_c10 | Thursday,Dialysis,r7_c10,Thursday,840.0,14:00-14:30,8,7,68,33,True,0.11764705882352941,0.11764705882352941,900.0,15:00-15:30,0.4264705882352941,-60.0,60.0,False,True,60.0,7.0588235294117645,0.058823529411764705,True,True,0.5735294117647058,41.53846153846154,23.823529411764707,0.1985294117647059,0.5735294117647058,41.53846153846154,0.1985294117647059,2
Dialysis | r7_c10 | Thursday,Dialysis,r7_c10,Thursday,960.0,16:00-16:30,7,6,68,33,True,0.10294117647058823,0.10294117647058823,900.0,15:00-15:30,0.4264705882352941,60.0,60.0,False,True,60.0,6.1764705882352935,0.051470588235294115,True,True,0.5735294117647058,41.53846153846154,23.823529411764707,0.1985294117647059,0.5735294117647058,41.53846153846154,0.1985294117647059,3
Dialysis | r7_c10 | Thursday,Dialysis,r7_c10,Thursday,870.0,14:30-15:00,5,4,68,33,True,0.07352941176470588,0.07352941176470588,900.0,15:00-15:30,0.4264705882352941,-30.0,30.0,False,True,30.0,2.2058823529411766,0.01838235294117647,True,True,0.5735294117647058,41.53846153846154,23.823529411764707,0.1985294117647059,0.5735294117647058,41.53846153846154,0.1985294117647059,4
Dialysis | r7_c10 | Tuesday,Dialysis,r7_c10,Tuesday,930.0,15:30-16:00,21,14,57,35,True,0.3684210526315789,0.3684210526315789,900.0,15:00-15:30,0.42105263157894735,30.0,30.0,False,True,30.0,11.052631578947368,0.09210526315789473,True,True,0.5789473684210527,38.18181818181819,22.10526315789474,0.18421052631578946,0.5789473684210527,38.18181818181819,0.18421052631578946,1
Dialysis | r7_c10 | Tuesday,Dialysis,r7_c10,Tuesday,840.0,14:00-14:30,8,7,57,35,True,0.14035087719298245,0.14035087719298245,900.0,15:00-15:30,0.42105263157894735,-60.0,60.0,False,True,60.0,8.421052631578947,0.07017543859649122,True,True,0.5789473684210527,38.18181818181819,22.10526315789474,0.18421052631578946,0.5789473684210527,38.18181818181819,0.18421052631578946,2
Dialysis | r7_c10 | Tuesday,Dialysis,r7_c10,Tuesday,870.0,14:30-15:00,3,3,57,35,True,0.05263157894736842,0.05263157894736842,900.0,15:00-15:30,0.42105263157894735,-30.0,30.0,False,True,30.0,1.5789473684210527,0.013157894736842106,True,True,0.5789473684210527,38.18181818181819,22.10526315789474,0.18421052631578946,0.5789473684210527,38.18181818181819,0.18421052631578946,3
Dialysis | r7_c10 | Tuesday,Dialysis,r7_c10,Tuesday,960.0,16:00-16:30,1,1,57,35,True,0.017543859649122806,0.017543859649122806,900.0,15:00-15:30,0.42105263157894735,60.0,60.0,False,True,60.0,1.0526315789473684,0.008771929824561403,True,True,0.5789473684210527,38.18181818181819,22.10526315789474,0.18421052631578946,0.5789473684210527,38.18181818181819,0.18421052631578946,4
Dialysis | r7_c10 | Wednesday,Dialysis,r7_c10,Wednesday,960.0,16:00-16:30,41,31,149,52,True,0.2751677852348993,0.2751677852348993,930.0,15:30-16:00,0.28187919463087246,30.0,30.0,False,True,30.0,8.25503355704698,0.06879194630872483,True,True,0.7181208053691275,41.77570093457944,30.0,0.2449664429530201,0.7181208053691275,41.77570093457944,0.2449664429530201,1
Dialysis | r7_c10 | Wednesday,Dialysis,r7_c10,Wednesday,900.0,15:00-15:30,32,26,149,52,True,0.21476510067114093,0.21476510067114093,930.0,15:30-16:00,0.28187919463087246,-30.0,30.0,False,True,30.0,6.442953020134228,0.053691275167785234,True,True,0.7181208053691275,41.77570093457944,30.0,0.2449664429530201,0.7181208053691275,41.77570093457944,0.2449664429530201,2
Dialysis | r7_c10 | Wednesday,Dialysis,r7_c10,Wednesday,870.0,14:30-15:00,31,28,149,52,True,0.2080536912751678,0.2080536912751678,930.0,15:30-16:00,0.28187919463087246,-60.0,60.0,False,True,60.0,12.483221476510067,0.1040268456375839,True,True,0.7181208053691275,41.77570093457944,30.0,0.2449664429530201,0.7181208053691275,41.77570093457944,0.2449664429530201,3
Dialysis | r7_c10 | Wednesday,Dialysis,r7_c10,Wednesday,750.0,12:30-13:00,1,1,149,52,True,0.006711409395973154,0.006711409395973154,930.0,15:30-16:00,0.28187919463087246,-180.0,180.0,False,True,120.0,1.2080536912751678,0.006711409395973154,True,True,0.7181208053691275,41.77570093457944,30.0,0.2449664429530201,0.7181208053691275,41.77570093457944,0.2449664429530201,4
Dialysis | r7_c10 | Wednesday,Dialysis,r7_c10,Wednesday,780.0,13:00-13:30,1,1,149,52,True,0.006711409395973154,0.006711409395973154,930.0,15:30-16:00,0.28187919463087246,-150.0,150.0,False,True,120.0,1.006711409395973,0.006711409395973154,True,True,0.7181208053691275,41.77570093457944,30.0,0.2449664429530201,0.7181208053691275,41.77570093457944,0.2449664429530201,5
Dialysis | r7_c10 | Wednesday,Dialysis,r7_c10,Wednesday,840.0,14:00-14:30,1,1,149,52,True,0.006711409395973154,0.006711409395973154,930.0,15:30-16:00,0.28187919463087246,-90.0,90.0,False,True,90.0,0.6040268456375839,0.005033557046979866,True,True,0.7181208053691275,41.77570093457944,30.0,0.2449664429530201,0.7181208053691275,41.77570093457944,0.2449664429530201,6
Dialysis | r7_c11 | Monday,Dialysis,r7_c11,Monday,630.0,10:30-11:00,1,1,60,52,True,0.016666666666666666,0.016666666666666666,540.0,09:00-09:30,0.9833333333333333,90.0,90.0,False,True,90.0,1.5,0.0125,True,True,0.01666666666666672,89.99999999999972,1.5,0.0125,0.01666666666666672,89.99999999999972,0.0125,1
Dialysis | r7_c14 | Friday,Dialysis,r7_c14,Friday,540.0,09:00-09:30,3,3,50,43,True,0.06,0.06,570.0,09:30-10:00,0.94,-30.0,30.0,False,True,30.0,1.7999999999999998,0.014999999999999998,True,True,0.06000000000000005,29.99999999999997,1.7999999999999998,0.014999999999999998,0.06000000000000005,29.99999999999997,0.014999999999999998,1
Dialysis | r7_c14 | Monday,Dialysis,r7_c14,Monday,540.0,09:00-09:30,3,2,54,43,True,0.05555555555555555,0.05555555555555555,570.0,09:30-10:00,0.9259259259259259,-30.0,30.0,False,True,30.0,1.6666666666666665,0.013888888888888888,True,True,0.07407407407407407,30.000000000000004,2.2222222222222223,0.018518518518518517,0.07407407407407407,30.000000000000004,0.018518518518518517,1
Dialysis | r7_c14 | Monday,Dialysis,r7_c14,Monday,600.0,10:00-10:30,1,1,54,43,True,0.018518518518518517,0.018518518518518517,570.0,09:30-10:00,0.9259259259259259,30.0,30.0,False,True,30.0,0.5555555555555556,0.00462962962962963,True,True,0.07407407407407407,30.000000000000004,2.2222222222222223,0.018518518518518517,0.07407407407407407,30.000000000000004,0.018518518518518517,2
Dialysis | r7_c14 | Thursday,Dialysis,r7_c14,Thursday,540.0,09:00-09:30,8,7,26,22,True,0.3076923076923077,0.3076923076923077,600.0,10:00-10:30,0.5769230769230769,-60.0,60.0,False,True,60.0,18.461538461538463,0.15384615384615385,True,True,0.42307692307692313,51.81818181818181,21.923076923076923,0.18269230769230768,0.42307692307692313,51.81818181818181,0.18269230769230768,1
Dialysis | r7_c14 | Thursday,Dialysis,r7_c14,Thursday,570.0,09:30-10:00,2,2,26,22,True,0.07692307692307693,0.07692307692307693,600.0,10:00-10:30,0.5769230769230769,-30.0,30.0,False,True,30.0,2.307692307692308,0.019230769230769232,True,True,0.42307692307692313,51.81818181818181,21.923076923076923,0.18269230769230768,0.42307692307692313,51.81818181818181,0.18269230769230768,2
Dialysis | r7_c14 | Thursday,Dialysis,r7_c14,Thursday,630.0,10:30-11:00,1,1,26,22,True,0.038461538461538464,0.038461538461538464,600.0,10:00-10:30,0.5769230769230769,30.0,30.0,False,True,30.0,1.153846153846154,0.009615384615384616,True,True,0.42307692307692313,51.81818181818181,21.923076923076923,0.18269230769230768,0.42307692307692313,51.81818181818181,0.18269230769230768,3
Dialysis | r7_c14 | Tuesday,Dialysis,r7_c14,Tuesday,540.0,09:00-09:30,7,6,23,21,True,0.30434782608695654,0.30434782608695654,600.0,10:00-10:30,0.5652173913043478,-60.0,60.0,False,True,60.0,18.26086956521739,0.15217391304347824,True,True,0.4347826086956522,54.0,23.47826086956522,0.19565217391304346,0.4347826086956522,54.0,0.19565217391304346,1
Dialysis | r7_c14 | Tuesday,Dialysis,r7_c14,Tuesday,570.0,09:30-10:00,2,2,23,21,True,0.08695652173913043,0.08695652173913043,600.0,10:00-10:30,0.5652173913043478,-30.0,30.0,False,True,30.0,2.608695652173913,0.021739130434782608,True,True,0.4347826086956522,54.0,23.47826086956522,0.19565217391304346,0.4347826086956522,54.0,0.19565217391304346,2
Dialysis | r7_c14 | Tuesday,Dialysis,r7_c14,Tuesday,660.0,11:00-11:30,1,1,23,21,True,0.043478260869565216,0.043478260869565216,600.0,10:00-10:30,0.5652173913043478,60.0,60.0,False,True,60.0,2.608695652173913,0.021739130434782608,True,True,0.4347826086956522,54.0,23.47826086956522,0.19565217391304346,0.4347826086956522,54.0,0.19565217391304346,3
Dialysis | r7_c14 | Wednesday,Dialysis,r7_c14,Wednesday,540.0,09:00-09:30,2,2,47,42,True,0.0425531914893617,0.0425531914893617,570.0,09:30-10:00,0.9361702127659575,-30.0,30.0,False,True,30.0,1.2765957446808511,0.010638297872340425,True,True,0.06382978723404253,30.00000000000001,1.9148936170212767,0.015957446808510637,0.06382978723404253,30.00000000000001,0.015957446808510637,1
Dialysis | r7_c14 | Wednesday,Dialysis,r7_c14,Wednesday,600.0,10:00-10:30,1,1,47,42,True,0.02127659574468085,0.02127659574468085,570.0,09:30-10:00,0.9361702127659575,30.0,30.0,False,True,30.0,0.6382978723404256,0.005319148936170213,True,True,0.06382978723404253,30.00000000000001,1.9148936170212767,0.015957446808510637,0.06382978723404253,30.00000000000001,0.015957446808510637,2
Dialysis | r8_c15 | Thursday,Dialysis,r8_c15,Thursday,570.0,09:30-10:00,2,2,24,20,True,0.08333333333333333,0.08333333333333333,600.0,10:00-10:30,0.9166666666666666,-30.0,30.0,False,True,30.0,2.5,0.020833333333333332,True,True,0.08333333333333337,29.999999999999986,2.5,0.020833333333333332,0.08333333333333337,29.999999999999986,0.020833333333333332,1
Dialysis | r8_c15 | Tuesday,Dialysis,r8_c15,Tuesday,570.0,09:30-10:00,3,3,29,21,True,0.10344827586206896,0.10344827586206896,600.0,10:00-10:30,0.896551724137931,-30.0,30.0,False,True,30.0,3.103448275862069,0.02586206896551724,True,True,0.10344827586206895,30.000000000000004,3.103448275862069,0.02586206896551724,0.10344827586206895,30.000000000000004,0.02586206896551724,1
Nutrition | r10_c12 | Thursday,Nutrition,r10_c12,Thursday,450.0,07:30-08:00,1,1,26,23,True,0.038461538461538464,0.038461538461538464,480.0,08:00-08:30,0.9615384615384616,-30.0,30.0,False,True,30.0,1.153846153846154,0.009615384615384616,True,True,0.038461538461538436,30.000000000000025,1.153846153846154,0.009615384615384616,0.038461538461538436,30.000000000000025,0.009615384615384616,1
Nutrition | r10_c12 | Tuesday,Nutrition,r10_c12,Tuesday,450.0,07:30-08:00,1,1,24,22,True,0.041666666666666664,0.041666666666666664,480.0,08:00-08:30,0.9583333333333334,-30.0,30.0,False,True,30.0,1.25,0.010416666666666666,True,True,0.04166666666666663,30.00000000000003,1.25,0.010416666666666666,0.04166666666666663,30.00000000000003,0.010416666666666666,1
Nutrition | r10_c13 | Friday,Nutrition,r10_c13,Friday,450.0,07:30-08:00,14,6,31,18,True,0.45161290322580644,0.45161290322580644,480.0,08:00-08:30,0.5483870967741935,-30.0,30.0,False,True,30.0,13.548387096774194,0.11290322580645161,True,True,0.4516129032258065,29.999999999999996,13.548387096774194,0.11290322580645161,0.4516129032258065,29.999999999999996,0.11290322580645161,1
Nutrition | r10_c13 | Monday,Nutrition,r10_c13,Monday,450.0,07:30-08:00,16,7,43,24,True,0.37209302325581395,0.37209302325581395,480.0,08:00-08:30,0.627906976744186,-30.0,30.0,False,True,30.0,11.162790697674419,0.09302325581395349,True,True,0.37209302325581395,30.0,11.162790697674419,0.09302325581395349,0.37209302325581395,30.0,0.09302325581395349,1
Nutrition | r10_c13 | Thursday,Nutrition,r10_c13,Thursday,480.0,08:00-08:30,7,5,21,9,True,0.3333333333333333,0.3333333333333333,450.0,07:30-08:00,0.6666666666666666,30.0,30.0,False,True,30.0,10.0,0.08333333333333333,True,True,0.33333333333333337,29.999999999999996,10.0,0.08333333333333333,0.33333333333333337,29.999999999999996,0.08333333333333333,1
Nutrition | r10_c13 | Tuesday,Nutrition,r10_c13,Tuesday,480.0,08:00-08:30,7,5,21,9,True,0.3333333333333333,0.3333333333333333,450.0,07:30-08:00,0.6666666666666666,30.0,30.0,False,True,30.0,10.0,0.08333333333333333,True,True,0.33333333333333337,29.999999999999996,10.0,0.08333333333333333,0.33333333333333337,29.999999999999996,0.08333333333333333,1
Nutrition | r10_c13 | Wednesday,Nutrition,r10_c13,Wednesday,450.0,07:30-08:00,14,6,40,23,True,0.35,0.35,480.0,08:00-08:30,0.65,-30.0,30.0,False,True,30.0,10.5,0.0875,True,True,0.35,30.000000000000004,10.5,0.0875,0.35,30.000000000000004,0.0875,1
Nutrition | r10_c14 | Friday,Nutrition,r10_c14,Friday,480.0,08:00-08:30,34,29,72,52,True,0.4722222222222222,0.4722222222222222,420.0,07:00-07:30,0.5138888888888888,60.0,60.0,False,True,60.0,28.333333333333332,0.2361111111111111,True,True,0.48611111111111116,59.14285714285714,28.75,0.23958333333333331,0.48611111111111116,59.14285714285714,0.23958333333333331,1
Nutrition | r10_c14 | Friday,Nutrition,r10_c14,Friday,450.0,07:30-08:00,1,1,72,52,True,0.013888888888888888,0.013888888888888888,420.0,07:00-07:30,0.5138888888888888,30.0,30.0,False,True,30.0,0.41666666666666663,0.003472222222222222,True,True,0.48611111111111116,59.14285714285714,28.75,0.23958333333333331,0.48611111111111116,59.14285714285714,0.23958333333333331,2
Nutrition | r10_c14 | Monday,Nutrition,r10_c14,Monday,480.0,08:00-08:30,33,28,68,51,True,0.4852941176470588,0.4852941176470588,420.0,07:00-07:30,0.5147058823529411,60.0,60.0,False,True,60.0,29.11764705882353,0.2426470588235294,True,True,0.4852941176470589,59.99999999999999,29.11764705882353,0.2426470588235294,0.4852941176470589,59.99999999999999,0.2426470588235294,1
Nutrition | r10_c14 | Thursday,Nutrition,r10_c14,Thursday,480.0,08:00-08:30,34,28,68,51,True,0.5,0.5,420.0,07:00-07:30,0.5,60.0,60.0,False,True,60.0,30.0,0.25,True,True,0.5,60.0,30.0,0.25,0.5,60.0,0.25,1
Nutrition | r10_c14 | Tuesday,Nutrition,r10_c14,Tuesday,480.0,08:00-08:30,34,28,72,51,True,0.4722222222222222,0.4722222222222222,420.0,07:00-07:30,0.5138888888888888,60.0,60.0,False,True,60.0,28.333333333333332,0.2361111111111111,True,True,0.48611111111111116,60.85714285714285,29.583333333333332,0.24652777777777776,0.48611111111111116,60.85714285714285,0.24652777777777776,1
Nutrition | r10_c14 | Tuesday,Nutrition,r10_c14,Tuesday,510.0,08:30-09:00,1,1,72,51,True,0.013888888888888888,0.013888888888888888,420.0,07:00-07:30,0.5138888888888888,90.0,90.0,False,True,90.0,1.25,0.010416666666666666,True,True,0.48611111111111116,60.85714285714285,29.583333333333332,0.24652777777777776,0.48611111111111116,60.85714285714285,0.24652777777777776,2
Nutrition | r10_c14 | Wednesday,Nutrition,r10_c14,Wednesday,420.0,07:00-07:30,34,24,71,52,True,0.4788732394366197,0.4788732394366197,480.0,08:00-08:30,0.5211267605633803,-60.0,60.0,False,True,60.0,28.73239436619718,0.23943661971830985,True,True,0.47887323943661975,59.99999999999999,28.73239436619718,0.23943661971830985,0.47887323943661975,59.99999999999999,0.23943661971830985,1
Nutrition | r10_c18 | Friday,Nutrition,r10_c18,Friday,780.0,13:00-13:30,9,5,106,44,True,0.08490566037735849,0.08490566037735849,750.0,12:30-13:00,0.9150943396226415,30.0,30.0,False,True,30.0,2.5471698113207544,0.02122641509433962,True,True,0.08490566037735847,30.000000000000004,2.5471698113207544,0.02122641509433962,0.08490566037735847,30.000000000000004,0.02122641509433962,1
Nutrition | r10_c18 | Monday,Nutrition,r10_c18,Monday,780.0,13:00-13:30,8,7,101,43,True,0.07920792079207921,0.07920792079207921,750.0,12:30-13:00,0.9207920792079208,30.0,30.0,False,True,30.0,2.376237623762376,0.019801980198019802,True,True,0.07920792079207917,30.000000000000014,2.376237623762376,0.019801980198019802,0.07920792079207917,30.000000000000014,0.019801980198019802,1
Nutrition | r10_c18 | Wednesday,Nutrition,r10_c18,Wednesday,780.0,13:00-13:30,16,12,114,42,True,0.14035087719298245,0.14035087719298245,750.0,12:30-13:00,0.8596491228070176,30.0,30.0,False,True,30.0,4.2105263157894735,0.03508771929824561,True,True,0.14035087719298245,30.0,4.2105263157894735,0.03508771929824561,0.14035087719298245,30.0,0.03508771929824561,1
Nutrition | r11_c11 | Monday,Nutrition,r11_c11,Monday,540.0,09:00-09:30,2,2,26,20,True,0.07692307692307693,0.07692307692307693,510.0,08:30-09:00,0.8846153846153846,30.0,30.0,False,True,30.0,2.307692307692308,0.019230769230769232,True,True,0.11538461538461542,29.999999999999993,3.4615384615384617,0.028846153846153848,0.11538461538461542,29.999999999999993,0.028846153846153848,1
Nutrition | r11_c11 | Monday,Nutrition,r11_c11,Monday,480.0,08:00-08:30,1,1,26,20,True,0.038461538461538464,0.038461538461538464,510.0,08:30-09:00,0.8846153846153846,-30.0,30.0,False,True,30.0,1.153846153846154,0.009615384615384616,True,True,0.11538461538461542,29.999999999999993,3.4615384615384617,0.028846153846153848,0.11538461538461542,29.999999999999993,0.028846153846153848,2
Nutrition | r11_c11 | Thursday,Nutrition,r11_c11,Thursday,480.0,08:00-08:30,12,8,33,19,True,0.36363636363636365,0.36363636363636365,510.0,08:30-09:00,0.6060606060606061,-30.0,30.0,False,True,30.0,10.90909090909091,0.09090909090909091,True,True,0.3939393939393939,30.000000000000007,11.81818181818182,0.0984848484848485,0.3939393939393939,30.000000000000007,0.0984848484848485,1
Nutrition | r11_c11 | Thursday,Nutrition,r11_c11,Thursday,540.0,09:00-09:30,1,1,33,19,True,0.030303030303030304,0.030303030303030304,510.0,08:30-09:00,0.6060606060606061,30.0,30.0,False,True,30.0,0.9090909090909092,0.007575757575757577,True,True,0.3939393939393939,30.000000000000007,11.81818181818182,0.0984848484848485,0.3939393939393939,30.000000000000007,0.0984848484848485,2
Nutrition | r12_c11 | Friday,Nutrition,r12_c11,Friday,480.0,08:00-08:30,12,12,36,32,True,0.3333333333333333,0.3333333333333333,510.0,08:30-09:00,0.6666666666666666,-30.0,30.0,False,True,30.0,10.0,0.08333333333333333,True,True,0.33333333333333337,29.999999999999996,10.0,0.08333333333333333,0.33333333333333337,29.999999999999996,0.08333333333333333,1
Nutrition | r12_c11 | Monday,Nutrition,r12_c11,Monday,510.0,08:30-09:00,43,26,106,52,True,0.4056603773584906,0.4056603773584906,480.0,08:00-08:30,0.5849056603773585,30.0,30.0,False,True,30.0,12.169811320754718,0.10141509433962265,True,True,0.41509433962264153,30.68181818181818,12.735849056603774,0.10613207547169812,0.41509433962264153,30.68181818181818,0.10613207547169812,1
Nutrition | r12_c11 | Monday,Nutrition,r12_c11,Monday,540.0,09:00-09:30,1,1,106,52,True,0.009433962264150943,0.009433962264150943,480.0,08:00-08:30,0.5849056603773585,60.0,60.0,False,True,60.0,0.5660377358490566,0.0047169811320754715,True,True,0.41509433962264153,30.68181818181818,12.735849056603774,0.10613207547169812,0.41509433962264153,30.68181818181818,0.10613207547169812,2
Nutrition | r12_c11 | Thursday,Nutrition,r12_c11,Thursday,510.0,08:30-09:00,12,11,62,49,True,0.1935483870967742,0.1935483870967742,480.0,08:00-08:30,0.7903225806451613,30.0,30.0,False,True,30.0,5.806451612903226,0.04838709677419355,True,True,0.20967741935483875,32.30769230769231,6.774193548387097,0.056451612903225805,0.20967741935483875,32.30769230769231,0.056451612903225805,1
Nutrition | r12_c11 | Thursday,Nutrition,r12_c11,Thursday,540.0,09:00-09:30,1,1,62,49,True,0.016129032258064516,0.016129032258064516,480.0,08:00-08:30,0.7903225806451613,60.0,60.0,False,True,60.0,0.967741935483871,0.008064516129032258,True,True,0.20967741935483875,32.30769230769231,6.774193548387097,0.056451612903225805,0.20967741935483875,32.30769230769231,0.056451612903225805,2
Nutrition | r12_c11 | Tuesday,Nutrition,r12_c11,Tuesday,510.0,08:30-09:00,11,11,63,50,True,0.1746031746031746,0.1746031746031746,480.0,08:00-08:30,0.8253968253968254,30.0,30.0,False,True,30.0,5.238095238095238,0.04365079365079365,True,True,0.17460317460317465,29.999999999999993,5.238095238095238,0.04365079365079365,0.17460317460317465,29.999999999999993,0.04365079365079365,1
Nutrition | r12_c11 | Wednesday,Nutrition,r12_c11,Wednesday,510.0,08:30-09:00,37,25,104,52,True,0.3557692307692308,0.3557692307692308,480.0,08:00-08:30,0.6057692307692307,30.0,30.0,False,True,30.0,10.673076923076923,0.0889423076923077,True,True,0.3942307692307693,46.09756097560975,18.173076923076923,0.11778846153846154,0.3942307692307693,46.09756097560975,0.11778846153846154,1
Nutrition | r12_c11 | Wednesday,Nutrition,r12_c11,Wednesday,810.0,13:30-14:00,2,1,104,52,True,0.019230769230769232,0.019230769230769232,480.0,08:00-08:30,0.6057692307692307,330.0,330.0,False,True,120.0,6.346153846153847,0.019230769230769232,True,True,0.3942307692307693,46.09756097560975,18.173076923076923,0.11778846153846154,0.3942307692307693,46.09756097560975,0.11778846153846154,2
Nutrition | r12_c11 | Wednesday,Nutrition,r12_c11,Wednesday,420.0,07:00-07:30,1,1,104,52,True,0.009615384615384616,0.009615384615384616,480.0,08:00-08:30,0.6057692307692307,-60.0,60.0,False,True,60.0,0.576923076923077,0.004807692307692308,True,True,0.3942307692307693,46.09756097560975,18.173076923076923,0.11778846153846154,0.3942307692307693,46.09756097560975,0.11778846153846154,3
Nutrition | r12_c11 | Wednesday,Nutrition,r12_c11,Wednesday,540.0,09:00-09:30,1,1,104,52,True,0.009615384615384616,0.009615384615384616,480.0,08:00-08:30,0.6057692307692307,60.0,60.0,False,True,60.0,0.576923076923077,0.004807692307692308,True,True,0.3942307692307693,46.09756097560975,18.173076923076923,0.11778846153846154,0.3942307692307693,46.09756097560975,0.11778846153846154,4
Nutrition | r12_c12 | Friday,Nutrition,r12_c12,Friday,810.0,13:30-14:00,2,2,253,53,True,0.007905138339920948,0.007905138339920948,780.0,13:00-13:30,0.9920948616600791,30.0,30.0,False,True,30.0,0.23715415019762845,0.001976284584980237,True,True,0.007905138339920903,30.00000000000017,0.23715415019762845,0.001976284584980237,0.007905138339920903,30.00000000000017,0.001976284584980237,1
Nutrition | r12_c12 | Monday,Nutrition,r12_c12,Monday,810.0,13:30-14:00,21,20,320,52,True,0.065625,0.065625,780.0,13:00-13:30,0.878125,30.0,30.0,False,True,30.0,1.96875,0.01640625,True,True,0.12187499999999996,43.076923076923094,5.25,0.043750000000000004,0.12187499999999996,43.076923076923094,0.043750000000000004,1
Nutrition | r12_c12 | Monday,Nutrition,r12_c12,Monday,840.0,14:00-14:30,12,12,320,52,True,0.0375,0.0375,780.0,13:00-13:30,0.878125,60.0,60.0,False,True,60.0,2.25,0.01875,True,True,0.12187499999999996,43.076923076923094,5.25,0.043750000000000004,0.12187499999999996,43.076923076923094,0.043750000000000004,2
Nutrition | r12_c12 | Monday,Nutrition,r12_c12,Monday,750.0,12:30-13:00,4,2,320,52,True,0.0125,0.0125,780.0,13:00-13:30,0.878125,-30.0,30.0,False,True,30.0,0.375,0.003125,True,True,0.12187499999999996,43.076923076923094,5.25,0.043750000000000004,0.12187499999999996,43.076923076923094,0.043750000000000004,3
Nutrition | r12_c12 | Monday,Nutrition,r12_c12,Monday,870.0,14:30-15:00,1,1,320,52,True,0.003125,0.003125,780.0,13:00-13:30,0.878125,90.0,90.0,False,True,90.0,0.28125,0.00234375,True,True,0.12187499999999996,43.076923076923094,5.25,0.043750000000000004,0.12187499999999996,43.076923076923094,0.043750000000000004,4
Nutrition | r12_c12 | Monday,Nutrition,r12_c12,Monday,900.0,15:00-15:30,1,1,320,52,True,0.003125,0.003125,780.0,13:00-13:30,0.878125,120.0,120.0,False,True,120.0,0.375,0.003125,True,True,0.12187499999999996,43.076923076923094,5.25,0.043750000000000004,0.12187499999999996,43.076923076923094,0.043750000000000004,5
Nutrition | r12_c12 | Thursday,Nutrition,r12_c12,Thursday,810.0,13:30-14:00,24,20,263,52,True,0.09125475285171103,0.09125475285171103,780.0,13:00-13:30,0.8479087452471483,30.0,30.0,False,True,30.0,2.737642585551331,0.02281368821292776,True,True,0.15209125475285168,39.75000000000001,6.0456273764258555,0.05038022813688213,0.15209125475285168,39.75000000000001,0.05038022813688213,1
Nutrition | r12_c12 | Thursday,Nutrition,r12_c12,Thursday,840.0,14:00-14:30,11,11,263,52,True,0.04182509505703422,0.04182509505703422,780.0,13:00-13:30,0.8479087452471483,60.0,60.0,False,True,60.0,2.509505703422053,0.02091254752851711,True,True,0.15209125475285168,39.75000000000001,6.0456273764258555,0.05038022813688213,0.15209125475285168,39.75000000000001,0.05038022813688213,2
Nutrition | r12_c12 | Thursday,Nutrition,r12_c12,Thursday,750.0,12:30-13:00,3,1,263,52,True,0.011406844106463879,0.011406844106463879,780.0,13:00-13:30,0.8479087452471483,-30.0,30.0,False,True,30.0,0.3422053231939164,0.00285171102661597,True,True,0.15209125475285168,39.75000000000001,6.0456273764258555,0.05038022813688213,0.15209125475285168,39.75000000000001,0.05038022813688213,3
Nutrition | r12_c12 | Thursday,Nutrition,r12_c12,Thursday,720.0,12:00-12:30,2,1,263,52,True,0.0076045627376425855,0.0076045627376425855,780.0,13:00-13:30,0.8479087452471483,-60.0,60.0,False,True,60.0,0.45627376425855515,0.0038022813688212928,True,True,0.15209125475285168,39.75000000000001,6.0456273764258555,0.05038022813688213,0.15209125475285168,39.75000000000001,0.05038022813688213,4
Nutrition | r12_c12 | Tuesday,Nutrition,r12_c12,Tuesday,510.0,08:30-09:00,55,52,366,52,True,0.15027322404371585,0.15027322404371585,780.0,13:00-13:30,0.7923497267759563,-270.0,270.0,False,True,120.0,40.57377049180328,0.15027322404371585,True,True,0.20765027322404372,219.07894736842104,45.49180327868852,0.18032786885245902,0.20765027322404372,219.07894736842104,0.18032786885245902,1
Nutrition | r12_c12 | Tuesday,Nutrition,r12_c12,Tuesday,840.0,14:00-14:30,13,13,366,52,True,0.03551912568306011,0.03551912568306011,780.0,13:00-13:30,0.7923497267759563,60.0,60.0,False,True,60.0,2.1311475409836063,0.017759562841530054,True,True,0.20765027322404372,219.07894736842104,45.49180327868852,0.18032786885245902,0.20765027322404372,219.07894736842104,0.18032786885245902,2
Nutrition | r12_c12 | Tuesday,Nutrition,r12_c12,Tuesday,810.0,13:30-14:00,3,2,366,52,True,0.00819672131147541,0.00819672131147541,780.0,13:00-13:30,0.7923497267759563,30.0,30.0,False,True,30.0,0.24590163934426232,0.0020491803278688526,True,True,0.20765027322404372,219.07894736842104,45.49180327868852,0.18032786885245902,0.20765027322404372,219.07894736842104,0.18032786885245902,3
Nutrition | r12_c12 | Tuesday,Nutrition,r12_c12,Tuesday,480.0,08:00-08:30,2,2,366,52,True,0.00546448087431694,0.00546448087431694,780.0,13:00-13:30,0.7923497267759563,-300.0,300.0,False,True,120.0,1.639344262295082,0.00546448087431694,True,True,0.20765027322404372,219.07894736842104,45.49180327868852,0.18032786885245902,0.20765027322404372,219.07894736842104,0.18032786885245902,4
Nutrition | r12_c12 | Tuesday,Nutrition,r12_c12,Tuesday,540.0,09:00-09:30,1,1,366,52,True,0.00273224043715847,0.00273224043715847,780.0,13:00-13:30,0.7923497267759563,-240.0,240.0,False,True,120.0,0.6557377049180327,0.00273224043715847,True,True,0.20765027322404372,219.07894736842104,45.49180327868852,0.18032786885245902,0.20765027322404372,219.07894736842104,0.18032786885245902,5
Nutrition | r12_c12 | Tuesday,Nutrition,r12_c12,Tuesday,720.0,12:00-12:30,1,1,366,52,True,0.00273224043715847,0.00273224043715847,780.0,13:00-13:30,0.7923497267759563,-60.0,60.0,False,True,60.0,0.16393442622950818,0.001366120218579235,True,True,0.20765027322404372,219.07894736842104,45.49180327868852,0.18032786885245902,0.20765027322404372,219.07894736842104,0.18032786885245902,6
Nutrition | r12_c12 | Tuesday,Nutrition,r12_c12,Tuesday,750.0,12:30-13:00,1,1,366,52,True,0.00273224043715847,0.00273224043715847,780.0,13:00-13:30,0.7923497267759563,-30.0,30.0,False,True,30.0,0.08196721311475409,0.0006830601092896175,True,True,0.20765027322404372,219.07894736842104,45.49180327868852,0.18032786885245902,0.20765027322404372,219.07894736842104,0.18032786885245902,7
Nutrition | r12_c12 | Wednesday,Nutrition,r12_c12,Wednesday,510.0,08:30-09:00,54,52,463,52,True,0.11663066954643629,0.11663066954643629,780.0,13:00-13:30,0.8099352051835853,-270.0,270.0,False,True,120.0,31.490280777537798,0.11663066954643629,True,True,0.1900647948164147,204.20454545454544,38.81209503239741,0.15712742980561556,0.1900647948164147,204.20454545454544,0.15712742980561556,1
Nutrition | r12_c12 | Wednesday,Nutrition,r12_c12,Wednesday,840.0,14:00-14:30,17,12,463,52,True,0.0367170626349892,0.0367170626349892,780.0,13:00-13:30,0.8099352051835853,60.0,60.0,False,True,60.0,2.203023758099352,0.0183585313174946,True,True,0.1900647948164147,204.20454545454544,38.81209503239741,0.15712742980561556,0.1900647948164147,204.20454545454544,0.15712742980561556,2
Nutrition | r12_c12 | Wednesday,Nutrition,r12_c12,Wednesday,810.0,13:30-14:00,6,1,463,52,True,0.012958963282937365,0.012958963282937365,780.0,13:00-13:30,0.8099352051835853,30.0,30.0,False,True,30.0,0.38876889848812096,0.0032397408207343412,True,True,0.1900647948164147,204.20454545454544,38.81209503239741,0.15712742980561556,0.1900647948164147,204.20454545454544,0.15712742980561556,3
Nutrition | r12_c12 | Wednesday,Nutrition,r12_c12,Wednesday,480.0,08:00-08:30,3,3,463,52,True,0.0064794816414686825,0.0064794816414686825,780.0,13:00-13:30,0.8099352051835853,-300.0,300.0,False,True,120.0,1.9438444924406046,0.0064794816414686825,True,True,0.1900647948164147,204.20454545454544,38.81209503239741,0.15712742980561556,0.1900647948164147,204.20454545454544,0.15712742980561556,4
Nutrition | r12_c12 | Wednesday,Nutrition,r12_c12,Wednesday,540.0,09:00-09:30,3,2,463,52,True,0.0064794816414686825,0.0064794816414686825,780.0,13:00-13:30,0.8099352051835853,-240.0,240.0,False,True,120.0,1.5550755939524838,0.0064794816414686825,True,True,0.1900647948164147,204.20454545454544,38.81209503239741,0.15712742980561556,0.1900647948164147,204.20454545454544,0.15712742980561556,5
Nutrition | r12_c12 | Wednesday,Nutrition,r12_c12,Wednesday,750.0,12:30-13:00,2,1,463,52,True,0.004319654427645789,0.004319654427645789,780.0,13:00-13:30,0.8099352051835853,-30.0,30.0,False,True,30.0,0.12958963282937366,0.0010799136069114472,True,True,0.1900647948164147,204.20454545454544,38.81209503239741,0.15712742980561556,0.1900647948164147,204.20454545454544,0.15712742980561556,6
Nutrition | r12_c12 | Wednesday,Nutrition,r12_c12,Wednesday,420.0,07:00-07:30,1,1,463,52,True,0.0021598272138228943,0.0021598272138228943,780.0,13:00-13:30,0.8099352051835853,-360.0,360.0,False,True,120.0,0.7775377969762419,0.0021598272138228943,True,True,0.1900647948164147,204.20454545454544,38.81209503239741,0.15712742980561556,0.1900647948164147,204.20454545454544,0.15712742980561556,7
Nutrition | r12_c12 | Wednesday,Nutrition,r12_c12,Wednesday,720.0,12:00-12:30,1,1,463,52,True,0.0021598272138228943,0.0021598272138228943,780.0,13:00-13:30,0.8099352051835853,-60.0,60.0,False,True,60.0,0.12958963282937366,0.0010799136069114472,True,True,0.1900647948164147,204.20454545454544,38.81209503239741,0.15712742980561556,0.1900647948164147,204.20454545454544,0.15712742980561556,8
Nutrition | r12_c12 | Wednesday,Nutrition,r12_c12,Wednesday,870.0,14:30-15:00,1,1,463,52,True,0.0021598272138228943,0.0021598272138228943,780.0,13:00-13:30,0.8099352051835853,90.0,90.0,False,True,90.0,0.19438444924406048,0.0016198704103671706,True,True,0.1900647948164147,204.20454545454544,38.81209503239741,0.15712742980561556,0.1900647948164147,204.20454545454544,0.15712742980561556,9
Nutrition | r13_c12 | Monday,Nutrition,r13_c12,Monday,510.0,08:30-09:00,9,9,64,42,True,0.140625,0.140625,480.0,08:00-08:30,0.859375,30.0,30.0,False,True,30.0,4.21875,0.03515625,True,True,0.140625,30.0,4.21875,0.03515625,0.140625,30.0,0.03515625,1
Nutrition | r13_c12 | Thursday,Nutrition,r13_c12,Thursday,510.0,08:30-09:00,10,10,64,43,True,0.15625,0.15625,480.0,08:00-08:30,0.84375,30.0,30.0,False,True,30.0,4.6875,0.0390625,True,True,0.15625,30.0,4.6875,0.0390625,0.15625,30.0,0.0390625,1
Nutrition | r13_c12 | Wednesday,Nutrition,r13_c12,Wednesday,510.0,08:30-09:00,10,10,73,43,True,0.136986301369863,0.136986301369863,480.0,08:00-08:30,0.821917808219178,30.0,30.0,False,True,30.0,4.10958904109589,0.03424657534246575,True,True,0.17808219178082196,34.6153846153846,6.1643835616438345,0.05136986301369863,0.17808219178082196,34.6153846153846,0.05136986301369863,1
Nutrition | r13_c12 | Wednesday,Nutrition,r13_c12,Wednesday,420.0,07:00-07:30,2,1,73,43,True,0.0273972602739726,0.0273972602739726,480.0,08:00-08:30,0.821917808219178,-60.0,60.0,False,True,60.0,1.643835616438356,0.0136986301369863,True,True,0.17808219178082196,34.6153846153846,6.1643835616438345,0.05136986301369863,0.17808219178082196,34.6153846153846,0.05136986301369863,2
Nutrition | r13_c12 | Wednesday,Nutrition,r13_c12,Wednesday,450.0,07:30-08:00,1,1,73,43,True,0.0136986301369863,0.0136986301369863,480.0,08:00-08:30,0.821917808219178,-30.0,30.0,False,True,30.0,0.410958904109589,0.003424657534246575,True,True,0.17808219178082196,34.6153846153846,6.1643835616438345,0.05136986301369863,0.17808219178082196,34.6153846153846,0.05136986301369863,3
Nutrition | r13_c13 | Wednesday,Nutrition,r13_c13,Wednesday,420.0,07:00-07:30,1,1,66,47,True,0.015151515151515152,0.015151515151515152,480.0,08:00-08:30,0.9848484848484849,-60.0,60.0,False,True,60.0,0.9090909090909092,0.007575757575757577,True,True,0.015151515151515138,60.00000000000006,0.9090909090909092,0.007575757575757577,0.015151515151515138,60.00000000000006,0.007575757575757577,1
Nutrition | r14_c12 | Friday,Nutrition,r14_c12,Friday,510.0,08:30-09:00,1,1,21,20,True,0.047619047619047616,0.047619047619047616,480.0,08:00-08:30,0.9523809523809523,30.0,30.0,False,True,30.0,1.4285714285714284,0.011904761904761902,True,True,0.04761904761904767,29.999999999999964,1.4285714285714284,0.011904761904761902,0.04761904761904767,29.999999999999964,0.011904761904761902,1
Nutrition | r14_c12 | Wednesday,Nutrition,r14_c12,Wednesday,510.0,08:30-09:00,3,3,24,20,True,0.125,0.125,480.0,08:00-08:30,0.875,30.0,30.0,False,True,30.0,3.75,0.03125,True,True,0.125,30.0,3.75,0.03125,0.125,30.0,0.03125,1
Nutrition | r15_c10 | Thursday,Nutrition,r15_c10,Thursday,480.0,08:00-08:30,26,25,55,51,True,0.4727272727272727,0.4727272727272727,450.0,07:30-08:00,0.5272727272727272,30.0,30.0,False,True,30.0,14.181818181818182,0.11818181818181818,True,True,0.4727272727272728,29.999999999999996,14.181818181818182,0.11818181818181818,0.4727272727272728,29.999999999999996,0.11818181818181818,1
Nutrition | r15_c15 | Friday,Nutrition,r15_c15,Friday,480.0,08:00-08:30,10,10,50,47,True,0.2,0.2,450.0,07:30-08:00,0.78,30.0,30.0,False,True,30.0,6.0,0.05,True,True,0.21999999999999997,32.727272727272734,7.2,0.060000000000000005,0.21999999999999997,32.727272727272734,0.060000000000000005,1
Nutrition | r15_c15 | Friday,Nutrition,r15_c15,Friday,510.0,08:30-09:00,1,1,50,47,True,0.02,0.02,450.0,07:30-08:00,0.78,60.0,60.0,False,True,60.0,1.2,0.01,True,True,0.21999999999999997,32.727272727272734,7.2,0.060000000000000005,0.21999999999999997,32.727272727272734,0.060000000000000005,2
Nutrition | r15_c15 | Monday,Nutrition,r15_c15,Monday,480.0,08:00-08:30,13,12,52,47,True,0.25,0.25,450.0,07:30-08:00,0.75,30.0,30.0,False,True,30.0,7.5,0.0625,True,True,0.25,30.0,7.5,0.0625,0.25,30.0,0.0625,1
Nutrition | r15_c15 | Wednesday,Nutrition,r15_c15,Wednesday,480.0,08:00-08:30,14,12,55,46,True,0.2545454545454545,0.2545454545454545,450.0,07:30-08:00,0.7272727272727273,30.0,30.0,False,True,30.0,7.636363636363636,0.06363636363636363,True,True,0.2727272727272727,32.0,8.727272727272727,0.07272727272727272,0.2727272727272727,32.0,0.07272727272727272,1
Nutrition | r15_c15 | Wednesday,Nutrition,r15_c15,Wednesday,510.0,08:30-09:00,1,1,55,46,True,0.01818181818181818,0.01818181818181818,450.0,07:30-08:00,0.7272727272727273,60.0,60.0,False,True,60.0,1.0909090909090908,0.00909090909090909,True,True,0.2727272727272727,32.0,8.727272727272727,0.07272727272727272,0.2727272727272727,32.0,0.07272727272727272,2
Nutrition | r16_c10 | Thursday,Nutrition,r16_c10,Thursday,450.0,07:30-08:00,14,12,40,33,True,0.35,0.35,480.0,08:00-08:30,0.65,-30.0,30.0,False,True,30.0,10.5,0.0875,True,True,0.35,30.000000000000004,10.5,0.0875,0.35,30.000000000000004,0.0875,1
Nutrition | r16_c11 | Friday,Nutrition,r16_c11,Friday,480.0,08:00-08:30,2,1,104,53,True,0.019230769230769232,0.019230769230769232,450.0,07:30-08:00,0.9807692307692307,30.0,30.0,False,True,30.0,0.576923076923077,0.004807692307692308,True,True,0.019230769230769273,29.999999999999936,0.576923076923077,0.004807692307692308,0.019230769230769273,29.999999999999936,0.004807692307692308,1
Nutrition | r16_c11 | Thursday,Nutrition,r16_c11,Thursday,480.0,08:00-08:30,4,2,105,52,True,0.0380952380952381,0.0380952380952381,450.0,07:30-08:00,0.9619047619047619,30.0,30.0,False,True,30.0,1.142857142857143,0.009523809523809525,True,True,0.03809523809523807,30.000000000000025,1.142857142857143,0.009523809523809525,0.03809523809523807,30.000000000000025,0.009523809523809525,1
Nutrition | r16_c11 | Tuesday,Nutrition,r16_c11,Tuesday,510.0,08:30-09:00,3,1,104,52,True,0.028846153846153848,0.028846153846153848,450.0,07:30-08:00,0.9711538461538461,60.0,60.0,False,True,60.0,1.7307692307692308,0.014423076923076924,True,True,0.028846153846153855,59.999999999999986,1.7307692307692308,0.014423076923076924,0.028846153846153855,59.999999999999986,0.014423076923076924,1
Nutrition | r16_c11 | Wednesday,Nutrition,r16_c11,Wednesday,480.0,08:00-08:30,3,2,106,52,True,0.02830188679245283,0.02830188679245283,450.0,07:30-08:00,0.9528301886792453,30.0,30.0,False,True,30.0,0.8490566037735849,0.007075471698113208,True,True,0.047169811320754707,42.00000000000001,1.9811320754716981,0.01650943396226415,0.047169811320754707,42.00000000000001,0.01650943396226415,1
Nutrition | r16_c11 | Wednesday,Nutrition,r16_c11,Wednesday,510.0,08:30-09:00,2,1,106,52,True,0.018867924528301886,0.018867924528301886,450.0,07:30-08:00,0.9528301886792453,60.0,60.0,False,True,60.0,1.1320754716981132,0.009433962264150943,True,True,0.047169811320754707,42.00000000000001,1.9811320754716981,0.01650943396226415,0.047169811320754707,42.00000000000001,0.01650943396226415,2
Nutrition | r16_c12 | Tuesday,Nutrition,r16_c12,Tuesday,510.0,08:30-09:00,1,1,52,49,True,0.019230769230769232,0.019230769230769232,540.0,09:00-09:30,0.9615384615384616,-30.0,30.0,False,True,30.0,0.576923076923077,0.004807692307692308,True,True,0.038461538461538436,30.000000000000025,1.153846153846154,0.009615384615384616,0.038461538461538436,30.000000000000025,0.009615384615384616,1
Nutrition | r16_c12 | Tuesday,Nutrition,r16_c12,Tuesday,570.0,09:30-10:00,1,1,52,49,True,0.019230769230769232,0.019230769230769232,540.0,09:00-09:30,0.9615384615384616,30.0,30.0,False,True,30.0,0.576923076923077,0.004807692307692308,True,True,0.038461538461538436,30.000000000000025,1.153846153846154,0.009615384615384616,0.038461538461538436,30.000000000000025,0.009615384615384616,2
Nutrition | r16_c23 | Friday,Nutrition,r16_c23,Friday,510.0,08:30-09:00,55,53,168,53,True,0.3273809523809524,0.3273809523809524,780.0,13:00-13:30,0.375,-270.0,270.0,False,True,120.0,88.39285714285714,0.3273809523809524,True,True,0.625,160.85714285714283,100.53571428571428,0.4107142857142857,0.625,160.85714285714283,0.4107142857142857,1
Nutrition | r16_c23 | Friday,Nutrition,r16_c23,Friday,750.0,12:30-13:00,48,48,168,53,True,0.2857142857142857,0.2857142857142857,780.0,13:00-13:30,0.375,-30.0,30.0,False,True,30.0,8.571428571428571,0.07142857142857142,True,True,0.625,160.85714285714283,100.53571428571428,0.4107142857142857,0.625,160.85714285714283,0.4107142857142857,2
Nutrition | r16_c23 | Friday,Nutrition,r16_c23,Friday,480.0,08:00-08:30,2,2,168,53,True,0.011904761904761904,0.011904761904761904,780.0,13:00-13:30,0.375,-300.0,300.0,False,True,120.0,3.571428571428571,0.011904761904761902,True,True,0.625,160.85714285714283,100.53571428571428,0.4107142857142857,0.625,160.85714285714283,0.4107142857142857,3
Nutrition | r16_c23 | Monday,Nutrition,r16_c23,Monday,510.0,08:30-09:00,60,52,185,52,True,0.32432432432432434,0.32432432432432434,780.0,13:00-13:30,0.3837837837837838,-270.0,270.0,False,True,120.0,87.56756756756758,0.32432432432432434,True,True,0.6162162162162161,166.0526315789474,102.32432432432434,0.41486486486486485,0.6162162162162161,166.0526315789474,0.41486486486486485,1
Nutrition | r16_c23 | Monday,Nutrition,r16_c23,Monday,750.0,12:30-13:00,49,48,185,52,True,0.2648648648648649,0.2648648648648649,780.0,13:00-13:30,0.3837837837837838,-30.0,30.0,False,True,30.0,7.9459459459459465,0.06621621621621622,True,True,0.6162162162162161,166.0526315789474,102.32432432432434,0.41486486486486485,0.6162162162162161,166.0526315789474,0.41486486486486485,2
Nutrition | r16_c23 | Monday,Nutrition,r16_c23,Monday,480.0,08:00-08:30,4,3,185,52,True,0.021621621621621623,0.021621621621621623,780.0,13:00-13:30,0.3837837837837838,-300.0,300.0,False,True,120.0,6.486486486486487,0.021621621621621623,True,True,0.6162162162162161,166.0526315789474,102.32432432432434,0.41486486486486485,0.6162162162162161,166.0526315789474,0.41486486486486485,3
Nutrition | r16_c23 | Monday,Nutrition,r16_c23,Monday,720.0,12:00-12:30,1,1,185,52,True,0.005405405405405406,0.005405405405405406,780.0,13:00-13:30,0.3837837837837838,-60.0,60.0,False,True,60.0,0.32432432432432434,0.002702702702702703,True,True,0.6162162162162161,166.0526315789474,102.32432432432434,0.41486486486486485,0.6162162162162161,166.0526315789474,0.41486486486486485,4
Nutrition | r16_c23 | Thursday,Nutrition,r16_c23,Thursday,510.0,08:30-09:00,58,52,190,52,True,0.30526315789473685,0.30526315789473685,780.0,13:00-13:30,0.3631578947368421,-270.0,270.0,False,True,120.0,82.42105263157895,0.30526315789473685,True,True,0.6368421052631579,156.94214876033058,99.94736842105263,0.4197368421052632,0.6368421052631579,156.94214876033058,0.4197368421052632,1
Nutrition | r16_c23 | Thursday,Nutrition,r16_c23,Thursday,750.0,12:30-13:00,50,48,190,52,True,0.2631578947368421,0.2631578947368421,780.0,13:00-13:30,0.3631578947368421,-30.0,30.0,False,True,30.0,7.894736842105263,0.06578947368421052,True,True,0.6368421052631579,156.94214876033058,99.94736842105263,0.4197368421052632,0.6368421052631579,156.94214876033058,0.4197368421052632,2
Nutrition | r16_c23 | Thursday,Nutrition,r16_c23,Thursday,720.0,12:00-12:30,7,3,190,52,True,0.03684210526315789,0.03684210526315789,780.0,13:00-13:30,0.3631578947368421,-60.0,60.0,False,True,60.0,2.2105263157894735,0.018421052631578946,True,True,0.6368421052631579,156.94214876033058,99.94736842105263,0.4197368421052632,0.6368421052631579,156.94214876033058,0.4197368421052632,3
Nutrition | r16_c23 | Thursday,Nutrition,r16_c23,Thursday,480.0,08:00-08:30,4,4,190,52,True,0.021052631578947368,0.021052631578947368,780.0,13:00-13:30,0.3631578947368421,-300.0,300.0,False,True,120.0,6.315789473684211,0.021052631578947368,True,True,0.6368421052631579,156.94214876033058,99.94736842105263,0.4197368421052632,0.6368421052631579,156.94214876033058,0.4197368421052632,4
Nutrition | r16_c23 | Thursday,Nutrition,r16_c23,Thursday,660.0,11:00-11:30,1,1,190,52,True,0.005263157894736842,0.005263157894736842,780.0,13:00-13:30,0.3631578947368421,-120.0,120.0,False,True,120.0,0.631578947368421,0.005263157894736842,True,True,0.6368421052631579,156.94214876033058,99.94736842105263,0.4197368421052632,0.6368421052631579,156.94214876033058,0.4197368421052632,5
Nutrition | r16_c23 | Thursday,Nutrition,r16_c23,Thursday,690.0,11:30-12:00,1,1,190,52,True,0.005263157894736842,0.005263157894736842,780.0,13:00-13:30,0.3631578947368421,-90.0,90.0,False,True,90.0,0.47368421052631576,0.003947368421052632,True,True,0.6368421052631579,156.94214876033058,99.94736842105263,0.4197368421052632,0.6368421052631579,156.94214876033058,0.4197368421052632,6
Nutrition | r16_c23 | Tuesday,Nutrition,r16_c23,Tuesday,510.0,08:30-09:00,61,52,188,52,True,0.324468085106383,0.324468085106383,780.0,13:00-13:30,0.3829787234042553,-270.0,270.0,False,True,120.0,87.6063829787234,0.324468085106383,True,True,0.6170212765957447,165.51724137931035,102.12765957446808,0.413563829787234,0.6170212765957447,165.51724137931035,0.413563829787234,1
Nutrition | r16_c23 | Tuesday,Nutrition,r16_c23,Tuesday,750.0,12:30-13:00,51,47,188,52,True,0.2712765957446808,0.2712765957446808,780.0,13:00-13:30,0.3829787234042553,-30.0,30.0,False,True,30.0,8.138297872340425,0.0678191489361702,True,True,0.6170212765957447,165.51724137931035,102.12765957446808,0.413563829787234,0.6170212765957447,165.51724137931035,0.413563829787234,2
Nutrition | r16_c23 | Tuesday,Nutrition,r16_c23,Tuesday,480.0,08:00-08:30,4,3,188,52,True,0.02127659574468085,0.02127659574468085,780.0,13:00-13:30,0.3829787234042553,-300.0,300.0,False,True,120.0,6.382978723404255,0.02127659574468085,True,True,0.6170212765957447,165.51724137931035,102.12765957446808,0.413563829787234,0.6170212765957447,165.51724137931035,0.413563829787234,3
Nutrition | r16_c23 | Wednesday,Nutrition,r16_c23,Wednesday,510.0,08:30-09:00,57,52,184,52,True,0.30978260869565216,0.30978260869565216,780.0,13:00-13:30,0.3695652173913043,-270.0,270.0,False,True,120.0,83.64130434782608,0.30978260869565216,True,True,0.6304347826086957,164.48275862068962,103.69565217391303,0.421195652173913,0.6304347826086957,164.48275862068962,0.421195652173913,1
Nutrition | r16_c23 | Wednesday,Nutrition,r16_c23,Wednesday,750.0,12:30-13:00,48,47,184,52,True,0.2608695652173913,0.2608695652173913,780.0,13:00-13:30,0.3695652173913043,-30.0,30.0,False,True,30.0,7.826086956521739,0.06521739130434782,True,True,0.6304347826086957,164.48275862068962,103.69565217391303,0.421195652173913,0.6304347826086957,164.48275862068962,0.421195652173913,2
Nutrition | r16_c23 | Wednesday,Nutrition,r16_c23,Wednesday,840.0,14:00-14:30,5,1,184,52,True,0.02717391304347826,0.02717391304347826,780.0,13:00-13:30,0.3695652173913043,60.0,60.0,False,True,60.0,1.6304347826086956,0.01358695652173913,True,True,0.6304347826086957,164.48275862068962,103.69565217391303,0.421195652173913,0.6304347826086957,164.48275862068962,0.421195652173913,3
Nutrition | r16_c23 | Wednesday,Nutrition,r16_c23,Wednesday,480.0,08:00-08:30,3,3,184,52,True,0.016304347826086956,0.016304347826086956,780.0,13:00-13:30,0.3695652173913043,-300.0,300.0,False,True,120.0,4.891304347826087,0.016304347826086956,True,True,0.6304347826086957,164.48275862068962,103.69565217391303,0.421195652173913,0.6304347826086957,164.48275862068962,0.421195652173913,4
Nutrition | r16_c23 | Wednesday,Nutrition,r16_c23,Wednesday,420.0,07:00-07:30,2,1,184,52,True,0.010869565217391304,0.010869565217391304,780.0,13:00-13:30,0.3695652173913043,-360.0,360.0,False,True,120.0,3.9130434782608696,0.010869565217391304,True,True,0.6304347826086957,164.48275862068962,103.69565217391303,0.421195652173913,0.6304347826086957,164.48275862068962,0.421195652173913,5
Nutrition | r16_c23 | Wednesday,Nutrition,r16_c23,Wednesday,450.0,07:30-08:00,1,1,184,52,True,0.005434782608695652,0.005434782608695652,780.0,13:00-13:30,0.3695652173913043,-330.0,330.0,False,True,120.0,1.7934782608695652,0.005434782608695652,True,True,0.6304347826086957,164.48275862068962,103.69565217391303,0.421195652173913,0.6304347826086957,164.48275862068962,0.421195652173913,6
Nutrition | r17_c11 | Friday,Nutrition,r17_c11,Friday,510.0,08:30-09:00,18,18,79,53,True,0.22784810126582278,0.22784810126582278,450.0,07:30-08:00,0.569620253164557,60.0,60.0,False,True,60.0,13.670886075949367,0.11392405063291139,True,True,0.430379746835443,45.88235294117647,19.746835443037973,0.16455696202531644,0.430379746835443,45.88235294117647,0.16455696202531644,1
Nutrition | r17_c11 | Friday,Nutrition,r17_c11,Friday,480.0,08:00-08:30,16,11,79,53,True,0.20253164556962025,0.20253164556962025,450.0,07:30-08:00,0.569620253164557,30.0,30.0,False,True,30.0,6.075949367088607,0.05063291139240506,True,True,0.430379746835443,45.88235294117647,19.746835443037973,0.16455696202531644,0.430379746835443,45.88235294117647,0.16455696202531644,2
Nutrition | r17_c11 | Monday,Nutrition,r17_c11,Monday,480.0,08:00-08:30,30,17,90,51,True,0.3333333333333333,0.3333333333333333,450.0,07:30-08:00,0.4888888888888889,30.0,30.0,False,True,30.0,10.0,0.08333333333333333,True,True,0.5111111111111111,40.434782608695656,20.666666666666668,0.17222222222222222,0.5111111111111111,40.434782608695656,0.17222222222222222,1
Nutrition | r17_c11 | Monday,Nutrition,r17_c11,Monday,510.0,08:30-09:00,16,16,90,51,True,0.17777777777777778,0.17777777777777778,450.0,07:30-08:00,0.4888888888888889,60.0,60.0,False,True,60.0,10.666666666666668,0.08888888888888889,True,True,0.5111111111111111,40.434782608695656,20.666666666666668,0.17222222222222222,0.5111111111111111,40.434782608695656,0.17222222222222222,2
Nutrition | r17_c11 | Thursday,Nutrition,r17_c11,Thursday,510.0,08:30-09:00,17,17,69,52,True,0.2463768115942029,0.2463768115942029,450.0,07:30-08:00,0.5362318840579711,60.0,60.0,False,True,60.0,14.782608695652174,0.12318840579710146,True,True,0.46376811594202894,45.93750000000001,21.304347826086957,0.17753623188405798,0.46376811594202894,45.93750000000001,0.17753623188405798,1
Nutrition | r17_c11 | Thursday,Nutrition,r17_c11,Thursday,480.0,08:00-08:30,15,10,69,52,True,0.21739130434782608,0.21739130434782608,450.0,07:30-08:00,0.5362318840579711,30.0,30.0,False,True,30.0,6.521739130434782,0.05434782608695652,True,True,0.46376811594202894,45.93750000000001,21.304347826086957,0.17753623188405798,0.46376811594202894,45.93750000000001,0.17753623188405798,2
Nutrition | r17_c11 | Tuesday,Nutrition,r17_c11,Tuesday,510.0,08:30-09:00,17,17,54,52,True,0.3148148148148148,0.3148148148148148,450.0,07:30-08:00,0.6851851851851852,60.0,60.0,False,True,60.0,18.88888888888889,0.1574074074074074,True,True,0.31481481481481477,60.00000000000001,18.88888888888889,0.1574074074074074,0.31481481481481477,60.00000000000001,0.1574074074074074,1
Nutrition | r17_c11 | Wednesday,Nutrition,r17_c11,Wednesday,510.0,08:30-09:00,17,17,55,52,True,0.3090909090909091,0.3090909090909091,450.0,07:30-08:00,0.6727272727272727,60.0,60.0,False,True,60.0,18.545454545454547,0.15454545454545457,True,True,0.32727272727272727,58.33333333333334,19.090909090909093,0.15909090909090912,0.32727272727272727,58.33333333333334,0.15909090909090912,1
Nutrition | r17_c11 | Wednesday,Nutrition,r17_c11,Wednesday,480.0,08:00-08:30,1,1,55,52,True,0.01818181818181818,0.01818181818181818,450.0,07:30-08:00,0.6727272727272727,30.0,30.0,False,True,30.0,0.5454545454545454,0.004545454545454545,True,True,0.32727272727272727,58.33333333333334,19.090909090909093,0.15909090909090912,0.32727272727272727,58.33333333333334,0.15909090909090912,2
Nutrition | r17_c12 | Friday,Nutrition,r17_c12,Friday,810.0,13:30-14:00,115,39,757,53,True,0.15191545574636725,0.15191545574636725,780.0,13:00-13:30,0.7239101717305152,30.0,30.0,False,True,30.0,4.557463672391018,0.03797886393659181,True,True,0.2760898282694848,100.33492822966507,27.70145310435931,0.13077939233817704,0.2760898282694848,100.33492822966507,0.13077939233817704,1
Nutrition | r17_c12 | Friday,Nutrition,r17_c12,Friday,840.0,14:00-14:30,42,4,757,53,True,0.05548216644649934,0.05548216644649934,780.0,13:00-13:30,0.7239101717305152,60.0,60.0,False,True,60.0,3.3289299867899604,0.027741083223249672,True,True,0.2760898282694848,100.33492822966507,27.70145310435931,0.13077939233817704,0.2760898282694848,100.33492822966507,0.13077939233817704,2
Nutrition | r17_c12 | Friday,Nutrition,r17_c12,Friday,480.0,08:00-08:30,26,26,757,53,True,0.034346103038309116,0.034346103038309116,780.0,13:00-13:30,0.7239101717305152,-300.0,300.0,False,True,120.0,10.303830911492735,0.034346103038309116,True,True,0.2760898282694848,100.33492822966507,27.70145310435931,0.13077939233817704,0.2760898282694848,100.33492822966507,0.13077939233817704,3
Nutrition | r17_c12 | Friday,Nutrition,r17_c12,Friday,450.0,07:30-08:00,21,21,757,53,True,0.02774108322324967,0.02774108322324967,780.0,13:00-13:30,0.7239101717305152,-330.0,330.0,False,True,120.0,9.15455746367239,0.027741083223249672,True,True,0.2760898282694848,100.33492822966507,27.70145310435931,0.13077939233817704,0.2760898282694848,100.33492822966507,0.13077939233817704,4
Nutrition | r17_c12 | Friday,Nutrition,r17_c12,Friday,720.0,12:00-12:30,2,1,757,53,True,0.002642007926023778,0.002642007926023778,780.0,13:00-13:30,0.7239101717305152,-60.0,60.0,False,True,60.0,0.15852047556142668,0.001321003963011889,True,True,0.2760898282694848,100.33492822966507,27.70145310435931,0.13077939233817704,0.2760898282694848,100.33492822966507,0.13077939233817704,5
Nutrition | r17_c12 | Friday,Nutrition,r17_c12,Friday,750.0,12:30-13:00,2,2,757,53,True,0.002642007926023778,0.002642007926023778,780.0,13:00-13:30,0.7239101717305152,-30.0,30.0,False,True,30.0,0.07926023778071334,0.0006605019815059445,True,True,0.2760898282694848,100.33492822966507,27.70145310435931,0.13077939233817704,0.2760898282694848,100.33492822966507,0.13077939233817704,6
Nutrition | r17_c12 | Friday,Nutrition,r17_c12,Friday,690.0,11:30-12:00,1,1,757,53,True,0.001321003963011889,0.001321003963011889,780.0,13:00-13:30,0.7239101717305152,-90.0,90.0,False,True,90.0,0.11889035667107001,0.0009907529722589167,True,True,0.2760898282694848,100.33492822966507,27.70145310435931,0.13077939233817704,0.2760898282694848,100.33492822966507,0.13077939233817704,7
Nutrition | r17_c12 | Monday,Nutrition,r17_c12,Monday,810.0,13:30-14:00,95,39,693,52,True,0.1370851370851371,0.1370851370851371,780.0,13:00-13:30,0.797979797979798,30.0,30.0,False,True,30.0,4.112554112554113,0.03427128427128427,True,True,0.202020202020202,121.0714285714286,24.45887445887446,0.0992063492063492,0.202020202020202,121.0714285714286,0.0992063492063492,1
Nutrition | r17_c12 | Monday,Nutrition,r17_c12,Monday,480.0,08:00-08:30,25,25,693,52,True,0.03607503607503607,0.03607503607503607,780.0,13:00-13:30,0.797979797979798,-300.0,300.0,False,True,120.0,10.822510822510822,0.03607503607503607,True,True,0.202020202020202,121.0714285714286,24.45887445887446,0.0992063492063492,0.202020202020202,121.0714285714286,0.0992063492063492,2
Nutrition | r17_c12 | Monday,Nutrition,r17_c12,Monday,450.0,07:30-08:00,20,20,693,52,True,0.02886002886002886,0.02886002886002886,780.0,13:00-13:30,0.797979797979798,-330.0,330.0,False,True,120.0,9.523809523809524,0.02886002886002886,True,True,0.202020202020202,121.0714285714286,24.45887445887446,0.0992063492063492,0.202020202020202,121.0714285714286,0.0992063492063492,3
Nutrition | r17_c12 | Thursday,Nutrition,r17_c12,Thursday,810.0,13:30-14:00,168,52,822,52,True,0.20437956204379562,0.20437956204379562,780.0,13:00-13:30,0.7177615571776156,30.0,30.0,False,True,30.0,6.131386861313868,0.051094890510948905,True,True,0.2822384428223844,87.93103448275863,24.817518248175187,0.11678832116788321,0.2822384428223844,87.93103448275863,0.11678832116788321,1
Nutrition | r17_c12 | Thursday,Nutrition,r17_c12,Thursday,480.0,08:00-08:30,26,26,822,52,True,0.031630170316301706,0.031630170316301706,780.0,13:00-13:30,0.7177615571776156,-300.0,300.0,False,True,120.0,9.489051094890511,0.031630170316301706,True,True,0.2822384428223844,87.93103448275863,24.817518248175187,0.11678832116788321,0.2822384428223844,87.93103448275863,0.11678832116788321,2
Nutrition | r17_c12 | Thursday,Nutrition,r17_c12,Thursday,450.0,07:30-08:00,20,20,822,52,True,0.024330900243309004,0.024330900243309004,780.0,13:00-13:30,0.7177615571776156,-330.0,330.0,False,True,120.0,8.029197080291972,0.024330900243309004,True,True,0.2822384428223844,87.93103448275863,24.817518248175187,0.11678832116788321,0.2822384428223844,87.93103448275863,0.11678832116788321,3
Nutrition | r17_c12 | Thursday,Nutrition,r17_c12,Thursday,750.0,12:30-13:00,11,2,822,52,True,0.01338199513381995,0.01338199513381995,780.0,13:00-13:30,0.7177615571776156,-30.0,30.0,False,True,30.0,0.4014598540145985,0.0033454987834549877,True,True,0.2822384428223844,87.93103448275863,24.817518248175187,0.11678832116788321,0.2822384428223844,87.93103448275863,0.11678832116788321,4
Nutrition | r17_c12 | Thursday,Nutrition,r17_c12,Thursday,690.0,11:30-12:00,4,1,822,52,True,0.004866180048661801,0.004866180048661801,780.0,13:00-13:30,0.7177615571776156,-90.0,90.0,False,True,90.0,0.43795620437956206,0.0036496350364963507,True,True,0.2822384428223844,87.93103448275863,24.817518248175187,0.11678832116788321,0.2822384428223844,87.93103448275863,0.11678832116788321,5
Nutrition | r17_c12 | Thursday,Nutrition,r17_c12,Thursday,660.0,11:00-11:30,1,1,822,52,True,0.0012165450121654502,0.0012165450121654502,780.0,13:00-13:30,0.7177615571776156,-120.0,120.0,False,True,120.0,0.14598540145985403,0.0012165450121654502,True,True,0.2822384428223844,87.93103448275863,24.817518248175187,0.11678832116788321,0.2822384428223844,87.93103448275863,0.11678832116788321,6
Nutrition | r17_c12 | Thursday,Nutrition,r17_c12,Thursday,840.0,14:00-14:30,1,1,822,52,True,0.0012165450121654502,0.0012165450121654502,780.0,13:00-13:30,0.7177615571776156,60.0,60.0,False,True,60.0,0.07299270072992702,0.0006082725060827251,True,True,0.2822384428223844,87.93103448275863,24.817518248175187,0.11678832116788321,0.2822384428223844,87.93103448275863,0.11678832116788321,7
Nutrition | r17_c12 | Thursday,Nutrition,r17_c12,Thursday,870.0,14:30-15:00,1,1,822,52,True,0.0012165450121654502,0.0012165450121654502,780.0,13:00-13:30,0.7177615571776156,90.0,90.0,False,True,90.0,0.10948905109489052,0.0009124087591240877,True,True,0.2822384428223844,87.93103448275863,24.817518248175187,0.11678832116788321,0.2822384428223844,87.93103448275863,0.11678832116788321,8
Nutrition | r17_c12 | Tuesday,Nutrition,r17_c12,Tuesday,810.0,13:30-14:00,96,46,688,52,True,0.13953488372093023,0.13953488372093023,780.0,13:00-13:30,0.7921511627906976,30.0,30.0,False,True,30.0,4.186046511627907,0.03488372093023256,True,True,0.20784883720930236,119.99999999999999,24.94186046511628,0.10247093023255816,0.20784883720930236,119.99999999999999,0.10247093023255816,1
Nutrition | r17_c12 | Tuesday,Nutrition,r17_c12,Tuesday,480.0,08:00-08:30,25,25,688,52,True,0.036337209302325583,0.036337209302325583,780.0,13:00-13:30,0.7921511627906976,-300.0,300.0,False,True,120.0,10.901162790697676,0.036337209302325583,True,True,0.20784883720930236,119.99999999999999,24.94186046511628,0.10247093023255816,0.20784883720930236,119.99999999999999,0.10247093023255816,2
Nutrition | r17_c12 | Tuesday,Nutrition,r17_c12,Tuesday,450.0,07:30-08:00,20,20,688,52,True,0.029069767441860465,0.029069767441860465,780.0,13:00-13:30,0.7921511627906976,-330.0,330.0,False,True,120.0,9.593023255813954,0.029069767441860465,True,True,0.20784883720930236,119.99999999999999,24.94186046511628,0.10247093023255816,0.20784883720930236,119.99999999999999,0.10247093023255816,3
Nutrition | r17_c12 | Tuesday,Nutrition,r17_c12,Tuesday,870.0,14:30-15:00,2,1,688,52,True,0.0029069767441860465,0.0029069767441860465,780.0,13:00-13:30,0.7921511627906976,90.0,90.0,False,True,90.0,0.2616279069767442,0.002180232558139535,True,True,0.20784883720930236,119.99999999999999,24.94186046511628,0.10247093023255816,0.20784883720930236,119.99999999999999,0.10247093023255816,4
Nutrition | r17_c12 | Wednesday,Nutrition,r17_c12,Wednesday,810.0,13:30-14:00,104,40,732,52,True,0.14207650273224043,0.14207650273224043,780.0,13:00-13:30,0.7144808743169399,30.0,30.0,False,True,30.0,4.2622950819672125,0.03551912568306011,True,True,0.28551912568306015,167.2248803827751,47.74590163934426,0.17725409836065573,0.28551912568306015,167.2248803827751,0.17725409836065573,1
Nutrition | r17_c12 | Wednesday,Nutrition,r17_c12,Wednesday,480.0,08:00-08:30,68,43,732,52,True,0.09289617486338798,0.09289617486338798,780.0,13:00-13:30,0.7144808743169399,-300.0,300.0,False,True,120.0,27.868852459016395,0.09289617486338798,True,True,0.28551912568306015,167.2248803827751,47.74590163934426,0.17725409836065573,0.28551912568306015,167.2248803827751,0.17725409836065573,2
Nutrition | r17_c12 | Wednesday,Nutrition,r17_c12,Wednesday,450.0,07:30-08:00,34,20,732,52,True,0.04644808743169399,0.04644808743169399,780.0,13:00-13:30,0.7144808743169399,-330.0,330.0,False,True,120.0,15.327868852459018,0.04644808743169399,True,True,0.28551912568306015,167.2248803827751,47.74590163934426,0.17725409836065573,0.28551912568306015,167.2248803827751,0.17725409836065573,3
Nutrition | r17_c12 | Wednesday,Nutrition,r17_c12,Wednesday,720.0,12:00-12:30,1,1,732,52,True,0.001366120218579235,0.001366120218579235,780.0,13:00-13:30,0.7144808743169399,-60.0,60.0,False,True,60.0,0.08196721311475409,0.0006830601092896175,True,True,0.28551912568306015,167.2248803827751,47.74590163934426,0.17725409836065573,0.28551912568306015,167.2248803827751,0.17725409836065573,4
Nutrition | r17_c12 | Wednesday,Nutrition,r17_c12,Wednesday,840.0,14:00-14:30,1,1,732,52,True,0.001366120218579235,0.001366120218579235,780.0,13:00-13:30,0.7144808743169399,60.0,60.0,False,True,60.0,0.08196721311475409,0.0006830601092896175,True,True,0.28551912568306015,167.2248803827751,47.74590163934426,0.17725409836065573,0.28551912568306015,167.2248803827751,0.17725409836065573,5
Nutrition | r17_c12 | Wednesday,Nutrition,r17_c12,Wednesday,870.0,14:30-15:00,1,1,732,52,True,0.001366120218579235,0.001366120218579235,780.0,13:00-13:30,0.7144808743169399,90.0,90.0,False,True,90.0,0.12295081967213115,0.0010245901639344263,True,True,0.28551912568306015,167.2248803827751,47.74590163934426,0.17725409836065573,0.28551912568306015,167.2248803827751,0.17725409836065573,6
Nutrition | r17_c15 | Thursday,Nutrition,r17_c15,Thursday,750.0,12:30-13:00,6,1,215,52,True,0.027906976744186046,0.027906976744186046,810.0,13:30-14:00,0.9534883720930233,-60.0,60.0,False,True,60.0,1.6744186046511627,0.013953488372093021,True,True,0.046511627906976716,132.00000000000009,6.1395348837209305,0.03255813953488372,0.046511627906976716,132.00000000000009,0.03255813953488372,1
Nutrition | r17_c15 | Thursday,Nutrition,r17_c15,Thursday,570.0,09:30-10:00,4,4,215,52,True,0.018604651162790697,0.018604651162790697,810.0,13:30-14:00,0.9534883720930233,-240.0,240.0,False,True,120.0,4.465116279069767,0.018604651162790697,True,True,0.046511627906976716,132.00000000000009,6.1395348837209305,0.03255813953488372,0.046511627906976716,132.00000000000009,0.03255813953488372,2
Nutrition | r17_c15 | Tuesday,Nutrition,r17_c15,Tuesday,570.0,09:30-10:00,3,3,195,52,True,0.015384615384615385,0.015384615384615385,810.0,13:30-14:00,0.9794871794871794,-240.0,240.0,False,True,120.0,3.6923076923076925,0.015384615384615385,True,True,0.02051282051282055,194.99999999999963,4.0,0.01794871794871795,0.02051282051282055,194.99999999999963,0.01794871794871795,1
Nutrition | r17_c15 | Tuesday,Nutrition,r17_c15,Tuesday,870.0,14:30-15:00,1,1,195,52,True,0.005128205128205128,0.005128205128205128,810.0,13:30-14:00,0.9794871794871794,60.0,60.0,False,True,60.0,0.3076923076923077,0.002564102564102564,True,True,0.02051282051282055,194.99999999999963,4.0,0.01794871794871795,0.02051282051282055,194.99999999999963,0.01794871794871795,2
Nutrition | r17_c7 | Friday,Nutrition,r17_c7,Friday,450.0,07:30-08:00,25,25,67,53,True,0.373134328358209,0.373134328358209,480.0,08:00-08:30,0.5223880597014925,-30.0,30.0,False,True,30.0,11.194029850746269,0.09328358208955224,True,True,0.4776119402985075,35.625,17.01492537313433,0.14179104477611942,0.4776119402985075,35.625,0.14179104477611942,1
Nutrition | r17_c7 | Friday,Nutrition,r17_c7,Friday,420.0,07:00-07:30,6,2,67,53,True,0.08955223880597014,0.08955223880597014,480.0,08:00-08:30,0.5223880597014925,-60.0,60.0,False,True,60.0,5.3731343283582085,0.04477611940298507,True,True,0.4776119402985075,35.625,17.01492537313433,0.14179104477611942,0.4776119402985075,35.625,0.14179104477611942,2
Nutrition | r17_c7 | Friday,Nutrition,r17_c7,Friday,510.0,08:30-09:00,1,1,67,53,True,0.014925373134328358,0.014925373134328358,480.0,08:00-08:30,0.5223880597014925,30.0,30.0,False,True,30.0,0.44776119402985076,0.0037313432835820895,True,True,0.4776119402985075,35.625,17.01492537313433,0.14179104477611942,0.4776119402985075,35.625,0.14179104477611942,3
Nutrition | r17_c7 | Monday,Nutrition,r17_c7,Monday,450.0,07:30-08:00,24,24,66,52,True,0.36363636363636365,0.36363636363636365,480.0,08:00-08:30,0.5303030303030303,-30.0,30.0,False,True,30.0,10.90909090909091,0.09090909090909091,True,True,0.4696969696969697,36.774193548387096,17.272727272727273,0.14393939393939395,0.4696969696969697,36.774193548387096,0.14393939393939395,1
Nutrition | r17_c7 | Monday,Nutrition,r17_c7,Monday,420.0,07:00-07:30,7,3,66,52,True,0.10606060606060606,0.10606060606060606,480.0,08:00-08:30,0.5303030303030303,-60.0,60.0,False,True,60.0,6.363636363636364,0.05303030303030303,True,True,0.4696969696969697,36.774193548387096,17.272727272727273,0.14393939393939395,0.4696969696969697,36.774193548387096,0.14393939393939395,2
Nutrition | r17_c7 | Thursday,Nutrition,r17_c7,Thursday,450.0,07:30-08:00,26,25,66,52,True,0.3939393939393939,0.3939393939393939,480.0,08:00-08:30,0.5151515151515151,-30.0,30.0,False,True,30.0,11.818181818181818,0.09848484848484848,True,True,0.48484848484848486,35.625,17.272727272727273,0.14393939393939392,0.48484848484848486,35.625,0.14393939393939392,1
Nutrition | r17_c7 | Thursday,Nutrition,r17_c7,Thursday,420.0,07:00-07:30,6,2,66,52,True,0.09090909090909091,0.09090909090909091,480.0,08:00-08:30,0.5151515151515151,-60.0,60.0,False,True,60.0,5.454545454545455,0.045454545454545456,True,True,0.48484848484848486,35.625,17.272727272727273,0.14393939393939392,0.48484848484848486,35.625,0.14393939393939392,2
Nutrition | r17_c7 | Tuesday,Nutrition,r17_c7,Tuesday,450.0,07:30-08:00,24,24,66,52,True,0.36363636363636365,0.36363636363636365,480.0,08:00-08:30,0.5303030303030303,-30.0,30.0,False,True,30.0,10.90909090909091,0.09090909090909091,True,True,0.4696969696969697,36.774193548387096,17.272727272727273,0.14393939393939395,0.4696969696969697,36.774193548387096,0.14393939393939395,1
Nutrition | r17_c7 | Tuesday,Nutrition,r17_c7,Tuesday,420.0,07:00-07:30,7,3,66,52,True,0.10606060606060606,0.10606060606060606,480.0,08:00-08:30,0.5303030303030303,-60.0,60.0,False,True,60.0,6.363636363636364,0.05303030303030303,True,True,0.4696969696969697,36.774193548387096,17.272727272727273,0.14393939393939395,0.4696969696969697,36.774193548387096,0.14393939393939395,2
Nutrition | r17_c7 | Wednesday,Nutrition,r17_c7,Wednesday,450.0,07:30-08:00,26,26,66,52,True,0.3939393939393939,0.3939393939393939,480.0,08:00-08:30,0.5151515151515151,-30.0,30.0,False,True,30.0,11.818181818181818,0.09848484848484848,True,True,0.48484848484848486,35.625,17.272727272727273,0.14393939393939392,0.48484848484848486,35.625,0.14393939393939392,1
Nutrition | r17_c7 | Wednesday,Nutrition,r17_c7,Wednesday,420.0,07:00-07:30,6,2,66,52,True,0.09090909090909091,0.09090909090909091,480.0,08:00-08:30,0.5151515151515151,-60.0,60.0,False,True,60.0,5.454545454545455,0.045454545454545456,True,True,0.48484848484848486,35.625,17.272727272727273,0.14393939393939392,0.48484848484848486,35.625,0.14393939393939392,2
Nutrition | r17_c8 | Friday,Nutrition,r17_c8,Friday,450.0,07:30-08:00,50,25,135,53,True,0.37037037037037035,0.37037037037037035,480.0,08:00-08:30,0.5259259259259259,-30.0,30.0,False,True,30.0,11.11111111111111,0.09259259259259259,True,True,0.4740740740740741,35.62499999999999,16.888888888888886,0.14074074074074075,0.4740740740740741,35.62499999999999,0.14074074074074075,1
Nutrition | r17_c8 | Friday,Nutrition,r17_c8,Friday,420.0,07:00-07:30,12,2,135,53,True,0.08888888888888889,0.08888888888888889,480.0,08:00-08:30,0.5259259259259259,-60.0,60.0,False,True,60.0,5.333333333333334,0.044444444444444446,True,True,0.4740740740740741,35.62499999999999,16.888888888888886,0.14074074074074075,0.4740740740740741,35.62499999999999,0.14074074074074075,2
Nutrition | r17_c8 | Friday,Nutrition,r17_c8,Friday,510.0,08:30-09:00,2,1,135,53,True,0.014814814814814815,0.014814814814814815,480.0,08:00-08:30,0.5259259259259259,30.0,30.0,False,True,30.0,0.4444444444444445,0.003703703703703704,True,True,0.4740740740740741,35.62499999999999,16.888888888888886,0.14074074074074075,0.4740740740740741,35.62499999999999,0.14074074074074075,3
Nutrition | r17_c8 | Monday,Nutrition,r17_c8,Monday,450.0,07:30-08:00,24,24,77,52,True,0.3116883116883117,0.3116883116883117,480.0,08:00-08:30,0.5974025974025974,-30.0,30.0,False,True,30.0,9.35064935064935,0.07792207792207792,True,True,0.4025974025974026,36.774193548387096,14.805194805194805,0.12337662337662338,0.4025974025974026,36.774193548387096,0.12337662337662338,1
Nutrition | r17_c8 | Monday,Nutrition,r17_c8,Monday,420.0,07:00-07:30,7,3,77,52,True,0.09090909090909091,0.09090909090909091,480.0,08:00-08:30,0.5974025974025974,-60.0,60.0,False,True,60.0,5.454545454545455,0.045454545454545456,True,True,0.4025974025974026,36.774193548387096,14.805194805194805,0.12337662337662338,0.4025974025974026,36.774193548387096,0.12337662337662338,2
Nutrition | r17_c8 | Thursday,Nutrition,r17_c8,Thursday,450.0,07:30-08:00,50,25,130,52,True,0.38461538461538464,0.38461538461538464,480.0,08:00-08:30,0.5230769230769231,-30.0,30.0,False,True,30.0,11.538461538461538,0.09615384615384616,True,True,0.4769230769230769,35.806451612903224,17.076923076923077,0.1423076923076923,0.4769230769230769,35.806451612903224,0.1423076923076923,1
Nutrition | r17_c8 | Thursday,Nutrition,r17_c8,Thursday,420.0,07:00-07:30,12,2,130,52,True,0.09230769230769231,0.09230769230769231,480.0,08:00-08:30,0.5230769230769231,-60.0,60.0,False,True,60.0,5.538461538461538,0.04615384615384615,True,True,0.4769230769230769,35.806451612903224,17.076923076923077,0.1423076923076923,0.4769230769230769,35.806451612903224,0.1423076923076923,2
Nutrition | r17_c8 | Tuesday,Nutrition,r17_c8,Tuesday,450.0,07:30-08:00,48,24,133,52,True,0.3609022556390977,0.3609022556390977,480.0,08:00-08:30,0.5338345864661654,-30.0,30.0,False,True,30.0,10.827067669172932,0.09022556390977443,True,True,0.46616541353383456,36.774193548387096,17.142857142857142,0.14285714285714285,0.46616541353383456,36.774193548387096,0.14285714285714285,1
Nutrition | r17_c8 | Tuesday,Nutrition,r17_c8,Tuesday,420.0,07:00-07:30,14,3,133,52,True,0.10526315789473684,0.10526315789473684,480.0,08:00-08:30,0.5338345864661654,-60.0,60.0,False,True,60.0,6.315789473684211,0.052631578947368425,True,True,0.46616541353383456,36.774193548387096,17.142857142857142,0.14285714285714285,0.46616541353383456,36.774193548387096,0.14285714285714285,2
Nutrition | r17_c8 | Wednesday,Nutrition,r17_c8,Wednesday,450.0,07:30-08:00,52,26,131,52,True,0.3969465648854962,0.3969465648854962,480.0,08:00-08:30,0.5114503816793893,-30.0,30.0,False,True,30.0,11.908396946564885,0.09923664122137404,True,True,0.4885496183206107,35.625,17.404580152671755,0.1450381679389313,0.4885496183206107,35.625,0.1450381679389313,1
Nutrition | r17_c8 | Wednesday,Nutrition,r17_c8,Wednesday,420.0,07:00-07:30,12,2,131,52,True,0.0916030534351145,0.0916030534351145,480.0,08:00-08:30,0.5114503816793893,-60.0,60.0,False,True,60.0,5.4961832061068705,0.04580152671755725,True,True,0.4885496183206107,35.625,17.404580152671755,0.1450381679389313,0.4885496183206107,35.625,0.1450381679389313,2
Nutrition | r18_c11 | Friday,Nutrition,r18_c11,Friday,480.0,08:00-08:30,39,39,105,53,True,0.37142857142857144,0.37142857142857144,420.0,07:00-07:30,0.6190476190476191,60.0,60.0,False,True,60.0,22.285714285714285,0.1857142857142857,True,True,0.38095238095238093,60.75,23.142857142857142,0.19285714285714284,0.38095238095238093,60.75,0.19285714285714284,1
Nutrition | r18_c11 | Friday,Nutrition,r18_c11,Friday,510.0,08:30-09:00,1,1,105,53,True,0.009523809523809525,0.009523809523809525,420.0,07:00-07:30,0.6190476190476191,90.0,90.0,False,True,90.0,0.8571428571428572,0.0071428571428571435,True,True,0.38095238095238093,60.75,23.142857142857142,0.19285714285714284,0.38095238095238093,60.75,0.19285714285714284,2
Nutrition | r18_c11 | Monday,Nutrition,r18_c11,Monday,480.0,08:00-08:30,39,39,103,52,True,0.3786407766990291,0.3786407766990291,420.0,07:00-07:30,0.6213592233009708,60.0,60.0,False,True,60.0,22.718446601941746,0.18932038834951456,True,True,0.3786407766990292,59.999999999999986,22.718446601941746,0.18932038834951456,0.3786407766990292,59.999999999999986,0.18932038834951456,1
Nutrition | r18_c11 | Thursday,Nutrition,r18_c11,Thursday,480.0,08:00-08:30,41,39,105,52,True,0.3904761904761905,0.3904761904761905,420.0,07:00-07:30,0.6095238095238096,60.0,60.0,False,True,60.0,23.428571428571427,0.19523809523809524,True,True,0.3904761904761904,60.00000000000001,23.428571428571427,0.19523809523809524,0.3904761904761904,60.00000000000001,0.19523809523809524,1
Nutrition | r18_c11 | Tuesday,Nutrition,r18_c11,Tuesday,480.0,08:00-08:30,51,39,132,52,True,0.38636363636363635,0.38636363636363635,420.0,07:00-07:30,0.5075757575757576,60.0,60.0,False,True,60.0,23.18181818181818,0.19318181818181818,True,True,0.49242424242424243,55.38461538461538,27.27272727272727,0.22727272727272727,0.49242424242424243,55.38461538461538,0.22727272727272727,1
Nutrition | r18_c11 | Tuesday,Nutrition,r18_c11,Tuesday,450.0,07:30-08:00,12,12,132,52,True,0.09090909090909091,0.09090909090909091,420.0,07:00-07:30,0.5075757575757576,30.0,30.0,False,True,30.0,2.7272727272727275,0.022727272727272728,True,True,0.49242424242424243,55.38461538461538,27.27272727272727,0.22727272727272727,0.49242424242424243,55.38461538461538,0.22727272727272727,2
Nutrition | r18_c11 | Tuesday,Nutrition,r18_c11,Tuesday,510.0,08:30-09:00,2,1,132,52,True,0.015151515151515152,0.015151515151515152,420.0,07:00-07:30,0.5075757575757576,90.0,90.0,False,True,90.0,1.3636363636363638,0.011363636363636364,True,True,0.49242424242424243,55.38461538461538,27.27272727272727,0.22727272727272727,0.49242424242424243,55.38461538461538,0.22727272727272727,3
Nutrition | r18_c11 | Wednesday,Nutrition,r18_c11,Wednesday,420.0,07:00-07:30,13,13,77,49,True,0.16883116883116883,0.16883116883116883,480.0,08:00-08:30,0.6623376623376623,-60.0,60.0,False,True,60.0,10.12987012987013,0.08441558441558442,True,True,0.33766233766233766,45.0,15.194805194805195,0.12662337662337664,0.33766233766233766,45.0,0.12662337662337664,1
Nutrition | r18_c11 | Wednesday,Nutrition,r18_c11,Wednesday,450.0,07:30-08:00,13,12,77,49,True,0.16883116883116883,0.16883116883116883,480.0,08:00-08:30,0.6623376623376623,-30.0,30.0,False,True,30.0,5.064935064935065,0.04220779220779221,True,True,0.33766233766233766,45.0,15.194805194805195,0.12662337662337664,0.33766233766233766,45.0,0.12662337662337664,2
Nutrition | r18_c12 | Friday,Nutrition,r18_c12,Friday,480.0,08:00-08:30,25,24,85,53,True,0.29411764705882354,0.29411764705882354,510.0,08:30-09:00,0.6470588235294118,-30.0,30.0,False,True,30.0,8.823529411764707,0.07352941176470588,True,True,0.3529411764705882,35.00000000000001,12.352941176470589,0.10294117647058823,0.3529411764705882,35.00000000000001,0.10294117647058823,1
Nutrition | r18_c12 | Friday,Nutrition,r18_c12,Friday,450.0,07:30-08:00,5,5,85,53,True,0.058823529411764705,0.058823529411764705,510.0,08:30-09:00,0.6470588235294118,-60.0,60.0,False,True,60.0,3.5294117647058822,0.029411764705882353,True,True,0.3529411764705882,35.00000000000001,12.352941176470589,0.10294117647058823,0.3529411764705882,35.00000000000001,0.10294117647058823,2
Nutrition | r18_c12 | Monday,Nutrition,r18_c12,Monday,480.0,08:00-08:30,28,28,102,52,True,0.27450980392156865,0.27450980392156865,510.0,08:30-09:00,0.7254901960784313,-30.0,30.0,False,True,30.0,8.23529411764706,0.06862745098039216,True,True,0.27450980392156865,30.0,8.23529411764706,0.06862745098039216,0.27450980392156865,30.0,0.06862745098039216,1
Nutrition | r18_c12 | Thursday,Nutrition,r18_c12,Thursday,480.0,08:00-08:30,55,32,163,52,True,0.3374233128834356,0.3374233128834356,510.0,08:30-09:00,0.6319018404907976,-30.0,30.0,False,True,30.0,10.122699386503067,0.0843558282208589,True,True,0.36809815950920244,32.5,11.963190184049079,0.09969325153374232,0.36809815950920244,32.5,0.09969325153374232,1
Nutrition | r18_c12 | Thursday,Nutrition,r18_c12,Thursday,450.0,07:30-08:00,5,5,163,52,True,0.03067484662576687,0.03067484662576687,510.0,08:30-09:00,0.6319018404907976,-60.0,60.0,False,True,60.0,1.8404907975460123,0.015337423312883436,True,True,0.36809815950920244,32.5,11.963190184049079,0.09969325153374232,0.36809815950920244,32.5,0.09969325153374232,2
Nutrition | r18_c12 | Tuesday,Nutrition,r18_c12,Tuesday,480.0,08:00-08:30,32,32,107,52,True,0.29906542056074764,0.29906542056074764,510.0,08:30-09:00,0.6915887850467289,-30.0,30.0,False,True,30.0,8.97196261682243,0.07476635514018691,True,True,0.30841121495327106,29.999999999999996,9.25233644859813,0.07710280373831775,0.30841121495327106,29.999999999999996,0.07710280373831775,1
Nutrition | r18_c12 | Tuesday,Nutrition,r18_c12,Tuesday,540.0,09:00-09:30,1,1,107,52,True,0.009345794392523364,0.009345794392523364,510.0,08:30-09:00,0.6915887850467289,30.0,30.0,False,True,30.0,0.2803738317757009,0.002336448598130841,True,True,0.30841121495327106,29.999999999999996,9.25233644859813,0.07710280373831775,0.30841121495327106,29.999999999999996,0.07710280373831775,2
Nutrition | r18_c12 | Wednesday,Nutrition,r18_c12,Wednesday,480.0,08:00-08:30,29,29,103,52,True,0.2815533980582524,0.2815533980582524,510.0,08:30-09:00,0.7184466019417476,-30.0,30.0,False,True,30.0,8.446601941747572,0.0703883495145631,True,True,0.2815533980582524,29.999999999999996,8.446601941747572,0.0703883495145631,0.2815533980582524,29.999999999999996,0.0703883495145631,1
Nutrition | r18_c13 | Friday,Nutrition,r18_c13,Friday,480.0,08:00-08:30,52,26,114,53,True,0.45614035087719296,0.45614035087719296,450.0,07:30-08:00,0.543859649122807,30.0,30.0,False,True,30.0,13.68421052631579,0.11403508771929824,True,True,0.45614035087719296,30.0,13.68421052631579,0.11403508771929824,0.45614035087719296,30.0,0.11403508771929824,1
Nutrition | r18_c13 | Monday,Nutrition,r18_c13,Monday,450.0,07:30-08:00,41,29,91,52,True,0.45054945054945056,0.45054945054945056,480.0,08:00-08:30,0.5494505494505495,-30.0,30.0,False,True,30.0,13.516483516483516,0.11263736263736264,True,True,0.4505494505494505,30.000000000000004,13.516483516483516,0.11263736263736264,0.4505494505494505,30.000000000000004,0.11263736263736264,1
Nutrition | r18_c13 | Thursday,Nutrition,r18_c13,Thursday,480.0,08:00-08:30,26,25,57,52,True,0.45614035087719296,0.45614035087719296,450.0,07:30-08:00,0.5087719298245614,30.0,30.0,False,True,30.0,13.68421052631579,0.11403508771929824,True,True,0.49122807017543857,32.142857142857146,15.789473684210526,0.13157894736842105,0.49122807017543857,32.142857142857146,0.13157894736842105,1
Nutrition | r18_c13 | Thursday,Nutrition,r18_c13,Thursday,510.0,08:30-09:00,2,1,57,52,True,0.03508771929824561,0.03508771929824561,450.0,07:30-08:00,0.5087719298245614,60.0,60.0,False,True,60.0,2.1052631578947367,0.017543859649122806,True,True,0.49122807017543857,32.142857142857146,15.789473684210526,0.13157894736842105,0.49122807017543857,32.142857142857146,0.13157894736842105,2
Nutrition | r18_c13 | Tuesday,Nutrition,r18_c13,Tuesday,480.0,08:00-08:30,50,25,114,52,True,0.43859649122807015,0.43859649122807015,450.0,07:30-08:00,0.543859649122807,30.0,30.0,False,True,30.0,13.157894736842104,0.10964912280701754,True,True,0.45614035087719296,31.153846153846153,14.210526315789473,0.11842105263157894,0.45614035087719296,31.153846153846153,0.11842105263157894,1
Nutrition | r18_c13 | Tuesday,Nutrition,r18_c13,Tuesday,510.0,08:30-09:00,2,1,114,52,True,0.017543859649122806,0.017543859649122806,450.0,07:30-08:00,0.543859649122807,60.0,60.0,False,True,60.0,1.0526315789473684,0.008771929824561403,True,True,0.45614035087719296,31.153846153846153,14.210526315789473,0.11842105263157894,0.45614035087719296,31.153846153846153,0.11842105263157894,2
Nutrition | r18_c13 | Wednesday,Nutrition,r18_c13,Wednesday,480.0,08:00-08:30,50,25,114,52,True,0.43859649122807015,0.43859649122807015,450.0,07:30-08:00,0.543859649122807,30.0,30.0,False,True,30.0,13.157894736842104,0.10964912280701754,True,True,0.45614035087719296,31.153846153846153,14.210526315789473,0.11842105263157894,0.45614035087719296,31.153846153846153,0.11842105263157894,1
Nutrition | r18_c13 | Wednesday,Nutrition,r18_c13,Wednesday,510.0,08:30-09:00,2,1,114,52,True,0.017543859649122806,0.017543859649122806,450.0,07:30-08:00,0.543859649122807,60.0,60.0,False,True,60.0,1.0526315789473684,0.008771929824561403,True,True,0.45614035087719296,31.153846153846153,14.210526315789473,0.11842105263157894,0.45614035087719296,31.153846153846153,0.11842105263157894,2
Nutrition | r18_c24 | Wednesday,Nutrition,r18_c24,Wednesday,390.0,06:30-07:00,2,1,66,52,True,0.030303030303030304,0.030303030303030304,480.0,08:00-08:30,0.9545454545454546,-90.0,90.0,False,True,90.0,2.7272727272727275,0.022727272727272728,True,True,0.045454545454545414,80.00000000000009,3.6363636363636367,0.030303030303030304,0.045454545454545414,80.00000000000009,0.030303030303030304,1
Nutrition | r18_c24 | Wednesday,Nutrition,r18_c24,Wednesday,420.0,07:00-07:30,1,1,66,52,True,0.015151515151515152,0.015151515151515152,480.0,08:00-08:30,0.9545454545454546,-60.0,60.0,False,True,60.0,0.9090909090909092,0.007575757575757577,True,True,0.045454545454545414,80.00000000000009,3.6363636363636367,0.030303030303030304,0.045454545454545414,80.00000000000009,0.030303030303030304,2
Nutrition | r18_c8 | Friday,Nutrition,r18_c8,Friday,450.0,07:30-08:00,17,11,68,52,True,0.25,0.25,510.0,08:30-09:00,0.5,-60.0,60.0,False,True,60.0,15.0,0.125,True,True,0.5,45.0,22.5,0.1875,0.5,45.0,0.1875,1
Nutrition | r18_c8 | Friday,Nutrition,r18_c8,Friday,480.0,08:00-08:30,17,16,68,52,True,0.25,0.25,510.0,08:30-09:00,0.5,-30.0,30.0,False,True,30.0,7.5,0.0625,True,True,0.5,45.0,22.5,0.1875,0.5,45.0,0.1875,2
Nutrition | r18_c8 | Monday,Nutrition,r18_c8,Monday,450.0,07:30-08:00,17,11,52,38,True,0.3269230769230769,0.3269230769230769,510.0,08:30-09:00,0.6346153846153846,-60.0,60.0,False,True,60.0,19.615384615384617,0.16346153846153846,True,True,0.3653846153846154,56.84210526315789,20.76923076923077,0.17307692307692307,0.3653846153846154,56.84210526315789,0.17307692307692307,1
Nutrition | r18_c8 | Monday,Nutrition,r18_c8,Monday,480.0,08:00-08:30,2,2,52,38,True,0.038461538461538464,0.038461538461538464,510.0,08:30-09:00,0.6346153846153846,-30.0,30.0,False,True,30.0,1.153846153846154,0.009615384615384616,True,True,0.3653846153846154,56.84210526315789,20.76923076923077,0.17307692307692307,0.3653846153846154,56.84210526315789,0.17307692307692307,2
Nutrition | r18_c8 | Thursday,Nutrition,r18_c8,Thursday,450.0,07:30-08:00,17,11,67,52,True,0.2537313432835821,0.2537313432835821,510.0,08:30-09:00,0.4925373134328358,-60.0,60.0,False,True,60.0,15.223880597014926,0.12686567164179105,True,True,0.5074626865671642,45.0,22.83582089552239,0.19029850746268656,0.5074626865671642,45.0,0.19029850746268656,1
Nutrition | r18_c8 | Thursday,Nutrition,r18_c8,Thursday,480.0,08:00-08:30,17,17,67,52,True,0.2537313432835821,0.2537313432835821,510.0,08:30-09:00,0.4925373134328358,-30.0,30.0,False,True,30.0,7.611940298507463,0.06343283582089553,True,True,0.5074626865671642,45.0,22.83582089552239,0.19029850746268656,0.5074626865671642,45.0,0.19029850746268656,2
Nutrition | r18_c8 | Tuesday,Nutrition,r18_c8,Tuesday,450.0,07:30-08:00,17,11,50,38,True,0.34,0.34,510.0,08:30-09:00,0.66,-60.0,60.0,False,True,60.0,20.400000000000002,0.17,True,True,0.33999999999999997,60.000000000000014,20.400000000000002,0.17,0.33999999999999997,60.000000000000014,0.17,1
Nutrition | r18_c8 | Wednesday,Nutrition,r18_c8,Wednesday,450.0,07:30-08:00,18,12,67,52,True,0.26865671641791045,0.26865671641791045,510.0,08:30-09:00,0.4925373134328358,-60.0,60.0,False,True,60.0,16.119402985074625,0.13432835820895522,True,True,0.5074626865671642,45.882352941176464,23.283582089552237,0.19402985074626866,0.5074626865671642,45.882352941176464,0.19402985074626866,1
Nutrition | r18_c8 | Wednesday,Nutrition,r18_c8,Wednesday,480.0,08:00-08:30,16,16,67,52,True,0.23880597014925373,0.23880597014925373,510.0,08:30-09:00,0.4925373134328358,-30.0,30.0,False,True,30.0,7.164179104477612,0.05970149253731343,True,True,0.5074626865671642,45.882352941176464,23.283582089552237,0.19402985074626866,0.5074626865671642,45.882352941176464,0.19402985074626866,2
Nutrition | r19_c10 | Friday,Nutrition,r19_c10,Friday,510.0,08:30-09:00,18,18,79,52,True,0.22784810126582278,0.22784810126582278,480.0,08:00-08:30,0.46835443037974683,30.0,30.0,False,True,30.0,6.8354430379746836,0.056962025316455694,True,True,0.5316455696202531,38.571428571428584,20.506329113924053,0.17088607594936708,0.5316455696202531,38.571428571428584,0.17088607594936708,1
Nutrition | r19_c10 | Friday,Nutrition,r19_c10,Friday,450.0,07:30-08:00,12,3,79,52,True,0.1518987341772152,0.1518987341772152,480.0,08:00-08:30,0.46835443037974683,-30.0,30.0,False,True,30.0,4.556962025316456,0.0379746835443038,True,True,0.5316455696202531,38.571428571428584,20.506329113924053,0.17088607594936708,0.5316455696202531,38.571428571428584,0.17088607594936708,2
Nutrition | r19_c10 | Friday,Nutrition,r19_c10,Friday,540.0,09:00-09:30,11,9,79,52,True,0.13924050632911392,0.13924050632911392,480.0,08:00-08:30,0.46835443037974683,60.0,60.0,False,True,60.0,8.354430379746836,0.06962025316455696,True,True,0.5316455696202531,38.571428571428584,20.506329113924053,0.17088607594936708,0.5316455696202531,38.571428571428584,0.17088607594936708,3
Nutrition | r19_c10 | Friday,Nutrition,r19_c10,Friday,420.0,07:00-07:30,1,1,79,52,True,0.012658227848101266,0.012658227848101266,480.0,08:00-08:30,0.46835443037974683,-60.0,60.0,False,True,60.0,0.7594936708860759,0.006329113924050633,True,True,0.5316455696202531,38.571428571428584,20.506329113924053,0.17088607594936708,0.5316455696202531,38.571428571428584,0.17088607594936708,4
Nutrition | r19_c10 | Monday,Nutrition,r19_c10,Monday,510.0,08:30-09:00,18,18,66,51,True,0.2727272727272727,0.2727272727272727,480.0,08:00-08:30,0.5454545454545454,30.0,30.0,False,True,30.0,8.181818181818182,0.06818181818181818,True,True,0.4545454545454546,39.99999999999999,18.18181818181818,0.15151515151515152,0.4545454545454546,39.99999999999999,0.15151515151515152,1
Nutrition | r19_c10 | Monday,Nutrition,r19_c10,Monday,540.0,09:00-09:30,10,8,66,51,True,0.15151515151515152,0.15151515151515152,480.0,08:00-08:30,0.5454545454545454,60.0,60.0,False,True,60.0,9.090909090909092,0.07575757575757576,True,True,0.4545454545454546,39.99999999999999,18.18181818181818,0.15151515151515152,0.4545454545454546,39.99999999999999,0.15151515151515152,2
Nutrition | r19_c10 | Monday,Nutrition,r19_c10,Monday,450.0,07:30-08:00,2,1,66,51,True,0.030303030303030304,0.030303030303030304,480.0,08:00-08:30,0.5454545454545454,-30.0,30.0,False,True,30.0,0.9090909090909092,0.007575757575757577,True,True,0.4545454545454546,39.99999999999999,18.18181818181818,0.15151515151515152,0.4545454545454546,39.99999999999999,0.15151515151515152,3
Nutrition | r19_c10 | Thursday,Nutrition,r19_c10,Thursday,480.0,08:00-08:30,68,30,188,52,True,0.3617021276595745,0.3617021276595745,510.0,08:30-09:00,0.40425531914893614,-30.0,30.0,False,True,30.0,10.851063829787234,0.09042553191489362,True,True,0.5957446808510638,38.839285714285715,23.138297872340427,0.19281914893617022,0.5957446808510638,38.839285714285715,0.19281914893617022,1
Nutrition | r19_c10 | Thursday,Nutrition,r19_c10,Thursday,450.0,07:30-08:00,33,29,188,52,True,0.17553191489361702,0.17553191489361702,510.0,08:30-09:00,0.40425531914893614,-60.0,60.0,False,True,60.0,10.53191489361702,0.08776595744680851,True,True,0.5957446808510638,38.839285714285715,23.138297872340427,0.19281914893617022,0.5957446808510638,38.839285714285715,0.19281914893617022,2
Nutrition | r19_c10 | Thursday,Nutrition,r19_c10,Thursday,540.0,09:00-09:30,11,9,188,52,True,0.05851063829787234,0.05851063829787234,510.0,08:30-09:00,0.40425531914893614,30.0,30.0,False,True,30.0,1.7553191489361701,0.014627659574468084,True,True,0.5957446808510638,38.839285714285715,23.138297872340427,0.19281914893617022,0.5957446808510638,38.839285714285715,0.19281914893617022,3
Nutrition | r19_c10 | Tuesday,Nutrition,r19_c10,Tuesday,480.0,08:00-08:30,60,29,184,52,True,0.32608695652173914,0.32608695652173914,510.0,08:30-09:00,0.44565217391304346,-30.0,30.0,False,True,30.0,9.782608695652174,0.08152173913043478,True,True,0.5543478260869565,41.470588235294116,22.98913043478261,0.18342391304347827,0.5543478260869565,41.470588235294116,0.18342391304347827,1
Nutrition | r19_c10 | Tuesday,Nutrition,r19_c10,Tuesday,450.0,07:30-08:00,30,29,184,52,True,0.16304347826086957,0.16304347826086957,510.0,08:30-09:00,0.44565217391304346,-60.0,60.0,False,True,60.0,9.782608695652174,0.08152173913043478,True,True,0.5543478260869565,41.470588235294116,22.98913043478261,0.18342391304347827,0.5543478260869565,41.470588235294116,0.18342391304347827,2
Nutrition | r19_c10 | Tuesday,Nutrition,r19_c10,Tuesday,540.0,09:00-09:30,11,9,184,52,True,0.059782608695652176,0.059782608695652176,510.0,08:30-09:00,0.44565217391304346,30.0,30.0,False,True,30.0,1.7934782608695652,0.014945652173913044,True,True,0.5543478260869565,41.470588235294116,22.98913043478261,0.18342391304347827,0.5543478260869565,41.470588235294116,0.18342391304347827,3
Nutrition | r19_c10 | Tuesday,Nutrition,r19_c10,Tuesday,810.0,13:30-14:00,1,1,184,52,True,0.005434782608695652,0.005434782608695652,510.0,08:30-09:00,0.44565217391304346,300.0,300.0,False,True,120.0,1.6304347826086956,0.005434782608695652,True,True,0.5543478260869565,41.470588235294116,22.98913043478261,0.18342391304347827,0.5543478260869565,41.470588235294116,0.18342391304347827,4
Nutrition | r19_c10 | Wednesday,Nutrition,r19_c10,Wednesday,510.0,08:30-09:00,47,25,124,52,True,0.3790322580645161,0.3790322580645161,480.0,08:00-08:30,0.49193548387096775,30.0,30.0,False,True,30.0,11.370967741935484,0.09475806451612903,True,True,0.5080645161290323,35.238095238095234,17.903225806451612,0.14919354838709678,0.5080645161290323,35.238095238095234,0.14919354838709678,1
Nutrition | r19_c10 | Wednesday,Nutrition,r19_c10,Wednesday,540.0,09:00-09:30,11,9,124,52,True,0.08870967741935484,0.08870967741935484,480.0,08:00-08:30,0.49193548387096775,60.0,60.0,False,True,60.0,5.322580645161291,0.04435483870967742,True,True,0.5080645161290323,35.238095238095234,17.903225806451612,0.14919354838709678,0.5080645161290323,35.238095238095234,0.14919354838709678,2
Nutrition | r19_c10 | Wednesday,Nutrition,r19_c10,Wednesday,450.0,07:30-08:00,5,1,124,52,True,0.04032258064516129,0.04032258064516129,480.0,08:00-08:30,0.49193548387096775,-30.0,30.0,False,True,30.0,1.2096774193548387,0.010080645161290322,True,True,0.5080645161290323,35.238095238095234,17.903225806451612,0.14919354838709678,0.5080645161290323,35.238095238095234,0.14919354838709678,3
Nutrition | r19_c15 | Tuesday,Nutrition,r19_c15,Tuesday,510.0,08:30-09:00,1,1,81,52,True,0.012345679012345678,0.012345679012345678,540.0,09:00-09:30,0.9876543209876543,-30.0,30.0,False,True,30.0,0.37037037037037035,0.0030864197530864196,True,True,0.012345679012345734,29.999999999999865,0.37037037037037035,0.0030864197530864196,0.012345679012345734,29.999999999999865,0.0030864197530864196,1
Nutrition | r19_c16 | Thursday,Nutrition,r19_c16,Thursday,450.0,07:30-08:00,1,1,61,52,True,0.01639344262295082,0.01639344262295082,540.0,09:00-09:30,0.9836065573770492,-90.0,90.0,False,True,90.0,1.4754098360655739,0.012295081967213116,True,True,0.016393442622950838,89.9999999999999,1.4754098360655739,0.012295081967213116,0.016393442622950838,89.9999999999999,0.012295081967213116,1
Nutrition | r19_c16 | Tuesday,Nutrition,r19_c16,Tuesday,510.0,08:30-09:00,1,1,54,48,True,0.018518518518518517,0.018518518518518517,540.0,09:00-09:30,0.9814814814814815,-30.0,30.0,False,True,30.0,0.5555555555555556,0.00462962962962963,True,True,0.01851851851851849,30.00000000000005,0.5555555555555556,0.00462962962962963,0.01851851851851849,30.00000000000005,0.00462962962962963,1
Nutrition | r19_c7 | Friday,Nutrition,r19_c7,Friday,450.0,07:30-08:00,55,53,160,53,True,0.34375,0.34375,750.0,12:30-13:00,0.65,-300.0,300.0,False,True,120.0,103.125,0.34375,True,True,0.35,299.4642857142857,104.8125,0.35,0.35,299.4642857142857,0.35,1
Nutrition | r19_c7 | Friday,Nutrition,r19_c7,Friday,480.0,08:00-08:30,1,1,160,53,True,0.00625,0.00625,750.0,12:30-13:00,0.65,-270.0,270.0,False,True,120.0,1.6875,0.00625,True,True,0.35,299.4642857142857,104.8125,0.35,0.35,299.4642857142857,0.35,2
Nutrition | r19_c7 | Monday,Nutrition,r19_c7,Monday,450.0,07:30-08:00,53,52,150,52,True,0.35333333333333333,0.35333333333333333,750.0,12:30-13:00,0.6466666666666666,-300.0,300.0,False,True,120.0,106.0,0.35333333333333333,True,True,0.3533333333333334,299.99999999999994,106.0,0.35333333333333333,0.3533333333333334,299.99999999999994,0.35333333333333333,1
Nutrition | r19_c7 | Thursday,Nutrition,r19_c7,Thursday,450.0,07:30-08:00,54,52,154,52,True,0.35064935064935066,0.35064935064935066,750.0,12:30-13:00,0.6298701298701299,-300.0,300.0,False,True,120.0,105.1948051948052,0.3506493506493507,True,True,0.3701298701298701,291.0526315789474,107.72727272727273,0.3636363636363637,0.3701298701298701,291.0526315789474,0.3636363636363637,1
Nutrition | r19_c7 | Thursday,Nutrition,r19_c7,Thursday,690.0,11:30-12:00,2,1,154,52,True,0.012987012987012988,0.012987012987012988,750.0,12:30-13:00,0.6298701298701299,-60.0,60.0,False,True,60.0,0.7792207792207793,0.006493506493506494,True,True,0.3701298701298701,291.0526315789474,107.72727272727273,0.3636363636363637,0.3701298701298701,291.0526315789474,0.3636363636363637,2
Nutrition | r19_c7 | Thursday,Nutrition,r19_c7,Thursday,480.0,08:00-08:30,1,1,154,52,True,0.006493506493506494,0.006493506493506494,750.0,12:30-13:00,0.6298701298701299,-270.0,270.0,False,True,120.0,1.7532467532467533,0.006493506493506494,True,True,0.3701298701298701,291.0526315789474,107.72727272727273,0.3636363636363637,0.3701298701298701,291.0526315789474,0.3636363636363637,3
Nutrition | r19_c7 | Tuesday,Nutrition,r19_c7,Tuesday,450.0,07:30-08:00,54,52,154,52,True,0.35064935064935066,0.35064935064935066,750.0,12:30-13:00,0.6493506493506493,-300.0,300.0,False,True,120.0,105.1948051948052,0.3506493506493507,True,True,0.35064935064935066,300.0,105.1948051948052,0.3506493506493507,0.35064935064935066,300.0,0.3506493506493507,1
Nutrition | r19_c7 | Wednesday,Nutrition,r19_c7,Wednesday,450.0,07:30-08:00,56,52,163,52,True,0.34355828220858897,0.34355828220858897,750.0,12:30-13:00,0.6441717791411042,-300.0,300.0,False,True,120.0,103.06748466257669,0.34355828220858897,True,True,0.35582822085889576,298.96551724137925,106.38036809815951,0.3558282208588957,0.35582822085889576,298.96551724137925,0.3558282208588957,1
Nutrition | r19_c7 | Wednesday,Nutrition,r19_c7,Wednesday,480.0,08:00-08:30,2,2,163,52,True,0.012269938650306749,0.012269938650306749,750.0,12:30-13:00,0.6441717791411042,-270.0,270.0,False,True,120.0,3.312883435582822,0.012269938650306749,True,True,0.35582822085889576,298.96551724137925,106.38036809815951,0.3558282208588957,0.35582822085889576,298.96551724137925,0.3558282208588957,2
Nutrition | r19_c8 | Friday,Nutrition,r19_c8,Friday,510.0,08:30-09:00,118,31,781,53,True,0.15108834827144688,0.15108834827144688,780.0,13:00-13:30,0.677336747759283,-270.0,270.0,False,True,120.0,40.79385403329066,0.15108834827144688,True,True,0.322663252240717,285.4761904761905,92.11267605633803,0.3207426376440461,0.322663252240717,285.4761904761905,0.3207426376440461,1
Nutrition | r19_c8 | Friday,Nutrition,r19_c8,Friday,480.0,08:00-08:30,109,26,781,53,True,0.13956466069142126,0.13956466069142126,780.0,13:00-13:30,0.677336747759283,-300.0,300.0,False,True,120.0,41.86939820742638,0.13956466069142126,True,True,0.322663252240717,285.4761904761905,92.11267605633803,0.3207426376440461,0.322663252240717,285.4761904761905,0.3207426376440461,2
Nutrition | r19_c8 | Friday,Nutrition,r19_c8,Friday,450.0,07:30-08:00,20,2,781,53,True,0.02560819462227913,0.02560819462227913,780.0,13:00-13:30,0.677336747759283,-330.0,330.0,False,True,120.0,8.450704225352112,0.02560819462227913,True,True,0.322663252240717,285.4761904761905,92.11267605633803,0.3207426376440461,0.322663252240717,285.4761904761905,0.3207426376440461,3
Nutrition | r19_c8 | Friday,Nutrition,r19_c8,Friday,540.0,09:00-09:30,3,3,781,53,True,0.0038412291933418692,0.0038412291933418692,780.0,13:00-13:30,0.677336747759283,-240.0,240.0,False,True,120.0,0.9218950064020486,0.0038412291933418692,True,True,0.322663252240717,285.4761904761905,92.11267605633803,0.3207426376440461,0.322663252240717,285.4761904761905,0.3207426376440461,4
Nutrition | r19_c8 | Friday,Nutrition,r19_c8,Friday,750.0,12:30-13:00,2,1,781,53,True,0.002560819462227913,0.002560819462227913,780.0,13:00-13:30,0.677336747759283,-30.0,30.0,False,True,30.0,0.07682458386683738,0.0006402048655569782,True,True,0.322663252240717,285.4761904761905,92.11267605633803,0.3207426376440461,0.322663252240717,285.4761904761905,0.3207426376440461,5
Nutrition | r19_c8 | Monday,Nutrition,r19_c8,Monday,510.0,08:30-09:00,82,29,609,52,True,0.13464696223316913,0.13464696223316913,780.0,13:00-13:30,0.7093596059113301,-270.0,270.0,False,True,120.0,36.354679802955665,0.13464696223316913,True,True,0.29064039408866993,288.13559322033905,83.74384236453203,0.29064039408866993,0.29064039408866993,288.13559322033905,0.29064039408866993,1
Nutrition | r19_c8 | Monday,Nutrition,r19_c8,Monday,480.0,08:00-08:30,77,25,609,52,True,0.12643678160919541,0.12643678160919541,780.0,13:00-13:30,0.7093596059113301,-300.0,300.0,False,True,120.0,37.931034482758626,0.12643678160919541,True,True,0.29064039408866993,288.13559322033905,83.74384236453203,0.29064039408866993,0.29064039408866993,288.13559322033905,0.29064039408866993,2
Nutrition | r19_c8 | Monday,Nutrition,r19_c8,Monday,450.0,07:30-08:00,16,3,609,52,True,0.026272577996715927,0.026272577996715927,780.0,13:00-13:30,0.7093596059113301,-330.0,330.0,False,True,120.0,8.669950738916256,0.026272577996715927,True,True,0.29064039408866993,288.13559322033905,83.74384236453203,0.29064039408866993,0.29064039408866993,288.13559322033905,0.29064039408866993,3
Nutrition | r19_c8 | Monday,Nutrition,r19_c8,Monday,540.0,09:00-09:30,2,2,609,52,True,0.003284072249589491,0.003284072249589491,780.0,13:00-13:30,0.7093596059113301,-240.0,240.0,False,True,120.0,0.7881773399014778,0.003284072249589491,True,True,0.29064039408866993,288.13559322033905,83.74384236453203,0.29064039408866993,0.29064039408866993,288.13559322033905,0.29064039408866993,4
Nutrition | r19_c8 | Thursday,Nutrition,r19_c8,Thursday,510.0,08:30-09:00,112,29,831,52,True,0.13477737665463296,0.13477737665463296,780.0,13:00-13:30,0.6895306859205776,-270.0,270.0,False,True,120.0,36.3898916967509,0.13477737665463296,True,True,0.31046931407942235,270.81395348837214,84.07942238267148,0.2981347773766546,0.31046931407942235,270.81395348837214,0.2981347773766546,1
Nutrition | r19_c8 | Thursday,Nutrition,r19_c8,Thursday,480.0,08:00-08:30,105,25,831,52,True,0.1263537906137184,0.1263537906137184,780.0,13:00-13:30,0.6895306859205776,-300.0,300.0,False,True,120.0,37.90613718411552,0.1263537906137184,True,True,0.31046931407942235,270.81395348837214,84.07942238267148,0.2981347773766546,0.31046931407942235,270.81395348837214,0.2981347773766546,2
Nutrition | r19_c8 | Thursday,Nutrition,r19_c8,Thursday,450.0,07:30-08:00,20,2,831,52,True,0.024067388688327317,0.024067388688327317,780.0,13:00-13:30,0.6895306859205776,-330.0,330.0,False,True,120.0,7.9422382671480145,0.024067388688327317,True,True,0.31046931407942235,270.81395348837214,84.07942238267148,0.2981347773766546,0.31046931407942235,270.81395348837214,0.2981347773766546,3
Nutrition | r19_c8 | Thursday,Nutrition,r19_c8,Thursday,840.0,14:00-14:30,12,1,831,52,True,0.01444043321299639,0.01444043321299639,780.0,13:00-13:30,0.6895306859205776,60.0,60.0,False,True,60.0,0.8664259927797834,0.007220216606498195,True,True,0.31046931407942235,270.81395348837214,84.07942238267148,0.2981347773766546,0.31046931407942235,270.81395348837214,0.2981347773766546,4
Nutrition | r19_c8 | Thursday,Nutrition,r19_c8,Thursday,720.0,12:00-12:30,4,1,831,52,True,0.0048134777376654635,0.0048134777376654635,780.0,13:00-13:30,0.6895306859205776,-60.0,60.0,False,True,60.0,0.2888086642599278,0.0024067388688327317,True,True,0.31046931407942235,270.81395348837214,84.07942238267148,0.2981347773766546,0.31046931407942235,270.81395348837214,0.2981347773766546,5
Nutrition | r19_c8 | Thursday,Nutrition,r19_c8,Thursday,750.0,12:30-13:00,3,1,831,52,True,0.0036101083032490976,0.0036101083032490976,780.0,13:00-13:30,0.6895306859205776,-30.0,30.0,False,True,30.0,0.10830324909747292,0.0009025270758122744,True,True,0.31046931407942235,270.81395348837214,84.07942238267148,0.2981347773766546,0.31046931407942235,270.81395348837214,0.2981347773766546,6
Nutrition | r19_c8 | Thursday,Nutrition,r19_c8,Thursday,540.0,09:00-09:30,2,2,831,52,True,0.0024067388688327317,0.0024067388688327317,780.0,13:00-13:30,0.6895306859205776,-240.0,240.0,False,True,120.0,0.5776173285198556,0.0024067388688327317,True,True,0.31046931407942235,270.81395348837214,84.07942238267148,0.2981347773766546,0.31046931407942235,270.81395348837214,0.2981347773766546,7
Nutrition | r19_c8 | Tuesday,Nutrition,r19_c8,Tuesday,480.0,08:00-08:30,111,25,808,52,True,0.1373762376237624,0.1373762376237624,780.0,13:00-13:30,0.693069306930693,-300.0,300.0,False,True,120.0,41.21287128712871,0.13737623762376241,True,True,0.306930693069307,287.7822580645161,88.32920792079209,0.3060024752475248,0.306930693069307,287.7822580645161,0.3060024752475248,1
Nutrition | r19_c8 | Tuesday,Nutrition,r19_c8,Tuesday,510.0,08:30-09:00,111,29,808,52,True,0.1373762376237624,0.1373762376237624,780.0,13:00-13:30,0.693069306930693,-270.0,270.0,False,True,120.0,37.09158415841584,0.13737623762376241,True,True,0.306930693069307,287.7822580645161,88.32920792079209,0.3060024752475248,0.306930693069307,287.7822580645161,0.3060024752475248,2
Nutrition | r19_c8 | Tuesday,Nutrition,r19_c8,Tuesday,450.0,07:30-08:00,23,3,808,52,True,0.028465346534653466,0.028465346534653466,780.0,13:00-13:30,0.693069306930693,-330.0,330.0,False,True,120.0,9.393564356435643,0.028465346534653466,True,True,0.306930693069307,287.7822580645161,88.32920792079209,0.3060024752475248,0.306930693069307,287.7822580645161,0.3060024752475248,3
Nutrition | r19_c8 | Tuesday,Nutrition,r19_c8,Tuesday,540.0,09:00-09:30,2,2,808,52,True,0.0024752475247524753,0.0024752475247524753,780.0,13:00-13:30,0.693069306930693,-240.0,240.0,False,True,120.0,0.594059405940594,0.0024752475247524753,True,True,0.306930693069307,287.7822580645161,88.32920792079209,0.3060024752475248,0.306930693069307,287.7822580645161,0.3060024752475248,4
Nutrition | r19_c8 | Tuesday,Nutrition,r19_c8,Tuesday,810.0,13:30-14:00,1,1,808,52,True,0.0012376237623762376,0.0012376237623762376,780.0,13:00-13:30,0.693069306930693,30.0,30.0,False,True,30.0,0.03712871287128713,0.0003094059405940594,True,True,0.306930693069307,287.7822580645161,88.32920792079209,0.3060024752475248,0.306930693069307,287.7822580645161,0.3060024752475248,5
Nutrition | r19_c8 | Wednesday,Nutrition,r19_c8,Wednesday,480.0,08:00-08:30,106,26,679,52,True,0.1561119293078056,0.1561119293078056,780.0,13:00-13:30,0.7098674521354934,-300.0,300.0,False,True,120.0,46.833578792341676,0.1561119293078056,True,True,0.2901325478645066,290.253807106599,84.2120765832106,0.2901325478645066,0.2901325478645066,290.253807106599,0.2901325478645066,1
Nutrition | r19_c8 | Wednesday,Nutrition,r19_c8,Wednesday,510.0,08:30-09:00,78,29,679,52,True,0.11487481590574374,0.11487481590574374,780.0,13:00-13:30,0.7098674521354934,-270.0,270.0,False,True,120.0,31.01620029455081,0.11487481590574374,True,True,0.2901325478645066,290.253807106599,84.2120765832106,0.2901325478645066,0.2901325478645066,290.253807106599,0.2901325478645066,2
Nutrition | r19_c8 | Wednesday,Nutrition,r19_c8,Wednesday,450.0,07:30-08:00,12,2,679,52,True,0.017673048600883652,0.017673048600883652,780.0,13:00-13:30,0.7098674521354934,-330.0,330.0,False,True,120.0,5.832106038291605,0.017673048600883652,True,True,0.2901325478645066,290.253807106599,84.2120765832106,0.2901325478645066,0.2901325478645066,290.253807106599,0.2901325478645066,3
Nutrition | r19_c8 | Wednesday,Nutrition,r19_c8,Wednesday,420.0,07:00-07:30,1,1,679,52,True,0.0014727540500736377,0.0014727540500736377,780.0,13:00-13:30,0.7098674521354934,-360.0,360.0,False,True,120.0,0.5301914580265096,0.0014727540500736375,True,True,0.2901325478645066,290.253807106599,84.2120765832106,0.2901325478645066,0.2901325478645066,290.253807106599,0.2901325478645066,4
Nutrition | r19_c9 | Thursday,Nutrition,r19_c9,Thursday,480.0,08:00-08:30,19,19,55,45,True,0.34545454545454546,0.34545454545454546,510.0,08:30-09:00,0.509090909090909,-30.0,30.0,False,True,30.0,10.363636363636363,0.08636363636363636,True,True,0.49090909090909096,38.888888888888886,19.09090909090909,0.1590909090909091,0.49090909090909096,38.888888888888886,0.1590909090909091,1
Nutrition | r19_c9 | Thursday,Nutrition,r19_c9,Thursday,450.0,07:30-08:00,8,8,55,45,True,0.14545454545454545,0.14545454545454545,510.0,08:30-09:00,0.509090909090909,-60.0,60.0,False,True,60.0,8.727272727272727,0.07272727272727272,True,True,0.49090909090909096,38.888888888888886,19.09090909090909,0.1590909090909091,0.49090909090909096,38.888888888888886,0.1590909090909091,2
Nutrition | r19_c9 | Tuesday,Nutrition,r19_c9,Tuesday,480.0,08:00-08:30,22,20,57,45,True,0.38596491228070173,0.38596491228070173,510.0,08:30-09:00,0.47368421052631576,-30.0,30.0,False,True,30.0,11.578947368421051,0.09649122807017543,True,True,0.5263157894736843,37.99999999999999,20.0,0.16666666666666666,0.5263157894736843,37.99999999999999,0.16666666666666666,1
Nutrition | r19_c9 | Tuesday,Nutrition,r19_c9,Tuesday,450.0,07:30-08:00,8,8,57,45,True,0.14035087719298245,0.14035087719298245,510.0,08:30-09:00,0.47368421052631576,-60.0,60.0,False,True,60.0,8.421052631578947,0.07017543859649122,True,True,0.5263157894736843,37.99999999999999,20.0,0.16666666666666666,0.5263157894736843,37.99999999999999,0.16666666666666666,2
Nutrition | r20_c10 | Friday,Nutrition,r20_c10,Friday,510.0,08:30-09:00,3,3,14,5,True,0.21428571428571427,0.21428571428571427,450.0,07:30-08:00,0.7142857142857143,60.0,60.0,False,True,60.0,12.857142857142856,0.10714285714285714,True,True,0.2857142857142857,52.5,14.999999999999998,0.125,0.2857142857142857,52.5,0.125,1
Nutrition | r20_c10 | Friday,Nutrition,r20_c10,Friday,420.0,07:00-07:30,1,1,14,5,True,0.07142857142857142,0.07142857142857142,450.0,07:30-08:00,0.7142857142857143,-30.0,30.0,False,True,30.0,2.142857142857143,0.017857142857142856,True,True,0.2857142857142857,52.5,14.999999999999998,0.125,0.2857142857142857,52.5,0.125,2
Nutrition | r20_c10 | Thursday,Nutrition,r20_c10,Thursday,510.0,08:30-09:00,32,28,65,52,True,0.49230769230769234,0.49230769230769234,480.0,08:00-08:30,0.5076923076923077,30.0,30.0,False,True,30.0,14.76923076923077,0.12307692307692308,True,True,0.49230769230769234,30.0,14.76923076923077,0.12307692307692308,0.49230769230769234,30.0,0.12307692307692308,1
Nutrition | r20_c10 | Tuesday,Nutrition,r20_c10,Tuesday,480.0,08:00-08:30,31,29,67,52,True,0.4626865671641791,0.4626865671641791,510.0,08:30-09:00,0.5223880597014925,-30.0,30.0,False,True,30.0,13.880597014925373,0.11567164179104478,True,True,0.4776119402985075,30.937499999999996,14.776119402985074,0.12313432835820895,0.4776119402985075,30.937499999999996,0.12313432835820895,1
Nutrition | r20_c10 | Tuesday,Nutrition,r20_c10,Tuesday,450.0,07:30-08:00,1,1,67,52,True,0.014925373134328358,0.014925373134328358,510.0,08:30-09:00,0.5223880597014925,-60.0,60.0,False,True,60.0,0.8955223880597015,0.007462686567164179,True,True,0.4776119402985075,30.937499999999996,14.776119402985074,0.12313432835820895,0.4776119402985075,30.937499999999996,0.12313432835820895,2
Nutrition | r20_c10 | Wednesday,Nutrition,r20_c10,Wednesday,480.0,08:00-08:30,31,29,67,52,True,0.4626865671641791,0.4626865671641791,510.0,08:30-09:00,0.5074626865671642,-30.0,30.0,False,True,30.0,13.880597014925373,0.11567164179104478,True,True,0.4925373134328358,31.81818181818182,15.671641791044776,0.13059701492537312,0.4925373134328358,31.81818181818182,0.13059701492537312,1
Nutrition | r20_c10 | Wednesday,Nutrition,r20_c10,Wednesday,450.0,07:30-08:00,2,1,67,52,True,0.029850746268656716,0.029850746268656716,510.0,08:30-09:00,0.5074626865671642,-60.0,60.0,False,True,60.0,1.791044776119403,0.014925373134328358,True,True,0.4925373134328358,31.81818181818182,15.671641791044776,0.13059701492537312,0.4925373134328358,31.81818181818182,0.13059701492537312,2
Nutrition | r20_c11 | Wednesday,Nutrition,r20_c11,Wednesday,690.0,11:30-12:00,313,24,814,47,True,0.3845208845208845,0.3845208845208845,600.0,10:00-10:30,0.4189189189189189,90.0,90.0,False,True,90.0,34.60687960687961,0.2883906633906634,True,True,0.5810810810810811,76.68076109936575,44.557739557739566,0.3645577395577395,0.5810810810810811,76.68076109936575,0.3645577395577395,1
Nutrition | r20_c11 | Wednesday,Nutrition,r20_c11,Wednesday,630.0,10:30-11:00,64,8,814,47,True,0.07862407862407862,0.07862407862407862,600.0,10:00-10:30,0.4189189189189189,30.0,30.0,False,True,30.0,2.3587223587223587,0.019656019656019656,True,True,0.5810810810810811,76.68076109936575,44.557739557739566,0.3645577395577395,0.5810810810810811,76.68076109936575,0.3645577395577395,2
Nutrition | r20_c11 | Wednesday,Nutrition,r20_c11,Wednesday,660.0,11:00-11:30,35,5,814,47,True,0.042997542997543,0.042997542997543,600.0,10:00-10:30,0.4189189189189189,60.0,60.0,False,True,60.0,2.57985257985258,0.0214987714987715,True,True,0.5810810810810811,76.68076109936575,44.557739557739566,0.3645577395577395,0.5810810810810811,76.68076109936575,0.3645577395577395,3
Nutrition | r20_c11 | Wednesday,Nutrition,r20_c11,Wednesday,570.0,09:30-10:00,30,5,814,47,True,0.036855036855036855,0.036855036855036855,600.0,10:00-10:30,0.4189189189189189,-30.0,30.0,False,True,30.0,1.1056511056511056,0.009213759213759214,True,True,0.5810810810810811,76.68076109936575,44.557739557739566,0.3645577395577395,0.5810810810810811,76.68076109936575,0.3645577395577395,4
Nutrition | r20_c11 | Wednesday,Nutrition,r20_c11,Wednesday,540.0,09:00-09:30,20,3,814,47,True,0.02457002457002457,0.02457002457002457,600.0,10:00-10:30,0.4189189189189189,-60.0,60.0,False,True,60.0,1.4742014742014742,0.012285012285012284,True,True,0.5810810810810811,76.68076109936575,44.557739557739566,0.3645577395577395,0.5810810810810811,76.68076109936575,0.3645577395577395,5
Nutrition | r20_c11 | Wednesday,Nutrition,r20_c11,Wednesday,780.0,13:00-13:30,11,1,814,47,True,0.013513513513513514,0.013513513513513514,600.0,10:00-10:30,0.4189189189189189,180.0,180.0,False,True,120.0,2.4324324324324325,0.013513513513513514,True,True,0.5810810810810811,76.68076109936575,44.557739557739566,0.3645577395577395,0.5810810810810811,76.68076109936575,0.3645577395577395,6
Nutrition | r20_c13 | Thursday,Nutrition,r20_c13,Thursday,840.0,14:00-14:30,4,2,24,14,True,0.16666666666666666,0.16666666666666666,810.0,13:30-14:00,0.6666666666666666,30.0,30.0,False,True,30.0,5.0,0.041666666666666664,True,True,0.33333333333333337,41.24999999999999,13.75,0.11458333333333333,0.33333333333333337,41.24999999999999,0.11458333333333333,1
Nutrition | r20_c13 | Thursday,Nutrition,r20_c13,Thursday,870.0,14:30-15:00,3,2,24,14,True,0.125,0.125,810.0,13:30-14:00,0.6666666666666666,60.0,60.0,False,True,60.0,7.5,0.0625,True,True,0.33333333333333337,41.24999999999999,13.75,0.11458333333333333,0.33333333333333337,41.24999999999999,0.11458333333333333,2
Nutrition | r20_c13 | Thursday,Nutrition,r20_c13,Thursday,780.0,13:00-13:30,1,1,24,14,True,0.041666666666666664,0.041666666666666664,810.0,13:30-14:00,0.6666666666666666,-30.0,30.0,False,True,30.0,1.25,0.010416666666666666,True,True,0.33333333333333337,41.24999999999999,13.75,0.11458333333333333,0.33333333333333337,41.24999999999999,0.11458333333333333,3
Nutrition | r20_c13 | Tuesday,Nutrition,r20_c13,Tuesday,780.0,13:00-13:30,1,1,19,14,True,0.05263157894736842,0.05263157894736842,810.0,13:30-14:00,0.7368421052631579,-30.0,30.0,False,True,30.0,1.5789473684210527,0.013157894736842106,True,True,0.26315789473684215,65.99999999999999,17.36842105263158,0.14473684210526316,0.26315789473684215,65.99999999999999,0.14473684210526316,1
Nutrition | r20_c13 | Tuesday,Nutrition,r20_c13,Tuesday,840.0,14:00-14:30,1,1,19,14,True,0.05263157894736842,0.05263157894736842,810.0,13:30-14:00,0.7368421052631579,30.0,30.0,False,True,30.0,1.5789473684210527,0.013157894736842106,True,True,0.26315789473684215,65.99999999999999,17.36842105263158,0.14473684210526316,0.26315789473684215,65.99999999999999,0.14473684210526316,2
Nutrition | r20_c13 | Tuesday,Nutrition,r20_c13,Tuesday,870.0,14:30-15:00,1,1,19,14,True,0.05263157894736842,0.05263157894736842,810.0,13:30-14:00,0.7368421052631579,60.0,60.0,False,True,60.0,3.1578947368421053,0.026315789473684213,True,True,0.26315789473684215,65.99999999999999,17.36842105263158,0.14473684210526316,0.26315789473684215,65.99999999999999,0.14473684210526316,3
Nutrition | r20_c13 | Tuesday,Nutrition,r20_c13,Tuesday,900.0,15:00-15:30,1,1,19,14,True,0.05263157894736842,0.05263157894736842,810.0,13:30-14:00,0.7368421052631579,90.0,90.0,False,True,90.0,4.7368421052631575,0.039473684210526314,True,True,0.26315789473684215,65.99999999999999,17.36842105263158,0.14473684210526316,0.26315789473684215,65.99999999999999,0.14473684210526316,4
Nutrition | r20_c13 | Tuesday,Nutrition,r20_c13,Tuesday,930.0,15:30-16:00,1,1,19,14,True,0.05263157894736842,0.05263157894736842,810.0,13:30-14:00,0.7368421052631579,120.0,120.0,False,True,120.0,6.315789473684211,0.052631578947368425,True,True,0.26315789473684215,65.99999999999999,17.36842105263158,0.14473684210526316,0.26315789473684215,65.99999999999999,0.14473684210526316,5
Nutrition | r20_c7 | Friday,Nutrition,r20_c7,Friday,480.0,08:00-08:30,29,28,85,53,True,0.3411764705882353,0.3411764705882353,510.0,08:30-09:00,0.6235294117647059,-30.0,30.0,False,True,30.0,10.23529411764706,0.08529411764705883,True,True,0.3764705882352941,32.8125,12.352941176470589,0.10294117647058823,0.3764705882352941,32.8125,0.10294117647058823,1
Nutrition | r20_c7 | Friday,Nutrition,r20_c7,Friday,450.0,07:30-08:00,3,3,85,53,True,0.03529411764705882,0.03529411764705882,510.0,08:30-09:00,0.6235294117647059,-60.0,60.0,False,True,60.0,2.1176470588235294,0.01764705882352941,True,True,0.3764705882352941,32.8125,12.352941176470589,0.10294117647058823,0.3764705882352941,32.8125,0.10294117647058823,2
Nutrition | r20_c7 | Monday,Nutrition,r20_c7,Monday,480.0,08:00-08:30,29,26,80,52,True,0.3625,0.3625,510.0,08:30-09:00,0.6375,-30.0,30.0,False,True,30.0,10.875,0.090625,True,True,0.36250000000000004,29.999999999999996,10.875,0.090625,0.36250000000000004,29.999999999999996,0.090625,1
Nutrition | r20_c7 | Thursday,Nutrition,r20_c7,Thursday,480.0,08:00-08:30,28,27,80,52,True,0.35,0.35,510.0,08:30-09:00,0.65,-30.0,30.0,False,True,30.0,10.5,0.0875,True,True,0.35,30.000000000000004,10.5,0.0875,0.35,30.000000000000004,0.0875,1
Nutrition | r20_c7 | Tuesday,Nutrition,r20_c7,Tuesday,480.0,08:00-08:30,15,15,70,52,True,0.21428571428571427,0.21428571428571427,510.0,08:30-09:00,0.7428571428571429,-30.0,30.0,False,True,30.0,6.428571428571428,0.05357142857142857,True,True,0.2571428571428571,35.0,9.0,0.075,0.2571428571428571,35.0,0.075,1
Nutrition | r20_c7 | Tuesday,Nutrition,r20_c7,Tuesday,450.0,07:30-08:00,3,3,70,52,True,0.04285714285714286,0.04285714285714286,510.0,08:30-09:00,0.7428571428571429,-60.0,60.0,False,True,60.0,2.5714285714285716,0.02142857142857143,True,True,0.2571428571428571,35.0,9.0,0.075,0.2571428571428571,35.0,0.075,2
Nutrition | r20_c7 | Wednesday,Nutrition,r20_c7,Wednesday,480.0,08:00-08:30,29,28,85,52,True,0.3411764705882353,0.3411764705882353,510.0,08:30-09:00,0.6352941176470588,-30.0,30.0,False,True,30.0,10.23529411764706,0.08529411764705883,True,True,0.3647058823529412,31.935483870967744,11.647058823529413,0.09705882352941177,0.3647058823529412,31.935483870967744,0.09705882352941177,1
Nutrition | r20_c7 | Wednesday,Nutrition,r20_c7,Wednesday,450.0,07:30-08:00,2,1,85,52,True,0.023529411764705882,0.023529411764705882,510.0,08:30-09:00,0.6352941176470588,-60.0,60.0,False,True,60.0,1.4117647058823528,0.01176470588235294,True,True,0.3647058823529412,31.935483870967744,11.647058823529413,0.09705882352941177,0.3647058823529412,31.935483870967744,0.09705882352941177,2
Nutrition | r20_c8 | Friday,Nutrition,r20_c8,Friday,510.0,08:30-09:00,132,53,430,53,True,0.30697674418604654,0.30697674418604654,780.0,13:00-13:30,0.6883720930232559,-270.0,270.0,False,True,120.0,82.88372093023257,0.30697674418604654,True,True,0.31162790697674414,266.41791044776124,83.0232558139535,0.308139534883721,0.31162790697674414,266.41791044776124,0.308139534883721,1
Nutrition | r20_c8 | Friday,Nutrition,r20_c8,Friday,810.0,13:30-14:00,2,1,430,53,True,0.004651162790697674,0.004651162790697674,780.0,13:00-13:30,0.6883720930232559,30.0,30.0,False,True,30.0,0.13953488372093023,0.0011627906976744186,True,True,0.31162790697674414,266.41791044776124,83.0232558139535,0.308139534883721,0.31162790697674414,266.41791044776124,0.308139534883721,2
Nutrition | r20_c8 | Monday,Nutrition,r20_c8,Monday,510.0,08:30-09:00,78,47,307,52,True,0.254071661237785,0.254071661237785,780.0,13:00-13:30,0.745928338762215,-270.0,270.0,False,True,120.0,68.59934853420195,0.254071661237785,True,True,0.254071661237785,270.0,68.59934853420195,0.254071661237785,0.254071661237785,270.0,0.254071661237785,1
Nutrition | r20_c8 | Thursday,Nutrition,r20_c8,Thursday,510.0,08:30-09:00,13,9,231,52,True,0.05627705627705628,0.05627705627705628,780.0,13:00-13:30,0.9177489177489178,-270.0,270.0,False,True,120.0,15.194805194805195,0.05627705627705628,True,True,0.08225108225108224,200.52631578947373,16.493506493506494,0.06709956709956712,0.08225108225108224,200.52631578947373,0.06709956709956712,1
Nutrition | r20_c8 | Thursday,Nutrition,r20_c8,Thursday,720.0,12:00-12:30,4,1,231,52,True,0.017316017316017316,0.017316017316017316,780.0,13:00-13:30,0.9177489177489178,-60.0,60.0,False,True,60.0,1.0389610389610389,0.008658008658008658,True,True,0.08225108225108224,200.52631578947373,16.493506493506494,0.06709956709956712,0.08225108225108224,200.52631578947373,0.06709956709956712,2
Nutrition | r20_c8 | Thursday,Nutrition,r20_c8,Thursday,750.0,12:30-13:00,1,1,231,52,True,0.004329004329004329,0.004329004329004329,780.0,13:00-13:30,0.9177489177489178,-30.0,30.0,False,True,30.0,0.12987012987012986,0.0010822510822510823,True,True,0.08225108225108224,200.52631578947373,16.493506493506494,0.06709956709956712,0.08225108225108224,200.52631578947373,0.06709956709956712,3
Nutrition | r20_c8 | Thursday,Nutrition,r20_c8,Thursday,810.0,13:30-14:00,1,1,231,52,True,0.004329004329004329,0.004329004329004329,780.0,13:00-13:30,0.9177489177489178,30.0,30.0,False,True,30.0,0.12987012987012986,0.0010822510822510823,True,True,0.08225108225108224,200.52631578947373,16.493506493506494,0.06709956709956712,0.08225108225108224,200.52631578947373,0.06709956709956712,4
Nutrition | r20_c8 | Tuesday,Nutrition,r20_c8,Tuesday,510.0,08:30-09:00,65,52,322,52,True,0.20186335403726707,0.20186335403726707,780.0,13:00-13:30,0.7795031055900621,-270.0,270.0,False,True,120.0,54.50310559006211,0.20186335403726707,True,True,0.22049689440993792,252.25352112676055,55.621118012422365,0.21118012422360247,0.22049689440993792,252.25352112676055,0.21118012422360247,1
Nutrition | r20_c8 | Tuesday,Nutrition,r20_c8,Tuesday,840.0,14:00-14:30,6,1,322,52,True,0.018633540372670808,0.018633540372670808,780.0,13:00-13:30,0.7795031055900621,60.0,60.0,False,True,60.0,1.1180124223602486,0.009316770186335404,True,True,0.22049689440993792,252.25352112676055,55.621118012422365,0.21118012422360247,0.22049689440993792,252.25352112676055,0.21118012422360247,2
Nutrition | r20_c8 | Wednesday,Nutrition,r20_c8,Wednesday,510.0,08:30-09:00,138,52,480,52,True,0.2875,0.2875,780.0,13:00-13:30,0.6875,-270.0,270.0,False,True,120.0,77.625,0.2875,True,True,0.3125,257.2,80.375,0.29947916666666663,0.3125,257.2,0.29947916666666663,1
Nutrition | r20_c8 | Wednesday,Nutrition,r20_c8,Wednesday,810.0,13:30-14:00,7,2,480,52,True,0.014583333333333334,0.014583333333333334,780.0,13:00-13:30,0.6875,30.0,30.0,False,True,30.0,0.4375,0.0036458333333333334,True,True,0.3125,257.2,80.375,0.29947916666666663,0.3125,257.2,0.29947916666666663,2
Nutrition | r20_c8 | Wednesday,Nutrition,r20_c8,Wednesday,450.0,07:30-08:00,3,1,480,52,True,0.00625,0.00625,780.0,13:00-13:30,0.6875,-330.0,330.0,False,True,120.0,2.0625,0.00625,True,True,0.3125,257.2,80.375,0.29947916666666663,0.3125,257.2,0.29947916666666663,3
Nutrition | r20_c8 | Wednesday,Nutrition,r20_c8,Wednesday,840.0,14:00-14:30,2,1,480,52,True,0.004166666666666667,0.004166666666666667,780.0,13:00-13:30,0.6875,60.0,60.0,False,True,60.0,0.25,0.0020833333333333333,True,True,0.3125,257.2,80.375,0.29947916666666663,0.3125,257.2,0.29947916666666663,4
Nutrition | r20_c9 | Friday,Nutrition,r20_c9,Friday,780.0,13:00-13:30,47,30,191,53,True,0.24607329842931938,0.24607329842931938,810.0,13:30-14:00,0.4973821989528796,-30.0,30.0,False,True,30.0,7.382198952879581,0.061518324607329845,True,True,0.5026178010471204,139.6875,70.20942408376963,0.3010471204188482,0.5026178010471204,139.6875,0.3010471204188482,1
Nutrition | r20_c9 | Friday,Nutrition,r20_c9,Friday,540.0,09:00-09:30,27,23,191,53,True,0.14136125654450263,0.14136125654450263,810.0,13:30-14:00,0.4973821989528796,-270.0,270.0,False,True,120.0,38.16753926701571,0.14136125654450263,True,True,0.5026178010471204,139.6875,70.20942408376963,0.3010471204188482,0.5026178010471204,139.6875,0.3010471204188482,2
Nutrition | r20_c9 | Friday,Nutrition,r20_c9,Friday,510.0,08:30-09:00,11,10,191,53,True,0.05759162303664921,0.05759162303664921,810.0,13:30-14:00,0.4973821989528796,-300.0,300.0,False,True,120.0,17.277486910994764,0.05759162303664921,True,True,0.5026178010471204,139.6875,70.20942408376963,0.3010471204188482,0.5026178010471204,139.6875,0.3010471204188482,3
Nutrition | r20_c9 | Friday,Nutrition,r20_c9,Friday,720.0,12:00-12:30,5,1,191,53,True,0.02617801047120419,0.02617801047120419,810.0,13:30-14:00,0.4973821989528796,-90.0,90.0,False,True,90.0,2.356020942408377,0.01963350785340314,True,True,0.5026178010471204,139.6875,70.20942408376963,0.3010471204188482,0.5026178010471204,139.6875,0.3010471204188482,4
Nutrition | r20_c9 | Friday,Nutrition,r20_c9,Friday,750.0,12:30-13:00,4,1,191,53,True,0.020942408376963352,0.020942408376963352,810.0,13:30-14:00,0.4973821989528796,-60.0,60.0,False,True,60.0,1.256544502617801,0.010471204188481676,True,True,0.5026178010471204,139.6875,70.20942408376963,0.3010471204188482,0.5026178010471204,139.6875,0.3010471204188482,5
Nutrition | r20_c9 | Friday,Nutrition,r20_c9,Friday,450.0,07:30-08:00,2,1,191,53,True,0.010471204188481676,0.010471204188481676,810.0,13:30-14:00,0.4973821989528796,-360.0,360.0,False,True,120.0,3.7696335078534036,0.010471204188481676,True,True,0.5026178010471204,139.6875,70.20942408376963,0.3010471204188482,0.5026178010471204,139.6875,0.3010471204188482,6
Nutrition | r20_c9 | Monday,Nutrition,r20_c9,Monday,780.0,13:00-13:30,55,29,175,52,True,0.3142857142857143,0.3142857142857143,810.0,13:30-14:00,0.4742857142857143,-30.0,30.0,False,True,30.0,9.428571428571429,0.07857142857142857,True,True,0.5257142857142857,130.43478260869566,68.57142857142857,0.29,0.5257142857142857,130.43478260869566,0.29,1
Nutrition | r20_c9 | Monday,Nutrition,r20_c9,Monday,540.0,09:00-09:30,25,22,175,52,True,0.14285714285714285,0.14285714285714285,810.0,13:30-14:00,0.4742857142857143,-270.0,270.0,False,True,120.0,38.57142857142857,0.14285714285714285,True,True,0.5257142857142857,130.43478260869566,68.57142857142857,0.29,0.5257142857142857,130.43478260869566,0.29,2
Nutrition | r20_c9 | Monday,Nutrition,r20_c9,Monday,510.0,08:30-09:00,12,9,175,52,True,0.06857142857142857,0.06857142857142857,810.0,13:30-14:00,0.4742857142857143,-300.0,300.0,False,True,120.0,20.571428571428573,0.06857142857142857,True,True,0.5257142857142857,130.43478260869566,68.57142857142857,0.29,0.5257142857142857,130.43478260869566,0.29,3
Nutrition | r20_c9 | Thursday,Nutrition,r20_c9,Thursday,780.0,13:00-13:30,158,30,397,52,True,0.3979848866498741,0.3979848866498741,810.0,13:30-14:00,0.4433249370277078,-30.0,30.0,False,True,30.0,11.939546599496222,0.0994962216624685,True,True,0.5566750629722922,101.26696832579184,56.37279596977329,0.25818639798488663,0.5566750629722922,101.26696832579184,0.25818639798488663,1
Nutrition | r20_c9 | Thursday,Nutrition,r20_c9,Thursday,510.0,08:30-09:00,30,26,397,52,True,0.07556675062972293,0.07556675062972293,810.0,13:30-14:00,0.4433249370277078,-300.0,300.0,False,True,120.0,22.670025188916878,0.07556675062972293,True,True,0.5566750629722922,101.26696832579184,56.37279596977329,0.25818639798488663,0.5566750629722922,101.26696832579184,0.25818639798488663,2
Nutrition | r20_c9 | Thursday,Nutrition,r20_c9,Thursday,540.0,09:00-09:30,22,21,397,52,True,0.055415617128463476,0.055415617128463476,810.0,13:30-14:00,0.4433249370277078,-270.0,270.0,False,True,120.0,14.962216624685139,0.055415617128463476,True,True,0.5566750629722922,101.26696832579184,56.37279596977329,0.25818639798488663,0.5566750629722922,101.26696832579184,0.25818639798488663,3
Nutrition | r20_c9 | Thursday,Nutrition,r20_c9,Thursday,570.0,09:30-10:00,4,4,397,52,True,0.010075566750629723,0.010075566750629723,810.0,13:30-14:00,0.4433249370277078,-240.0,240.0,False,True,120.0,2.4181360201511333,0.010075566750629723,True,True,0.5566750629722922,101.26696832579184,56.37279596977329,0.25818639798488663,0.5566750629722922,101.26696832579184,0.25818639798488663,4
Nutrition | r20_c9 | Thursday,Nutrition,r20_c9,Thursday,690.0,11:30-12:00,3,1,397,52,True,0.007556675062972292,0.007556675062972292,810.0,13:30-14:00,0.4433249370277078,-120.0,120.0,False,True,120.0,0.906801007556675,0.007556675062972292,True,True,0.5566750629722922,101.26696832579184,56.37279596977329,0.25818639798488663,0.5566750629722922,101.26696832579184,0.25818639798488663,5
Nutrition | r20_c9 | Thursday,Nutrition,r20_c9,Thursday,450.0,07:30-08:00,2,2,397,52,True,0.005037783375314861,0.005037783375314861,810.0,13:30-14:00,0.4433249370277078,-360.0,360.0,False,True,120.0,1.81360201511335,0.005037783375314861,True,True,0.5566750629722922,101.26696832579184,56.37279596977329,0.25818639798488663,0.5566750629722922,101.26696832579184,0.25818639798488663,6
Nutrition | r20_c9 | Thursday,Nutrition,r20_c9,Thursday,480.0,08:00-08:30,2,2,397,52,True,0.005037783375314861,0.005037783375314861,810.0,13:30-14:00,0.4433249370277078,-330.0,330.0,False,True,120.0,1.6624685138539042,0.005037783375314861,True,True,0.5566750629722922,101.26696832579184,56.37279596977329,0.25818639798488663,0.5566750629722922,101.26696832579184,0.25818639798488663,7
Nutrition | r20_c9 | Tuesday,Nutrition,r20_c9,Tuesday,780.0,13:00-13:30,150,30,388,52,True,0.3865979381443299,0.3865979381443299,810.0,13:30-14:00,0.4536082474226804,-30.0,30.0,False,True,30.0,11.597938144329897,0.09664948453608248,True,True,0.5463917525773196,105.28301886792451,57.52577319587628,0.2564432989690722,0.5463917525773196,105.28301886792451,0.2564432989690722,1
Nutrition | r20_c9 | Tuesday,Nutrition,r20_c9,Tuesday,510.0,08:30-09:00,29,26,388,52,True,0.07474226804123711,0.07474226804123711,810.0,13:30-14:00,0.4536082474226804,-300.0,300.0,False,True,120.0,22.422680412371133,0.07474226804123711,True,True,0.5463917525773196,105.28301886792451,57.52577319587628,0.2564432989690722,0.5463917525773196,105.28301886792451,0.2564432989690722,2
Nutrition | r20_c9 | Tuesday,Nutrition,r20_c9,Tuesday,540.0,09:00-09:30,26,22,388,52,True,0.06701030927835051,0.06701030927835051,810.0,13:30-14:00,0.4536082474226804,-270.0,270.0,False,True,120.0,18.09278350515464,0.06701030927835051,True,True,0.5463917525773196,105.28301886792451,57.52577319587628,0.2564432989690722,0.5463917525773196,105.28301886792451,0.2564432989690722,3
Nutrition | r20_c9 | Tuesday,Nutrition,r20_c9,Tuesday,570.0,09:30-10:00,3,3,388,52,True,0.007731958762886598,0.007731958762886598,810.0,13:30-14:00,0.4536082474226804,-240.0,240.0,False,True,120.0,1.8556701030927836,0.007731958762886598,True,True,0.5463917525773196,105.28301886792451,57.52577319587628,0.2564432989690722,0.5463917525773196,105.28301886792451,0.2564432989690722,4
Nutrition | r20_c9 | Tuesday,Nutrition,r20_c9,Tuesday,450.0,07:30-08:00,2,2,388,52,True,0.005154639175257732,0.005154639175257732,810.0,13:30-14:00,0.4536082474226804,-360.0,360.0,False,True,120.0,1.8556701030927836,0.005154639175257732,True,True,0.5463917525773196,105.28301886792451,57.52577319587628,0.2564432989690722,0.5463917525773196,105.28301886792451,0.2564432989690722,5
Nutrition | r20_c9 | Tuesday,Nutrition,r20_c9,Tuesday,480.0,08:00-08:30,2,1,388,52,True,0.005154639175257732,0.005154639175257732,810.0,13:30-14:00,0.4536082474226804,-330.0,330.0,False,True,120.0,1.7010309278350515,0.005154639175257732,True,True,0.5463917525773196,105.28301886792451,57.52577319587628,0.2564432989690722,0.5463917525773196,105.28301886792451,0.2564432989690722,6
Nutrition | r20_c9 | Wednesday,Nutrition,r20_c9,Wednesday,780.0,13:00-13:30,121,29,305,52,True,0.39672131147540984,0.39672131147540984,810.0,13:30-14:00,0.46557377049180326,-30.0,30.0,False,True,30.0,11.901639344262295,0.09918032786885246,True,True,0.5344262295081967,91.2883435582822,48.78688524590163,0.23196721311475407,0.5344262295081967,91.2883435582822,0.23196721311475407,1
Nutrition | r20_c9 | Wednesday,Nutrition,r20_c9,Wednesday,540.0,09:00-09:30,27,23,305,52,True,0.08852459016393442,0.08852459016393442,810.0,13:30-14:00,0.46557377049180326,-270.0,270.0,False,True,120.0,23.901639344262293,0.08852459016393442,True,True,0.5344262295081967,91.2883435582822,48.78688524590163,0.23196721311475407,0.5344262295081967,91.2883435582822,0.23196721311475407,2
Nutrition | r20_c9 | Wednesday,Nutrition,r20_c9,Wednesday,510.0,08:30-09:00,13,12,305,52,True,0.04262295081967213,0.04262295081967213,810.0,13:30-14:00,0.46557377049180326,-300.0,300.0,False,True,120.0,12.786885245901638,0.04262295081967213,True,True,0.5344262295081967,91.2883435582822,48.78688524590163,0.23196721311475407,0.5344262295081967,91.2883435582822,0.23196721311475407,3
Nutrition | r20_c9 | Wednesday,Nutrition,r20_c9,Wednesday,840.0,14:00-14:30,2,2,305,52,True,0.006557377049180328,0.006557377049180328,810.0,13:30-14:00,0.46557377049180326,30.0,30.0,False,True,30.0,0.19672131147540983,0.001639344262295082,True,True,0.5344262295081967,91.2883435582822,48.78688524590163,0.23196721311475407,0.5344262295081967,91.2883435582822,0.23196721311475407,4
Nutrition | r21_c10 | Friday,Nutrition,r21_c10,Friday,510.0,08:30-09:00,6,6,47,35,True,0.1276595744680851,0.1276595744680851,450.0,07:30-08:00,0.8297872340425532,60.0,60.0,False,True,60.0,7.659574468085106,0.06382978723404255,True,True,0.17021276595744683,52.499999999999986,8.936170212765957,0.07446808510638298,0.17021276595744683,52.499999999999986,0.07446808510638298,1
Nutrition | r21_c10 | Friday,Nutrition,r21_c10,Friday,480.0,08:00-08:30,2,2,47,35,True,0.0425531914893617,0.0425531914893617,450.0,07:30-08:00,0.8297872340425532,30.0,30.0,False,True,30.0,1.2765957446808511,0.010638297872340425,True,True,0.17021276595744683,52.499999999999986,8.936170212765957,0.07446808510638298,0.17021276595744683,52.499999999999986,0.07446808510638298,2
Nutrition | r21_c10 | Monday,Nutrition,r21_c10,Monday,510.0,08:30-09:00,5,5,45,34,True,0.1111111111111111,0.1111111111111111,450.0,07:30-08:00,0.8444444444444444,60.0,60.0,False,True,60.0,6.666666666666666,0.05555555555555555,True,True,0.15555555555555556,51.42857142857143,8.0,0.06666666666666667,0.15555555555555556,51.42857142857143,0.06666666666666667,1
Nutrition | r21_c10 | Monday,Nutrition,r21_c10,Monday,480.0,08:00-08:30,2,2,45,34,True,0.044444444444444446,0.044444444444444446,450.0,07:30-08:00,0.8444444444444444,30.0,30.0,False,True,30.0,1.3333333333333335,0.011111111111111112,True,True,0.15555555555555556,51.42857142857143,8.0,0.06666666666666667,0.15555555555555556,51.42857142857143,0.06666666666666667,2
Nutrition | r21_c10 | Thursday,Nutrition,r21_c10,Thursday,510.0,08:30-09:00,6,6,46,35,True,0.13043478260869565,0.13043478260869565,450.0,07:30-08:00,0.8478260869565217,60.0,60.0,False,True,60.0,7.826086956521739,0.06521739130434782,True,True,0.15217391304347827,55.71428571428571,8.478260869565217,0.07065217391304347,0.15217391304347827,55.71428571428571,0.07065217391304347,1
Nutrition | r21_c10 | Thursday,Nutrition,r21_c10,Thursday,480.0,08:00-08:30,1,1,46,35,True,0.021739130434782608,0.021739130434782608,450.0,07:30-08:00,0.8478260869565217,30.0,30.0,False,True,30.0,0.6521739130434783,0.005434782608695652,True,True,0.15217391304347827,55.71428571428571,8.478260869565217,0.07065217391304347,0.15217391304347827,55.71428571428571,0.07065217391304347,2
Nutrition | r21_c10 | Tuesday,Nutrition,r21_c10,Tuesday,510.0,08:30-09:00,5,5,46,35,True,0.10869565217391304,0.10869565217391304,450.0,07:30-08:00,0.8478260869565217,60.0,60.0,False,True,60.0,6.521739130434782,0.05434782608695652,True,True,0.15217391304347827,59.99999999999999,9.130434782608695,0.07608695652173914,0.15217391304347827,59.99999999999999,0.07608695652173914,1
Nutrition | r21_c10 | Tuesday,Nutrition,r21_c10,Tuesday,480.0,08:00-08:30,1,1,46,35,True,0.021739130434782608,0.021739130434782608,450.0,07:30-08:00,0.8478260869565217,30.0,30.0,False,True,30.0,0.6521739130434783,0.005434782608695652,True,True,0.15217391304347827,59.99999999999999,9.130434782608695,0.07608695652173914,0.15217391304347827,59.99999999999999,0.07608695652173914,2
Nutrition | r21_c10 | Tuesday,Nutrition,r21_c10,Tuesday,540.0,09:00-09:30,1,1,46,35,True,0.021739130434782608,0.021739130434782608,450.0,07:30-08:00,0.8478260869565217,90.0,90.0,False,True,90.0,1.9565217391304348,0.016304347826086956,True,True,0.15217391304347827,59.99999999999999,9.130434782608695,0.07608695652173914,0.15217391304347827,59.99999999999999,0.07608695652173914,3
Nutrition | r21_c10 | Wednesday,Nutrition,r21_c10,Wednesday,510.0,08:30-09:00,6,6,51,36,True,0.11764705882352941,0.11764705882352941,450.0,07:30-08:00,0.8235294117647058,60.0,60.0,False,True,60.0,7.0588235294117645,0.058823529411764705,True,True,0.17647058823529416,89.99999999999999,15.882352941176471,0.11764705882352941,0.17647058823529416,89.99999999999999,0.11764705882352941,1
Nutrition | r21_c10 | Wednesday,Nutrition,r21_c10,Wednesday,600.0,10:00-10:30,3,1,51,36,True,0.058823529411764705,0.058823529411764705,450.0,07:30-08:00,0.8235294117647058,150.0,150.0,False,True,120.0,8.823529411764707,0.058823529411764705,True,True,0.17647058823529416,89.99999999999999,15.882352941176471,0.11764705882352941,0.17647058823529416,89.99999999999999,0.11764705882352941,2
Nutrition | r21_c11 | Friday,Nutrition,r21_c11,Friday,510.0,08:30-09:00,9,6,135,53,True,0.06666666666666667,0.06666666666666667,480.0,08:00-08:30,0.9111111111111111,30.0,30.0,False,True,30.0,2.0,0.016666666666666666,True,True,0.0888888888888889,34.99999999999999,3.111111111111111,0.025925925925925925,0.0888888888888889,34.99999999999999,0.025925925925925925,1
Nutrition | r21_c11 | Friday,Nutrition,r21_c11,Friday,420.0,07:00-07:30,2,1,135,53,True,0.014814814814814815,0.014814814814814815,480.0,08:00-08:30,0.9111111111111111,-60.0,60.0,False,True,60.0,0.888888888888889,0.007407407407407408,True,True,0.0888888888888889,34.99999999999999,3.111111111111111,0.025925925925925925,0.0888888888888889,34.99999999999999,0.025925925925925925,2
Nutrition | r21_c11 | Friday,Nutrition,r21_c11,Friday,450.0,07:30-08:00,1,1,135,53,True,0.007407407407407408,0.007407407407407408,480.0,08:00-08:30,0.9111111111111111,-30.0,30.0,False,True,30.0,0.22222222222222224,0.001851851851851852,True,True,0.0888888888888889,34.99999999999999,3.111111111111111,0.025925925925925925,0.0888888888888889,34.99999999999999,0.025925925925925925,3
Nutrition | r21_c11 | Monday,Nutrition,r21_c11,Monday,510.0,08:30-09:00,8,4,131,52,True,0.061068702290076333,0.061068702290076333,480.0,08:00-08:30,0.9389312977099237,30.0,30.0,False,True,30.0,1.83206106870229,0.015267175572519083,True,True,0.06106870229007633,30.000000000000004,1.83206106870229,0.015267175572519083,0.06106870229007633,30.000000000000004,0.015267175572519083,1
Nutrition | r21_c11 | Thursday,Nutrition,r21_c11,Thursday,510.0,08:30-09:00,7,5,87,52,True,0.08045977011494253,0.08045977011494253,480.0,08:00-08:30,0.8850574712643678,30.0,30.0,False,True,30.0,2.413793103448276,0.020114942528735632,True,True,0.11494252873563215,69.00000000000001,7.931034482758621,0.03735632183908046,0.11494252873563215,69.00000000000001,0.03735632183908046,1
Nutrition | r21_c11 | Thursday,Nutrition,r21_c11,Thursday,450.0,07:30-08:00,2,2,87,52,True,0.022988505747126436,0.022988505747126436,480.0,08:00-08:30,0.8850574712643678,-30.0,30.0,False,True,30.0,0.6896551724137931,0.00574712643678161,True,True,0.11494252873563215,69.00000000000001,7.931034482758621,0.03735632183908046,0.11494252873563215,69.00000000000001,0.03735632183908046,2
Nutrition | r21_c11 | Thursday,Nutrition,r21_c11,Thursday,900.0,15:00-15:30,1,1,87,52,True,0.011494252873563218,0.011494252873563218,480.0,08:00-08:30,0.8850574712643678,420.0,420.0,False,True,120.0,4.827586206896552,0.01149425287356322,True,True,0.11494252873563215,69.00000000000001,7.931034482758621,0.03735632183908046,0.11494252873563215,69.00000000000001,0.03735632183908046,3
Nutrition | r21_c11 | Tuesday,Nutrition,r21_c11,Tuesday,510.0,08:30-09:00,10,5,89,52,True,0.11235955056179775,0.11235955056179775,480.0,08:00-08:30,0.8651685393258427,30.0,30.0,False,True,30.0,3.3707865168539324,0.028089887640449437,True,True,0.1348314606741573,32.5,4.382022471910112,0.03651685393258427,0.1348314606741573,32.5,0.03651685393258427,1
Nutrition | r21_c11 | Tuesday,Nutrition,r21_c11,Tuesday,450.0,07:30-08:00,1,1,89,52,True,0.011235955056179775,0.011235955056179775,480.0,08:00-08:30,0.8651685393258427,-30.0,30.0,False,True,30.0,0.33707865168539325,0.0028089887640449437,True,True,0.1348314606741573,32.5,4.382022471910112,0.03651685393258427,0.1348314606741573,32.5,0.03651685393258427,2
Nutrition | r21_c11 | Tuesday,Nutrition,r21_c11,Tuesday,540.0,09:00-09:30,1,1,89,52,True,0.011235955056179775,0.011235955056179775,480.0,08:00-08:30,0.8651685393258427,60.0,60.0,False,True,60.0,0.6741573033707865,0.0056179775280898875,True,True,0.1348314606741573,32.5,4.382022471910112,0.03651685393258427,0.1348314606741573,32.5,0.03651685393258427,3
Nutrition | r21_c11 | Wednesday,Nutrition,r21_c11,Wednesday,510.0,08:30-09:00,14,7,162,52,True,0.08641975308641975,0.08641975308641975,480.0,08:00-08:30,0.8271604938271605,30.0,30.0,False,True,30.0,2.5925925925925926,0.021604938271604937,True,True,0.1728395061728395,58.92857142857142,10.185185185185183,0.06172839506172839,0.1728395061728395,58.92857142857142,0.06172839506172839,1
Nutrition | r21_c11 | Wednesday,Nutrition,r21_c11,Wednesday,450.0,07:30-08:00,10,3,162,52,True,0.06172839506172839,0.06172839506172839,480.0,08:00-08:30,0.8271604938271605,-30.0,30.0,False,True,30.0,1.8518518518518516,0.015432098765432096,True,True,0.1728395061728395,58.92857142857142,10.185185185185183,0.06172839506172839,0.1728395061728395,58.92857142857142,0.06172839506172839,2
Nutrition | r21_c11 | Wednesday,Nutrition,r21_c11,Wednesday,810.0,13:30-14:00,2,2,162,52,True,0.012345679012345678,0.012345679012345678,480.0,08:00-08:30,0.8271604938271605,330.0,330.0,False,True,120.0,4.0740740740740735,0.012345679012345678,True,True,0.1728395061728395,58.92857142857142,10.185185185185183,0.06172839506172839,0.1728395061728395,58.92857142857142,0.06172839506172839,3
Nutrition | r21_c11 | Wednesday,Nutrition,r21_c11,Wednesday,600.0,10:00-10:30,1,1,162,52,True,0.006172839506172839,0.006172839506172839,480.0,08:00-08:30,0.8271604938271605,120.0,120.0,False,True,120.0,0.7407407407407407,0.006172839506172839,True,True,0.1728395061728395,58.92857142857142,10.185185185185183,0.06172839506172839,0.1728395061728395,58.92857142857142,0.06172839506172839,4
Nutrition | r21_c11 | Wednesday,Nutrition,r21_c11,Wednesday,630.0,10:30-11:00,1,1,162,52,True,0.006172839506172839,0.006172839506172839,480.0,08:00-08:30,0.8271604938271605,150.0,150.0,False,True,120.0,0.9259259259259258,0.006172839506172839,True,True,0.1728395061728395,58.92857142857142,10.185185185185183,0.06172839506172839,0.1728395061728395,58.92857142857142,0.06172839506172839,5
Nutrition | r21_c12 | Friday,Nutrition,r21_c12,Friday,780.0,13:00-13:30,172,45,755,53,True,0.22781456953642384,0.22781456953642384,750.0,12:30-13:00,0.6966887417218544,30.0,30.0,False,True,30.0,6.8344370860927155,0.05695364238410596,True,True,0.30331125827814565,72.9694323144105,22.132450331125828,0.11788079470198676,0.30331125827814565,72.9694323144105,0.11788079470198676,1
Nutrition | r21_c12 | Friday,Nutrition,r21_c12,Friday,480.0,08:00-08:30,37,35,755,53,True,0.04900662251655629,0.04900662251655629,750.0,12:30-13:00,0.6966887417218544,-270.0,270.0,False,True,120.0,13.2317880794702,0.04900662251655629,True,True,0.30331125827814565,72.9694323144105,22.132450331125828,0.11788079470198676,0.30331125827814565,72.9694323144105,0.11788079470198676,2
Nutrition | r21_c12 | Friday,Nutrition,r21_c12,Friday,720.0,12:00-12:30,12,2,755,53,True,0.015894039735099338,0.015894039735099338,750.0,12:30-13:00,0.6966887417218544,-30.0,30.0,False,True,30.0,0.4768211920529801,0.003973509933774834,True,True,0.30331125827814565,72.9694323144105,22.132450331125828,0.11788079470198676,0.30331125827814565,72.9694323144105,0.11788079470198676,3
Nutrition | r21_c12 | Friday,Nutrition,r21_c12,Friday,510.0,08:30-09:00,4,2,755,53,True,0.005298013245033113,0.005298013245033113,750.0,12:30-13:00,0.6966887417218544,-240.0,240.0,False,True,120.0,1.271523178807947,0.005298013245033113,True,True,0.30331125827814565,72.9694323144105,22.132450331125828,0.11788079470198676,0.30331125827814565,72.9694323144105,0.11788079470198676,4
Nutrition | r21_c12 | Friday,Nutrition,r21_c12,Friday,810.0,13:30-14:00,3,2,755,53,True,0.003973509933774834,0.003973509933774834,750.0,12:30-13:00,0.6966887417218544,60.0,60.0,False,True,60.0,0.23841059602649006,0.001986754966887417,True,True,0.30331125827814565,72.9694323144105,22.132450331125828,0.11788079470198676,0.30331125827814565,72.9694323144105,0.11788079470198676,5
Nutrition | r21_c12 | Friday,Nutrition,r21_c12,Friday,690.0,11:30-12:00,1,1,755,53,True,0.0013245033112582781,0.0013245033112582781,750.0,12:30-13:00,0.6966887417218544,-60.0,60.0,False,True,60.0,0.07947019867549669,0.0006622516556291391,True,True,0.30331125827814565,72.9694323144105,22.132450331125828,0.11788079470198676,0.30331125827814565,72.9694323144105,0.11788079470198676,6
Nutrition | r21_c12 | Monday,Nutrition,r21_c12,Monday,780.0,13:00-13:30,361,52,848,52,True,0.4257075471698113,0.4257075471698113,750.0,12:30-13:00,0.5224056603773585,30.0,30.0,False,True,30.0,12.77122641509434,0.10642688679245284,True,True,0.47759433962264153,53.77777777777778,25.683962264150946,0.15625,0.47759433962264153,53.77777777777778,0.15625,1
Nutrition | r21_c12 | Monday,Nutrition,r21_c12,Monday,480.0,08:00-08:30,36,35,848,52,True,0.04245283018867924,0.04245283018867924,750.0,12:30-13:00,0.5224056603773585,-270.0,270.0,False,True,120.0,11.462264150943396,0.04245283018867924,True,True,0.47759433962264153,53.77777777777778,25.683962264150946,0.15625,0.47759433962264153,53.77777777777778,0.15625,2
Nutrition | r21_c12 | Monday,Nutrition,r21_c12,Monday,510.0,08:30-09:00,4,2,848,52,True,0.0047169811320754715,0.0047169811320754715,750.0,12:30-13:00,0.5224056603773585,-240.0,240.0,False,True,120.0,1.1320754716981132,0.0047169811320754715,True,True,0.47759433962264153,53.77777777777778,25.683962264150946,0.15625,0.47759433962264153,53.77777777777778,0.15625,3
Nutrition | r21_c12 | Monday,Nutrition,r21_c12,Monday,810.0,13:30-14:00,3,1,848,52,True,0.003537735849056604,0.003537735849056604,750.0,12:30-13:00,0.5224056603773585,60.0,60.0,False,True,60.0,0.21226415094339623,0.001768867924528302,True,True,0.47759433962264153,53.77777777777778,25.683962264150946,0.15625,0.47759433962264153,53.77777777777778,0.15625,4
Nutrition | r21_c12 | Monday,Nutrition,r21_c12,Monday,840.0,14:00-14:30,1,1,848,52,True,0.0011792452830188679,0.0011792452830188679,750.0,12:30-13:00,0.5224056603773585,90.0,90.0,False,True,90.0,0.1061320754716981,0.0008844339622641509,True,True,0.47759433962264153,53.77777777777778,25.683962264150946,0.15625,0.47759433962264153,53.77777777777778,0.15625,5
Nutrition | r21_c12 | Thursday,Nutrition,r21_c12,Thursday,750.0,12:30-13:00,347,52,764,52,True,0.45418848167539266,0.45418848167539266,780.0,13:00-13:30,0.47513089005235604,-30.0,30.0,False,True,30.0,13.62565445026178,0.11354712041884817,True,True,0.5248691099476439,56.25935162094763,29.52879581151832,0.17408376963350786,0.5248691099476439,56.25935162094763,0.17408376963350786,1
Nutrition | r21_c12 | Thursday,Nutrition,r21_c12,Thursday,480.0,08:00-08:30,35,34,764,52,True,0.04581151832460733,0.04581151832460733,780.0,13:00-13:30,0.47513089005235604,-300.0,300.0,False,True,120.0,13.743455497382199,0.04581151832460733,True,True,0.5248691099476439,56.25935162094763,29.52879581151832,0.17408376963350786,0.5248691099476439,56.25935162094763,0.17408376963350786,2
Nutrition | r21_c12 | Thursday,Nutrition,r21_c12,Thursday,810.0,13:30-14:00,8,3,764,52,True,0.010471204188481676,0.010471204188481676,780.0,13:00-13:30,0.47513089005235604,30.0,30.0,False,True,30.0,0.31413612565445026,0.002617801047120419,True,True,0.5248691099476439,56.25935162094763,29.52879581151832,0.17408376963350786,0.5248691099476439,56.25935162094763,0.17408376963350786,3
Nutrition | r21_c12 | Thursday,Nutrition,r21_c12,Thursday,690.0,11:30-12:00,7,2,764,52,True,0.009162303664921465,0.009162303664921465,780.0,13:00-13:30,0.47513089005235604,-90.0,90.0,False,True,90.0,0.8246073298429318,0.006871727748691099,True,True,0.5248691099476439,56.25935162094763,29.52879581151832,0.17408376963350786,0.5248691099476439,56.25935162094763,0.17408376963350786,4
Nutrition | r21_c12 | Thursday,Nutrition,r21_c12,Thursday,510.0,08:30-09:00,2,1,764,52,True,0.002617801047120419,0.002617801047120419,780.0,13:00-13:30,0.47513089005235604,-270.0,270.0,False,True,120.0,0.7068062827225131,0.002617801047120419,True,True,0.5248691099476439,56.25935162094763,29.52879581151832,0.17408376963350786,0.5248691099476439,56.25935162094763,0.17408376963350786,5
Nutrition | r21_c12 | Thursday,Nutrition,r21_c12,Thursday,660.0,11:00-11:30,2,1,764,52,True,0.002617801047120419,0.002617801047120419,780.0,13:00-13:30,0.47513089005235604,-120.0,120.0,False,True,120.0,0.31413612565445026,0.002617801047120419,True,True,0.5248691099476439,56.25935162094763,29.52879581151832,0.17408376963350786,0.5248691099476439,56.25935162094763,0.17408376963350786,6
Nutrition | r21_c12 | Tuesday,Nutrition,r21_c12,Tuesday,750.0,12:30-13:00,346,52,839,52,True,0.4123957091775924,0.4123957091775924,780.0,13:00-13:30,0.5077473182359953,-30.0,30.0,False,True,30.0,12.371871275327772,0.1030989272943981,True,True,0.4922526817640047,59.05569007263924,29.070321811680575,0.17014302741358758,0.4922526817640047,59.05569007263924,0.17014302741358758,1
Nutrition | r21_c12 | Tuesday,Nutrition,r21_c12,Tuesday,480.0,08:00-08:30,36,34,839,52,True,0.04290822407628129,0.04290822407628129,780.0,13:00-13:30,0.5077473182359953,-300.0,300.0,False,True,120.0,12.872467222884387,0.04290822407628129,True,True,0.4922526817640047,59.05569007263924,29.070321811680575,0.17014302741358758,0.4922526817640047,59.05569007263924,0.17014302741358758,2
Nutrition | r21_c12 | Tuesday,Nutrition,r21_c12,Tuesday,870.0,14:30-15:00,15,1,839,52,True,0.017878426698450536,0.017878426698450536,780.0,13:00-13:30,0.5077473182359953,90.0,90.0,False,True,90.0,1.6090584028605484,0.013408820023837902,True,True,0.4922526817640047,59.05569007263924,29.070321811680575,0.17014302741358758,0.4922526817640047,59.05569007263924,0.17014302741358758,3
Nutrition | r21_c12 | Tuesday,Nutrition,r21_c12,Tuesday,810.0,13:30-14:00,8,4,839,52,True,0.009535160905840286,0.009535160905840286,780.0,13:00-13:30,0.5077473182359953,30.0,30.0,False,True,30.0,0.2860548271752086,0.0023837902264600714,True,True,0.4922526817640047,59.05569007263924,29.070321811680575,0.17014302741358758,0.4922526817640047,59.05569007263924,0.17014302741358758,4
Nutrition | r21_c12 | Tuesday,Nutrition,r21_c12,Tuesday,510.0,08:30-09:00,4,2,839,52,True,0.004767580452920143,0.004767580452920143,780.0,13:00-13:30,0.5077473182359953,-270.0,270.0,False,True,120.0,1.2872467222884385,0.004767580452920143,True,True,0.4922526817640047,59.05569007263924,29.070321811680575,0.17014302741358758,0.4922526817640047,59.05569007263924,0.17014302741358758,5
Nutrition | r21_c12 | Tuesday,Nutrition,r21_c12,Tuesday,570.0,09:30-10:00,2,1,839,52,True,0.0023837902264600714,0.0023837902264600714,780.0,13:00-13:30,0.5077473182359953,-210.0,210.0,False,True,120.0,0.500595947556615,0.0023837902264600714,True,True,0.4922526817640047,59.05569007263924,29.070321811680575,0.17014302741358758,0.4922526817640047,59.05569007263924,0.17014302741358758,6
Nutrition | r21_c12 | Tuesday,Nutrition,r21_c12,Tuesday,840.0,14:00-14:30,2,1,839,52,True,0.0023837902264600714,0.0023837902264600714,780.0,13:00-13:30,0.5077473182359953,60.0,60.0,False,True,60.0,0.1430274135876043,0.0011918951132300357,True,True,0.4922526817640047,59.05569007263924,29.070321811680575,0.17014302741358758,0.4922526817640047,59.05569007263924,0.17014302741358758,7
Nutrition | r21_c12 | Wednesday,Nutrition,r21_c12,Wednesday,780.0,13:00-13:30,389,52,975,52,True,0.39897435897435896,0.39897435897435896,750.0,12:30-13:00,0.5333333333333333,30.0,30.0,False,True,30.0,11.96923076923077,0.09974358974358974,True,True,0.4666666666666667,54.065934065934066,25.23076923076923,0.1553846153846154,0.4666666666666667,54.065934065934066,0.1553846153846154,1
Nutrition | r21_c12 | Wednesday,Nutrition,r21_c12,Wednesday,480.0,08:00-08:30,36,34,975,52,True,0.036923076923076927,0.036923076923076927,750.0,12:30-13:00,0.5333333333333333,-270.0,270.0,False,True,120.0,9.96923076923077,0.036923076923076927,True,True,0.4666666666666667,54.065934065934066,25.23076923076923,0.1553846153846154,0.4666666666666667,54.065934065934066,0.1553846153846154,2
Nutrition | r21_c12 | Wednesday,Nutrition,r21_c12,Wednesday,810.0,13:30-14:00,22,5,975,52,True,0.022564102564102566,0.022564102564102566,750.0,12:30-13:00,0.5333333333333333,60.0,60.0,False,True,60.0,1.353846153846154,0.011282051282051283,True,True,0.4666666666666667,54.065934065934066,25.23076923076923,0.1553846153846154,0.4666666666666667,54.065934065934066,0.1553846153846154,3
Nutrition | r21_c12 | Wednesday,Nutrition,r21_c12,Wednesday,510.0,08:30-09:00,4,2,975,52,True,0.0041025641025641026,0.0041025641025641026,750.0,12:30-13:00,0.5333333333333333,-240.0,240.0,False,True,120.0,0.9846153846153847,0.0041025641025641026,True,True,0.4666666666666667,54.065934065934066,25.23076923076923,0.1553846153846154,0.4666666666666667,54.065934065934066,0.1553846153846154,4
Nutrition | r21_c12 | Wednesday,Nutrition,r21_c12,Wednesday,450.0,07:30-08:00,3,1,975,52,True,0.003076923076923077,0.003076923076923077,750.0,12:30-13:00,0.5333333333333333,-300.0,300.0,False,True,120.0,0.9230769230769231,0.003076923076923077,True,True,0.4666666666666667,54.065934065934066,25.23076923076923,0.1553846153846154,0.4666666666666667,54.065934065934066,0.1553846153846154,5
Nutrition | r21_c12 | Wednesday,Nutrition,r21_c12,Wednesday,720.0,12:00-12:30,1,1,975,52,True,0.0010256410256410256,0.0010256410256410256,750.0,12:30-13:00,0.5333333333333333,-30.0,30.0,False,True,30.0,0.03076923076923077,0.0002564102564102564,True,True,0.4666666666666667,54.065934065934066,25.23076923076923,0.1553846153846154,0.4666666666666667,54.065934065934066,0.1553846153846154,6
Nutrition | r21_c4 | Friday,Nutrition,r21_c4,Friday,450.0,07:30-08:00,20,20,45,43,True,0.4444444444444444,0.4444444444444444,420.0,07:00-07:30,0.5555555555555556,30.0,30.0,False,True,30.0,13.333333333333332,0.1111111111111111,True,True,0.4444444444444444,30.0,13.333333333333332,0.1111111111111111,0.4444444444444444,30.0,0.1111111111111111,1
Nutrition | r21_c4 | Monday,Nutrition,r21_c4,Monday,450.0,07:30-08:00,20,20,46,44,True,0.43478260869565216,0.43478260869565216,420.0,07:00-07:30,0.5652173913043478,30.0,30.0,False,True,30.0,13.043478260869565,0.10869565217391304,True,True,0.4347826086956522,29.999999999999996,13.043478260869565,0.10869565217391304,0.4347826086956522,29.999999999999996,0.10869565217391304,1
Nutrition | r21_c4 | Thursday,Nutrition,r21_c4,Thursday,450.0,07:30-08:00,19,19,45,43,True,0.4222222222222222,0.4222222222222222,420.0,07:00-07:30,0.5777777777777777,30.0,30.0,False,True,30.0,12.666666666666666,0.10555555555555556,True,True,0.4222222222222223,29.999999999999996,12.666666666666666,0.10555555555555556,0.4222222222222223,29.999999999999996,0.10555555555555556,1
Nutrition | r21_c4 | Tuesday,Nutrition,r21_c4,Tuesday,450.0,07:30-08:00,20,20,46,44,True,0.43478260869565216,0.43478260869565216,420.0,07:00-07:30,0.5652173913043478,30.0,30.0,False,True,30.0,13.043478260869565,0.10869565217391304,True,True,0.4347826086956522,29.999999999999996,13.043478260869565,0.10869565217391304,0.4347826086956522,29.999999999999996,0.10869565217391304,1
Nutrition | r21_c4 | Wednesday,Nutrition,r21_c4,Wednesday,450.0,07:30-08:00,19,19,50,43,True,0.38,0.38,420.0,07:00-07:30,0.58,30.0,30.0,False,True,30.0,11.4,0.095,True,True,0.42000000000000004,29.999999999999996,12.6,0.105,0.42000000000000004,29.999999999999996,0.105,1
Nutrition | r21_c4 | Wednesday,Nutrition,r21_c4,Wednesday,390.0,06:30-07:00,2,1,50,43,True,0.04,0.04,420.0,07:00-07:30,0.58,-30.0,30.0,False,True,30.0,1.2,0.01,True,True,0.42000000000000004,29.999999999999996,12.6,0.105,0.42000000000000004,29.999999999999996,0.105,2
Nutrition | r21_c8 | Friday,Nutrition,r21_c8,Friday,480.0,08:00-08:30,6,4,59,53,True,0.1016949152542373,0.1016949152542373,510.0,08:30-09:00,0.8983050847457628,-30.0,30.0,False,True,30.0,3.050847457627119,0.025423728813559324,True,True,0.10169491525423724,30.000000000000018,3.050847457627119,0.025423728813559324,0.10169491525423724,30.000000000000018,0.025423728813559324,1
Nutrition | r21_c8 | Monday,Nutrition,r21_c8,Monday,480.0,08:00-08:30,6,4,58,52,True,0.10344827586206896,0.10344827586206896,510.0,08:30-09:00,0.896551724137931,-30.0,30.0,False,True,30.0,3.103448275862069,0.02586206896551724,True,True,0.10344827586206895,30.000000000000004,3.103448275862069,0.02586206896551724,0.10344827586206895,30.000000000000004,0.02586206896551724,1
Nutrition | r21_c8 | Thursday,Nutrition,r21_c8,Thursday,480.0,08:00-08:30,29,27,126,52,True,0.23015873015873015,0.23015873015873015,510.0,08:30-09:00,0.7698412698412699,-30.0,30.0,False,True,30.0,6.904761904761904,0.057539682539682536,True,True,0.23015873015873012,30.000000000000004,6.904761904761904,0.057539682539682536,0.23015873015873012,30.000000000000004,0.057539682539682536,1
Nutrition | r21_c8 | Tuesday,Nutrition,r21_c8,Tuesday,480.0,08:00-08:30,30,26,128,52,True,0.234375,0.234375,510.0,08:30-09:00,0.765625,-30.0,30.0,False,True,30.0,7.03125,0.05859375,True,True,0.234375,30.0,7.03125,0.05859375,0.234375,30.0,0.05859375,1
Nutrition | r21_c8 | Wednesday,Nutrition,r21_c8,Wednesday,480.0,08:00-08:30,7,4,108,52,True,0.06481481481481481,0.06481481481481481,510.0,08:30-09:00,0.8981481481481481,-30.0,30.0,False,True,30.0,1.9444444444444444,0.016203703703703703,True,True,0.10185185185185186,43.63636363636363,4.444444444444445,0.037037037037037035,0.10185185185185186,43.63636363636363,0.037037037037037035,1
Nutrition | r21_c8 | Wednesday,Nutrition,r21_c8,Wednesday,450.0,07:30-08:00,3,1,108,52,True,0.027777777777777776,0.027777777777777776,510.0,08:30-09:00,0.8981481481481481,-60.0,60.0,False,True,60.0,1.6666666666666665,0.013888888888888888,True,True,0.10185185185185186,43.63636363636363,4.444444444444445,0.037037037037037035,0.10185185185185186,43.63636363636363,0.037037037037037035,2
Nutrition | r21_c8 | Wednesday,Nutrition,r21_c8,Wednesday,420.0,07:00-07:30,1,1,108,52,True,0.009259259259259259,0.009259259259259259,510.0,08:30-09:00,0.8981481481481481,-90.0,90.0,False,True,90.0,0.8333333333333333,0.006944444444444444,True,True,0.10185185185185186,43.63636363636363,4.444444444444445,0.037037037037037035,0.10185185185185186,43.63636363636363,0.037037037037037035,3
Nutrition | r21_c9 | Friday,Nutrition,r21_c9,Friday,510.0,08:30-09:00,13,9,35,25,True,0.37142857142857144,0.37142857142857144,480.0,08:00-08:30,0.5428571428571428,30.0,30.0,False,True,30.0,11.142857142857142,0.09285714285714285,True,True,0.4571428571428572,33.75,15.428571428571429,0.12857142857142856,0.4571428571428572,33.75,0.12857142857142856,1
Nutrition | r21_c9 | Friday,Nutrition,r21_c9,Friday,540.0,09:00-09:30,2,2,35,25,True,0.05714285714285714,0.05714285714285714,480.0,08:00-08:30,0.5428571428571428,60.0,60.0,False,True,60.0,3.4285714285714284,0.02857142857142857,True,True,0.4571428571428572,33.75,15.428571428571429,0.12857142857142856,0.4571428571428572,33.75,0.12857142857142856,2
Nutrition | r21_c9 | Friday,Nutrition,r21_c9,Friday,450.0,07:30-08:00,1,1,35,25,True,0.02857142857142857,0.02857142857142857,480.0,08:00-08:30,0.5428571428571428,-30.0,30.0,False,True,30.0,0.8571428571428571,0.007142857142857143,True,True,0.4571428571428572,33.75,15.428571428571429,0.12857142857142856,0.4571428571428572,33.75,0.12857142857142856,3
Nutrition | r21_c9 | Monday,Nutrition,r21_c9,Monday,510.0,08:30-09:00,13,9,33,25,True,0.3939393939393939,0.3939393939393939,480.0,08:00-08:30,0.5454545454545454,30.0,30.0,False,True,30.0,11.818181818181818,0.09848484848484848,True,True,0.4545454545454546,34.0,15.454545454545455,0.12878787878787878,0.4545454545454546,34.0,0.12878787878787878,1
Nutrition | r21_c9 | Monday,Nutrition,r21_c9,Monday,540.0,09:00-09:30,2,2,33,25,True,0.06060606060606061,0.06060606060606061,480.0,08:00-08:30,0.5454545454545454,60.0,60.0,False,True,60.0,3.6363636363636367,0.030303030303030307,True,True,0.4545454545454546,34.0,15.454545454545455,0.12878787878787878,0.4545454545454546,34.0,0.12878787878787878,2
Nutrition | r21_c9 | Thursday,Nutrition,r21_c9,Thursday,480.0,08:00-08:30,21,20,53,34,True,0.39622641509433965,0.39622641509433965,510.0,08:30-09:00,0.5660377358490566,-30.0,30.0,False,True,30.0,11.88679245283019,0.09905660377358491,True,True,0.4339622641509434,30.0,13.018867924528303,0.10849056603773585,0.4339622641509434,30.0,0.10849056603773585,1
Nutrition | r21_c9 | Thursday,Nutrition,r21_c9,Thursday,540.0,09:00-09:30,2,2,53,34,True,0.03773584905660377,0.03773584905660377,510.0,08:30-09:00,0.5660377358490566,30.0,30.0,False,True,30.0,1.1320754716981132,0.009433962264150943,True,True,0.4339622641509434,30.0,13.018867924528303,0.10849056603773585,0.4339622641509434,30.0,0.10849056603773585,2
Nutrition | r21_c9 | Tuesday,Nutrition,r21_c9,Tuesday,480.0,08:00-08:30,18,18,52,35,True,0.34615384615384615,0.34615384615384615,510.0,08:30-09:00,0.5576923076923077,-30.0,30.0,False,True,30.0,10.384615384615385,0.08653846153846154,True,True,0.4423076923076923,30.000000000000004,13.26923076923077,0.11057692307692307,0.4423076923076923,30.000000000000004,0.11057692307692307,1
Nutrition | r21_c9 | Tuesday,Nutrition,r21_c9,Tuesday,540.0,09:00-09:30,5,5,52,35,True,0.09615384615384616,0.09615384615384616,510.0,08:30-09:00,0.5576923076923077,30.0,30.0,False,True,30.0,2.8846153846153846,0.02403846153846154,True,True,0.4423076923076923,30.000000000000004,13.26923076923077,0.11057692307692307,0.4423076923076923,30.000000000000004,0.11057692307692307,2
Nutrition | r21_c9 | Wednesday,Nutrition,r21_c9,Wednesday,480.0,08:00-08:30,20,20,47,34,True,0.425531914893617,0.425531914893617,510.0,08:30-09:00,0.48936170212765956,-30.0,30.0,False,True,30.0,12.76595744680851,0.10638297872340426,True,True,0.5106382978723405,31.249999999999993,15.957446808510637,0.13297872340425532,0.5106382978723405,31.249999999999993,0.13297872340425532,1
Nutrition | r21_c9 | Wednesday,Nutrition,r21_c9,Wednesday,540.0,09:00-09:30,3,3,47,34,True,0.06382978723404255,0.06382978723404255,510.0,08:30-09:00,0.48936170212765956,30.0,30.0,False,True,30.0,1.9148936170212765,0.015957446808510637,True,True,0.5106382978723405,31.249999999999993,15.957446808510637,0.13297872340425532,0.5106382978723405,31.249999999999993,0.13297872340425532,2
Nutrition | r21_c9 | Wednesday,Nutrition,r21_c9,Wednesday,570.0,09:30-10:00,1,1,47,34,True,0.02127659574468085,0.02127659574468085,510.0,08:30-09:00,0.48936170212765956,60.0,60.0,False,True,60.0,1.2765957446808511,0.010638297872340425,True,True,0.5106382978723405,31.249999999999993,15.957446808510637,0.13297872340425532,0.5106382978723405,31.249999999999993,0.13297872340425532,3
Nutrition | r22_c10 | Friday,Nutrition,r22_c10,Friday,450.0,07:30-08:00,1,1,70,53,True,0.014285714285714285,0.014285714285714285,480.0,08:00-08:30,0.9857142857142858,-30.0,30.0,False,True,30.0,0.42857142857142855,0.0035714285714285713,True,True,0.014285714285714235,30.000000000000107,0.42857142857142855,0.0035714285714285713,0.014285714285714235,30.000000000000107,0.0035714285714285713,1
Nutrition | r22_c10 | Thursday,Nutrition,r22_c10,Thursday,750.0,12:30-13:00,1,1,67,52,True,0.014925373134328358,0.014925373134328358,480.0,08:00-08:30,0.9850746268656716,270.0,270.0,False,True,120.0,4.029850746268656,0.014925373134328358,True,True,0.014925373134328401,269.9999999999992,4.029850746268656,0.014925373134328358,0.014925373134328401,269.9999999999992,0.014925373134328358,1
Nutrition | r22_c10 | Wednesday,Nutrition,r22_c10,Wednesday,600.0,10:00-10:30,4,3,72,52,True,0.05555555555555555,0.05555555555555555,480.0,08:00-08:30,0.9305555555555556,120.0,120.0,False,True,120.0,6.666666666666666,0.05555555555555555,True,True,0.06944444444444442,102.00000000000003,7.083333333333333,0.059027777777777776,0.06944444444444442,102.00000000000003,0.059027777777777776,1
Nutrition | r22_c10 | Wednesday,Nutrition,r22_c10,Wednesday,450.0,07:30-08:00,1,1,72,52,True,0.013888888888888888,0.013888888888888888,480.0,08:00-08:30,0.9305555555555556,-30.0,30.0,False,True,30.0,0.41666666666666663,0.003472222222222222,True,True,0.06944444444444442,102.00000000000003,7.083333333333333,0.059027777777777776,0.06944444444444442,102.00000000000003,0.059027777777777776,2
Nutrition | r22_c11 | Friday,Nutrition,r22_c11,Friday,450.0,07:30-08:00,59,53,230,53,True,0.2565217391304348,0.2565217391304348,480.0,08:00-08:30,0.6521739130434783,-30.0,30.0,False,True,30.0,7.695652173913044,0.0641304347826087,True,True,0.34782608695652173,36.0,12.521739130434781,0.10434782608695653,0.34782608695652173,36.0,0.10434782608695653,1
Nutrition | r22_c11 | Friday,Nutrition,r22_c11,Friday,540.0,09:00-09:30,16,12,230,53,True,0.06956521739130435,0.06956521739130435,480.0,08:00-08:30,0.6521739130434783,60.0,60.0,False,True,60.0,4.173913043478261,0.034782608695652174,True,True,0.34782608695652173,36.0,12.521739130434781,0.10434782608695653,0.34782608695652173,36.0,0.10434782608695653,2
Nutrition | r22_c11 | Friday,Nutrition,r22_c11,Friday,510.0,08:30-09:00,5,5,230,53,True,0.021739130434782608,0.021739130434782608,480.0,08:00-08:30,0.6521739130434783,30.0,30.0,False,True,30.0,0.6521739130434783,0.005434782608695652,True,True,0.34782608695652173,36.0,12.521739130434781,0.10434782608695653,0.34782608695652173,36.0,0.10434782608695653,3
Nutrition | r22_c11 | Monday,Nutrition,r22_c11,Monday,450.0,07:30-08:00,57,52,226,52,True,0.252212389380531,0.252212389380531,480.0,08:00-08:30,0.6460176991150443,-30.0,30.0,False,True,30.0,7.566371681415929,0.06305309734513274,True,True,0.35398230088495575,35.25,12.47787610619469,0.10398230088495575,0.35398230088495575,35.25,0.10398230088495575,1
Nutrition | r22_c11 | Monday,Nutrition,r22_c11,Monday,540.0,09:00-09:30,14,12,226,52,True,0.061946902654867256,0.061946902654867256,480.0,08:00-08:30,0.6460176991150443,60.0,60.0,False,True,60.0,3.7168141592920354,0.030973451327433628,True,True,0.35398230088495575,35.25,12.47787610619469,0.10398230088495575,0.35398230088495575,35.25,0.10398230088495575,2
Nutrition | r22_c11 | Monday,Nutrition,r22_c11,Monday,510.0,08:30-09:00,9,6,226,52,True,0.03982300884955752,0.03982300884955752,480.0,08:00-08:30,0.6460176991150443,30.0,30.0,False,True,30.0,1.1946902654867257,0.00995575221238938,True,True,0.35398230088495575,35.25,12.47787610619469,0.10398230088495575,0.35398230088495575,35.25,0.10398230088495575,3
Nutrition | r22_c11 | Thursday,Nutrition,r22_c11,Thursday,450.0,07:30-08:00,33,31,194,52,True,0.17010309278350516,0.17010309278350516,480.0,08:00-08:30,0.7319587628865979,-30.0,30.0,False,True,30.0,5.103092783505155,0.04252577319587629,True,True,0.2680412371134021,40.38461538461538,10.824742268041238,0.09020618556701031,0.2680412371134021,40.38461538461538,0.09020618556701031,1
Nutrition | r22_c11 | Thursday,Nutrition,r22_c11,Thursday,540.0,09:00-09:30,16,12,194,52,True,0.08247422680412371,0.08247422680412371,480.0,08:00-08:30,0.7319587628865979,60.0,60.0,False,True,60.0,4.948453608247423,0.041237113402061855,True,True,0.2680412371134021,40.38461538461538,10.824742268041238,0.09020618556701031,0.2680412371134021,40.38461538461538,0.09020618556701031,2
Nutrition | r22_c11 | Thursday,Nutrition,r22_c11,Thursday,510.0,08:30-09:00,2,2,194,52,True,0.010309278350515464,0.010309278350515464,480.0,08:00-08:30,0.7319587628865979,30.0,30.0,False,True,30.0,0.30927835051546393,0.002577319587628866,True,True,0.2680412371134021,40.38461538461538,10.824742268041238,0.09020618556701031,0.2680412371134021,40.38461538461538,0.09020618556701031,3
Nutrition | r22_c11 | Thursday,Nutrition,r22_c11,Thursday,570.0,09:30-10:00,1,1,194,52,True,0.005154639175257732,0.005154639175257732,480.0,08:00-08:30,0.7319587628865979,90.0,90.0,False,True,90.0,0.4639175257731959,0.003865979381443299,True,True,0.2680412371134021,40.38461538461538,10.824742268041238,0.09020618556701031,0.2680412371134021,40.38461538461538,0.09020618556701031,4
Nutrition | r22_c11 | Tuesday,Nutrition,r22_c11,Tuesday,450.0,07:30-08:00,31,29,202,52,True,0.15346534653465346,0.15346534653465346,480.0,08:00-08:30,0.7178217821782178,-30.0,30.0,False,True,30.0,4.603960396039604,0.038366336633663366,True,True,0.2821782178217822,39.47368421052631,11.138613861386137,0.09282178217821782,0.2821782178217822,39.47368421052631,0.09282178217821782,1
Nutrition | r22_c11 | Tuesday,Nutrition,r22_c11,Tuesday,540.0,09:00-09:30,18,12,202,52,True,0.0891089108910891,0.0891089108910891,480.0,08:00-08:30,0.7178217821782178,60.0,60.0,False,True,60.0,5.346534653465346,0.04455445544554455,True,True,0.2821782178217822,39.47368421052631,11.138613861386137,0.09282178217821782,0.2821782178217822,39.47368421052631,0.09282178217821782,2
Nutrition | r22_c11 | Tuesday,Nutrition,r22_c11,Tuesday,510.0,08:30-09:00,8,7,202,52,True,0.039603960396039604,0.039603960396039604,480.0,08:00-08:30,0.7178217821782178,30.0,30.0,False,True,30.0,1.188118811881188,0.009900990099009901,True,True,0.2821782178217822,39.47368421052631,11.138613861386137,0.09282178217821782,0.2821782178217822,39.47368421052631,0.09282178217821782,3
Nutrition | r22_c11 | Wednesday,Nutrition,r22_c11,Wednesday,450.0,07:30-08:00,64,52,232,52,True,0.27586206896551724,0.27586206896551724,480.0,08:00-08:30,0.625,-30.0,30.0,False,True,30.0,8.275862068965518,0.06896551724137931,True,True,0.375,35.862068965517246,13.448275862068966,0.11206896551724138,0.375,35.862068965517246,0.11206896551724138,1
Nutrition | r22_c11 | Wednesday,Nutrition,r22_c11,Wednesday,540.0,09:00-09:30,17,13,232,52,True,0.07327586206896551,0.07327586206896551,480.0,08:00-08:30,0.625,60.0,60.0,False,True,60.0,4.396551724137931,0.036637931034482756,True,True,0.375,35.862068965517246,13.448275862068966,0.11206896551724138,0.375,35.862068965517246,0.11206896551724138,2
Nutrition | r22_c11 | Wednesday,Nutrition,r22_c11,Wednesday,510.0,08:30-09:00,6,5,232,52,True,0.02586206896551724,0.02586206896551724,480.0,08:00-08:30,0.625,30.0,30.0,False,True,30.0,0.7758620689655172,0.00646551724137931,True,True,0.375,35.862068965517246,13.448275862068966,0.11206896551724138,0.375,35.862068965517246,0.11206896551724138,3
Nutrition | r22_c12 | Friday,Nutrition,r22_c12,Friday,510.0,08:30-09:00,153,43,453,53,True,0.33774834437086093,0.33774834437086093,450.0,07:30-08:00,0.45474613686534215,60.0,60.0,False,True,60.0,20.264900662251655,0.16887417218543047,True,True,0.5452538631346578,64.85829959514169,35.36423841059602,0.25055187637969095,0.5452538631346578,64.85829959514169,0.25055187637969095,1
Nutrition | r22_c12 | Friday,Nutrition,r22_c12,Friday,480.0,08:00-08:30,71,44,453,53,True,0.15673289183222958,0.15673289183222958,450.0,07:30-08:00,0.45474613686534215,30.0,30.0,False,True,30.0,4.701986754966887,0.039183222958057394,True,True,0.5452538631346578,64.85829959514169,35.36423841059602,0.25055187637969095,0.5452538631346578,64.85829959514169,0.25055187637969095,2
Nutrition | r22_c12 | Friday,Nutrition,r22_c12,Friday,720.0,12:00-12:30,11,1,453,53,True,0.024282560706401765,0.024282560706401765,450.0,07:30-08:00,0.45474613686534215,270.0,270.0,False,True,120.0,6.556291390728477,0.024282560706401765,True,True,0.5452538631346578,64.85829959514169,35.36423841059602,0.25055187637969095,0.5452538631346578,64.85829959514169,0.25055187637969095,3
Nutrition | r22_c12 | Friday,Nutrition,r22_c12,Friday,690.0,11:30-12:00,6,1,453,53,True,0.013245033112582781,0.013245033112582781,450.0,07:30-08:00,0.45474613686534215,240.0,240.0,False,True,120.0,3.1788079470198674,0.013245033112582781,True,True,0.5452538631346578,64.85829959514169,35.36423841059602,0.25055187637969095,0.5452538631346578,64.85829959514169,0.25055187637969095,4
Nutrition | r22_c12 | Friday,Nutrition,r22_c12,Friday,420.0,07:00-07:30,5,4,453,53,True,0.011037527593818985,0.011037527593818985,450.0,07:30-08:00,0.45474613686534215,-30.0,30.0,False,True,30.0,0.33112582781456956,0.0027593818984547464,True,True,0.5452538631346578,64.85829959514169,35.36423841059602,0.25055187637969095,0.5452538631346578,64.85829959514169,0.25055187637969095,5
Nutrition | r22_c12 | Friday,Nutrition,r22_c12,Friday,600.0,10:00-10:30,1,1,453,53,True,0.002207505518763797,0.002207505518763797,450.0,07:30-08:00,0.45474613686534215,150.0,150.0,False,True,120.0,0.33112582781456956,0.002207505518763797,True,True,0.5452538631346578,64.85829959514169,35.36423841059602,0.25055187637969095,0.5452538631346578,64.85829959514169,0.25055187637969095,6
Nutrition | r22_c12 | Monday,Nutrition,r22_c12,Monday,450.0,07:30-08:00,122,52,534,52,True,0.22846441947565543,0.22846441947565543,510.0,08:30-09:00,0.599250936329588,-60.0,60.0,False,True,60.0,13.707865168539326,0.11423220973782772,True,True,0.40074906367041196,47.94392523364487,19.213483146067418,0.1601123595505618,0.40074906367041196,47.94392523364487,0.1601123595505618,1
Nutrition | r22_c12 | Monday,Nutrition,r22_c12,Monday,480.0,08:00-08:30,86,52,534,52,True,0.16104868913857678,0.16104868913857678,510.0,08:30-09:00,0.599250936329588,-30.0,30.0,False,True,30.0,4.831460674157303,0.040262172284644196,True,True,0.40074906367041196,47.94392523364487,19.213483146067418,0.1601123595505618,0.40074906367041196,47.94392523364487,0.1601123595505618,2
Nutrition | r22_c12 | Monday,Nutrition,r22_c12,Monday,420.0,07:00-07:30,3,3,534,52,True,0.0056179775280898875,0.0056179775280898875,510.0,08:30-09:00,0.599250936329588,-90.0,90.0,False,True,90.0,0.5056179775280899,0.004213483146067416,True,True,0.40074906367041196,47.94392523364487,19.213483146067418,0.1601123595505618,0.40074906367041196,47.94392523364487,0.1601123595505618,3
Nutrition | r22_c12 | Monday,Nutrition,r22_c12,Monday,540.0,09:00-09:30,3,1,534,52,True,0.0056179775280898875,0.0056179775280898875,510.0,08:30-09:00,0.599250936329588,30.0,30.0,False,True,30.0,0.16853932584269662,0.0014044943820224719,True,True,0.40074906367041196,47.94392523364487,19.213483146067418,0.1601123595505618,0.40074906367041196,47.94392523364487,0.1601123595505618,4
Nutrition | r22_c12 | Thursday,Nutrition,r22_c12,Thursday,450.0,07:30-08:00,95,52,452,52,True,0.21017699115044247,0.21017699115044247,510.0,08:30-09:00,0.6637168141592921,-60.0,60.0,False,True,60.0,12.610619469026549,0.10508849557522124,True,True,0.33628318584070793,48.75000000000001,16.393805309734514,0.13661504424778761,0.33628318584070793,48.75000000000001,0.13661504424778761,1
Nutrition | r22_c12 | Thursday,Nutrition,r22_c12,Thursday,480.0,08:00-08:30,51,38,452,52,True,0.11283185840707964,0.11283185840707964,510.0,08:30-09:00,0.6637168141592921,-30.0,30.0,False,True,30.0,3.3849557522123894,0.02820796460176991,True,True,0.33628318584070793,48.75000000000001,16.393805309734514,0.13661504424778761,0.33628318584070793,48.75000000000001,0.13661504424778761,2
Nutrition | r22_c12 | Thursday,Nutrition,r22_c12,Thursday,540.0,09:00-09:30,6,2,452,52,True,0.01327433628318584,0.01327433628318584,510.0,08:30-09:00,0.6637168141592921,30.0,30.0,False,True,30.0,0.39823008849557523,0.00331858407079646,True,True,0.33628318584070793,48.75000000000001,16.393805309734514,0.13661504424778761,0.33628318584070793,48.75000000000001,0.13661504424778761,3
Nutrition | r22_c12 | Tuesday,Nutrition,r22_c12,Tuesday,450.0,07:30-08:00,82,39,496,52,True,0.16532258064516128,0.16532258064516128,510.0,08:30-09:00,0.7076612903225806,-60.0,60.0,False,True,60.0,9.919354838709676,0.08266129032258064,True,True,0.2923387096774194,46.9655172413793,13.729838709677418,0.11441532258064516,0.2923387096774194,46.9655172413793,0.11441532258064516,1
Nutrition | r22_c12 | Tuesday,Nutrition,r22_c12,Tuesday,480.0,08:00-08:30,56,38,496,52,True,0.11290322580645161,0.11290322580645161,510.0,08:30-09:00,0.7076612903225806,-30.0,30.0,False,True,30.0,3.3870967741935485,0.028225806451612902,True,True,0.2923387096774194,46.9655172413793,13.729838709677418,0.11441532258064516,0.2923387096774194,46.9655172413793,0.11441532258064516,2
Nutrition | r22_c12 | Tuesday,Nutrition,r22_c12,Tuesday,540.0,09:00-09:30,7,3,496,52,True,0.014112903225806451,0.014112903225806451,510.0,08:30-09:00,0.7076612903225806,30.0,30.0,False,True,30.0,0.42338709677419356,0.003528225806451613,True,True,0.2923387096774194,46.9655172413793,13.729838709677418,0.11441532258064516,0.2923387096774194,46.9655172413793,0.11441532258064516,3
Nutrition | r22_c12 | Wednesday,Nutrition,r22_c12,Wednesday,450.0,07:30-08:00,182,52,615,52,True,0.2959349593495935,0.2959349593495935,510.0,08:30-09:00,0.526829268292683,-60.0,60.0,False,True,60.0,17.75609756097561,0.14796747967479676,True,True,0.47317073170731705,50.412371134020624,23.853658536585368,0.1967479674796748,0.47317073170731705,50.412371134020624,0.1967479674796748,1
Nutrition | r22_c12 | Wednesday,Nutrition,r22_c12,Wednesday,480.0,08:00-08:30,92,52,615,52,True,0.14959349593495935,0.14959349593495935,510.0,08:30-09:00,0.526829268292683,-30.0,30.0,False,True,30.0,4.487804878048781,0.03739837398373984,True,True,0.47317073170731705,50.412371134020624,23.853658536585368,0.1967479674796748,0.47317073170731705,50.412371134020624,0.1967479674796748,2
Nutrition | r22_c12 | Wednesday,Nutrition,r22_c12,Wednesday,540.0,09:00-09:30,12,5,615,52,True,0.01951219512195122,0.01951219512195122,510.0,08:30-09:00,0.526829268292683,30.0,30.0,False,True,30.0,0.5853658536585366,0.004878048780487805,True,True,0.47317073170731705,50.412371134020624,23.853658536585368,0.1967479674796748,0.47317073170731705,50.412371134020624,0.1967479674796748,3
Nutrition | r22_c12 | Wednesday,Nutrition,r22_c12,Wednesday,420.0,07:00-07:30,4,4,615,52,True,0.0065040650406504065,0.0065040650406504065,510.0,08:30-09:00,0.526829268292683,-90.0,90.0,False,True,90.0,0.5853658536585366,0.004878048780487805,True,True,0.47317073170731705,50.412371134020624,23.853658536585368,0.1967479674796748,0.47317073170731705,50.412371134020624,0.1967479674796748,4
Nutrition | r22_c12 | Wednesday,Nutrition,r22_c12,Wednesday,780.0,13:00-13:30,1,1,615,52,True,0.0016260162601626016,0.0016260162601626016,510.0,08:30-09:00,0.526829268292683,270.0,270.0,False,True,120.0,0.43902439024390244,0.0016260162601626016,True,True,0.47317073170731705,50.412371134020624,23.853658536585368,0.1967479674796748,0.47317073170731705,50.412371134020624,0.1967479674796748,5
Nutrition | r22_c8 | Friday,Nutrition,r22_c8,Friday,480.0,08:00-08:30,85,53,538,53,True,0.1579925650557621,0.1579925650557621,780.0,13:00-13:30,0.6747211895910781,-300.0,300.0,False,True,120.0,47.39776951672863,0.15799256505576206,True,True,0.3252788104089219,264.34285714285716,85.98513011152417,0.3076208178438662,0.3252788104089219,264.34285714285716,0.3076208178438662,1
Nutrition | r22_c8 | Friday,Nutrition,r22_c8,Friday,510.0,08:30-09:00,71,53,538,53,True,0.13197026022304834,0.13197026022304834,780.0,13:00-13:30,0.6747211895910781,-270.0,270.0,False,True,120.0,35.63197026022305,0.13197026022304834,True,True,0.3252788104089219,264.34285714285716,85.98513011152417,0.3076208178438662,0.3252788104089219,264.34285714285716,0.3076208178438662,2
Nutrition | r22_c8 | Friday,Nutrition,r22_c8,Friday,720.0,12:00-12:30,7,1,538,53,True,0.013011152416356878,0.013011152416356878,780.0,13:00-13:30,0.6747211895910781,-60.0,60.0,False,True,60.0,0.7806691449814127,0.00650557620817844,True,True,0.3252788104089219,264.34285714285716,85.98513011152417,0.3076208178438662,0.3252788104089219,264.34285714285716,0.3076208178438662,3
Nutrition | r22_c8 | Friday,Nutrition,r22_c8,Friday,810.0,13:30-14:00,6,2,538,53,True,0.011152416356877323,0.011152416356877323,780.0,13:00-13:30,0.6747211895910781,30.0,30.0,False,True,30.0,0.33457249070631967,0.0027881040892193307,True,True,0.3252788104089219,264.34285714285716,85.98513011152417,0.3076208178438662,0.3252788104089219,264.34285714285716,0.3076208178438662,4
Nutrition | r22_c8 | Friday,Nutrition,r22_c8,Friday,690.0,11:30-12:00,3,1,538,53,True,0.0055762081784386614,0.0055762081784386614,780.0,13:00-13:30,0.6747211895910781,-90.0,90.0,False,True,90.0,0.5018587360594795,0.004182156133828996,True,True,0.3252788104089219,264.34285714285716,85.98513011152417,0.3076208178438662,0.3252788104089219,264.34285714285716,0.3076208178438662,5
Nutrition | r22_c8 | Friday,Nutrition,r22_c8,Friday,420.0,07:00-07:30,1,1,538,53,True,0.0018587360594795538,0.0018587360594795538,780.0,13:00-13:30,0.6747211895910781,-360.0,360.0,False,True,120.0,0.6691449814126393,0.0018587360594795538,True,True,0.3252788104089219,264.34285714285716,85.98513011152417,0.3076208178438662,0.3252788104089219,264.34285714285716,0.3076208178438662,6
Nutrition | r22_c8 | Friday,Nutrition,r22_c8,Friday,450.0,07:30-08:00,1,1,538,53,True,0.0018587360594795538,0.0018587360594795538,780.0,13:00-13:30,0.6747211895910781,-330.0,330.0,False,True,120.0,0.6133828996282528,0.0018587360594795538,True,True,0.3252788104089219,264.34285714285716,85.98513011152417,0.3076208178438662,0.3252788104089219,264.34285714285716,0.3076208178438662,7
Nutrition | r22_c8 | Friday,Nutrition,r22_c8,Friday,750.0,12:30-13:00,1,1,538,53,True,0.0018587360594795538,0.0018587360594795538,780.0,13:00-13:30,0.6747211895910781,-30.0,30.0,False,True,30.0,0.055762081784386616,0.00046468401486988845,True,True,0.3252788104089219,264.34285714285716,85.98513011152417,0.3076208178438662,0.3252788104089219,264.34285714285716,0.3076208178438662,8
Nutrition | r22_c8 | Monday,Nutrition,r22_c8,Monday,480.0,08:00-08:30,84,52,465,52,True,0.18064516129032257,0.18064516129032257,780.0,13:00-13:30,0.6430107526881721,-300.0,300.0,False,True,120.0,54.19354838709677,0.18064516129032257,True,True,0.3569892473118279,266.3855421686747,95.09677419354838,0.33602150537634407,0.3569892473118279,266.3855421686747,0.33602150537634407,1
Nutrition | r22_c8 | Monday,Nutrition,r22_c8,Monday,510.0,08:30-09:00,69,52,465,52,True,0.14838709677419354,0.14838709677419354,780.0,13:00-13:30,0.6430107526881721,-270.0,270.0,False,True,120.0,40.064516129032256,0.14838709677419354,True,True,0.3569892473118279,266.3855421686747,95.09677419354838,0.33602150537634407,0.3569892473118279,266.3855421686747,0.33602150537634407,2
Nutrition | r22_c8 | Monday,Nutrition,r22_c8,Monday,810.0,13:30-14:00,13,1,465,52,True,0.02795698924731183,0.02795698924731183,780.0,13:00-13:30,0.6430107526881721,30.0,30.0,False,True,30.0,0.8387096774193549,0.006989247311827957,True,True,0.3569892473118279,266.3855421686747,95.09677419354838,0.33602150537634407,0.3569892473118279,266.3855421686747,0.33602150537634407,3
Nutrition | r22_c8 | Thursday,Nutrition,r22_c8,Thursday,480.0,08:00-08:30,82,52,423,52,True,0.1938534278959811,0.1938534278959811,780.0,13:00-13:30,0.6264775413711584,-300.0,300.0,False,True,120.0,58.156028368794324,0.1938534278959811,True,True,0.3735224586288416,277.2151898734177,103.54609929078013,0.36761229314420807,0.3735224586288416,277.2151898734177,0.36761229314420807,1
Nutrition | r22_c8 | Thursday,Nutrition,r22_c8,Thursday,510.0,08:30-09:00,69,52,423,52,True,0.16312056737588654,0.16312056737588654,780.0,13:00-13:30,0.6264775413711584,-270.0,270.0,False,True,120.0,44.04255319148937,0.16312056737588654,True,True,0.3735224586288416,277.2151898734177,103.54609929078013,0.36761229314420807,0.3735224586288416,277.2151898734177,0.36761229314420807,2
Nutrition | r22_c8 | Thursday,Nutrition,r22_c8,Thursday,690.0,11:30-12:00,4,1,423,52,True,0.009456264775413711,0.009456264775413711,780.0,13:00-13:30,0.6264775413711584,-90.0,90.0,False,True,90.0,0.851063829787234,0.0070921985815602835,True,True,0.3735224586288416,277.2151898734177,103.54609929078013,0.36761229314420807,0.3735224586288416,277.2151898734177,0.36761229314420807,3
Nutrition | r22_c8 | Thursday,Nutrition,r22_c8,Thursday,810.0,13:30-14:00,2,1,423,52,True,0.004728132387706856,0.004728132387706856,780.0,13:00-13:30,0.6264775413711584,30.0,30.0,False,True,30.0,0.14184397163120566,0.0011820330969267137,True,True,0.3735224586288416,277.2151898734177,103.54609929078013,0.36761229314420807,0.3735224586288416,277.2151898734177,0.36761229314420807,4
Nutrition | r22_c8 | Thursday,Nutrition,r22_c8,Thursday,630.0,10:30-11:00,1,1,423,52,True,0.002364066193853428,0.002364066193853428,780.0,13:00-13:30,0.6264775413711584,-150.0,150.0,False,True,120.0,0.3546099290780142,0.0023640661938534274,True,True,0.3735224586288416,277.2151898734177,103.54609929078013,0.36761229314420807,0.3735224586288416,277.2151898734177,0.36761229314420807,5
Nutrition | r22_c8 | Tuesday,Nutrition,r22_c8,Tuesday,480.0,08:00-08:30,80,52,412,52,True,0.1941747572815534,0.1941747572815534,780.0,13:00-13:30,0.6359223300970874,-300.0,300.0,False,True,120.0,58.25242718446602,0.1941747572815534,True,True,0.36407766990291257,282.80000000000007,102.96116504854369,0.3604368932038835,0.36407766990291257,282.80000000000007,0.3604368932038835,1
Nutrition | r22_c8 | Tuesday,Nutrition,r22_c8,Tuesday,510.0,08:30-09:00,68,52,412,52,True,0.1650485436893204,0.1650485436893204,780.0,13:00-13:30,0.6359223300970874,-270.0,270.0,False,True,120.0,44.56310679611651,0.1650485436893204,True,True,0.36407766990291257,282.80000000000007,102.96116504854369,0.3604368932038835,0.36407766990291257,282.80000000000007,0.3604368932038835,2
Nutrition | r22_c8 | Tuesday,Nutrition,r22_c8,Tuesday,810.0,13:30-14:00,2,2,412,52,True,0.0048543689320388345,0.0048543689320388345,780.0,13:00-13:30,0.6359223300970874,30.0,30.0,False,True,30.0,0.14563106796116504,0.0012135922330097086,True,True,0.36407766990291257,282.80000000000007,102.96116504854369,0.3604368932038835,0.36407766990291257,282.80000000000007,0.3604368932038835,3
Nutrition | r22_c8 | Wednesday,Nutrition,r22_c8,Wednesday,480.0,08:00-08:30,84,52,533,52,True,0.1575984990619137,0.1575984990619137,780.0,13:00-13:30,0.6622889305816135,-300.0,300.0,False,True,120.0,47.27954971857411,0.1575984990619137,True,True,0.33771106941838647,257.33333333333337,86.90431519699813,0.30816135084427765,0.33771106941838647,257.33333333333337,0.30816135084427765,1
Nutrition | r22_c8 | Wednesday,Nutrition,r22_c8,Wednesday,510.0,08:30-09:00,71,52,533,52,True,0.13320825515947468,0.13320825515947468,780.0,13:00-13:30,0.6622889305816135,-270.0,270.0,False,True,120.0,35.966228893058165,0.13320825515947468,True,True,0.33771106941838647,257.33333333333337,86.90431519699813,0.30816135084427765,0.33771106941838647,257.33333333333337,0.30816135084427765,2
Nutrition | r22_c8 | Wednesday,Nutrition,r22_c8,Wednesday,750.0,12:30-13:00,14,1,533,52,True,0.02626641651031895,0.02626641651031895,780.0,13:00-13:30,0.6622889305816135,-30.0,30.0,False,True,30.0,0.7879924953095685,0.006566604127579738,True,True,0.33771106941838647,257.33333333333337,86.90431519699813,0.30816135084427765,0.33771106941838647,257.33333333333337,0.30816135084427765,3
Nutrition | r22_c8 | Wednesday,Nutrition,r22_c8,Wednesday,810.0,13:30-14:00,7,1,533,52,True,0.013133208255159476,0.013133208255159476,780.0,13:00-13:30,0.6622889305816135,30.0,30.0,False,True,30.0,0.39399624765478425,0.003283302063789869,True,True,0.33771106941838647,257.33333333333337,86.90431519699813,0.30816135084427765,0.33771106941838647,257.33333333333337,0.30816135084427765,4
Nutrition | r22_c8 | Wednesday,Nutrition,r22_c8,Wednesday,450.0,07:30-08:00,4,1,533,52,True,0.0075046904315197,0.0075046904315197,780.0,13:00-13:30,0.6622889305816135,-330.0,330.0,False,True,120.0,2.476547842401501,0.0075046904315197,True,True,0.33771106941838647,257.33333333333337,86.90431519699813,0.30816135084427765,0.33771106941838647,257.33333333333337,0.30816135084427765,5
Nutrition | r23_c10 | Friday,Nutrition,r23_c10,Friday,480.0,08:00-08:30,116,47,608,53,True,0.19078947368421054,0.19078947368421054,780.0,13:00-13:30,0.5723684210526315,-300.0,300.0,False,True,120.0,57.23684210526316,0.19078947368421054,True,True,0.4276315789473685,193.38461538461536,82.69736842105263,0.3129111842105263,0.4276315789473685,193.38461538461536,0.3129111842105263,1
Nutrition | r23_c10 | Friday,Nutrition,r23_c10,Friday,810.0,13:30-14:00,66,24,608,53,True,0.10855263157894737,0.10855263157894737,780.0,13:00-13:30,0.5723684210526315,30.0,30.0,False,True,30.0,3.2565789473684212,0.027138157894736843,True,True,0.4276315789473685,193.38461538461536,82.69736842105263,0.3129111842105263,0.4276315789473685,193.38461538461536,0.3129111842105263,2
Nutrition | r23_c10 | Friday,Nutrition,r23_c10,Friday,540.0,09:00-09:30,34,12,608,53,True,0.05592105263157895,0.05592105263157895,780.0,13:00-13:30,0.5723684210526315,-240.0,240.0,False,True,120.0,13.421052631578947,0.05592105263157895,True,True,0.4276315789473685,193.38461538461536,82.69736842105263,0.3129111842105263,0.4276315789473685,193.38461538461536,0.3129111842105263,3
Nutrition | r23_c10 | Friday,Nutrition,r23_c10,Friday,750.0,12:30-13:00,24,2,608,53,True,0.039473684210526314,0.039473684210526314,780.0,13:00-13:30,0.5723684210526315,-30.0,30.0,False,True,30.0,1.1842105263157894,0.009868421052631578,True,True,0.4276315789473685,193.38461538461536,82.69736842105263,0.3129111842105263,0.4276315789473685,193.38461538461536,0.3129111842105263,4
Nutrition | r23_c10 | Friday,Nutrition,r23_c10,Friday,510.0,08:30-09:00,9,7,608,53,True,0.014802631578947368,0.014802631578947368,780.0,13:00-13:30,0.5723684210526315,-270.0,270.0,False,True,120.0,3.9967105263157894,0.014802631578947368,True,True,0.4276315789473685,193.38461538461536,82.69736842105263,0.3129111842105263,0.4276315789473685,193.38461538461536,0.3129111842105263,5
Nutrition | r23_c10 | Friday,Nutrition,r23_c10,Friday,450.0,07:30-08:00,5,4,608,53,True,0.008223684210526315,0.008223684210526315,780.0,13:00-13:30,0.5723684210526315,-330.0,330.0,False,True,120.0,2.713815789473684,0.008223684210526315,True,True,0.4276315789473685,193.38461538461536,82.69736842105263,0.3129111842105263,0.4276315789473685,193.38461538461536,0.3129111842105263,6
Nutrition | r23_c10 | Friday,Nutrition,r23_c10,Friday,720.0,12:00-12:30,3,1,608,53,True,0.004934210526315789,0.004934210526315789,780.0,13:00-13:30,0.5723684210526315,-60.0,60.0,False,True,60.0,0.29605263157894735,0.0024671052631578946,True,True,0.4276315789473685,193.38461538461536,82.69736842105263,0.3129111842105263,0.4276315789473685,193.38461538461536,0.3129111842105263,7
Nutrition | r23_c10 | Friday,Nutrition,r23_c10,Friday,570.0,09:30-10:00,1,1,608,53,True,0.001644736842105263,0.001644736842105263,780.0,13:00-13:30,0.5723684210526315,-210.0,210.0,False,True,120.0,0.34539473684210525,0.0016447368421052633,True,True,0.4276315789473685,193.38461538461536,82.69736842105263,0.3129111842105263,0.4276315789473685,193.38461538461536,0.3129111842105263,8
Nutrition | r23_c10 | Friday,Nutrition,r23_c10,Friday,690.0,11:30-12:00,1,1,608,53,True,0.001644736842105263,0.001644736842105263,780.0,13:00-13:30,0.5723684210526315,-90.0,90.0,False,True,90.0,0.14802631578947367,0.0012335526315789473,True,True,0.4276315789473685,193.38461538461536,82.69736842105263,0.3129111842105263,0.4276315789473685,193.38461538461536,0.3129111842105263,9
Nutrition | r23_c10 | Friday,Nutrition,r23_c10,Friday,840.0,14:00-14:30,1,1,608,53,True,0.001644736842105263,0.001644736842105263,780.0,13:00-13:30,0.5723684210526315,60.0,60.0,False,True,60.0,0.09868421052631579,0.0008223684210526316,True,True,0.4276315789473685,193.38461538461536,82.69736842105263,0.3129111842105263,0.4276315789473685,193.38461538461536,0.3129111842105263,10
Nutrition | r23_c10 | Monday,Nutrition,r23_c10,Monday,480.0,08:00-08:30,151,46,744,52,True,0.20295698924731181,0.20295698924731181,780.0,13:00-13:30,0.5416666666666666,-300.0,300.0,False,True,120.0,60.887096774193544,0.20295698924731181,True,True,0.45833333333333337,191.08504398826977,87.58064516129032,0.33131720430107525,0.45833333333333337,191.08504398826977,0.33131720430107525,1
Nutrition | r23_c10 | Monday,Nutrition,r23_c10,Monday,810.0,13:30-14:00,90,23,744,52,True,0.12096774193548387,0.12096774193548387,780.0,13:00-13:30,0.5416666666666666,30.0,30.0,False,True,30.0,3.629032258064516,0.030241935483870965,True,True,0.45833333333333337,191.08504398826977,87.58064516129032,0.33131720430107525,0.45833333333333337,191.08504398826977,0.33131720430107525,2
Nutrition | r23_c10 | Monday,Nutrition,r23_c10,Monday,540.0,09:00-09:30,46,12,744,52,True,0.06182795698924731,0.06182795698924731,780.0,13:00-13:30,0.5416666666666666,-240.0,240.0,False,True,120.0,14.838709677419356,0.06182795698924732,True,True,0.45833333333333337,191.08504398826977,87.58064516129032,0.33131720430107525,0.45833333333333337,191.08504398826977,0.33131720430107525,3
Nutrition | r23_c10 | Monday,Nutrition,r23_c10,Monday,750.0,12:30-13:00,36,2,744,52,True,0.04838709677419355,0.04838709677419355,780.0,13:00-13:30,0.5416666666666666,-30.0,30.0,False,True,30.0,1.4516129032258065,0.012096774193548387,True,True,0.45833333333333337,191.08504398826977,87.58064516129032,0.33131720430107525,0.45833333333333337,191.08504398826977,0.33131720430107525,4
Nutrition | r23_c10 | Monday,Nutrition,r23_c10,Monday,510.0,08:30-09:00,16,11,744,52,True,0.021505376344086023,0.021505376344086023,780.0,13:00-13:30,0.5416666666666666,-270.0,270.0,False,True,120.0,5.806451612903226,0.021505376344086023,True,True,0.45833333333333337,191.08504398826977,87.58064516129032,0.33131720430107525,0.45833333333333337,191.08504398826977,0.33131720430107525,5
Nutrition | r23_c10 | Monday,Nutrition,r23_c10,Monday,420.0,07:00-07:30,2,2,744,52,True,0.002688172043010753,0.002688172043010753,780.0,13:00-13:30,0.5416666666666666,-360.0,360.0,False,True,120.0,0.967741935483871,0.002688172043010753,True,True,0.45833333333333337,191.08504398826977,87.58064516129032,0.33131720430107525,0.45833333333333337,191.08504398826977,0.33131720430107525,6
Nutrition | r23_c10 | Thursday,Nutrition,r23_c10,Thursday,480.0,08:00-08:30,111,46,645,52,True,0.17209302325581396,0.17209302325581396,780.0,13:00-13:30,0.5891472868217055,-300.0,300.0,False,True,120.0,51.62790697674419,0.17209302325581396,True,True,0.4108527131782945,179.88679245283026,73.90697674418607,0.28488372093023256,0.4108527131782945,179.88679245283026,0.28488372093023256,1
Nutrition | r23_c10 | Thursday,Nutrition,r23_c10,Thursday,810.0,13:30-14:00,72,25,645,52,True,0.11162790697674418,0.11162790697674418,780.0,13:00-13:30,0.5891472868217055,30.0,30.0,False,True,30.0,3.3488372093023253,0.027906976744186043,True,True,0.4108527131782945,179.88679245283026,73.90697674418607,0.28488372093023256,0.4108527131782945,179.88679245283026,0.28488372093023256,2
Nutrition | r23_c10 | Thursday,Nutrition,r23_c10,Thursday,540.0,09:00-09:30,35,13,645,52,True,0.05426356589147287,0.05426356589147287,780.0,13:00-13:30,0.5891472868217055,-240.0,240.0,False,True,120.0,13.023255813953488,0.05426356589147287,True,True,0.4108527131782945,179.88679245283026,73.90697674418607,0.28488372093023256,0.4108527131782945,179.88679245283026,0.28488372093023256,3
Nutrition | r23_c10 | Thursday,Nutrition,r23_c10,Thursday,750.0,12:30-13:00,35,2,645,52,True,0.05426356589147287,0.05426356589147287,780.0,13:00-13:30,0.5891472868217055,-30.0,30.0,False,True,30.0,1.627906976744186,0.013565891472868217,True,True,0.4108527131782945,179.88679245283026,73.90697674418607,0.28488372093023256,0.4108527131782945,179.88679245283026,0.28488372093023256,4
Nutrition | r23_c10 | Thursday,Nutrition,r23_c10,Thursday,510.0,08:30-09:00,9,7,645,52,True,0.013953488372093023,0.013953488372093023,780.0,13:00-13:30,0.5891472868217055,-270.0,270.0,False,True,120.0,3.7674418604651163,0.013953488372093021,True,True,0.4108527131782945,179.88679245283026,73.90697674418607,0.28488372093023256,0.4108527131782945,179.88679245283026,0.28488372093023256,5
Nutrition | r23_c10 | Thursday,Nutrition,r23_c10,Thursday,570.0,09:30-10:00,1,1,645,52,True,0.0015503875968992248,0.0015503875968992248,780.0,13:00-13:30,0.5891472868217055,-210.0,210.0,False,True,120.0,0.32558139534883723,0.0015503875968992248,True,True,0.4108527131782945,179.88679245283026,73.90697674418607,0.28488372093023256,0.4108527131782945,179.88679245283026,0.28488372093023256,6
Nutrition | r23_c10 | Thursday,Nutrition,r23_c10,Thursday,720.0,12:00-12:30,1,1,645,52,True,0.0015503875968992248,0.0015503875968992248,780.0,13:00-13:30,0.5891472868217055,-60.0,60.0,False,True,60.0,0.09302325581395349,0.0007751937984496124,True,True,0.4108527131782945,179.88679245283026,73.90697674418607,0.28488372093023256,0.4108527131782945,179.88679245283026,0.28488372093023256,7
Nutrition | r23_c10 | Thursday,Nutrition,r23_c10,Thursday,840.0,14:00-14:30,1,1,645,52,True,0.0015503875968992248,0.0015503875968992248,780.0,13:00-13:30,0.5891472868217055,60.0,60.0,False,True,60.0,0.09302325581395349,0.0007751937984496124,True,True,0.4108527131782945,179.88679245283026,73.90697674418607,0.28488372093023256,0.4108527131782945,179.88679245283026,0.28488372093023256,8
Nutrition | r23_c10 | Tuesday,Nutrition,r23_c10,Tuesday,480.0,08:00-08:30,150,46,808,52,True,0.18564356435643564,0.18564356435643564,780.0,13:00-13:30,0.5507425742574258,-300.0,300.0,False,True,120.0,55.693069306930695,0.18564356435643564,True,True,0.4492574257425742,186.85950413223142,83.9480198019802,0.32116336633663367,0.4492574257425742,186.85950413223142,0.32116336633663367,1
Nutrition | r23_c10 | Tuesday,Nutrition,r23_c10,Tuesday,810.0,13:30-14:00,96,24,808,52,True,0.1188118811881188,0.1188118811881188,780.0,13:00-13:30,0.5507425742574258,30.0,30.0,False,True,30.0,3.564356435643564,0.029702970297029698,True,True,0.4492574257425742,186.85950413223142,83.9480198019802,0.32116336633663367,0.4492574257425742,186.85950413223142,0.32116336633663367,2
Nutrition | r23_c10 | Tuesday,Nutrition,r23_c10,Tuesday,540.0,09:00-09:30,56,13,808,52,True,0.06930693069306931,0.06930693069306931,780.0,13:00-13:30,0.5507425742574258,-240.0,240.0,False,True,120.0,16.633663366336634,0.06930693069306931,True,True,0.4492574257425742,186.85950413223142,83.9480198019802,0.32116336633663367,0.4492574257425742,186.85950413223142,0.32116336633663367,3
Nutrition | r23_c10 | Tuesday,Nutrition,r23_c10,Tuesday,750.0,12:30-13:00,42,2,808,52,True,0.05198019801980198,0.05198019801980198,780.0,13:00-13:30,0.5507425742574258,-30.0,30.0,False,True,30.0,1.5594059405940592,0.012995049504950494,True,True,0.4492574257425742,186.85950413223142,83.9480198019802,0.32116336633663367,0.4492574257425742,186.85950413223142,0.32116336633663367,4
Nutrition | r23_c10 | Tuesday,Nutrition,r23_c10,Tuesday,510.0,08:30-09:00,16,11,808,52,True,0.019801980198019802,0.019801980198019802,780.0,13:00-13:30,0.5507425742574258,-270.0,270.0,False,True,120.0,5.346534653465347,0.019801980198019802,True,True,0.4492574257425742,186.85950413223142,83.9480198019802,0.32116336633663367,0.4492574257425742,186.85950413223142,0.32116336633663367,5
Nutrition | r23_c10 | Tuesday,Nutrition,r23_c10,Tuesday,420.0,07:00-07:30,2,2,808,52,True,0.0024752475247524753,0.0024752475247524753,780.0,13:00-13:30,0.5507425742574258,-360.0,360.0,False,True,120.0,0.8910891089108911,0.0024752475247524753,True,True,0.4492574257425742,186.85950413223142,83.9480198019802,0.32116336633663367,0.4492574257425742,186.85950413223142,0.32116336633663367,6
Nutrition | r23_c10 | Tuesday,Nutrition,r23_c10,Tuesday,990.0,16:30-17:00,1,1,808,52,True,0.0012376237623762376,0.0012376237623762376,780.0,13:00-13:30,0.5507425742574258,210.0,210.0,False,True,120.0,0.2599009900990099,0.0012376237623762376,True,True,0.4492574257425742,186.85950413223142,83.9480198019802,0.32116336633663367,0.4492574257425742,186.85950413223142,0.32116336633663367,7
Nutrition | r23_c10 | Wednesday,Nutrition,r23_c10,Wednesday,480.0,08:00-08:30,150,46,746,52,True,0.20107238605898123,0.20107238605898123,780.0,13:00-13:30,0.5388739946380697,-300.0,300.0,False,True,120.0,60.32171581769437,0.20107238605898123,True,True,0.46112600536193027,194.91279069767444,89.87935656836461,0.34048257372654156,0.46112600536193027,194.91279069767444,0.34048257372654156,1
Nutrition | r23_c10 | Wednesday,Nutrition,r23_c10,Wednesday,810.0,13:30-14:00,84,24,746,52,True,0.1126005361930295,0.1126005361930295,780.0,13:00-13:30,0.5388739946380697,30.0,30.0,False,True,30.0,3.3780160857908847,0.028150134048257374,True,True,0.46112600536193027,194.91279069767444,89.87935656836461,0.34048257372654156,0.46112600536193027,194.91279069767444,0.34048257372654156,2
Nutrition | r23_c10 | Wednesday,Nutrition,r23_c10,Wednesday,540.0,09:00-09:30,57,12,746,52,True,0.07640750670241286,0.07640750670241286,780.0,13:00-13:30,0.5388739946380697,-240.0,240.0,False,True,120.0,18.33780160857909,0.07640750670241286,True,True,0.46112600536193027,194.91279069767444,89.87935656836461,0.34048257372654156,0.46112600536193027,194.91279069767444,0.34048257372654156,3
Nutrition | r23_c10 | Wednesday,Nutrition,r23_c10,Wednesday,750.0,12:30-13:00,36,2,746,52,True,0.04825737265415549,0.04825737265415549,780.0,13:00-13:30,0.5388739946380697,-30.0,30.0,False,True,30.0,1.4477211796246647,0.012064343163538873,True,True,0.46112600536193027,194.91279069767444,89.87935656836461,0.34048257372654156,0.46112600536193027,194.91279069767444,0.34048257372654156,4
Nutrition | r23_c10 | Wednesday,Nutrition,r23_c10,Wednesday,510.0,08:30-09:00,15,10,746,52,True,0.020107238605898123,0.020107238605898123,780.0,13:00-13:30,0.5388739946380697,-270.0,270.0,False,True,120.0,5.428954423592494,0.020107238605898123,True,True,0.46112600536193027,194.91279069767444,89.87935656836461,0.34048257372654156,0.46112600536193027,194.91279069767444,0.34048257372654156,5
Nutrition | r23_c10 | Wednesday,Nutrition,r23_c10,Wednesday,420.0,07:00-07:30,2,2,746,52,True,0.002680965147453083,0.002680965147453083,780.0,13:00-13:30,0.5388739946380697,-360.0,360.0,False,True,120.0,0.9651474530831099,0.002680965147453083,True,True,0.46112600536193027,194.91279069767444,89.87935656836461,0.34048257372654156,0.46112600536193027,194.91279069767444,0.34048257372654156,6
Nutrition | r23_c11 | Friday,Nutrition,r23_c11,Friday,780.0,13:00-13:30,68,35,280,53,True,0.24285714285714285,0.24285714285714285,750.0,12:30-13:00,0.5892857142857143,30.0,30.0,False,True,30.0,7.285714285714286,0.060714285714285714,True,True,0.4107142857142857,46.69565217391304,19.178571428571427,0.15982142857142856,0.4107142857142857,46.69565217391304,0.15982142857142856,1
Nutrition | r23_c11 | Friday,Nutrition,r23_c11,Friday,840.0,14:00-14:30,18,2,280,53,True,0.06428571428571428,0.06428571428571428,750.0,12:30-13:00,0.5892857142857143,90.0,90.0,False,True,90.0,5.785714285714285,0.0482142857142857,True,True,0.4107142857142857,46.69565217391304,19.178571428571427,0.15982142857142856,0.4107142857142857,46.69565217391304,0.15982142857142856,2
Nutrition | r23_c11 | Friday,Nutrition,r23_c11,Friday,720.0,12:00-12:30,13,4,280,53,True,0.04642857142857143,0.04642857142857143,750.0,12:30-13:00,0.5892857142857143,-30.0,30.0,False,True,30.0,1.3928571428571428,0.011607142857142856,True,True,0.4107142857142857,46.69565217391304,19.178571428571427,0.15982142857142856,0.4107142857142857,46.69565217391304,0.15982142857142856,3
Nutrition | r23_c11 | Friday,Nutrition,r23_c11,Friday,690.0,11:30-12:00,10,3,280,53,True,0.03571428571428571,0.03571428571428571,750.0,12:30-13:00,0.5892857142857143,-60.0,60.0,False,True,60.0,2.142857142857143,0.017857142857142856,True,True,0.4107142857142857,46.69565217391304,19.178571428571427,0.15982142857142856,0.4107142857142857,46.69565217391304,0.15982142857142856,4
Nutrition | r23_c11 | Friday,Nutrition,r23_c11,Friday,870.0,14:30-15:00,6,2,280,53,True,0.02142857142857143,0.02142857142857143,750.0,12:30-13:00,0.5892857142857143,120.0,120.0,False,True,120.0,2.5714285714285716,0.02142857142857143,True,True,0.4107142857142857,46.69565217391304,19.178571428571427,0.15982142857142856,0.4107142857142857,46.69565217391304,0.15982142857142856,5
Nutrition | r23_c11 | Monday,Nutrition,r23_c11,Monday,780.0,13:00-13:30,54,33,250,52,True,0.216,0.216,750.0,12:30-13:00,0.656,30.0,30.0,False,True,30.0,6.4799999999999995,0.054,True,True,0.344,55.11627906976745,18.96,0.158,0.344,55.11627906976745,0.158,1
Nutrition | r23_c11 | Monday,Nutrition,r23_c11,Monday,840.0,14:00-14:30,24,2,250,52,True,0.096,0.096,750.0,12:30-13:00,0.656,90.0,90.0,False,True,90.0,8.64,0.07200000000000001,True,True,0.344,55.11627906976745,18.96,0.158,0.344,55.11627906976745,0.158,2
Nutrition | r23_c11 | Monday,Nutrition,r23_c11,Monday,870.0,14:30-15:00,8,2,250,52,True,0.032,0.032,750.0,12:30-13:00,0.656,120.0,120.0,False,True,120.0,3.84,0.032,True,True,0.344,55.11627906976745,18.96,0.158,0.344,55.11627906976745,0.158,3
Nutrition | r23_c11 | Thursday,Nutrition,r23_c11,Thursday,750.0,12:30-13:00,42,27,103,52,True,0.4077669902912621,0.4077669902912621,780.0,13:00-13:30,0.42718446601941745,-30.0,30.0,False,True,30.0,12.233009708737864,0.10194174757281553,True,True,0.5728155339805825,52.37288135593221,30.0,0.22330097087378636,0.5728155339805825,52.37288135593221,0.22330097087378636,1
Nutrition | r23_c11 | Thursday,Nutrition,r23_c11,Thursday,840.0,14:00-14:30,7,3,103,52,True,0.06796116504854369,0.06796116504854369,780.0,13:00-13:30,0.42718446601941745,60.0,60.0,False,True,60.0,4.077669902912621,0.03398058252427184,True,True,0.5728155339805825,52.37288135593221,30.0,0.22330097087378636,0.5728155339805825,52.37288135593221,0.22330097087378636,2
Nutrition | r23_c11 | Thursday,Nutrition,r23_c11,Thursday,660.0,11:00-11:30,3,2,103,52,True,0.02912621359223301,0.02912621359223301,780.0,13:00-13:30,0.42718446601941745,-120.0,120.0,False,True,120.0,3.4951456310679614,0.02912621359223301,True,True,0.5728155339805825,52.37288135593221,30.0,0.22330097087378636,0.5728155339805825,52.37288135593221,0.22330097087378636,3
Nutrition | r23_c11 | Thursday,Nutrition,r23_c11,Thursday,510.0,08:30-09:00,2,2,103,52,True,0.019417475728155338,0.019417475728155338,780.0,13:00-13:30,0.42718446601941745,-270.0,270.0,False,True,120.0,5.242718446601941,0.019417475728155338,True,True,0.5728155339805825,52.37288135593221,30.0,0.22330097087378636,0.5728155339805825,52.37288135593221,0.22330097087378636,4
Nutrition | r23_c11 | Thursday,Nutrition,r23_c11,Thursday,690.0,11:30-12:00,2,1,103,52,True,0.019417475728155338,0.019417475728155338,780.0,13:00-13:30,0.42718446601941745,-90.0,90.0,False,True,90.0,1.7475728155339805,0.014563106796116504,True,True,0.5728155339805825,52.37288135593221,30.0,0.22330097087378636,0.5728155339805825,52.37288135593221,0.22330097087378636,5
Nutrition | r23_c11 | Thursday,Nutrition,r23_c11,Thursday,870.0,14:30-15:00,2,2,103,52,True,0.019417475728155338,0.019417475728155338,780.0,13:00-13:30,0.42718446601941745,90.0,90.0,False,True,90.0,1.7475728155339805,0.014563106796116504,True,True,0.5728155339805825,52.37288135593221,30.0,0.22330097087378636,0.5728155339805825,52.37288135593221,0.22330097087378636,6
Nutrition | r23_c11 | Thursday,Nutrition,r23_c11,Thursday,630.0,10:30-11:00,1,1,103,52,True,0.009708737864077669,0.009708737864077669,780.0,13:00-13:30,0.42718446601941745,-150.0,150.0,False,True,120.0,1.4563106796116503,0.009708737864077669,True,True,0.5728155339805825,52.37288135593221,30.0,0.22330097087378636,0.5728155339805825,52.37288135593221,0.22330097087378636,7
Nutrition | r23_c11 | Tuesday,Nutrition,r23_c11,Tuesday,780.0,13:00-13:30,35,30,100,52,True,0.35,0.35,750.0,12:30-13:00,0.52,30.0,30.0,False,True,30.0,10.5,0.0875,True,True,0.48,56.87499999999999,27.299999999999997,0.19749999999999998,0.48,56.87499999999999,0.19749999999999998,1
Nutrition | r23_c11 | Tuesday,Nutrition,r23_c11,Tuesday,840.0,14:00-14:30,6,2,100,52,True,0.06,0.06,750.0,12:30-13:00,0.52,90.0,90.0,False,True,90.0,5.3999999999999995,0.045,True,True,0.48,56.87499999999999,27.299999999999997,0.19749999999999998,0.48,56.87499999999999,0.19749999999999998,2
Nutrition | r23_c11 | Tuesday,Nutrition,r23_c11,Tuesday,510.0,08:30-09:00,3,3,100,52,True,0.03,0.03,750.0,12:30-13:00,0.52,-240.0,240.0,False,True,120.0,7.199999999999999,0.029999999999999995,True,True,0.48,56.87499999999999,27.299999999999997,0.19749999999999998,0.48,56.87499999999999,0.19749999999999998,3
Nutrition | r23_c11 | Tuesday,Nutrition,r23_c11,Tuesday,870.0,14:30-15:00,3,2,100,52,True,0.03,0.03,750.0,12:30-13:00,0.52,120.0,120.0,False,True,120.0,3.5999999999999996,0.029999999999999995,True,True,0.48,56.87499999999999,27.299999999999997,0.19749999999999998,0.48,56.87499999999999,0.19749999999999998,4
Nutrition | r23_c11 | Tuesday,Nutrition,r23_c11,Tuesday,810.0,13:30-14:00,1,1,100,52,True,0.01,0.01,750.0,12:30-13:00,0.52,60.0,60.0,False,True,60.0,0.6,0.005,True,True,0.48,56.87499999999999,27.299999999999997,0.19749999999999998,0.48,56.87499999999999,0.19749999999999998,5
Nutrition | r23_c11 | Wednesday,Nutrition,r23_c11,Wednesday,780.0,13:00-13:30,40,32,234,52,True,0.17094017094017094,0.17094017094017094,750.0,12:30-13:00,0.6965811965811965,30.0,30.0,False,True,30.0,5.128205128205129,0.042735042735042736,True,True,0.30341880341880345,63.38028169014083,19.23076923076923,0.14743589743589744,0.30341880341880345,63.38028169014083,0.14743589743589744,1
Nutrition | r23_c11 | Wednesday,Nutrition,r23_c11,Wednesday,840.0,14:00-14:30,18,2,234,52,True,0.07692307692307693,0.07692307692307693,750.0,12:30-13:00,0.6965811965811965,90.0,90.0,False,True,90.0,6.923076923076923,0.057692307692307696,True,True,0.30341880341880345,63.38028169014083,19.23076923076923,0.14743589743589744,0.30341880341880345,63.38028169014083,0.14743589743589744,2
Nutrition | r23_c11 | Wednesday,Nutrition,r23_c11,Wednesday,870.0,14:30-15:00,6,2,234,52,True,0.02564102564102564,0.02564102564102564,750.0,12:30-13:00,0.6965811965811965,120.0,120.0,False,True,120.0,3.0769230769230766,0.02564102564102564,True,True,0.30341880341880345,63.38028169014083,19.23076923076923,0.14743589743589744,0.30341880341880345,63.38028169014083,0.14743589743589744,3
Nutrition | r23_c11 | Wednesday,Nutrition,r23_c11,Wednesday,810.0,13:30-14:00,4,1,234,52,True,0.017094017094017096,0.017094017094017096,750.0,12:30-13:00,0.6965811965811965,60.0,60.0,False,True,60.0,1.0256410256410258,0.008547008547008548,True,True,0.30341880341880345,63.38028169014083,19.23076923076923,0.14743589743589744,0.30341880341880345,63.38028169014083,0.14743589743589744,4
Nutrition | r23_c11 | Wednesday,Nutrition,r23_c11,Wednesday,510.0,08:30-09:00,3,3,234,52,True,0.01282051282051282,0.01282051282051282,750.0,12:30-13:00,0.6965811965811965,-240.0,240.0,False,True,120.0,3.0769230769230766,0.01282051282051282,True,True,0.30341880341880345,63.38028169014083,19.23076923076923,0.14743589743589744,0.30341880341880345,63.38028169014083,0.14743589743589744,5
Nutrition | r23_c12 | Friday,Nutrition,r23_c12,Friday,480.0,08:00-08:30,88,40,216,53,True,0.4074074074074074,0.4074074074074074,510.0,08:30-09:00,0.4861111111111111,-30.0,30.0,False,True,30.0,12.222222222222221,0.10185185185185185,True,True,0.5138888888888888,36.48648648648649,18.75,0.15624999999999997,0.5138888888888888,36.48648648648649,0.15624999999999997,1
Nutrition | r23_c12 | Friday,Nutrition,r23_c12,Friday,450.0,07:30-08:00,17,6,216,53,True,0.0787037037037037,0.0787037037037037,510.0,08:30-09:00,0.4861111111111111,-60.0,60.0,False,True,60.0,4.722222222222222,0.03935185185185185,True,True,0.5138888888888888,36.48648648648649,18.75,0.15624999999999997,0.5138888888888888,36.48648648648649,0.15624999999999997,2
Nutrition | r23_c12 | Friday,Nutrition,r23_c12,Friday,540.0,09:00-09:30,3,3,216,53,True,0.013888888888888888,0.013888888888888888,510.0,08:30-09:00,0.4861111111111111,30.0,30.0,False,True,30.0,0.41666666666666663,0.003472222222222222,True,True,0.5138888888888888,36.48648648648649,18.75,0.15624999999999997,0.5138888888888888,36.48648648648649,0.15624999999999997,3
Nutrition | r23_c12 | Friday,Nutrition,r23_c12,Friday,600.0,10:00-10:30,2,1,216,53,True,0.009259259259259259,0.009259259259259259,510.0,08:30-09:00,0.4861111111111111,90.0,90.0,False,True,90.0,0.8333333333333333,0.006944444444444444,True,True,0.5138888888888888,36.48648648648649,18.75,0.15624999999999997,0.5138888888888888,36.48648648648649,0.15624999999999997,4
Nutrition | r23_c12 | Friday,Nutrition,r23_c12,Friday,630.0,10:30-11:00,1,1,216,53,True,0.004629629629629629,0.004629629629629629,510.0,08:30-09:00,0.4861111111111111,120.0,120.0,False,True,120.0,0.5555555555555556,0.00462962962962963,True,True,0.5138888888888888,36.48648648648649,18.75,0.15624999999999997,0.5138888888888888,36.48648648648649,0.15624999999999997,5
Nutrition | r23_c12 | Monday,Nutrition,r23_c12,Monday,480.0,08:00-08:30,79,38,201,52,True,0.39303482587064675,0.39303482587064675,510.0,08:30-09:00,0.5223880597014925,-30.0,30.0,False,True,30.0,11.791044776119403,0.09825870646766169,True,True,0.4776119402985075,36.25,17.313432835820898,0.14427860696517414,0.4776119402985075,36.25,0.14427860696517414,1
Nutrition | r23_c12 | Monday,Nutrition,r23_c12,Monday,450.0,07:30-08:00,14,3,201,52,True,0.06965174129353234,0.06965174129353234,510.0,08:30-09:00,0.5223880597014925,-60.0,60.0,False,True,60.0,4.179104477611941,0.03482587064676617,True,True,0.4776119402985075,36.25,17.313432835820898,0.14427860696517414,0.4776119402985075,36.25,0.14427860696517414,2
Nutrition | r23_c12 | Monday,Nutrition,r23_c12,Monday,420.0,07:00-07:30,3,1,201,52,True,0.014925373134328358,0.014925373134328358,510.0,08:30-09:00,0.5223880597014925,-90.0,90.0,False,True,90.0,1.3432835820895521,0.011194029850746268,True,True,0.4776119402985075,36.25,17.313432835820898,0.14427860696517414,0.4776119402985075,36.25,0.14427860696517414,3
Nutrition | r23_c12 | Thursday,Nutrition,r23_c12,Thursday,480.0,08:00-08:30,47,35,106,52,True,0.44339622641509435,0.44339622641509435,510.0,08:30-09:00,0.4716981132075472,-30.0,30.0,False,True,30.0,13.30188679245283,0.11084905660377359,True,True,0.5283018867924528,33.75000000000001,17.830188679245285,0.14858490566037735,0.5283018867924528,33.75000000000001,0.14858490566037735,1
Nutrition | r23_c12 | Thursday,Nutrition,r23_c12,Thursday,450.0,07:30-08:00,7,5,106,52,True,0.0660377358490566,0.0660377358490566,510.0,08:30-09:00,0.4716981132075472,-60.0,60.0,False,True,60.0,3.9622641509433962,0.0330188679245283,True,True,0.5283018867924528,33.75000000000001,17.830188679245285,0.14858490566037735,0.5283018867924528,33.75000000000001,0.14858490566037735,2
Nutrition | r23_c12 | Thursday,Nutrition,r23_c12,Thursday,540.0,09:00-09:30,2,1,106,52,True,0.018867924528301886,0.018867924528301886,510.0,08:30-09:00,0.4716981132075472,30.0,30.0,False,True,30.0,0.5660377358490566,0.0047169811320754715,True,True,0.5283018867924528,33.75000000000001,17.830188679245285,0.14858490566037735,0.5283018867924528,33.75000000000001,0.14858490566037735,3
Nutrition | r23_c12 | Tuesday,Nutrition,r23_c12,Tuesday,510.0,08:30-09:00,47,21,112,52,True,0.41964285714285715,0.41964285714285715,480.0,08:00-08:30,0.42857142857142855,30.0,30.0,False,True,30.0,12.589285714285715,0.10491071428571429,True,True,0.5714285714285714,30.46875,17.410714285714285,0.1450892857142857,0.5714285714285714,30.46875,0.1450892857142857,1
Nutrition | r23_c12 | Tuesday,Nutrition,r23_c12,Tuesday,450.0,07:30-08:00,16,6,112,52,True,0.14285714285714285,0.14285714285714285,480.0,08:00-08:30,0.42857142857142855,-30.0,30.0,False,True,30.0,4.285714285714286,0.03571428571428571,True,True,0.5714285714285714,30.46875,17.410714285714285,0.1450892857142857,0.5714285714285714,30.46875,0.1450892857142857,2
Nutrition | r23_c12 | Tuesday,Nutrition,r23_c12,Tuesday,420.0,07:00-07:30,1,1,112,52,True,0.008928571428571428,0.008928571428571428,480.0,08:00-08:30,0.42857142857142855,-60.0,60.0,False,True,60.0,0.5357142857142857,0.004464285714285714,True,True,0.5714285714285714,30.46875,17.410714285714285,0.1450892857142857,0.5714285714285714,30.46875,0.1450892857142857,3
Nutrition | r23_c12 | Wednesday,Nutrition,r23_c12,Wednesday,480.0,08:00-08:30,57,38,175,52,True,0.32571428571428573,0.32571428571428573,510.0,08:30-09:00,0.56,-30.0,30.0,False,True,30.0,9.771428571428572,0.08142857142857143,True,True,0.43999999999999995,38.18181818181819,16.8,0.14,0.43999999999999995,38.18181818181819,0.14,1
Nutrition | r23_c12 | Wednesday,Nutrition,r23_c12,Wednesday,450.0,07:30-08:00,15,6,175,52,True,0.08571428571428572,0.08571428571428572,510.0,08:30-09:00,0.56,-60.0,60.0,False,True,60.0,5.142857142857143,0.04285714285714286,True,True,0.43999999999999995,38.18181818181819,16.8,0.14,0.43999999999999995,38.18181818181819,0.14,2
Nutrition | r23_c12 | Wednesday,Nutrition,r23_c12,Wednesday,420.0,07:00-07:30,2,1,175,52,True,0.011428571428571429,0.011428571428571429,510.0,08:30-09:00,0.56,-90.0,90.0,False,True,90.0,1.0285714285714285,0.00857142857142857,True,True,0.43999999999999995,38.18181818181819,16.8,0.14,0.43999999999999995,38.18181818181819,0.14,3
Nutrition | r23_c12 | Wednesday,Nutrition,r23_c12,Wednesday,570.0,09:30-10:00,2,1,175,52,True,0.011428571428571429,0.011428571428571429,510.0,08:30-09:00,0.56,60.0,60.0,False,True,60.0,0.6857142857142857,0.005714285714285714,True,True,0.43999999999999995,38.18181818181819,16.8,0.14,0.43999999999999995,38.18181818181819,0.14,4
Nutrition | r23_c12 | Wednesday,Nutrition,r23_c12,Wednesday,540.0,09:00-09:30,1,1,175,52,True,0.005714285714285714,0.005714285714285714,510.0,08:30-09:00,0.56,30.0,30.0,False,True,30.0,0.17142857142857143,0.0014285714285714286,True,True,0.43999999999999995,38.18181818181819,16.8,0.14,0.43999999999999995,38.18181818181819,0.14,5
Nutrition | r23_c13 | Friday,Nutrition,r23_c13,Friday,480.0,08:00-08:30,62,53,169,53,True,0.3668639053254438,0.3668639053254438,510.0,08:30-09:00,0.6331360946745562,-30.0,30.0,False,True,30.0,11.005917159763314,0.09171597633136094,True,True,0.3668639053254438,30.000000000000004,11.005917159763314,0.09171597633136094,0.3668639053254438,30.000000000000004,0.09171597633136094,1
Nutrition | r23_c13 | Monday,Nutrition,r23_c13,Monday,510.0,08:30-09:00,59,52,118,52,True,0.5,0.5,480.0,08:00-08:30,0.5,30.0,30.0,False,True,30.0,15.0,0.125,True,True,0.5,30.0,15.0,0.125,0.5,30.0,0.125,1
Nutrition | r23_c13 | Thursday,Nutrition,r23_c13,Thursday,510.0,08:30-09:00,109,52,222,52,True,0.49099099099099097,0.49099099099099097,480.0,08:00-08:30,0.509009009009009,30.0,30.0,False,True,30.0,14.72972972972973,0.12274774774774774,True,True,0.49099099099099097,30.0,14.72972972972973,0.12274774774774774,0.49099099099099097,30.0,0.12274774774774774,1
Nutrition | r23_c13 | Tuesday,Nutrition,r23_c13,Tuesday,510.0,08:30-09:00,106,52,224,52,True,0.4732142857142857,0.4732142857142857,480.0,08:00-08:30,0.5267857142857143,30.0,30.0,False,True,30.0,14.196428571428571,0.11830357142857142,True,True,0.4732142857142857,30.0,14.196428571428571,0.11830357142857142,0.4732142857142857,30.0,0.11830357142857142,1
Nutrition | r23_c13 | Wednesday,Nutrition,r23_c13,Wednesday,480.0,08:00-08:30,3,2,115,52,True,0.02608695652173913,0.02608695652173913,510.0,08:30-09:00,0.9739130434782609,-30.0,30.0,False,True,30.0,0.7826086956521738,0.006521739130434782,True,True,0.02608695652173909,30.000000000000043,0.7826086956521738,0.006521739130434782,0.02608695652173909,30.000000000000043,0.006521739130434782,1
Nutrition | r23_c14 | Friday,Nutrition,r23_c14,Friday,480.0,08:00-08:30,2,2,58,53,True,0.034482758620689655,0.034482758620689655,510.0,08:30-09:00,0.9655172413793104,-30.0,30.0,False,True,30.0,1.0344827586206897,0.008620689655172414,True,True,0.03448275862068961,30.00000000000004,1.0344827586206897,0.008620689655172414,0.03448275862068961,30.00000000000004,0.008620689655172414,1
Nutrition | r23_c14 | Wednesday,Nutrition,r23_c14,Wednesday,630.0,10:30-11:00,2,1,65,52,True,0.03076923076923077,0.03076923076923077,510.0,08:30-09:00,0.9538461538461539,120.0,120.0,False,True,120.0,3.6923076923076925,0.03076923076923077,True,True,0.0461538461538461,90.00000000000011,4.153846153846154,0.03461538461538462,0.0461538461538461,90.00000000000011,0.03461538461538462,1
Nutrition | r23_c14 | Wednesday,Nutrition,r23_c14,Wednesday,480.0,08:00-08:30,1,1,65,52,True,0.015384615384615385,0.015384615384615385,510.0,08:30-09:00,0.9538461538461539,-30.0,30.0,False,True,30.0,0.46153846153846156,0.0038461538461538464,True,True,0.0461538461538461,90.00000000000011,4.153846153846154,0.03461538461538462,0.0461538461538461,90.00000000000011,0.03461538461538462,2
Nutrition | r23_c15 | Wednesday,Nutrition,r23_c15,Wednesday,480.0,08:00-08:30,1,1,27,25,True,0.037037037037037035,0.037037037037037035,510.0,08:30-09:00,0.9629629629629629,-30.0,30.0,False,True,30.0,1.1111111111111112,0.00925925925925926,True,True,0.03703703703703709,29.999999999999957,1.1111111111111112,0.00925925925925926,0.03703703703703709,29.999999999999957,0.00925925925925926,1
Nutrition | r23_c6 | Friday,Nutrition,r23_c6,Friday,510.0,08:30-09:00,27,27,56,53,True,0.48214285714285715,0.48214285714285715,480.0,08:00-08:30,0.5178571428571429,30.0,30.0,False,True,30.0,14.464285714285715,0.12053571428571429,True,True,0.4821428571428571,30.000000000000004,14.464285714285715,0.12053571428571429,0.4821428571428571,30.000000000000004,0.12053571428571429,1
Nutrition | r23_c6 | Wednesday,Nutrition,r23_c6,Wednesday,510.0,08:30-09:00,26,26,64,52,True,0.40625,0.40625,480.0,08:00-08:30,0.46875,30.0,30.0,False,True,30.0,12.1875,0.1015625,True,True,0.53125,49.411764705882355,26.25,0.20703125,0.53125,49.411764705882355,0.20703125,1
Nutrition | r23_c6 | Wednesday,Nutrition,r23_c6,Wednesday,570.0,09:30-10:00,5,1,64,52,True,0.078125,0.078125,480.0,08:00-08:30,0.46875,90.0,90.0,False,True,90.0,7.03125,0.05859375,True,True,0.53125,49.411764705882355,26.25,0.20703125,0.53125,49.411764705882355,0.20703125,2
Nutrition | r23_c6 | Wednesday,Nutrition,r23_c6,Wednesday,600.0,10:00-10:30,1,1,64,52,True,0.015625,0.015625,480.0,08:00-08:30,0.46875,120.0,120.0,False,True,120.0,1.875,0.015625,True,True,0.53125,49.411764705882355,26.25,0.20703125,0.53125,49.411764705882355,0.20703125,3
Nutrition | r23_c6 | Wednesday,Nutrition,r23_c6,Wednesday,630.0,10:30-11:00,1,1,64,52,True,0.015625,0.015625,480.0,08:00-08:30,0.46875,150.0,150.0,False,True,120.0,2.34375,0.015625,True,True,0.53125,49.411764705882355,26.25,0.20703125,0.53125,49.411764705882355,0.20703125,4
Nutrition | r23_c6 | Wednesday,Nutrition,r23_c6,Wednesday,660.0,11:00-11:30,1,1,64,52,True,0.015625,0.015625,480.0,08:00-08:30,0.46875,180.0,180.0,False,True,120.0,2.8125,0.015625,True,True,0.53125,49.411764705882355,26.25,0.20703125,0.53125,49.411764705882355,0.20703125,5
Nutrition | r23_c7 | Friday,Nutrition,r23_c7,Friday,450.0,07:30-08:00,2,1,59,53,True,0.03389830508474576,0.03389830508474576,480.0,08:00-08:30,0.9322033898305084,-30.0,30.0,False,True,30.0,1.0169491525423728,0.00847457627118644,True,True,0.06779661016949157,29.99999999999998,2.0338983050847457,0.01694915254237288,0.06779661016949157,29.99999999999998,0.01694915254237288,1
Nutrition | r23_c7 | Friday,Nutrition,r23_c7,Friday,510.0,08:30-09:00,2,2,59,53,True,0.03389830508474576,0.03389830508474576,480.0,08:00-08:30,0.9322033898305084,30.0,30.0,False,True,30.0,1.0169491525423728,0.00847457627118644,True,True,0.06779661016949157,29.99999999999998,2.0338983050847457,0.01694915254237288,0.06779661016949157,29.99999999999998,0.01694915254237288,2
Nutrition | r23_c7 | Monday,Nutrition,r23_c7,Monday,510.0,08:30-09:00,1,1,55,52,True,0.01818181818181818,0.01818181818181818,480.0,08:00-08:30,0.9818181818181818,30.0,30.0,False,True,30.0,0.5454545454545454,0.004545454545454545,True,True,0.018181818181818188,29.99999999999999,0.5454545454545454,0.004545454545454545,0.018181818181818188,29.99999999999999,0.004545454545454545,1
Nutrition | r23_c7 | Wednesday,Nutrition,r23_c7,Wednesday,420.0,07:00-07:30,1,1,58,52,True,0.017241379310344827,0.017241379310344827,480.0,08:00-08:30,0.9655172413793104,-60.0,60.0,False,True,60.0,1.0344827586206897,0.008620689655172414,True,True,0.03448275862068961,45.000000000000064,1.5517241379310347,0.01293103448275862,0.03448275862068961,45.000000000000064,0.01293103448275862,1
Nutrition | r23_c7 | Wednesday,Nutrition,r23_c7,Wednesday,510.0,08:30-09:00,1,1,58,52,True,0.017241379310344827,0.017241379310344827,480.0,08:00-08:30,0.9655172413793104,30.0,30.0,False,True,30.0,0.5172413793103449,0.004310344827586207,True,True,0.03448275862068961,45.000000000000064,1.5517241379310347,0.01293103448275862,0.03448275862068961,45.000000000000064,0.01293103448275862,2
Nutrition | r23_c8 | Friday,Nutrition,r23_c8,Friday,480.0,08:00-08:30,9,9,38,35,True,0.23684210526315788,0.23684210526315788,510.0,08:30-09:00,0.7105263157894737,-30.0,30.0,False,True,30.0,7.105263157894736,0.05921052631578947,True,True,0.2894736842105263,35.45454545454545,10.263157894736842,0.08552631578947369,0.2894736842105263,35.45454545454545,0.08552631578947369,1
Nutrition | r23_c8 | Friday,Nutrition,r23_c8,Friday,450.0,07:30-08:00,2,1,38,35,True,0.05263157894736842,0.05263157894736842,510.0,08:30-09:00,0.7105263157894737,-60.0,60.0,False,True,60.0,3.1578947368421053,0.026315789473684213,True,True,0.2894736842105263,35.45454545454545,10.263157894736842,0.08552631578947369,0.2894736842105263,35.45454545454545,0.08552631578947369,2
Nutrition | r23_c8 | Monday,Nutrition,r23_c8,Monday,480.0,08:00-08:30,10,10,36,35,True,0.2777777777777778,0.2777777777777778,510.0,08:30-09:00,0.7222222222222222,-30.0,30.0,False,True,30.0,8.333333333333334,0.06944444444444445,True,True,0.2777777777777778,30.0,8.333333333333334,0.06944444444444445,0.2777777777777778,30.0,0.06944444444444445,1
Nutrition | r23_c8 | Wednesday,Nutrition,r23_c8,Wednesday,480.0,08:00-08:30,12,12,39,35,True,0.3076923076923077,0.3076923076923077,510.0,08:30-09:00,0.6666666666666666,-30.0,30.0,False,True,30.0,9.230769230769232,0.07692307692307693,True,True,0.33333333333333337,32.30769230769231,10.76923076923077,0.08974358974358974,0.33333333333333337,32.30769230769231,0.08974358974358974,1
Nutrition | r23_c8 | Wednesday,Nutrition,r23_c8,Wednesday,450.0,07:30-08:00,1,1,39,35,True,0.02564102564102564,0.02564102564102564,510.0,08:30-09:00,0.6666666666666666,-60.0,60.0,False,True,60.0,1.5384615384615383,0.01282051282051282,True,True,0.33333333333333337,32.30769230769231,10.76923076923077,0.08974358974358974,0.33333333333333337,32.30769230769231,0.08974358974358974,2
Nutrition | r23_c9 | Friday,Nutrition,r23_c9,Friday,480.0,08:00-08:30,20,17,68,41,True,0.29411764705882354,0.29411764705882354,510.0,08:30-09:00,0.5441176470588235,-30.0,30.0,False,True,30.0,8.823529411764707,0.07352941176470588,True,True,0.4558823529411765,38.70967741935484,17.647058823529413,0.14705882352941177,0.4558823529411765,38.70967741935484,0.14705882352941177,1
Nutrition | r23_c9 | Friday,Nutrition,r23_c9,Friday,450.0,07:30-08:00,9,5,68,41,True,0.1323529411764706,0.1323529411764706,510.0,08:30-09:00,0.5441176470588235,-60.0,60.0,False,True,60.0,7.9411764705882355,0.0661764705882353,True,True,0.4558823529411765,38.70967741935484,17.647058823529413,0.14705882352941177,0.4558823529411765,38.70967741935484,0.14705882352941177,2
Nutrition | r23_c9 | Friday,Nutrition,r23_c9,Friday,540.0,09:00-09:30,2,2,68,41,True,0.029411764705882353,0.029411764705882353,510.0,08:30-09:00,0.5441176470588235,30.0,30.0,False,True,30.0,0.8823529411764706,0.007352941176470588,True,True,0.4558823529411765,38.70967741935484,17.647058823529413,0.14705882352941177,0.4558823529411765,38.70967741935484,0.14705882352941177,3
Nutrition | r23_c9 | Monday,Nutrition,r23_c9,Monday,480.0,08:00-08:30,16,16,60,39,True,0.26666666666666666,0.26666666666666666,510.0,08:30-09:00,0.5833333333333334,-30.0,30.0,False,True,30.0,8.0,0.06666666666666667,True,True,0.41666666666666663,38.400000000000006,16.0,0.13333333333333333,0.41666666666666663,38.400000000000006,0.13333333333333333,1
Nutrition | r23_c9 | Monday,Nutrition,r23_c9,Monday,450.0,07:30-08:00,7,3,60,39,True,0.11666666666666667,0.11666666666666667,510.0,08:30-09:00,0.5833333333333334,-60.0,60.0,False,True,60.0,7.0,0.058333333333333334,True,True,0.41666666666666663,38.400000000000006,16.0,0.13333333333333333,0.41666666666666663,38.400000000000006,0.13333333333333333,2
Nutrition | r23_c9 | Monday,Nutrition,r23_c9,Monday,540.0,09:00-09:30,2,2,60,39,True,0.03333333333333333,0.03333333333333333,510.0,08:30-09:00,0.5833333333333334,30.0,30.0,False,True,30.0,1.0,0.008333333333333333,True,True,0.41666666666666663,38.400000000000006,16.0,0.13333333333333333,0.41666666666666663,38.400000000000006,0.13333333333333333,3
Nutrition | r23_c9 | Thursday,Nutrition,r23_c9,Thursday,480.0,08:00-08:30,17,17,62,40,True,0.27419354838709675,0.27419354838709675,510.0,08:30-09:00,0.5645161290322581,-30.0,30.0,False,True,30.0,8.225806451612902,0.06854838709677419,True,True,0.4354838709677419,38.88888888888889,16.93548387096774,0.1411290322580645,0.4354838709677419,38.88888888888889,0.1411290322580645,1
Nutrition | r23_c9 | Thursday,Nutrition,r23_c9,Thursday,450.0,07:30-08:00,8,4,62,40,True,0.12903225806451613,0.12903225806451613,510.0,08:30-09:00,0.5645161290322581,-60.0,60.0,False,True,60.0,7.741935483870968,0.06451612903225806,True,True,0.4354838709677419,38.88888888888889,16.93548387096774,0.1411290322580645,0.4354838709677419,38.88888888888889,0.1411290322580645,2
Nutrition | r23_c9 | Thursday,Nutrition,r23_c9,Thursday,540.0,09:00-09:30,2,2,62,40,True,0.03225806451612903,0.03225806451612903,510.0,08:30-09:00,0.5645161290322581,30.0,30.0,False,True,30.0,0.967741935483871,0.008064516129032258,True,True,0.4354838709677419,38.88888888888889,16.93548387096774,0.1411290322580645,0.4354838709677419,38.88888888888889,0.1411290322580645,3
Nutrition | r23_c9 | Tuesday,Nutrition,r23_c9,Tuesday,480.0,08:00-08:30,18,17,68,40,True,0.2647058823529412,0.2647058823529412,510.0,08:30-09:00,0.5735294117647058,-30.0,30.0,False,True,30.0,7.9411764705882355,0.0661764705882353,True,True,0.42647058823529416,37.241379310344826,15.882352941176471,0.1323529411764706,0.42647058823529416,37.241379310344826,0.1323529411764706,1
Nutrition | r23_c9 | Tuesday,Nutrition,r23_c9,Tuesday,450.0,07:30-08:00,7,3,68,40,True,0.10294117647058823,0.10294117647058823,510.0,08:30-09:00,0.5735294117647058,-60.0,60.0,False,True,60.0,6.1764705882352935,0.051470588235294115,True,True,0.42647058823529416,37.241379310344826,15.882352941176471,0.1323529411764706,0.42647058823529416,37.241379310344826,0.1323529411764706,2
Nutrition | r23_c9 | Tuesday,Nutrition,r23_c9,Tuesday,540.0,09:00-09:30,4,3,68,40,True,0.058823529411764705,0.058823529411764705,510.0,08:30-09:00,0.5735294117647058,30.0,30.0,False,True,30.0,1.7647058823529411,0.014705882352941176,True,True,0.42647058823529416,37.241379310344826,15.882352941176471,0.1323529411764706,0.42647058823529416,37.241379310344826,0.1323529411764706,3
Nutrition | r23_c9 | Wednesday,Nutrition,r23_c9,Wednesday,480.0,08:00-08:30,17,17,65,40,True,0.26153846153846155,0.26153846153846155,510.0,08:30-09:00,0.6,-30.0,30.0,False,True,30.0,7.846153846153847,0.06538461538461539,True,True,0.4,38.07692307692308,15.230769230769232,0.12692307692307692,0.4,38.07692307692308,0.12692307692307692,1
Nutrition | r23_c9 | Wednesday,Nutrition,r23_c9,Wednesday,450.0,07:30-08:00,7,3,65,40,True,0.1076923076923077,0.1076923076923077,510.0,08:30-09:00,0.6,-60.0,60.0,False,True,60.0,6.461538461538462,0.05384615384615385,True,True,0.4,38.07692307692308,15.230769230769232,0.12692307692307692,0.4,38.07692307692308,0.12692307692307692,2
Nutrition | r23_c9 | Wednesday,Nutrition,r23_c9,Wednesday,540.0,09:00-09:30,2,2,65,40,True,0.03076923076923077,0.03076923076923077,510.0,08:30-09:00,0.6,30.0,30.0,False,True,30.0,0.9230769230769231,0.007692307692307693,True,True,0.4,38.07692307692308,15.230769230769232,0.12692307692307692,0.4,38.07692307692308,0.12692307692307692,3
Nutrition | r24_c10 | Friday,Nutrition,r24_c10,Friday,510.0,08:30-09:00,51,23,172,51,True,0.29651162790697677,0.29651162790697677,480.0,08:00-08:30,0.45348837209302323,30.0,30.0,False,True,30.0,8.895348837209303,0.07412790697674419,True,True,0.5465116279069768,36.702127659574465,20.058139534883722,0.1671511627906977,0.5465116279069768,36.702127659574465,0.1671511627906977,1
Nutrition | r24_c10 | Friday,Nutrition,r24_c10,Friday,450.0,07:30-08:00,22,15,172,51,True,0.12790697674418605,0.12790697674418605,480.0,08:00-08:30,0.45348837209302323,-30.0,30.0,False,True,30.0,3.8372093023255816,0.03197674418604651,True,True,0.5465116279069768,36.702127659574465,20.058139534883722,0.1671511627906977,0.5465116279069768,36.702127659574465,0.1671511627906977,2
Nutrition | r24_c10 | Friday,Nutrition,r24_c10,Friday,540.0,09:00-09:30,21,13,172,51,True,0.12209302325581395,0.12209302325581395,480.0,08:00-08:30,0.45348837209302323,60.0,60.0,False,True,60.0,7.325581395348837,0.061046511627906974,True,True,0.5465116279069768,36.702127659574465,20.058139534883722,0.1671511627906977,0.5465116279069768,36.702127659574465,0.1671511627906977,3
Nutrition | r24_c10 | Monday,Nutrition,r24_c10,Monday,510.0,08:30-09:00,60,26,214,52,True,0.2803738317757009,0.2803738317757009,480.0,08:00-08:30,0.40186915887850466,30.0,30.0,False,True,30.0,8.411214953271028,0.07009345794392523,True,True,0.5981308411214954,36.56249999999999,21.86915887850467,0.1822429906542056,0.5981308411214954,36.56249999999999,0.1822429906542056,1
Nutrition | r24_c10 | Monday,Nutrition,r24_c10,Monday,450.0,07:30-08:00,41,16,214,52,True,0.19158878504672897,0.19158878504672897,480.0,08:00-08:30,0.40186915887850466,-30.0,30.0,False,True,30.0,5.747663551401869,0.04789719626168224,True,True,0.5981308411214954,36.56249999999999,21.86915887850467,0.1822429906542056,0.5981308411214954,36.56249999999999,0.1822429906542056,2
Nutrition | r24_c10 | Monday,Nutrition,r24_c10,Monday,540.0,09:00-09:30,26,12,214,52,True,0.12149532710280374,0.12149532710280374,480.0,08:00-08:30,0.40186915887850466,60.0,60.0,False,True,60.0,7.289719626168225,0.06074766355140187,True,True,0.5981308411214954,36.56249999999999,21.86915887850467,0.1822429906542056,0.5981308411214954,36.56249999999999,0.1822429906542056,3
Nutrition | r24_c10 | Monday,Nutrition,r24_c10,Monday,570.0,09:30-10:00,1,1,214,52,True,0.004672897196261682,0.004672897196261682,480.0,08:00-08:30,0.40186915887850466,90.0,90.0,False,True,90.0,0.4205607476635514,0.0035046728971962616,True,True,0.5981308411214954,36.56249999999999,21.86915887850467,0.1822429906542056,0.5981308411214954,36.56249999999999,0.1822429906542056,4
Nutrition | r24_c10 | Thursday,Nutrition,r24_c10,Thursday,480.0,08:00-08:30,71,29,237,52,True,0.29957805907172996,0.29957805907172996,510.0,08:30-09:00,0.31223628691983124,-30.0,30.0,False,True,30.0,8.987341772151899,0.07489451476793249,True,True,0.6877637130801688,41.59509202453987,28.60759493670886,0.23839662447257384,0.6877637130801688,41.59509202453987,0.23839662447257384,1
Nutrition | r24_c10 | Thursday,Nutrition,r24_c10,Thursday,450.0,07:30-08:00,42,17,237,52,True,0.17721518987341772,0.17721518987341772,510.0,08:30-09:00,0.31223628691983124,-60.0,60.0,False,True,60.0,10.632911392405063,0.08860759493670886,True,True,0.6877637130801688,41.59509202453987,28.60759493670886,0.23839662447257384,0.6877637130801688,41.59509202453987,0.23839662447257384,2
Nutrition | r24_c10 | Thursday,Nutrition,r24_c10,Thursday,540.0,09:00-09:30,31,16,237,52,True,0.1308016877637131,0.1308016877637131,510.0,08:30-09:00,0.31223628691983124,30.0,30.0,False,True,30.0,3.924050632911393,0.03270042194092827,True,True,0.6877637130801688,41.59509202453987,28.60759493670886,0.23839662447257384,0.6877637130801688,41.59509202453987,0.23839662447257384,3
Nutrition | r24_c10 | Thursday,Nutrition,r24_c10,Thursday,570.0,09:30-10:00,18,14,237,52,True,0.0759493670886076,0.0759493670886076,510.0,08:30-09:00,0.31223628691983124,60.0,60.0,False,True,60.0,4.556962025316456,0.0379746835443038,True,True,0.6877637130801688,41.59509202453987,28.60759493670886,0.23839662447257384,0.6877637130801688,41.59509202453987,0.23839662447257384,4
Nutrition | r24_c10 | Thursday,Nutrition,r24_c10,Thursday,630.0,10:30-11:00,1,1,237,52,True,0.004219409282700422,0.004219409282700422,510.0,08:30-09:00,0.31223628691983124,120.0,120.0,False,True,120.0,0.5063291139240506,0.004219409282700422,True,True,0.6877637130801688,41.59509202453987,28.60759493670886,0.23839662447257384,0.6877637130801688,41.59509202453987,0.23839662447257384,5
Nutrition | r24_c10 | Tuesday,Nutrition,r24_c10,Tuesday,480.0,08:00-08:30,76,30,292,52,True,0.2602739726027397,0.2602739726027397,510.0,08:30-09:00,0.3561643835616438,-30.0,30.0,False,True,30.0,7.808219178082191,0.06506849315068493,True,True,0.6438356164383562,41.80851063829787,26.91780821917808,0.22431506849315067,0.6438356164383562,41.80851063829787,0.22431506849315067,1
Nutrition | r24_c10 | Tuesday,Nutrition,r24_c10,Tuesday,450.0,07:30-08:00,62,16,292,52,True,0.21232876712328766,0.21232876712328766,510.0,08:30-09:00,0.3561643835616438,-60.0,60.0,False,True,60.0,12.739726027397259,0.10616438356164383,True,True,0.6438356164383562,41.80851063829787,26.91780821917808,0.22431506849315067,0.6438356164383562,41.80851063829787,0.22431506849315067,2
Nutrition | r24_c10 | Tuesday,Nutrition,r24_c10,Tuesday,540.0,09:00-09:30,38,14,292,52,True,0.13013698630136986,0.13013698630136986,510.0,08:30-09:00,0.3561643835616438,30.0,30.0,False,True,30.0,3.9041095890410955,0.032534246575342464,True,True,0.6438356164383562,41.80851063829787,26.91780821917808,0.22431506849315067,0.6438356164383562,41.80851063829787,0.22431506849315067,3
Nutrition | r24_c10 | Tuesday,Nutrition,r24_c10,Tuesday,570.0,09:30-10:00,12,11,292,52,True,0.0410958904109589,0.0410958904109589,510.0,08:30-09:00,0.3561643835616438,60.0,60.0,False,True,60.0,2.4657534246575343,0.020547945205479454,True,True,0.6438356164383562,41.80851063829787,26.91780821917808,0.22431506849315067,0.6438356164383562,41.80851063829787,0.22431506849315067,4
Nutrition | r24_c10 | Wednesday,Nutrition,r24_c10,Wednesday,510.0,08:30-09:00,66,26,218,52,True,0.30275229357798167,0.30275229357798167,480.0,08:00-08:30,0.3440366972477064,30.0,30.0,False,True,30.0,9.08256880733945,0.07568807339449542,True,True,0.6559633027522935,37.97202797202797,24.908256880733944,0.20756880733944957,0.6559633027522935,37.97202797202797,0.20756880733944957,1
Nutrition | r24_c10 | Wednesday,Nutrition,r24_c10,Wednesday,450.0,07:30-08:00,44,16,218,52,True,0.2018348623853211,0.2018348623853211,480.0,08:00-08:30,0.3440366972477064,-30.0,30.0,False,True,30.0,6.055045871559633,0.05045871559633028,True,True,0.6559633027522935,37.97202797202797,24.908256880733944,0.20756880733944957,0.6559633027522935,37.97202797202797,0.20756880733944957,2
Nutrition | r24_c10 | Wednesday,Nutrition,r24_c10,Wednesday,540.0,09:00-09:30,30,12,218,52,True,0.13761467889908258,0.13761467889908258,480.0,08:00-08:30,0.3440366972477064,60.0,60.0,False,True,60.0,8.256880733944955,0.06880733944954129,True,True,0.6559633027522935,37.97202797202797,24.908256880733944,0.20756880733944957,0.6559633027522935,37.97202797202797,0.20756880733944957,3
Nutrition | r24_c10 | Wednesday,Nutrition,r24_c10,Wednesday,600.0,10:00-10:30,2,1,218,52,True,0.009174311926605505,0.009174311926605505,480.0,08:00-08:30,0.3440366972477064,120.0,120.0,False,True,120.0,1.1009174311926606,0.009174311926605505,True,True,0.6559633027522935,37.97202797202797,24.908256880733944,0.20756880733944957,0.6559633027522935,37.97202797202797,0.20756880733944957,4
Nutrition | r24_c10 | Wednesday,Nutrition,r24_c10,Wednesday,570.0,09:30-10:00,1,1,218,52,True,0.0045871559633027525,0.0045871559633027525,480.0,08:00-08:30,0.3440366972477064,90.0,90.0,False,True,90.0,0.41284403669724773,0.0034403669724770644,True,True,0.6559633027522935,37.97202797202797,24.908256880733944,0.20756880733944957,0.6559633027522935,37.97202797202797,0.20756880733944957,5
Nutrition | r24_c13 | Friday,Nutrition,r24_c13,Friday,450.0,07:30-08:00,180,39,764,53,True,0.2356020942408377,0.2356020942408377,780.0,13:00-13:30,0.2670157068062827,-330.0,330.0,False,True,120.0,77.74869109947645,0.2356020942408377,True,True,0.7329842931937173,210.6428571428572,154.39790575916234,0.537303664921466,0.7329842931937173,210.6428571428572,0.537303664921466,1
Nutrition | r24_c13 | Friday,Nutrition,r24_c13,Friday,750.0,12:30-13:00,169,32,764,53,True,0.2212041884816754,0.2212041884816754,780.0,13:00-13:30,0.2670157068062827,-30.0,30.0,False,True,30.0,6.636125654450262,0.05530104712041885,True,True,0.7329842931937173,210.6428571428572,154.39790575916234,0.537303664921466,0.7329842931937173,210.6428571428572,0.537303664921466,2
Nutrition | r24_c13 | Friday,Nutrition,r24_c13,Friday,480.0,08:00-08:30,135,40,764,53,True,0.17670157068062828,0.17670157068062828,780.0,13:00-13:30,0.2670157068062827,-300.0,300.0,False,True,120.0,53.010471204188484,0.17670157068062828,True,True,0.7329842931937173,210.6428571428572,154.39790575916234,0.537303664921466,0.7329842931937173,210.6428571428572,0.537303664921466,3
Nutrition | r24_c13 | Friday,Nutrition,r24_c13,Friday,510.0,08:30-09:00,44,38,764,53,True,0.05759162303664921,0.05759162303664921,780.0,13:00-13:30,0.2670157068062827,-270.0,270.0,False,True,120.0,15.549738219895287,0.05759162303664921,True,True,0.7329842931937173,210.6428571428572,154.39790575916234,0.537303664921466,0.7329842931937173,210.6428571428572,0.537303664921466,4
Nutrition | r24_c13 | Friday,Nutrition,r24_c13,Friday,810.0,13:30-14:00,27,15,764,53,True,0.03534031413612566,0.03534031413612566,780.0,13:00-13:30,0.2670157068062827,30.0,30.0,False,True,30.0,1.0602094240837696,0.008835078534031414,True,True,0.7329842931937173,210.6428571428572,154.39790575916234,0.537303664921466,0.7329842931937173,210.6428571428572,0.537303664921466,5
Nutrition | r24_c13 | Friday,Nutrition,r24_c13,Friday,720.0,12:00-12:30,4,1,764,53,True,0.005235602094240838,0.005235602094240838,780.0,13:00-13:30,0.2670157068062827,-60.0,60.0,False,True,60.0,0.31413612565445026,0.002617801047120419,True,True,0.7329842931937173,210.6428571428572,154.39790575916234,0.537303664921466,0.7329842931937173,210.6428571428572,0.537303664921466,6
Nutrition | r24_c13 | Friday,Nutrition,r24_c13,Friday,840.0,14:00-14:30,1,1,764,53,True,0.0013089005235602095,0.0013089005235602095,780.0,13:00-13:30,0.2670157068062827,60.0,60.0,False,True,60.0,0.07853403141361257,0.0006544502617801048,True,True,0.7329842931937173,210.6428571428572,154.39790575916234,0.537303664921466,0.7329842931937173,210.6428571428572,0.537303664921466,7
Nutrition | r24_c13 | Monday,Nutrition,r24_c13,Monday,450.0,07:30-08:00,189,40,736,52,True,0.25679347826086957,0.25679347826086957,780.0,13:00-13:30,0.29483695652173914,-330.0,330.0,False,True,120.0,84.74184782608695,0.25679347826086957,True,True,0.7051630434782609,218.78612716763004,154.2798913043478,0.529891304347826,0.7051630434782609,218.78612716763004,0.529891304347826,1
Nutrition | r24_c13 | Monday,Nutrition,r24_c13,Monday,750.0,12:30-13:00,156,33,736,52,True,0.21195652173913043,0.21195652173913043,780.0,13:00-13:30,0.29483695652173914,-30.0,30.0,False,True,30.0,6.358695652173913,0.05298913043478261,True,True,0.7051630434782609,218.78612716763004,154.2798913043478,0.529891304347826,0.7051630434782609,218.78612716763004,0.529891304347826,2
Nutrition | r24_c13 | Monday,Nutrition,r24_c13,Monday,480.0,08:00-08:30,112,38,736,52,True,0.15217391304347827,0.15217391304347827,780.0,13:00-13:30,0.29483695652173914,-300.0,300.0,False,True,120.0,45.652173913043484,0.15217391304347824,True,True,0.7051630434782609,218.78612716763004,154.2798913043478,0.529891304347826,0.7051630434782609,218.78612716763004,0.529891304347826,3
Nutrition | r24_c13 | Monday,Nutrition,r24_c13,Monday,510.0,08:30-09:00,46,38,736,52,True,0.0625,0.0625,780.0,13:00-13:30,0.29483695652173914,-270.0,270.0,False,True,120.0,16.875,0.0625,True,True,0.7051630434782609,218.78612716763004,154.2798913043478,0.529891304347826,0.7051630434782609,218.78612716763004,0.529891304347826,4
Nutrition | r24_c13 | Monday,Nutrition,r24_c13,Monday,810.0,13:30-14:00,16,14,736,52,True,0.021739130434782608,0.021739130434782608,780.0,13:00-13:30,0.29483695652173914,30.0,30.0,False,True,30.0,0.6521739130434783,0.005434782608695652,True,True,0.7051630434782609,218.78612716763004,154.2798913043478,0.529891304347826,0.7051630434782609,218.78612716763004,0.529891304347826,5
Nutrition | r24_c13 | Thursday,Nutrition,r24_c13,Thursday,750.0,12:30-13:00,171,31,751,52,True,0.22769640479360853,0.22769640479360853,780.0,13:00-13:30,0.30892143808255657,-30.0,30.0,False,True,30.0,6.830892143808256,0.05692410119840214,True,True,0.6910785619174434,204.9132947976879,141.6111850865513,0.49933422103861513,0.6910785619174434,204.9132947976879,0.49933422103861513,1
Nutrition | r24_c13 | Thursday,Nutrition,r24_c13,Thursday,450.0,07:30-08:00,155,37,751,52,True,0.20639147802929428,0.20639147802929428,780.0,13:00-13:30,0.30892143808255657,-330.0,330.0,False,True,120.0,68.10918774966711,0.20639147802929428,True,True,0.6910785619174434,204.9132947976879,141.6111850865513,0.49933422103861513,0.6910785619174434,204.9132947976879,0.49933422103861513,2
Nutrition | r24_c13 | Thursday,Nutrition,r24_c13,Thursday,480.0,08:00-08:30,118,39,751,52,True,0.15712383488681758,0.15712383488681758,780.0,13:00-13:30,0.30892143808255657,-300.0,300.0,False,True,120.0,47.13715046604528,0.15712383488681755,True,True,0.6910785619174434,204.9132947976879,141.6111850865513,0.49933422103861513,0.6910785619174434,204.9132947976879,0.49933422103861513,3
Nutrition | r24_c13 | Thursday,Nutrition,r24_c13,Thursday,510.0,08:30-09:00,48,38,751,52,True,0.06391478029294274,0.06391478029294274,780.0,13:00-13:30,0.30892143808255657,-270.0,270.0,False,True,120.0,17.256990679094542,0.06391478029294274,True,True,0.6910785619174434,204.9132947976879,141.6111850865513,0.49933422103861513,0.6910785619174434,204.9132947976879,0.49933422103861513,4
Nutrition | r24_c13 | Thursday,Nutrition,r24_c13,Thursday,810.0,13:30-14:00,19,14,751,52,True,0.02529960053262317,0.02529960053262317,780.0,13:00-13:30,0.30892143808255657,30.0,30.0,False,True,30.0,0.7589880159786951,0.0063249001331557924,True,True,0.6910785619174434,204.9132947976879,141.6111850865513,0.49933422103861513,0.6910785619174434,204.9132947976879,0.49933422103861513,5
Nutrition | r24_c13 | Thursday,Nutrition,r24_c13,Thursday,540.0,09:00-09:30,3,1,751,52,True,0.0039946737683089215,0.0039946737683089215,780.0,13:00-13:30,0.30892143808255657,-240.0,240.0,False,True,120.0,0.9587217043941412,0.0039946737683089215,True,True,0.6910785619174434,204.9132947976879,141.6111850865513,0.49933422103861513,0.6910785619174434,204.9132947976879,0.49933422103861513,6
Nutrition | r24_c13 | Thursday,Nutrition,r24_c13,Thursday,840.0,14:00-14:30,3,1,751,52,True,0.0039946737683089215,0.0039946737683089215,780.0,13:00-13:30,0.30892143808255657,60.0,60.0,False,True,60.0,0.2396804260985353,0.0019973368841544607,True,True,0.6910785619174434,204.9132947976879,141.6111850865513,0.49933422103861513,0.6910785619174434,204.9132947976879,0.49933422103861513,7
Nutrition | r24_c13 | Thursday,Nutrition,r24_c13,Thursday,900.0,15:00-15:30,2,1,751,52,True,0.002663115845539281,0.002663115845539281,780.0,13:00-13:30,0.30892143808255657,120.0,120.0,False,True,120.0,0.31957390146471376,0.002663115845539281,True,True,0.6910785619174434,204.9132947976879,141.6111850865513,0.49933422103861513,0.6910785619174434,204.9132947976879,0.49933422103861513,8
Nutrition | r24_c13 | Tuesday,Nutrition,r24_c13,Tuesday,750.0,12:30-13:00,178,33,741,52,True,0.24021592442645073,0.24021592442645073,780.0,13:00-13:30,0.28205128205128205,-30.0,30.0,False,True,30.0,7.206477732793522,0.06005398110661268,True,True,0.717948717948718,206.56015037593988,148.29959514170042,0.5185560053981106,0.717948717948718,206.56015037593988,0.5185560053981106,1
Nutrition | r24_c13 | Tuesday,Nutrition,r24_c13,Tuesday,450.0,07:30-08:00,164,38,741,52,True,0.2213225371120108,0.2213225371120108,780.0,13:00-13:30,0.28205128205128205,-330.0,330.0,False,True,120.0,73.03643724696356,0.2213225371120108,True,True,0.717948717948718,206.56015037593988,148.29959514170042,0.5185560053981106,0.717948717948718,206.56015037593988,0.5185560053981106,2
Nutrition | r24_c13 | Tuesday,Nutrition,r24_c13,Tuesday,480.0,08:00-08:30,123,40,741,52,True,0.1659919028340081,0.1659919028340081,780.0,13:00-13:30,0.28205128205128205,-300.0,300.0,False,True,120.0,49.79757085020243,0.1659919028340081,True,True,0.717948717948718,206.56015037593988,148.29959514170042,0.5185560053981106,0.717948717948718,206.56015037593988,0.5185560053981106,3
Nutrition | r24_c13 | Tuesday,Nutrition,r24_c13,Tuesday,510.0,08:30-09:00,48,38,741,52,True,0.06477732793522267,0.06477732793522267,780.0,13:00-13:30,0.28205128205128205,-270.0,270.0,False,True,120.0,17.489878542510123,0.06477732793522267,True,True,0.717948717948718,206.56015037593988,148.29959514170042,0.5185560053981106,0.717948717948718,206.56015037593988,0.5185560053981106,4
Nutrition | r24_c13 | Tuesday,Nutrition,r24_c13,Tuesday,810.0,13:30-14:00,19,16,741,52,True,0.02564102564102564,0.02564102564102564,780.0,13:00-13:30,0.28205128205128205,30.0,30.0,False,True,30.0,0.7692307692307692,0.00641025641025641,True,True,0.717948717948718,206.56015037593988,148.29959514170042,0.5185560053981106,0.717948717948718,206.56015037593988,0.5185560053981106,5
Nutrition | r24_c13 | Wednesday,Nutrition,r24_c13,Wednesday,450.0,07:30-08:00,177,39,723,52,True,0.24481327800829875,0.24481327800829875,780.0,13:00-13:30,0.2918395573997234,-330.0,330.0,False,True,120.0,80.78838174273858,0.24481327800829875,True,True,0.7081604426002766,216.56250000000003,153.3609958506224,0.5286998616874136,0.7081604426002766,216.56250000000003,0.5286998616874136,1
Nutrition | r24_c13 | Wednesday,Nutrition,r24_c13,Wednesday,750.0,12:30-13:00,152,31,723,52,True,0.21023513139695713,0.21023513139695713,780.0,13:00-13:30,0.2918395573997234,-30.0,30.0,False,True,30.0,6.3070539419087135,0.05255878284923928,True,True,0.7081604426002766,216.56250000000003,153.3609958506224,0.5286998616874136,0.7081604426002766,216.56250000000003,0.5286998616874136,2
Nutrition | r24_c13 | Wednesday,Nutrition,r24_c13,Wednesday,480.0,08:00-08:30,115,39,723,52,True,0.1590594744121715,0.1590594744121715,780.0,13:00-13:30,0.2918395573997234,-300.0,300.0,False,True,120.0,47.717842323651446,0.1590594744121715,True,True,0.7081604426002766,216.56250000000003,153.3609958506224,0.5286998616874136,0.7081604426002766,216.56250000000003,0.5286998616874136,3
Nutrition | r24_c13 | Wednesday,Nutrition,r24_c13,Wednesday,510.0,08:30-09:00,46,38,723,52,True,0.0636237897648686,0.0636237897648686,780.0,13:00-13:30,0.2918395573997234,-270.0,270.0,False,True,120.0,17.178423236514522,0.0636237897648686,True,True,0.7081604426002766,216.56250000000003,153.3609958506224,0.5286998616874136,0.7081604426002766,216.56250000000003,0.5286998616874136,4
Nutrition | r24_c13 | Wednesday,Nutrition,r24_c13,Wednesday,810.0,13:30-14:00,21,15,723,52,True,0.029045643153526972,0.029045643153526972,780.0,13:00-13:30,0.2918395573997234,30.0,30.0,False,True,30.0,0.8713692946058091,0.007261410788381743,True,True,0.7081604426002766,216.56250000000003,153.3609958506224,0.5286998616874136,0.7081604426002766,216.56250000000003,0.5286998616874136,5
Nutrition | r24_c13 | Wednesday,Nutrition,r24_c13,Wednesday,420.0,07:00-07:30,1,1,723,52,True,0.0013831258644536654,0.0013831258644536654,780.0,13:00-13:30,0.2918395573997234,-360.0,360.0,False,True,120.0,0.4979253112033195,0.0013831258644536654,True,True,0.7081604426002766,216.56250000000003,153.3609958506224,0.5286998616874136,0.7081604426002766,216.56250000000003,0.5286998616874136,6
Nutrition | r24_c14 | Friday,Nutrition,r24_c14,Friday,450.0,07:30-08:00,18,16,57,53,True,0.3157894736842105,0.3157894736842105,480.0,08:00-08:30,0.6842105263157895,-30.0,30.0,False,True,30.0,9.473684210526315,0.07894736842105263,True,True,0.3157894736842105,30.0,9.473684210526315,0.07894736842105263,0.3157894736842105,30.0,0.07894736842105263,1
Nutrition | r24_c14 | Monday,Nutrition,r24_c14,Monday,450.0,07:30-08:00,22,18,60,52,True,0.36666666666666664,0.36666666666666664,480.0,08:00-08:30,0.6333333333333333,-30.0,30.0,False,True,30.0,11.0,0.09166666666666666,True,True,0.3666666666666667,29.999999999999996,11.0,0.09166666666666666,0.3666666666666667,29.999999999999996,0.09166666666666666,1
Nutrition | r24_c14 | Thursday,Nutrition,r24_c14,Thursday,450.0,07:30-08:00,18,16,59,52,True,0.3050847457627119,0.3050847457627119,480.0,08:00-08:30,0.6779661016949152,-30.0,30.0,False,True,30.0,9.152542372881356,0.07627118644067797,True,True,0.3220338983050848,31.578947368421055,10.16949152542373,0.08474576271186442,0.3220338983050848,31.578947368421055,0.08474576271186442,1
Nutrition | r24_c14 | Thursday,Nutrition,r24_c14,Thursday,540.0,09:00-09:30,1,1,59,52,True,0.01694915254237288,0.01694915254237288,480.0,08:00-08:30,0.6779661016949152,60.0,60.0,False,True,60.0,1.0169491525423728,0.00847457627118644,True,True,0.3220338983050848,31.578947368421055,10.16949152542373,0.08474576271186442,0.3220338983050848,31.578947368421055,0.08474576271186442,2
Nutrition | r24_c14 | Tuesday,Nutrition,r24_c14,Tuesday,450.0,07:30-08:00,18,16,57,52,True,0.3157894736842105,0.3157894736842105,480.0,08:00-08:30,0.6842105263157895,-30.0,30.0,False,True,30.0,9.473684210526315,0.07894736842105263,True,True,0.3157894736842105,30.0,9.473684210526315,0.07894736842105263,0.3157894736842105,30.0,0.07894736842105263,1
Nutrition | r24_c14 | Wednesday,Nutrition,r24_c14,Wednesday,450.0,07:30-08:00,20,18,60,52,True,0.3333333333333333,0.3333333333333333,480.0,08:00-08:30,0.6666666666666666,-30.0,30.0,False,True,30.0,10.0,0.08333333333333333,True,True,0.33333333333333337,29.999999999999996,10.0,0.08333333333333333,0.33333333333333337,29.999999999999996,0.08333333333333333,1
Nutrition | r24_c15 | Friday,Nutrition,r24_c15,Friday,510.0,08:30-09:00,70,53,387,53,True,0.18087855297157623,0.18087855297157623,750.0,12:30-13:00,0.7312661498708011,-240.0,240.0,False,True,120.0,43.41085271317829,0.18087855297157623,True,True,0.2687338501291989,173.94230769230774,46.74418604651163,0.20865633074935402,0.2687338501291989,173.94230769230774,0.20865633074935402,1
Nutrition | r24_c15 | Friday,Nutrition,r24_c15,Friday,720.0,12:00-12:30,22,2,387,53,True,0.056847545219638244,0.056847545219638244,750.0,12:30-13:00,0.7312661498708011,-30.0,30.0,False,True,30.0,1.7054263565891474,0.014211886304909561,True,True,0.2687338501291989,173.94230769230774,46.74418604651163,0.20865633074935402,0.2687338501291989,173.94230769230774,0.20865633074935402,2
Nutrition | r24_c15 | Friday,Nutrition,r24_c15,Friday,810.0,13:30-14:00,8,1,387,53,True,0.020671834625323,0.020671834625323,750.0,12:30-13:00,0.7312661498708011,60.0,60.0,False,True,60.0,1.2403100775193798,0.0103359173126615,True,True,0.2687338501291989,173.94230769230774,46.74418604651163,0.20865633074935402,0.2687338501291989,173.94230769230774,0.20865633074935402,3
Nutrition | r24_c15 | Friday,Nutrition,r24_c15,Friday,780.0,13:00-13:30,3,1,387,53,True,0.007751937984496124,0.007751937984496124,750.0,12:30-13:00,0.7312661498708011,30.0,30.0,False,True,30.0,0.23255813953488372,0.001937984496124031,True,True,0.2687338501291989,173.94230769230774,46.74418604651163,0.20865633074935402,0.2687338501291989,173.94230769230774,0.20865633074935402,4
Nutrition | r24_c15 | Friday,Nutrition,r24_c15,Friday,690.0,11:30-12:00,1,1,387,53,True,0.002583979328165375,0.002583979328165375,750.0,12:30-13:00,0.7312661498708011,-60.0,60.0,False,True,60.0,0.15503875968992248,0.0012919896640826874,True,True,0.2687338501291989,173.94230769230774,46.74418604651163,0.20865633074935402,0.2687338501291989,173.94230769230774,0.20865633074935402,5
Nutrition | r24_c15 | Monday,Nutrition,r24_c15,Monday,510.0,08:30-09:00,66,52,300,52,True,0.22,0.22,750.0,12:30-13:00,0.77,-240.0,240.0,False,True,120.0,52.8,0.22,True,True,0.22999999999999998,230.86956521739128,53.099999999999994,0.2225,0.22999999999999998,230.86956521739128,0.2225,1
Nutrition | r24_c15 | Monday,Nutrition,r24_c15,Monday,780.0,13:00-13:30,3,1,300,52,True,0.01,0.01,750.0,12:30-13:00,0.77,30.0,30.0,False,True,30.0,0.3,0.0025,True,True,0.22999999999999998,230.86956521739128,53.099999999999994,0.2225,0.22999999999999998,230.86956521739128,0.2225,2
Nutrition | r24_c15 | Thursday,Nutrition,r24_c15,Thursday,510.0,08:30-09:00,68,52,435,52,True,0.15632183908045977,0.15632183908045977,750.0,12:30-13:00,0.8160919540229885,-240.0,240.0,False,True,120.0,37.51724137931034,0.15632183908045977,True,True,0.1839080459770115,208.87499999999997,38.41379310344827,0.16379310344827586,0.1839080459770115,208.87499999999997,0.16379310344827586,1
Nutrition | r24_c15 | Thursday,Nutrition,r24_c15,Thursday,780.0,13:00-13:30,8,1,435,52,True,0.01839080459770115,0.01839080459770115,750.0,12:30-13:00,0.8160919540229885,30.0,30.0,False,True,30.0,0.5517241379310345,0.004597701149425287,True,True,0.1839080459770115,208.87499999999997,38.41379310344827,0.16379310344827586,0.1839080459770115,208.87499999999997,0.16379310344827586,2
Nutrition | r24_c15 | Thursday,Nutrition,r24_c15,Thursday,720.0,12:00-12:30,3,1,435,52,True,0.006896551724137931,0.006896551724137931,750.0,12:30-13:00,0.8160919540229885,-30.0,30.0,False,True,30.0,0.20689655172413793,0.0017241379310344827,True,True,0.1839080459770115,208.87499999999997,38.41379310344827,0.16379310344827586,0.1839080459770115,208.87499999999997,0.16379310344827586,3
Nutrition | r24_c15 | Thursday,Nutrition,r24_c15,Thursday,810.0,13:30-14:00,1,1,435,52,True,0.0022988505747126436,0.0022988505747126436,750.0,12:30-13:00,0.8160919540229885,60.0,60.0,False,True,60.0,0.13793103448275862,0.0011494252873563218,True,True,0.1839080459770115,208.87499999999997,38.41379310344827,0.16379310344827586,0.1839080459770115,208.87499999999997,0.16379310344827586,4
Nutrition | r24_c15 | Tuesday,Nutrition,r24_c15,Tuesday,510.0,08:30-09:00,66,52,420,52,True,0.15714285714285714,0.15714285714285714,750.0,12:30-13:00,0.8404761904761905,-240.0,240.0,False,True,120.0,37.714285714285715,0.15714285714285714,True,True,0.1595238095238095,236.86567164179107,37.785714285714285,0.15773809523809523,0.1595238095238095,236.86567164179107,0.15773809523809523,1
Nutrition | r24_c15 | Tuesday,Nutrition,r24_c15,Tuesday,780.0,13:00-13:30,1,1,420,52,True,0.002380952380952381,0.002380952380952381,750.0,12:30-13:00,0.8404761904761905,30.0,30.0,False,True,30.0,0.07142857142857144,0.0005952380952380953,True,True,0.1595238095238095,236.86567164179107,37.785714285714285,0.15773809523809523,0.1595238095238095,236.86567164179107,0.15773809523809523,2
Nutrition | r24_c15 | Wednesday,Nutrition,r24_c15,Wednesday,510.0,08:30-09:00,72,52,348,52,True,0.20689655172413793,0.20689655172413793,750.0,12:30-13:00,0.7816091954022989,-240.0,240.0,False,True,120.0,49.6551724137931,0.20689655172413793,True,True,0.2183908045977011,238.42105263157896,52.068965517241374,0.21623563218390804,0.2183908045977011,238.42105263157896,0.21623563218390804,1
Nutrition | r24_c15 | Wednesday,Nutrition,r24_c15,Wednesday,480.0,08:00-08:30,3,3,348,52,True,0.008620689655172414,0.008620689655172414,750.0,12:30-13:00,0.7816091954022989,-270.0,270.0,False,True,120.0,2.3275862068965516,0.008620689655172414,True,True,0.2183908045977011,238.42105263157896,52.068965517241374,0.21623563218390804,0.2183908045977011,238.42105263157896,0.21623563218390804,2
Nutrition | r24_c15 | Wednesday,Nutrition,r24_c15,Wednesday,780.0,13:00-13:30,1,1,348,52,True,0.0028735632183908046,0.0028735632183908046,750.0,12:30-13:00,0.7816091954022989,30.0,30.0,False,True,30.0,0.08620689655172414,0.0007183908045977012,True,True,0.2183908045977011,238.42105263157896,52.068965517241374,0.21623563218390804,0.2183908045977011,238.42105263157896,0.21623563218390804,3
Nutrition | r25_c15 | Friday,Nutrition,r25_c15,Friday,450.0,07:30-08:00,11,5,198,53,True,0.05555555555555555,0.05555555555555555,480.0,08:00-08:30,0.9292929292929293,-30.0,30.0,False,True,30.0,1.6666666666666665,0.013888888888888888,True,True,0.07070707070707072,36.42857142857142,2.5757575757575757,0.021464646464646464,0.07070707070707072,36.42857142857142,0.021464646464646464,1
Nutrition | r25_c15 | Friday,Nutrition,r25_c15,Friday,420.0,07:00-07:30,2,1,198,53,True,0.010101010101010102,0.010101010101010102,480.0,08:00-08:30,0.9292929292929293,-60.0,60.0,False,True,60.0,0.6060606060606061,0.005050505050505051,True,True,0.07070707070707072,36.42857142857142,2.5757575757575757,0.021464646464646464,0.07070707070707072,36.42857142857142,0.021464646464646464,2
Nutrition | r25_c15 | Friday,Nutrition,r25_c15,Friday,540.0,09:00-09:30,1,1,198,53,True,0.005050505050505051,0.005050505050505051,480.0,08:00-08:30,0.9292929292929293,60.0,60.0,False,True,60.0,0.30303030303030304,0.0025252525252525255,True,True,0.07070707070707072,36.42857142857142,2.5757575757575757,0.021464646464646464,0.07070707070707072,36.42857142857142,0.021464646464646464,3
Nutrition | r25_c15 | Monday,Nutrition,r25_c15,Monday,450.0,07:30-08:00,5,5,179,52,True,0.027932960893854747,0.027932960893854747,480.0,08:00-08:30,0.9664804469273743,-30.0,30.0,False,True,30.0,0.8379888268156424,0.006983240223463686,True,True,0.03351955307262566,50.00000000000005,1.6759776536312847,0.012569832402234636,0.03351955307262566,50.00000000000005,0.012569832402234636,1
Nutrition | r25_c15 | Monday,Nutrition,r25_c15,Monday,630.0,10:30-11:00,1,1,179,52,True,0.00558659217877095,0.00558659217877095,480.0,08:00-08:30,0.9664804469273743,150.0,150.0,False,True,120.0,0.8379888268156425,0.00558659217877095,True,True,0.03351955307262566,50.00000000000005,1.6759776536312847,0.012569832402234636,0.03351955307262566,50.00000000000005,0.012569832402234636,2
Nutrition | r25_c15 | Thursday,Nutrition,r25_c15,Thursday,450.0,07:30-08:00,4,4,178,52,True,0.02247191011235955,0.02247191011235955,480.0,08:00-08:30,0.9775280898876404,-30.0,30.0,False,True,30.0,0.6741573033707865,0.0056179775280898875,True,True,0.022471910112359605,29.999999999999925,0.6741573033707865,0.0056179775280898875,0.022471910112359605,29.999999999999925,0.0056179775280898875,1
Nutrition | r25_c15 | Tuesday,Nutrition,r25_c15,Tuesday,450.0,07:30-08:00,4,4,173,52,True,0.023121387283236993,0.023121387283236993,480.0,08:00-08:30,0.9710982658959537,-30.0,30.0,False,True,30.0,0.6936416184971098,0.005780346820809248,True,True,0.028901734104046284,29.999999999999957,0.8670520231213873,0.0072254335260115606,0.028901734104046284,29.999999999999957,0.0072254335260115606,1
Nutrition | r25_c15 | Tuesday,Nutrition,r25_c15,Tuesday,510.0,08:30-09:00,1,1,173,52,True,0.005780346820809248,0.005780346820809248,480.0,08:00-08:30,0.9710982658959537,30.0,30.0,False,True,30.0,0.17341040462427745,0.001445086705202312,True,True,0.028901734104046284,29.999999999999957,0.8670520231213873,0.0072254335260115606,0.028901734104046284,29.999999999999957,0.0072254335260115606,2
Nutrition | r25_c15 | Wednesday,Nutrition,r25_c15,Wednesday,450.0,07:30-08:00,5,5,173,52,True,0.028901734104046242,0.028901734104046242,480.0,08:00-08:30,0.9653179190751445,-30.0,30.0,False,True,30.0,0.8670520231213873,0.0072254335260115606,True,True,0.034682080924855474,35.000000000000014,1.2138728323699421,0.010115606936416185,0.034682080924855474,35.000000000000014,0.010115606936416185,1
Nutrition | r25_c15 | Wednesday,Nutrition,r25_c15,Wednesday,540.0,09:00-09:30,1,1,173,52,True,0.005780346820809248,0.005780346820809248,480.0,08:00-08:30,0.9653179190751445,60.0,60.0,False,True,60.0,0.3468208092485549,0.002890173410404624,True,True,0.034682080924855474,35.000000000000014,1.2138728323699421,0.010115606936416185,0.034682080924855474,35.000000000000014,0.010115606936416185,2
Nutrition | r25_c16 | Friday,Nutrition,r25_c16,Friday,510.0,08:30-09:00,101,53,266,53,True,0.37969924812030076,0.37969924812030076,480.0,08:00-08:30,0.5413533834586466,30.0,30.0,False,True,30.0,11.390977443609023,0.09492481203007519,True,True,0.4586466165413534,31.47540983606557,14.436090225563909,0.12030075187969924,0.4586466165413534,31.47540983606557,0.12030075187969924,1
Nutrition | r25_c16 | Friday,Nutrition,r25_c16,Friday,450.0,07:30-08:00,15,1,266,53,True,0.05639097744360902,0.05639097744360902,480.0,08:00-08:30,0.5413533834586466,-30.0,30.0,False,True,30.0,1.6917293233082706,0.014097744360902255,True,True,0.4586466165413534,31.47540983606557,14.436090225563909,0.12030075187969924,0.4586466165413534,31.47540983606557,0.12030075187969924,2
Nutrition | r25_c16 | Friday,Nutrition,r25_c16,Friday,420.0,07:00-07:30,6,1,266,53,True,0.022556390977443608,0.022556390977443608,480.0,08:00-08:30,0.5413533834586466,-60.0,60.0,False,True,60.0,1.3533834586466165,0.011278195488721804,True,True,0.4586466165413534,31.47540983606557,14.436090225563909,0.12030075187969924,0.4586466165413534,31.47540983606557,0.12030075187969924,3
Nutrition | r25_c16 | Monday,Nutrition,r25_c16,Monday,510.0,08:30-09:00,94,51,226,52,True,0.415929203539823,0.415929203539823,480.0,08:00-08:30,0.584070796460177,30.0,30.0,False,True,30.0,12.477876106194689,0.10398230088495573,True,True,0.415929203539823,29.999999999999996,12.477876106194689,0.10398230088495573,0.415929203539823,29.999999999999996,0.10398230088495573,1
Nutrition | r25_c16 | Thursday,Nutrition,r25_c16,Thursday,510.0,08:30-09:00,76,51,171,52,True,0.4444444444444444,0.4444444444444444,480.0,08:00-08:30,0.5555555555555556,30.0,30.0,False,True,30.0,13.333333333333332,0.1111111111111111,True,True,0.4444444444444444,30.0,13.333333333333332,0.1111111111111111,0.4444444444444444,30.0,0.1111111111111111,1
Nutrition | r25_c16 | Tuesday,Nutrition,r25_c16,Tuesday,510.0,08:30-09:00,75,51,175,52,True,0.42857142857142855,0.42857142857142855,480.0,08:00-08:30,0.5714285714285714,30.0,30.0,False,True,30.0,12.857142857142856,0.10714285714285714,True,True,0.4285714285714286,29.999999999999996,12.857142857142856,0.10714285714285714,0.4285714285714286,29.999999999999996,0.10714285714285714,1
Nutrition | r25_c16 | Wednesday,Nutrition,r25_c16,Wednesday,510.0,08:30-09:00,100,52,239,52,True,0.41841004184100417,0.41841004184100417,480.0,08:00-08:30,0.5815899581589958,30.0,30.0,False,True,30.0,12.552301255230125,0.10460251046025104,True,True,0.41841004184100417,30.0,12.552301255230125,0.10460251046025104,0.41841004184100417,30.0,0.10460251046025104,1
Nutrition | r26_c15 | Friday,Nutrition,r26_c15,Friday,450.0,07:30-08:00,1,1,57,50,True,0.017543859649122806,0.017543859649122806,480.0,08:00-08:30,0.9824561403508771,-30.0,30.0,False,True,30.0,0.5263157894736842,0.0043859649122807015,True,True,0.01754385964912286,29.999999999999904,0.5263157894736842,0.0043859649122807015,0.01754385964912286,29.999999999999904,0.0043859649122807015,1
Nutrition | r26_c16 | Friday,Nutrition,r26_c16,Friday,510.0,08:30-09:00,84,52,825,53,True,0.10181818181818182,0.10181818181818182,780.0,13:00-13:30,0.7321212121212122,-270.0,270.0,False,True,120.0,27.490909090909092,0.10181818181818182,True,True,0.2678787878787878,215.8371040723982,57.81818181818181,0.22424242424242424,0.2678787878787878,215.8371040723982,0.22424242424242424,1
Nutrition | r26_c16 | Friday,Nutrition,r26_c16,Friday,480.0,08:00-08:30,70,38,825,53,True,0.08484848484848485,0.08484848484848485,780.0,13:00-13:30,0.7321212121212122,-300.0,300.0,False,True,120.0,25.454545454545457,0.08484848484848485,True,True,0.2678787878787878,215.8371040723982,57.81818181818181,0.22424242424242424,0.2678787878787878,215.8371040723982,0.22424242424242424,2
Nutrition | r26_c16 | Friday,Nutrition,r26_c16,Friday,810.0,13:30-14:00,37,37,825,53,True,0.044848484848484846,0.044848484848484846,780.0,13:00-13:30,0.7321212121212122,30.0,30.0,False,True,30.0,1.3454545454545455,0.011212121212121211,True,True,0.2678787878787878,215.8371040723982,57.81818181818181,0.22424242424242424,0.2678787878787878,215.8371040723982,0.22424242424242424,3
Nutrition | r26_c16 | Friday,Nutrition,r26_c16,Friday,720.0,12:00-12:30,13,2,825,53,True,0.01575757575757576,0.01575757575757576,780.0,13:00-13:30,0.7321212121212122,-60.0,60.0,False,True,60.0,0.9454545454545455,0.00787878787878788,True,True,0.2678787878787878,215.8371040723982,57.81818181818181,0.22424242424242424,0.2678787878787878,215.8371040723982,0.22424242424242424,4
Nutrition | r26_c16 | Friday,Nutrition,r26_c16,Friday,660.0,11:00-11:30,10,2,825,53,True,0.012121212121212121,0.012121212121212121,780.0,13:00-13:30,0.7321212121212122,-120.0,120.0,False,True,120.0,1.4545454545454546,0.012121212121212121,True,True,0.2678787878787878,215.8371040723982,57.81818181818181,0.22424242424242424,0.2678787878787878,215.8371040723982,0.22424242424242424,5
Nutrition | r26_c16 | Friday,Nutrition,r26_c16,Friday,630.0,10:30-11:00,3,1,825,53,True,0.0036363636363636364,0.0036363636363636364,780.0,13:00-13:30,0.7321212121212122,-150.0,150.0,False,True,120.0,0.5454545454545454,0.0036363636363636364,True,True,0.2678787878787878,215.8371040723982,57.81818181818181,0.22424242424242424,0.2678787878787878,215.8371040723982,0.22424242424242424,6
Nutrition | r26_c16 | Friday,Nutrition,r26_c16,Friday,750.0,12:30-13:00,2,1,825,53,True,0.0024242424242424242,0.0024242424242424242,780.0,13:00-13:30,0.7321212121212122,-30.0,30.0,False,True,30.0,0.07272727272727272,0.0006060606060606061,True,True,0.2678787878787878,215.8371040723982,57.81818181818181,0.22424242424242424,0.2678787878787878,215.8371040723982,0.22424242424242424,7
Nutrition | r26_c16 | Friday,Nutrition,r26_c16,Friday,450.0,07:30-08:00,1,1,825,53,True,0.0012121212121212121,0.0012121212121212121,780.0,13:00-13:30,0.7321212121212122,-330.0,330.0,False,True,120.0,0.4,0.0012121212121212121,True,True,0.2678787878787878,215.8371040723982,57.81818181818181,0.22424242424242424,0.2678787878787878,215.8371040723982,0.22424242424242424,8
Nutrition | r26_c16 | Friday,Nutrition,r26_c16,Friday,690.0,11:30-12:00,1,1,825,53,True,0.0012121212121212121,0.0012121212121212121,780.0,13:00-13:30,0.7321212121212122,-90.0,90.0,False,True,90.0,0.10909090909090909,0.0009090909090909091,True,True,0.2678787878787878,215.8371040723982,57.81818181818181,0.22424242424242424,0.2678787878787878,215.8371040723982,0.22424242424242424,9
Nutrition | r26_c16 | Monday,Nutrition,r26_c16,Monday,510.0,08:30-09:00,76,42,772,52,True,0.09844559585492228,0.09844559585492228,780.0,13:00-13:30,0.7914507772020726,-270.0,270.0,False,True,120.0,26.580310880829018,0.09844559585492228,True,True,0.20854922279792742,219.50310559006212,45.777202072538856,0.17098445595854922,0.20854922279792742,219.50310559006212,0.17098445595854922,1
Nutrition | r26_c16 | Monday,Nutrition,r26_c16,Monday,480.0,08:00-08:30,45,27,772,52,True,0.05829015544041451,0.05829015544041451,780.0,13:00-13:30,0.7914507772020726,-300.0,300.0,False,True,120.0,17.48704663212435,0.05829015544041451,True,True,0.20854922279792742,219.50310559006212,45.777202072538856,0.17098445595854922,0.20854922279792742,219.50310559006212,0.17098445595854922,2
Nutrition | r26_c16 | Monday,Nutrition,r26_c16,Monday,810.0,13:30-14:00,37,36,772,52,True,0.04792746113989637,0.04792746113989637,780.0,13:00-13:30,0.7914507772020726,30.0,30.0,False,True,30.0,1.4378238341968912,0.011981865284974092,True,True,0.20854922279792742,219.50310559006212,45.777202072538856,0.17098445595854922,0.20854922279792742,219.50310559006212,0.17098445595854922,3
Nutrition | r26_c16 | Monday,Nutrition,r26_c16,Monday,720.0,12:00-12:30,1,1,772,52,True,0.0012953367875647669,0.0012953367875647669,780.0,13:00-13:30,0.7914507772020726,-60.0,60.0,False,True,60.0,0.07772020725388601,0.0006476683937823834,True,True,0.20854922279792742,219.50310559006212,45.777202072538856,0.17098445595854922,0.20854922279792742,219.50310559006212,0.17098445595854922,4
Nutrition | r26_c16 | Monday,Nutrition,r26_c16,Monday,750.0,12:30-13:00,1,1,772,52,True,0.0012953367875647669,0.0012953367875647669,780.0,13:00-13:30,0.7914507772020726,-30.0,30.0,False,True,30.0,0.038860103626943004,0.0003238341968911917,True,True,0.20854922279792742,219.50310559006212,45.777202072538856,0.17098445595854922,0.20854922279792742,219.50310559006212,0.17098445595854922,5
Nutrition | r26_c16 | Monday,Nutrition,r26_c16,Monday,900.0,15:00-15:30,1,1,772,52,True,0.0012953367875647669,0.0012953367875647669,780.0,13:00-13:30,0.7914507772020726,120.0,120.0,False,True,120.0,0.15544041450777202,0.0012953367875647669,True,True,0.20854922279792742,219.50310559006212,45.777202072538856,0.17098445595854922,0.20854922279792742,219.50310559006212,0.17098445595854922,6
Nutrition | r26_c16 | Thursday,Nutrition,r26_c16,Thursday,510.0,08:30-09:00,100,52,731,52,True,0.13679890560875513,0.13679890560875513,780.0,13:00-13:30,0.7181942544459644,-270.0,270.0,False,True,120.0,36.935704514363884,0.13679890560875513,True,True,0.2818057455540356,217.57281553398056,61.31326949384405,0.23871409028727766,0.2818057455540356,217.57281553398056,0.23871409028727766,1
Nutrition | r26_c16 | Thursday,Nutrition,r26_c16,Thursday,480.0,08:00-08:30,49,31,731,52,True,0.06703146374829001,0.06703146374829001,780.0,13:00-13:30,0.7181942544459644,-300.0,300.0,False,True,120.0,20.109439124487004,0.06703146374829001,True,True,0.2818057455540356,217.57281553398056,61.31326949384405,0.23871409028727766,0.2818057455540356,217.57281553398056,0.23871409028727766,2
Nutrition | r26_c16 | Thursday,Nutrition,r26_c16,Thursday,810.0,13:30-14:00,37,36,731,52,True,0.0506155950752394,0.0506155950752394,780.0,13:00-13:30,0.7181942544459644,30.0,30.0,False,True,30.0,1.518467852257182,0.01265389876880985,True,True,0.2818057455540356,217.57281553398056,61.31326949384405,0.23871409028727766,0.2818057455540356,217.57281553398056,0.23871409028727766,3
Nutrition | r26_c16 | Thursday,Nutrition,r26_c16,Thursday,660.0,11:00-11:30,7,2,731,52,True,0.009575923392612859,0.009575923392612859,780.0,13:00-13:30,0.7181942544459644,-120.0,120.0,False,True,120.0,1.149110807113543,0.009575923392612857,True,True,0.2818057455540356,217.57281553398056,61.31326949384405,0.23871409028727766,0.2818057455540356,217.57281553398056,0.23871409028727766,4
Nutrition | r26_c16 | Thursday,Nutrition,r26_c16,Thursday,690.0,11:30-12:00,7,1,731,52,True,0.009575923392612859,0.009575923392612859,780.0,13:00-13:30,0.7181942544459644,-90.0,90.0,False,True,90.0,0.8618331053351573,0.007181942544459644,True,True,0.2818057455540356,217.57281553398056,61.31326949384405,0.23871409028727766,0.2818057455540356,217.57281553398056,0.23871409028727766,5
Nutrition | r26_c16 | Thursday,Nutrition,r26_c16,Thursday,630.0,10:30-11:00,2,1,731,52,True,0.0027359781121751026,0.0027359781121751026,780.0,13:00-13:30,0.7181942544459644,-150.0,150.0,False,True,120.0,0.4103967168262654,0.0027359781121751026,True,True,0.2818057455540356,217.57281553398056,61.31326949384405,0.23871409028727766,0.2818057455540356,217.57281553398056,0.23871409028727766,6
Nutrition | r26_c16 | Thursday,Nutrition,r26_c16,Thursday,720.0,12:00-12:30,2,1,731,52,True,0.0027359781121751026,0.0027359781121751026,780.0,13:00-13:30,0.7181942544459644,-60.0,60.0,False,True,60.0,0.16415868673050615,0.0013679890560875513,True,True,0.2818057455540356,217.57281553398056,61.31326949384405,0.23871409028727766,0.2818057455540356,217.57281553398056,0.23871409028727766,7
Nutrition | r26_c16 | Thursday,Nutrition,r26_c16,Thursday,840.0,14:00-14:30,2,1,731,52,True,0.0027359781121751026,0.0027359781121751026,780.0,13:00-13:30,0.7181942544459644,60.0,60.0,False,True,60.0,0.16415868673050615,0.0013679890560875513,True,True,0.2818057455540356,217.57281553398056,61.31326949384405,0.23871409028727766,0.2818057455540356,217.57281553398056,0.23871409028727766,8
Nutrition | r26_c16 | Tuesday,Nutrition,r26_c16,Tuesday,510.0,08:30-09:00,117,52,791,52,True,0.14791403286978508,0.14791403286978508,780.0,13:00-13:30,0.7357774968394437,-270.0,270.0,False,True,120.0,39.93678887484197,0.14791403286978508,True,True,0.2642225031605563,227.9425837320574,60.2275600505689,0.2240834386852086,0.2642225031605563,227.9425837320574,0.2240834386852086,1
Nutrition | r26_c16 | Tuesday,Nutrition,r26_c16,Tuesday,480.0,08:00-08:30,49,26,791,52,True,0.061946902654867256,0.061946902654867256,780.0,13:00-13:30,0.7357774968394437,-300.0,300.0,False,True,120.0,18.58407079646018,0.061946902654867256,True,True,0.2642225031605563,227.9425837320574,60.2275600505689,0.2240834386852086,0.2642225031605563,227.9425837320574,0.2240834386852086,2
Nutrition | r26_c16 | Tuesday,Nutrition,r26_c16,Tuesday,810.0,13:30-14:00,38,36,791,52,True,0.04804045512010114,0.04804045512010114,780.0,13:00-13:30,0.7357774968394437,30.0,30.0,False,True,30.0,1.4412136536030342,0.012010113780025285,True,True,0.2642225031605563,227.9425837320574,60.2275600505689,0.2240834386852086,0.2642225031605563,227.9425837320574,0.2240834386852086,3
Nutrition | r26_c16 | Tuesday,Nutrition,r26_c16,Tuesday,750.0,12:30-13:00,3,1,791,52,True,0.0037926675094816687,0.0037926675094816687,780.0,13:00-13:30,0.7357774968394437,-30.0,30.0,False,True,30.0,0.11378002528445005,0.0009481668773704172,True,True,0.2642225031605563,227.9425837320574,60.2275600505689,0.2240834386852086,0.2642225031605563,227.9425837320574,0.2240834386852086,4
Nutrition | r26_c16 | Tuesday,Nutrition,r26_c16,Tuesday,720.0,12:00-12:30,2,1,791,52,True,0.0025284450063211127,0.0025284450063211127,780.0,13:00-13:30,0.7357774968394437,-60.0,60.0,False,True,60.0,0.15170670037926676,0.0012642225031605564,True,True,0.2642225031605563,227.9425837320574,60.2275600505689,0.2240834386852086,0.2642225031605563,227.9425837320574,0.2240834386852086,5
Nutrition | r26_c16 | Wednesday,Nutrition,r26_c16,Wednesday,510.0,08:30-09:00,94,52,794,52,True,0.11838790931989925,0.11838790931989925,780.0,13:00-13:30,0.7317380352644837,-270.0,270.0,False,True,120.0,31.964735516372798,0.11838790931989925,True,True,0.26826196473551633,234.08450704225356,62.79596977329975,0.23173803526448364,0.26826196473551633,234.08450704225356,0.23173803526448364,1
Nutrition | r26_c16 | Wednesday,Nutrition,r26_c16,Wednesday,480.0,08:00-08:30,76,41,794,52,True,0.09571788413098237,0.09571788413098237,780.0,13:00-13:30,0.7317380352644837,-300.0,300.0,False,True,120.0,28.71536523929471,0.09571788413098238,True,True,0.26826196473551633,234.08450704225356,62.79596977329975,0.23173803526448364,0.26826196473551633,234.08450704225356,0.23173803526448364,2
Nutrition | r26_c16 | Wednesday,Nutrition,r26_c16,Wednesday,810.0,13:30-14:00,36,36,794,52,True,0.04534005037783375,0.04534005037783375,780.0,13:00-13:30,0.7317380352644837,30.0,30.0,False,True,30.0,1.3602015113350125,0.011335012594458438,True,True,0.26826196473551633,234.08450704225356,62.79596977329975,0.23173803526448364,0.26826196473551633,234.08450704225356,0.23173803526448364,3
Nutrition | r26_c16 | Wednesday,Nutrition,r26_c16,Wednesday,690.0,11:30-12:00,3,1,794,52,True,0.003778337531486146,0.003778337531486146,780.0,13:00-13:30,0.7317380352644837,-90.0,90.0,False,True,90.0,0.34005037783375314,0.0028337531486146094,True,True,0.26826196473551633,234.08450704225356,62.79596977329975,0.23173803526448364,0.26826196473551633,234.08450704225356,0.23173803526448364,4
Nutrition | r26_c16 | Wednesday,Nutrition,r26_c16,Wednesday,660.0,11:00-11:30,2,1,794,52,True,0.0025188916876574307,0.0025188916876574307,780.0,13:00-13:30,0.7317380352644837,-120.0,120.0,False,True,120.0,0.30226700251889166,0.0025188916876574307,True,True,0.26826196473551633,234.08450704225356,62.79596977329975,0.23173803526448364,0.26826196473551633,234.08450704225356,0.23173803526448364,5
Nutrition | r26_c16 | Wednesday,Nutrition,r26_c16,Wednesday,720.0,12:00-12:30,1,1,794,52,True,0.0012594458438287153,0.0012594458438287153,780.0,13:00-13:30,0.7317380352644837,-60.0,60.0,False,True,60.0,0.07556675062972291,0.0006297229219143577,True,True,0.26826196473551633,234.08450704225356,62.79596977329975,0.23173803526448364,0.26826196473551633,234.08450704225356,0.23173803526448364,6
Nutrition | r26_c16 | Wednesday,Nutrition,r26_c16,Wednesday,750.0,12:30-13:00,1,1,794,52,True,0.0012594458438287153,0.0012594458438287153,780.0,13:00-13:30,0.7317380352644837,-30.0,30.0,False,True,30.0,0.03778337531486146,0.00031486146095717883,True,True,0.26826196473551633,234.08450704225356,62.79596977329975,0.23173803526448364,0.26826196473551633,234.08450704225356,0.23173803526448364,7
Nutrition | r26_c17 | Friday,Nutrition,r26_c17,Friday,510.0,08:30-09:00,20,18,63,53,True,0.31746031746031744,0.31746031746031744,480.0,08:00-08:30,0.6507936507936508,30.0,30.0,False,True,30.0,9.523809523809524,0.07936507936507936,True,True,0.3492063492063492,30.000000000000004,10.476190476190476,0.0873015873015873,0.3492063492063492,30.000000000000004,0.0873015873015873,1
Nutrition | r26_c17 | Friday,Nutrition,r26_c17,Friday,450.0,07:30-08:00,2,1,63,53,True,0.031746031746031744,0.031746031746031744,480.0,08:00-08:30,0.6507936507936508,-30.0,30.0,False,True,30.0,0.9523809523809523,0.007936507936507936,True,True,0.3492063492063492,30.000000000000004,10.476190476190476,0.0873015873015873,0.3492063492063492,30.000000000000004,0.0873015873015873,2
Nutrition | r26_c17 | Monday,Nutrition,r26_c17,Monday,510.0,08:30-09:00,20,18,57,52,True,0.3508771929824561,0.3508771929824561,480.0,08:00-08:30,0.6491228070175439,30.0,30.0,False,True,30.0,10.526315789473683,0.08771929824561403,True,True,0.3508771929824561,30.0,10.526315789473683,0.08771929824561403,0.3508771929824561,30.0,0.08771929824561403,1
Nutrition | r26_c17 | Thursday,Nutrition,r26_c17,Thursday,510.0,08:30-09:00,20,18,56,52,True,0.35714285714285715,0.35714285714285715,480.0,08:00-08:30,0.6428571428571429,30.0,30.0,False,True,30.0,10.714285714285715,0.08928571428571429,True,True,0.3571428571428571,30.000000000000007,10.714285714285715,0.08928571428571429,0.3571428571428571,30.000000000000007,0.08928571428571429,1
Nutrition | r26_c17 | Tuesday,Nutrition,r26_c17,Tuesday,510.0,08:30-09:00,18,17,57,52,True,0.3157894736842105,0.3157894736842105,480.0,08:00-08:30,0.6842105263157895,30.0,30.0,False,True,30.0,9.473684210526315,0.07894736842105263,True,True,0.3157894736842105,30.0,9.473684210526315,0.07894736842105263,0.3157894736842105,30.0,0.07894736842105263,1
Nutrition | r26_c17 | Wednesday,Nutrition,r26_c17,Wednesday,510.0,08:30-09:00,21,18,58,52,True,0.3620689655172414,0.3620689655172414,480.0,08:00-08:30,0.6379310344827587,30.0,30.0,False,True,30.0,10.862068965517242,0.09051724137931035,True,True,0.3620689655172413,30.000000000000007,10.862068965517242,0.09051724137931035,0.3620689655172413,30.000000000000007,0.09051724137931035,1
Nutrition | r27_c11 | Friday,Nutrition,r27_c11,Friday,450.0,07:30-08:00,7,7,24,13,True,0.2916666666666667,0.2916666666666667,420.0,07:00-07:30,0.6666666666666666,30.0,30.0,False,True,30.0,8.75,0.07291666666666667,True,True,0.33333333333333337,33.74999999999999,11.25,0.09375,0.33333333333333337,33.74999999999999,0.09375,1
Nutrition | r27_c11 | Friday,Nutrition,r27_c11,Friday,480.0,08:00-08:30,1,1,24,13,True,0.041666666666666664,0.041666666666666664,420.0,07:00-07:30,0.6666666666666666,60.0,60.0,False,True,60.0,2.5,0.020833333333333332,True,True,0.33333333333333337,33.74999999999999,11.25,0.09375,0.33333333333333337,33.74999999999999,0.09375,2
Nutrition | r27_c11 | Wednesday,Nutrition,r27_c11,Wednesday,450.0,07:30-08:00,8,8,19,14,True,0.42105263157894735,0.42105263157894735,420.0,07:00-07:30,0.5263157894736842,30.0,30.0,False,True,30.0,12.631578947368421,0.10526315789473685,True,True,0.4736842105263158,33.333333333333336,15.789473684210527,0.13157894736842107,0.4736842105263158,33.333333333333336,0.13157894736842107,1
Nutrition | r27_c11 | Wednesday,Nutrition,r27_c11,Wednesday,480.0,08:00-08:30,1,1,19,14,True,0.05263157894736842,0.05263157894736842,420.0,07:00-07:30,0.5263157894736842,60.0,60.0,False,True,60.0,3.1578947368421053,0.026315789473684213,True,True,0.4736842105263158,33.333333333333336,15.789473684210527,0.13157894736842107,0.4736842105263158,33.333333333333336,0.13157894736842107,2
Nutrition | r28_c16 | Wednesday,Nutrition,r28_c16,Wednesday,510.0,08:30-09:00,1,1,22,21,True,0.045454545454545456,0.045454545454545456,480.0,08:00-08:30,0.9545454545454546,30.0,30.0,False,True,30.0,1.3636363636363638,0.011363636363636364,True,True,0.045454545454545414,30.00000000000003,1.3636363636363638,0.011363636363636364,0.045454545454545414,30.00000000000003,0.011363636363636364,1
Nutrition | r28_c18 | Friday,Nutrition,r28_c18,Friday,510.0,08:30-09:00,4,2,28,21,True,0.14285714285714285,0.14285714285714285,750.0,12:30-13:00,0.8571428571428571,-240.0,240.0,False,True,120.0,34.285714285714285,0.14285714285714285,True,True,0.1428571428571429,239.99999999999991,34.285714285714285,0.14285714285714285,0.1428571428571429,239.99999999999991,0.14285714285714285,1
Nutrition | r28_c18 | Thursday,Nutrition,r28_c18,Thursday,510.0,08:30-09:00,29,21,80,21,True,0.3625,0.3625,750.0,12:30-13:00,0.625,-240.0,240.0,False,True,120.0,87.0,0.3625,True,True,0.375,235.0,88.125,0.371875,0.375,235.0,0.371875,1
Nutrition | r28_c18 | Thursday,Nutrition,r28_c18,Thursday,660.0,11:00-11:30,1,1,80,21,True,0.0125,0.0125,750.0,12:30-13:00,0.625,-90.0,90.0,False,True,90.0,1.125,0.009375,True,True,0.375,235.0,88.125,0.371875,0.375,235.0,0.371875,2
Nutrition | r28_c18 | Tuesday,Nutrition,r28_c18,Tuesday,510.0,08:30-09:00,27,21,77,21,True,0.35064935064935066,0.35064935064935066,750.0,12:30-13:00,0.6493506493506493,-240.0,240.0,False,True,120.0,84.15584415584416,0.3506493506493507,True,True,0.35064935064935066,240.00000000000003,84.15584415584416,0.3506493506493507,0.35064935064935066,240.00000000000003,0.3506493506493507,1
Nutrition | r28_c18 | Wednesday,Nutrition,r28_c18,Wednesday,510.0,08:30-09:00,3,3,28,21,True,0.10714285714285714,0.10714285714285714,750.0,12:30-13:00,0.8571428571428571,-240.0,240.0,False,True,120.0,25.71428571428571,0.10714285714285714,True,True,0.1428571428571429,247.4999999999999,35.357142857142854,0.14285714285714285,0.1428571428571429,247.4999999999999,0.14285714285714285,1
Nutrition | r28_c18 | Wednesday,Nutrition,r28_c18,Wednesday,480.0,08:00-08:30,1,1,28,21,True,0.03571428571428571,0.03571428571428571,750.0,12:30-13:00,0.8571428571428571,-270.0,270.0,False,True,120.0,9.642857142857142,0.03571428571428571,True,True,0.1428571428571429,247.4999999999999,35.357142857142854,0.14285714285714285,0.1428571428571429,247.4999999999999,0.14285714285714285,2
Nutrition | r29_c9 | Friday,Nutrition,r29_c9,Friday,480.0,08:00-08:30,10,9,24,15,True,0.4166666666666667,0.4166666666666667,420.0,07:00-07:30,0.5416666666666666,60.0,60.0,False,True,60.0,25.0,0.20833333333333334,True,True,0.45833333333333337,57.272727272727266,26.25,0.21875,0.45833333333333337,57.272727272727266,0.21875,1
Nutrition | r29_c9 | Friday,Nutrition,r29_c9,Friday,390.0,06:30-07:00,1,1,24,15,True,0.041666666666666664,0.041666666666666664,420.0,07:00-07:30,0.5416666666666666,-30.0,30.0,False,True,30.0,1.25,0.010416666666666666,True,True,0.45833333333333337,57.272727272727266,26.25,0.21875,0.45833333333333337,57.272727272727266,0.21875,2
Nutrition | r29_c9 | Monday,Nutrition,r29_c9,Monday,480.0,08:00-08:30,10,9,20,15,True,0.5,0.5,420.0,07:00-07:30,0.5,60.0,60.0,False,True,60.0,30.0,0.25,True,True,0.5,60.0,30.0,0.25,0.5,60.0,0.25,1
Nutrition | r29_c9 | Thursday,Nutrition,r29_c9,Thursday,480.0,08:00-08:30,8,8,22,15,True,0.36363636363636365,0.36363636363636365,420.0,07:00-07:30,0.5454545454545454,60.0,60.0,False,True,60.0,21.81818181818182,0.18181818181818182,True,True,0.4545454545454546,54.0,24.545454545454547,0.20454545454545456,0.4545454545454546,54.0,0.20454545454545456,1
Nutrition | r29_c9 | Thursday,Nutrition,r29_c9,Thursday,450.0,07:30-08:00,2,1,22,15,True,0.09090909090909091,0.09090909090909091,420.0,07:00-07:30,0.5454545454545454,30.0,30.0,False,True,30.0,2.7272727272727275,0.022727272727272728,True,True,0.4545454545454546,54.0,24.545454545454547,0.20454545454545456,0.4545454545454546,54.0,0.20454545454545456,2
Nutrition | r29_c9 | Tuesday,Nutrition,r29_c9,Tuesday,480.0,08:00-08:30,9,9,19,15,True,0.47368421052631576,0.47368421052631576,420.0,07:00-07:30,0.5263157894736842,60.0,60.0,False,True,60.0,28.421052631578945,0.23684210526315788,True,True,0.4736842105263158,59.99999999999999,28.421052631578945,0.23684210526315788,0.4736842105263158,59.99999999999999,0.23684210526315788,1
Nutrition | r29_c9 | Wednesday,Nutrition,r29_c9,Wednesday,480.0,08:00-08:30,9,9,19,15,True,0.47368421052631576,0.47368421052631576,420.0,07:00-07:30,0.5263157894736842,60.0,60.0,False,True,60.0,28.421052631578945,0.23684210526315788,True,True,0.4736842105263158,59.99999999999999,28.421052631578945,0.23684210526315788,0.4736842105263158,59.99999999999999,0.23684210526315788,1
Nutrition | r30_c12 | Friday,Nutrition,r30_c12,Friday,750.0,12:30-13:00,2,1,45,15,True,0.044444444444444446,0.044444444444444446,780.0,13:00-13:30,0.9333333333333333,-30.0,30.0,False,True,30.0,1.3333333333333335,0.011111111111111112,True,True,0.06666666666666665,40.000000000000014,2.666666666666667,0.022222222222222223,0.06666666666666665,40.000000000000014,0.022222222222222223,1
Nutrition | r30_c12 | Friday,Nutrition,r30_c12,Friday,720.0,12:00-12:30,1,1,45,15,True,0.022222222222222223,0.022222222222222223,780.0,13:00-13:30,0.9333333333333333,-60.0,60.0,False,True,60.0,1.3333333333333335,0.011111111111111112,True,True,0.06666666666666665,40.000000000000014,2.666666666666667,0.022222222222222223,0.06666666666666665,40.000000000000014,0.022222222222222223,2
Nutrition | r30_c12 | Monday,Nutrition,r30_c12,Monday,750.0,12:30-13:00,1,1,21,15,True,0.047619047619047616,0.047619047619047616,780.0,13:00-13:30,0.9523809523809523,-30.0,30.0,False,True,30.0,1.4285714285714284,0.011904761904761902,True,True,0.04761904761904767,29.999999999999964,1.4285714285714284,0.011904761904761902,0.04761904761904767,29.999999999999964,0.011904761904761902,1
Nutrition | r7_c11 | Friday,Nutrition,r7_c11,Friday,750.0,12:30-13:00,21,13,80,53,True,0.2625,0.2625,780.0,13:00-13:30,0.7375,-30.0,30.0,False,True,30.0,7.875,0.065625,True,True,0.26249999999999996,30.000000000000004,7.875,0.065625,0.26249999999999996,30.000000000000004,0.065625,1
Nutrition | r7_c11 | Monday,Nutrition,r7_c11,Monday,750.0,12:30-13:00,13,12,79,52,True,0.16455696202531644,0.16455696202531644,780.0,13:00-13:30,0.8354430379746836,-30.0,30.0,False,True,30.0,4.936708860759493,0.04113924050632911,True,True,0.16455696202531644,30.0,4.936708860759493,0.04113924050632911,0.16455696202531644,30.0,0.04113924050632911,1
Nutrition | r7_c11 | Thursday,Nutrition,r7_c11,Thursday,750.0,12:30-13:00,26,13,129,52,True,0.20155038759689922,0.20155038759689922,780.0,13:00-13:30,0.7984496124031008,-30.0,30.0,False,True,30.0,6.046511627906977,0.050387596899224806,True,True,0.20155038759689925,29.999999999999996,6.046511627906977,0.050387596899224806,0.20155038759689925,29.999999999999996,0.050387596899224806,1
Nutrition | r7_c11 | Tuesday,Nutrition,r7_c11,Tuesday,750.0,12:30-13:00,26,12,130,52,True,0.2,0.2,780.0,13:00-13:30,0.8,-30.0,30.0,False,True,30.0,6.0,0.05,True,True,0.19999999999999996,30.000000000000007,6.0,0.05,0.19999999999999996,30.000000000000007,0.05,1
Nutrition | r7_c11 | Wednesday,Nutrition,r7_c11,Wednesday,750.0,12:30-13:00,26,13,126,52,True,0.20634920634920634,0.20634920634920634,780.0,13:00-13:30,0.7936507936507936,-30.0,30.0,False,True,30.0,6.19047619047619,0.051587301587301584,True,True,0.2063492063492064,29.99999999999999,6.19047619047619,0.051587301587301584,0.2063492063492064,29.99999999999999,0.051587301587301584,1
Nutrition | r7_c13 | Friday,Nutrition,r7_c13,Friday,450.0,07:30-08:00,13,11,49,39,True,0.2653061224489796,0.2653061224489796,480.0,08:00-08:30,0.6122448979591837,-30.0,30.0,False,True,30.0,7.959183673469388,0.0663265306122449,True,True,0.3877551020408163,39.47368421052632,15.306122448979593,0.12755102040816327,0.3877551020408163,39.47368421052632,0.12755102040816327,1
Nutrition | r7_c13 | Friday,Nutrition,r7_c13,Friday,420.0,07:00-07:30,6,2,49,39,True,0.12244897959183673,0.12244897959183673,480.0,08:00-08:30,0.6122448979591837,-60.0,60.0,False,True,60.0,7.346938775510204,0.061224489795918366,True,True,0.3877551020408163,39.47368421052632,15.306122448979593,0.12755102040816327,0.3877551020408163,39.47368421052632,0.12755102040816327,2
Nutrition | r7_c13 | Monday,Nutrition,r7_c13,Monday,450.0,07:30-08:00,12,10,48,38,True,0.25,0.25,480.0,08:00-08:30,0.6041666666666666,-30.0,30.0,False,True,30.0,7.5,0.0625,True,True,0.39583333333333337,41.05263157894736,16.25,0.13541666666666669,0.39583333333333337,41.05263157894736,0.13541666666666669,1
Nutrition | r7_c13 | Monday,Nutrition,r7_c13,Monday,420.0,07:00-07:30,7,3,48,38,True,0.14583333333333334,0.14583333333333334,480.0,08:00-08:30,0.6041666666666666,-60.0,60.0,False,True,60.0,8.75,0.07291666666666667,True,True,0.39583333333333337,41.05263157894736,16.25,0.13541666666666669,0.39583333333333337,41.05263157894736,0.13541666666666669,2
Nutrition | r7_c13 | Thursday,Nutrition,r7_c13,Thursday,450.0,07:30-08:00,13,11,50,38,True,0.26,0.26,480.0,08:00-08:30,0.58,-30.0,30.0,False,True,30.0,7.800000000000001,0.065,True,True,0.42000000000000004,41.42857142857142,17.4,0.14500000000000002,0.42000000000000004,41.42857142857142,0.14500000000000002,1
Nutrition | r7_c13 | Thursday,Nutrition,r7_c13,Thursday,420.0,07:00-07:30,8,3,50,38,True,0.16,0.16,480.0,08:00-08:30,0.58,-60.0,60.0,False,True,60.0,9.6,0.08,True,True,0.42000000000000004,41.42857142857142,17.4,0.14500000000000002,0.42000000000000004,41.42857142857142,0.14500000000000002,2
Nutrition | r7_c13 | Tuesday,Nutrition,r7_c13,Tuesday,450.0,07:30-08:00,12,10,48,38,True,0.25,0.25,480.0,08:00-08:30,0.6041666666666666,-30.0,30.0,False,True,30.0,7.5,0.0625,True,True,0.39583333333333337,41.05263157894736,16.25,0.13541666666666669,0.39583333333333337,41.05263157894736,0.13541666666666669,1
Nutrition | r7_c13 | Tuesday,Nutrition,r7_c13,Tuesday,420.0,07:00-07:30,7,3,48,38,True,0.14583333333333334,0.14583333333333334,480.0,08:00-08:30,0.6041666666666666,-60.0,60.0,False,True,60.0,8.75,0.07291666666666667,True,True,0.39583333333333337,41.05263157894736,16.25,0.13541666666666669,0.39583333333333337,41.05263157894736,0.13541666666666669,2
Nutrition | r7_c13 | Wednesday,Nutrition,r7_c13,Wednesday,450.0,07:30-08:00,13,11,48,38,True,0.2708333333333333,0.2708333333333333,480.0,08:00-08:30,0.6041666666666666,-30.0,30.0,False,True,30.0,8.125,0.06770833333333333,True,True,0.39583333333333337,39.473684210526315,15.625,0.13020833333333331,0.39583333333333337,39.473684210526315,0.13020833333333331,1
Nutrition | r7_c13 | Wednesday,Nutrition,r7_c13,Wednesday,420.0,07:00-07:30,6,2,48,38,True,0.125,0.125,480.0,08:00-08:30,0.6041666666666666,-60.0,60.0,False,True,60.0,7.5,0.0625,True,True,0.39583333333333337,39.473684210526315,15.625,0.13020833333333331,0.39583333333333337,39.473684210526315,0.13020833333333331,2
Nutrition | r7_c14 | Friday,Nutrition,r7_c14,Friday,510.0,08:30-09:00,89,30,255,53,True,0.34901960784313724,0.34901960784313724,450.0,07:30-08:00,0.38823529411764707,60.0,60.0,False,True,60.0,20.941176470588236,0.17450980392156862,True,True,0.611764705882353,47.11538461538461,28.823529411764707,0.24019607843137253,0.611764705882353,47.11538461538461,0.24019607843137253,1
Nutrition | r7_c14 | Friday,Nutrition,r7_c14,Friday,420.0,07:00-07:30,37,25,255,53,True,0.1450980392156863,0.1450980392156863,450.0,07:30-08:00,0.38823529411764707,-30.0,30.0,False,True,30.0,4.352941176470589,0.03627450980392157,True,True,0.611764705882353,47.11538461538461,28.823529411764707,0.24019607843137253,0.611764705882353,47.11538461538461,0.24019607843137253,2
Nutrition | r7_c14 | Friday,Nutrition,r7_c14,Friday,480.0,08:00-08:30,30,30,255,53,True,0.11764705882352941,0.11764705882352941,450.0,07:30-08:00,0.38823529411764707,30.0,30.0,False,True,30.0,3.5294117647058822,0.029411764705882353,True,True,0.611764705882353,47.11538461538461,28.823529411764707,0.24019607843137253,0.611764705882353,47.11538461538461,0.24019607843137253,3
Nutrition | r7_c14 | Monday,Nutrition,r7_c14,Monday,510.0,08:30-09:00,87,29,248,52,True,0.35080645161290325,0.35080645161290325,450.0,07:30-08:00,0.3951612903225806,60.0,60.0,False,True,60.0,21.048387096774196,0.17540322580645162,True,True,0.6048387096774194,47.400000000000006,28.66935483870968,0.23891129032258066,0.6048387096774194,47.400000000000006,0.23891129032258066,1
Nutrition | r7_c14 | Monday,Nutrition,r7_c14,Monday,420.0,07:00-07:30,34,25,248,52,True,0.13709677419354838,0.13709677419354838,450.0,07:30-08:00,0.3951612903225806,-30.0,30.0,False,True,30.0,4.112903225806451,0.034274193548387094,True,True,0.6048387096774194,47.400000000000006,28.66935483870968,0.23891129032258066,0.6048387096774194,47.400000000000006,0.23891129032258066,2
Nutrition | r7_c14 | Monday,Nutrition,r7_c14,Monday,480.0,08:00-08:30,29,29,248,52,True,0.11693548387096774,0.11693548387096774,450.0,07:30-08:00,0.3951612903225806,30.0,30.0,False,True,30.0,3.508064516129032,0.029233870967741934,True,True,0.6048387096774194,47.400000000000006,28.66935483870968,0.23891129032258066,0.6048387096774194,47.400000000000006,0.23891129032258066,3
Nutrition | r7_c14 | Thursday,Nutrition,r7_c14,Thursday,510.0,08:30-09:00,89,29,252,52,True,0.3531746031746032,0.3531746031746032,450.0,07:30-08:00,0.39285714285714285,60.0,60.0,False,True,60.0,21.190476190476193,0.1765873015873016,True,True,0.6071428571428572,47.45098039215686,28.80952380952381,0.2400793650793651,0.6071428571428572,47.45098039215686,0.2400793650793651,1
Nutrition | r7_c14 | Thursday,Nutrition,r7_c14,Thursday,420.0,07:00-07:30,34,25,252,52,True,0.1349206349206349,0.1349206349206349,450.0,07:30-08:00,0.39285714285714285,-30.0,30.0,False,True,30.0,4.0476190476190474,0.03373015873015873,True,True,0.6071428571428572,47.45098039215686,28.80952380952381,0.2400793650793651,0.6071428571428572,47.45098039215686,0.2400793650793651,2
Nutrition | r7_c14 | Thursday,Nutrition,r7_c14,Thursday,480.0,08:00-08:30,30,30,252,52,True,0.11904761904761904,0.11904761904761904,450.0,07:30-08:00,0.39285714285714285,30.0,30.0,False,True,30.0,3.571428571428571,0.02976190476190476,True,True,0.6071428571428572,47.45098039215686,28.80952380952381,0.2400793650793651,0.6071428571428572,47.45098039215686,0.2400793650793651,3
Nutrition | r7_c14 | Tuesday,Nutrition,r7_c14,Tuesday,510.0,08:30-09:00,88,29,254,52,True,0.3464566929133858,0.3464566929133858,450.0,07:30-08:00,0.38976377952755903,60.0,60.0,False,True,60.0,20.787401574803148,0.1732283464566929,True,True,0.610236220472441,47.03225806451612,28.7007874015748,0.2391732283464567,0.610236220472441,47.03225806451612,0.2391732283464567,1
Nutrition | r7_c14 | Tuesday,Nutrition,r7_c14,Tuesday,420.0,07:00-07:30,38,25,254,52,True,0.14960629921259844,0.14960629921259844,450.0,07:30-08:00,0.38976377952755903,-30.0,30.0,False,True,30.0,4.488188976377953,0.03740157480314961,True,True,0.610236220472441,47.03225806451612,28.7007874015748,0.2391732283464567,0.610236220472441,47.03225806451612,0.2391732283464567,2
Nutrition | r7_c14 | Tuesday,Nutrition,r7_c14,Tuesday,480.0,08:00-08:30,29,29,254,52,True,0.1141732283464567,0.1141732283464567,450.0,07:30-08:00,0.38976377952755903,30.0,30.0,False,True,30.0,3.425196850393701,0.028543307086614175,True,True,0.610236220472441,47.03225806451612,28.7007874015748,0.2391732283464567,0.610236220472441,47.03225806451612,0.2391732283464567,3
Nutrition | r7_c14 | Wednesday,Nutrition,r7_c14,Wednesday,510.0,08:30-09:00,88,29,249,52,True,0.3534136546184739,0.3534136546184739,450.0,07:30-08:00,0.39759036144578314,60.0,60.0,False,True,60.0,21.204819277108435,0.17670682730923695,True,True,0.6024096385542168,47.60000000000001,28.674698795180724,0.2389558232931727,0.6024096385542168,47.60000000000001,0.2389558232931727,1
Nutrition | r7_c14 | Wednesday,Nutrition,r7_c14,Wednesday,420.0,07:00-07:30,33,25,249,52,True,0.13253012048192772,0.13253012048192772,450.0,07:30-08:00,0.39759036144578314,-30.0,30.0,False,True,30.0,3.9759036144578315,0.03313253012048193,True,True,0.6024096385542168,47.60000000000001,28.674698795180724,0.2389558232931727,0.6024096385542168,47.60000000000001,0.2389558232931727,2
Nutrition | r7_c14 | Wednesday,Nutrition,r7_c14,Wednesday,480.0,08:00-08:30,29,29,249,52,True,0.11646586345381527,0.11646586345381527,450.0,07:30-08:00,0.39759036144578314,30.0,30.0,False,True,30.0,3.4939759036144578,0.029116465863453813,True,True,0.6024096385542168,47.60000000000001,28.674698795180724,0.2389558232931727,0.6024096385542168,47.60000000000001,0.2389558232931727,3
Nutrition | r7_c15 | Friday,Nutrition,r7_c15,Friday,450.0,07:30-08:00,12,11,38,16,True,0.3157894736842105,0.3157894736842105,420.0,07:00-07:30,0.6842105263157895,30.0,30.0,False,True,30.0,9.473684210526315,0.07894736842105263,True,True,0.3157894736842105,30.0,9.473684210526315,0.07894736842105263,0.3157894736842105,30.0,0.07894736842105263,1
Nutrition | r7_c15 | Monday,Nutrition,r7_c15,Monday,450.0,07:30-08:00,10,10,34,15,True,0.29411764705882354,0.29411764705882354,420.0,07:00-07:30,0.7058823529411765,30.0,30.0,False,True,30.0,8.823529411764707,0.07352941176470588,True,True,0.2941176470588235,30.000000000000007,8.823529411764707,0.07352941176470588,0.2941176470588235,30.000000000000007,0.07352941176470588,1
Nutrition | r7_c15 | Wednesday,Nutrition,r7_c15,Wednesday,450.0,07:30-08:00,10,10,33,15,True,0.30303030303030304,0.30303030303030304,420.0,07:00-07:30,0.696969696969697,30.0,30.0,False,True,30.0,9.090909090909092,0.07575757575757576,True,True,0.303030303030303,30.000000000000007,9.090909090909092,0.07575757575757576,0.303030303030303,30.000000000000007,0.07575757575757576,1
Nutrition | r8_c10 | Friday,Nutrition,r8_c10,Friday,480.0,08:00-08:30,2,2,10,10,True,0.2,0.2,510.0,08:30-09:00,0.8,-30.0,30.0,False,True,30.0,6.0,0.05,True,True,0.19999999999999996,30.000000000000007,6.0,0.05,0.19999999999999996,30.000000000000007,0.05,1
Nutrition | r8_c10 | Thursday,Nutrition,r8_c10,Thursday,510.0,08:30-09:00,10,10,65,49,True,0.15384615384615385,0.15384615384615385,480.0,08:00-08:30,0.8461538461538461,30.0,30.0,False,True,30.0,4.615384615384616,0.038461538461538464,True,True,0.15384615384615385,30.0,4.615384615384616,0.038461538461538464,0.15384615384615385,30.0,0.038461538461538464,1
Nutrition | r8_c10 | Tuesday,Nutrition,r8_c10,Tuesday,510.0,08:30-09:00,10,10,66,49,True,0.15151515151515152,0.15151515151515152,480.0,08:00-08:30,0.8484848484848485,30.0,30.0,False,True,30.0,4.545454545454546,0.03787878787878788,True,True,0.1515151515151515,30.000000000000007,4.545454545454546,0.03787878787878788,0.1515151515151515,30.000000000000007,0.03787878787878788,1
Nutrition | r8_c10 | Wednesday,Nutrition,r8_c10,Wednesday,510.0,08:30-09:00,10,10,65,49,True,0.15384615384615385,0.15384615384615385,480.0,08:00-08:30,0.8461538461538461,30.0,30.0,False,True,30.0,4.615384615384616,0.038461538461538464,True,True,0.15384615384615385,30.0,4.615384615384616,0.038461538461538464,0.15384615384615385,30.0,0.038461538461538464,1
Nutrition | r8_c11 | Friday,Nutrition,r8_c11,Friday,480.0,08:00-08:30,29,25,64,53,True,0.453125,0.453125,510.0,08:30-09:00,0.546875,-30.0,30.0,False,True,30.0,13.59375,0.11328125,True,True,0.453125,30.0,13.59375,0.11328125,0.453125,30.0,0.11328125,1
Nutrition | r8_c11 | Monday,Nutrition,r8_c11,Monday,480.0,08:00-08:30,27,25,62,52,True,0.43548387096774194,0.43548387096774194,510.0,08:30-09:00,0.5645161290322581,-30.0,30.0,False,True,30.0,13.064516129032258,0.10887096774193548,True,True,0.4354838709677419,30.000000000000004,13.064516129032258,0.10887096774193548,0.4354838709677419,30.000000000000004,0.10887096774193548,1
Nutrition | r8_c11 | Thursday,Nutrition,r8_c11,Thursday,480.0,08:00-08:30,27,25,61,52,True,0.4426229508196721,0.4426229508196721,510.0,08:30-09:00,0.5573770491803278,-30.0,30.0,False,True,30.0,13.278688524590164,0.11065573770491803,True,True,0.4426229508196722,29.999999999999996,13.278688524590164,0.11065573770491803,0.4426229508196722,29.999999999999996,0.11065573770491803,1
Nutrition | r8_c11 | Tuesday,Nutrition,r8_c11,Tuesday,480.0,08:00-08:30,27,25,62,52,True,0.43548387096774194,0.43548387096774194,510.0,08:30-09:00,0.5645161290322581,-30.0,30.0,False,True,30.0,13.064516129032258,0.10887096774193548,True,True,0.4354838709677419,30.000000000000004,13.064516129032258,0.10887096774193548,0.4354838709677419,30.000000000000004,0.10887096774193548,1
Nutrition | r8_c11 | Wednesday,Nutrition,r8_c11,Wednesday,480.0,08:00-08:30,27,25,61,52,True,0.4426229508196721,0.4426229508196721,510.0,08:30-09:00,0.5573770491803278,-30.0,30.0,False,True,30.0,13.278688524590164,0.11065573770491803,True,True,0.4426229508196722,29.999999999999996,13.278688524590164,0.11065573770491803,0.4426229508196722,29.999999999999996,0.11065573770491803,1
Nutrition | r8_c14 | Friday,Nutrition,r8_c14,Friday,510.0,08:30-09:00,31,30,81,53,True,0.38271604938271603,0.38271604938271603,450.0,07:30-08:00,0.38271604938271603,60.0,60.0,False,True,60.0,22.962962962962962,0.19135802469135801,True,True,0.617283950617284,48.599999999999994,30.0,0.25,0.617283950617284,48.599999999999994,0.25,1
Nutrition | r8_c14 | Friday,Nutrition,r8_c14,Friday,420.0,07:00-07:30,19,18,81,53,True,0.2345679012345679,0.2345679012345679,450.0,07:30-08:00,0.38271604938271603,-30.0,30.0,False,True,30.0,7.037037037037036,0.05864197530864197,True,True,0.617283950617284,48.599999999999994,30.0,0.25,0.617283950617284,48.599999999999994,0.25,2
Nutrition | r8_c14 | Monday,Nutrition,r8_c14,Monday,510.0,08:30-09:00,29,29,78,52,True,0.3717948717948718,0.3717948717948718,450.0,07:30-08:00,0.3974358974358974,60.0,60.0,False,True,60.0,22.307692307692307,0.18589743589743588,True,True,0.6025641025641026,48.51063829787233,29.23076923076923,0.24358974358974356,0.6025641025641026,48.51063829787233,0.24358974358974356,1
Nutrition | r8_c14 | Monday,Nutrition,r8_c14,Monday,420.0,07:00-07:30,18,18,78,52,True,0.23076923076923078,0.23076923076923078,450.0,07:30-08:00,0.3974358974358974,-30.0,30.0,False,True,30.0,6.923076923076923,0.057692307692307696,True,True,0.6025641025641026,48.51063829787233,29.23076923076923,0.24358974358974356,0.6025641025641026,48.51063829787233,0.24358974358974356,2
Nutrition | r8_c14 | Thursday,Nutrition,r8_c14,Thursday,510.0,08:30-09:00,29,29,78,52,True,0.3717948717948718,0.3717948717948718,450.0,07:30-08:00,0.3974358974358974,60.0,60.0,False,True,60.0,22.307692307692307,0.18589743589743588,True,True,0.6025641025641026,48.51063829787233,29.23076923076923,0.24358974358974356,0.6025641025641026,48.51063829787233,0.24358974358974356,1
Nutrition | r8_c14 | Thursday,Nutrition,r8_c14,Thursday,420.0,07:00-07:30,18,18,78,52,True,0.23076923076923078,0.23076923076923078,450.0,07:30-08:00,0.3974358974358974,-30.0,30.0,False,True,30.0,6.923076923076923,0.057692307692307696,True,True,0.6025641025641026,48.51063829787233,29.23076923076923,0.24358974358974356,0.6025641025641026,48.51063829787233,0.24358974358974356,2
Nutrition | r8_c14 | Tuesday,Nutrition,r8_c14,Tuesday,510.0,08:30-09:00,30,29,81,52,True,0.37037037037037035,0.37037037037037035,450.0,07:30-08:00,0.37037037037037035,60.0,60.0,False,True,60.0,22.22222222222222,0.18518518518518517,True,True,0.6296296296296297,47.64705882352941,30.0,0.25,0.6296296296296297,47.64705882352941,0.25,1
Nutrition | r8_c14 | Tuesday,Nutrition,r8_c14,Tuesday,420.0,07:00-07:30,21,19,81,52,True,0.25925925925925924,0.25925925925925924,450.0,07:30-08:00,0.37037037037037035,-30.0,30.0,False,True,30.0,7.777777777777778,0.06481481481481481,True,True,0.6296296296296297,47.64705882352941,30.0,0.25,0.6296296296296297,47.64705882352941,0.25,2
Nutrition | r8_c14 | Wednesday,Nutrition,r8_c14,Wednesday,510.0,08:30-09:00,29,29,78,52,True,0.3717948717948718,0.3717948717948718,450.0,07:30-08:00,0.3974358974358974,60.0,60.0,False,True,60.0,22.307692307692307,0.18589743589743588,True,True,0.6025641025641026,48.51063829787233,29.23076923076923,0.24358974358974356,0.6025641025641026,48.51063829787233,0.24358974358974356,1
Nutrition | r8_c14 | Wednesday,Nutrition,r8_c14,Wednesday,420.0,07:00-07:30,18,18,78,52,True,0.23076923076923078,0.23076923076923078,450.0,07:30-08:00,0.3974358974358974,-30.0,30.0,False,True,30.0,6.923076923076923,0.057692307692307696,True,True,0.6025641025641026,48.51063829787233,29.23076923076923,0.24358974358974356,0.6025641025641026,48.51063829787233,0.24358974358974356,2
Nutrition | r8_c15 | Friday,Nutrition,r8_c15,Friday,450.0,07:30-08:00,28,25,64,53,True,0.4375,0.4375,540.0,09:00-09:30,0.46875,-90.0,90.0,False,True,90.0,39.375,0.328125,True,True,0.53125,95.29411764705883,50.625,0.421875,0.53125,95.29411764705883,0.421875,1
Nutrition | r8_c15 | Friday,Nutrition,r8_c15,Friday,420.0,07:00-07:30,6,2,64,53,True,0.09375,0.09375,540.0,09:00-09:30,0.46875,-120.0,120.0,False,True,120.0,11.25,0.09375,True,True,0.53125,95.29411764705883,50.625,0.421875,0.53125,95.29411764705883,0.421875,2
Nutrition | r8_c15 | Monday,Nutrition,r8_c15,Monday,450.0,07:30-08:00,26,24,62,52,True,0.41935483870967744,0.41935483870967744,540.0,09:00-09:30,0.46774193548387094,-90.0,90.0,False,True,90.0,37.74193548387097,0.31451612903225806,True,True,0.532258064516129,96.36363636363636,51.29032258064516,0.4274193548387097,0.532258064516129,96.36363636363636,0.4274193548387097,1
Nutrition | r8_c15 | Monday,Nutrition,r8_c15,Monday,420.0,07:00-07:30,7,3,62,52,True,0.11290322580645161,0.11290322580645161,540.0,09:00-09:30,0.46774193548387094,-120.0,120.0,False,True,120.0,13.548387096774194,0.11290322580645161,True,True,0.532258064516129,96.36363636363636,51.29032258064516,0.4274193548387097,0.532258064516129,96.36363636363636,0.4274193548387097,2
Nutrition | r8_c15 | Thursday,Nutrition,r8_c15,Thursday,450.0,07:30-08:00,27,25,62,52,True,0.43548387096774194,0.43548387096774194,540.0,09:00-09:30,0.46774193548387094,-90.0,90.0,False,True,90.0,39.193548387096776,0.32661290322580644,True,True,0.532258064516129,95.45454545454547,50.80645161290323,0.4233870967741935,0.532258064516129,95.45454545454547,0.4233870967741935,1
Nutrition | r8_c15 | Thursday,Nutrition,r8_c15,Thursday,420.0,07:00-07:30,6,2,62,52,True,0.0967741935483871,0.0967741935483871,540.0,09:00-09:30,0.46774193548387094,-120.0,120.0,False,True,120.0,11.612903225806452,0.0967741935483871,True,True,0.532258064516129,95.45454545454547,50.80645161290323,0.4233870967741935,0.532258064516129,95.45454545454547,0.4233870967741935,2
Nutrition | r8_c15 | Tuesday,Nutrition,r8_c15,Tuesday,450.0,07:30-08:00,26,24,63,52,True,0.4126984126984127,0.4126984126984127,540.0,09:00-09:30,0.4603174603174603,-90.0,90.0,False,True,90.0,37.14285714285714,0.3095238095238095,True,True,0.5396825396825398,97.05882352941175,52.38095238095238,0.43650793650793646,0.5396825396825398,97.05882352941175,0.43650793650793646,1
Nutrition | r8_c15 | Tuesday,Nutrition,r8_c15,Tuesday,420.0,07:00-07:30,8,4,63,52,True,0.12698412698412698,0.12698412698412698,540.0,09:00-09:30,0.4603174603174603,-120.0,120.0,False,True,120.0,15.238095238095237,0.12698412698412698,True,True,0.5396825396825398,97.05882352941175,52.38095238095238,0.43650793650793646,0.5396825396825398,97.05882352941175,0.43650793650793646,2
Nutrition | r8_c15 | Wednesday,Nutrition,r8_c15,Wednesday,450.0,07:30-08:00,28,25,63,52,True,0.4444444444444444,0.4444444444444444,540.0,09:00-09:30,0.4603174603174603,-90.0,90.0,False,True,90.0,40.0,0.3333333333333333,True,True,0.5396825396825398,95.29411764705881,51.42857142857143,0.42857142857142855,0.5396825396825398,95.29411764705881,0.42857142857142855,1
Nutrition | r8_c15 | Wednesday,Nutrition,r8_c15,Wednesday,420.0,07:00-07:30,6,2,63,52,True,0.09523809523809523,0.09523809523809523,540.0,09:00-09:30,0.4603174603174603,-120.0,120.0,False,True,120.0,11.428571428571427,0.09523809523809522,True,True,0.5396825396825398,95.29411764705881,51.42857142857143,0.42857142857142855,0.5396825396825398,95.29411764705881,0.42857142857142855,2
Nutrition | r8_c18 | Friday,Nutrition,r8_c18,Friday,480.0,08:00-08:30,4,2,56,23,True,0.07142857142857142,0.07142857142857142,450.0,07:30-08:00,0.9285714285714286,30.0,30.0,False,True,30.0,2.142857142857143,0.017857142857142856,True,True,0.0714285714285714,30.000000000000014,2.142857142857143,0.017857142857142856,0.0714285714285714,30.000000000000014,0.017857142857142856,1
Nutrition | r8_c18 | Monday,Nutrition,r8_c18,Monday,480.0,08:00-08:30,4,2,56,24,True,0.07142857142857142,0.07142857142857142,450.0,07:30-08:00,0.9285714285714286,30.0,30.0,False,True,30.0,2.142857142857143,0.017857142857142856,True,True,0.0714285714285714,30.000000000000014,2.142857142857143,0.017857142857142856,0.0714285714285714,30.000000000000014,0.017857142857142856,1
Nutrition | r8_c18 | Wednesday,Nutrition,r8_c18,Wednesday,480.0,08:00-08:30,4,2,62,23,True,0.06451612903225806,0.06451612903225806,450.0,07:30-08:00,0.9354838709677419,30.0,30.0,False,True,30.0,1.935483870967742,0.016129032258064516,True,True,0.06451612903225812,29.999999999999975,1.935483870967742,0.016129032258064516,0.06451612903225812,29.999999999999975,0.016129032258064516,1
Nutrition | r9_c16 | Friday,Nutrition,r9_c16,Friday,720.0,12:00-12:30,188,15,626,53,True,0.3003194888178914,0.3003194888178914,780.0,13:00-13:30,0.6869009584664537,-60.0,60.0,False,True,60.0,18.019169329073485,0.1501597444089457,True,True,0.3130990415335463,58.77551020408164,18.402555910543132,0.15335463258785945,0.3130990415335463,58.77551020408164,0.15335463258785945,1
Nutrition | r9_c16 | Friday,Nutrition,r9_c16,Friday,810.0,13:30-14:00,5,3,626,53,True,0.007987220447284345,0.007987220447284345,780.0,13:00-13:30,0.6869009584664537,30.0,30.0,False,True,30.0,0.23961661341853036,0.001996805111821086,True,True,0.3130990415335463,58.77551020408164,18.402555910543132,0.15335463258785945,0.3130990415335463,58.77551020408164,0.15335463258785945,2
Nutrition | r9_c16 | Friday,Nutrition,r9_c16,Friday,750.0,12:30-13:00,3,1,626,53,True,0.004792332268370607,0.004792332268370607,780.0,13:00-13:30,0.6869009584664537,-30.0,30.0,False,True,30.0,0.1437699680511182,0.0011980830670926515,True,True,0.3130990415335463,58.77551020408164,18.402555910543132,0.15335463258785945,0.3130990415335463,58.77551020408164,0.15335463258785945,3
Nutrition | r9_c16 | Monday,Nutrition,r9_c16,Monday,720.0,12:00-12:30,190,16,603,52,True,0.3150912106135987,0.3150912106135987,780.0,13:00-13:30,0.6849087893864013,-60.0,60.0,False,True,60.0,18.905472636815922,0.15754560530679934,True,True,0.3150912106135987,60.00000000000001,18.905472636815922,0.15754560530679934,0.3150912106135987,60.00000000000001,0.15754560530679934,1
Nutrition | r9_c16 | Thursday,Nutrition,r9_c16,Thursday,720.0,12:00-12:30,174,15,556,52,True,0.3129496402877698,0.3129496402877698,780.0,13:00-13:30,0.685251798561151,-60.0,60.0,False,True,60.0,18.776978417266186,0.1564748201438849,True,True,0.31474820143884896,59.82857142857142,18.83093525179856,0.15692446043165467,0.31474820143884896,59.82857142857142,0.15692446043165467,1
Nutrition | r9_c16 | Thursday,Nutrition,r9_c16,Thursday,810.0,13:30-14:00,1,1,556,52,True,0.0017985611510791368,0.0017985611510791368,780.0,13:00-13:30,0.685251798561151,30.0,30.0,False,True,30.0,0.053956834532374105,0.0004496402877697842,True,True,0.31474820143884896,59.82857142857142,18.83093525179856,0.15692446043165467,0.31474820143884896,59.82857142857142,0.15692446043165467,2
Nutrition | r9_c16 | Tuesday,Nutrition,r9_c16,Tuesday,720.0,12:00-12:30,177,15,564,52,True,0.31382978723404253,0.31382978723404253,780.0,13:00-13:30,0.675531914893617,-60.0,60.0,False,True,60.0,18.829787234042552,0.15691489361702127,True,True,0.32446808510638303,59.01639344262295,19.148936170212767,0.1595744680851064,0.32446808510638303,59.01639344262295,0.1595744680851064,1
Nutrition | r9_c16 | Tuesday,Nutrition,r9_c16,Tuesday,750.0,12:30-13:00,3,2,564,52,True,0.005319148936170213,0.005319148936170213,780.0,13:00-13:30,0.675531914893617,-30.0,30.0,False,True,30.0,0.1595744680851064,0.0013297872340425532,True,True,0.32446808510638303,59.01639344262295,19.148936170212767,0.1595744680851064,0.32446808510638303,59.01639344262295,0.1595744680851064,2
Nutrition | r9_c16 | Tuesday,Nutrition,r9_c16,Tuesday,810.0,13:30-14:00,3,2,564,52,True,0.005319148936170213,0.005319148936170213,780.0,13:00-13:30,0.675531914893617,30.0,30.0,False,True,30.0,0.1595744680851064,0.0013297872340425532,True,True,0.32446808510638303,59.01639344262295,19.148936170212767,0.1595744680851064,0.32446808510638303,59.01639344262295,0.1595744680851064,3
Nutrition | r9_c16 | Wednesday,Nutrition,r9_c16,Wednesday,720.0,12:00-12:30,180,15,618,52,True,0.2912621359223301,0.2912621359223301,780.0,13:00-13:30,0.7087378640776699,-60.0,60.0,False,True,60.0,17.475728155339805,0.14563106796116504,True,True,0.2912621359223301,60.0,17.475728155339805,0.14563106796116504,0.2912621359223301,60.0,0.14563106796116504,1
Personal | r10_c18 | Friday,Personal,r10_c18,Friday,780.0,13:00-13:30,3,2,24,10,True,0.125,0.125,630.0,10:30-11:00,0.125,150.0,150.0,False,True,120.0,18.75,0.125,True,True,0.875,181.42857142857142,158.75,0.7604166666666667,0.875,181.42857142857142,0.7604166666666667,1
Personal | r10_c18 | Friday,Personal,r10_c18,Friday,840.0,14:00-14:30,3,2,24,10,True,0.125,0.125,630.0,10:30-11:00,0.125,210.0,210.0,False,True,120.0,26.25,0.125,True,True,0.875,181.42857142857142,158.75,0.7604166666666667,0.875,181.42857142857142,0.7604166666666667,2
Personal | r10_c18 | Friday,Personal,r10_c18,Friday,720.0,12:00-12:30,2,1,24,10,True,0.08333333333333333,0.08333333333333333,630.0,10:30-11:00,0.125,90.0,90.0,False,True,90.0,7.5,0.0625,True,True,0.875,181.42857142857142,158.75,0.7604166666666667,0.875,181.42857142857142,0.7604166666666667,3
Personal | r10_c18 | Friday,Personal,r10_c18,Friday,810.0,13:30-14:00,2,2,24,10,True,0.08333333333333333,0.08333333333333333,630.0,10:30-11:00,0.125,180.0,180.0,False,True,120.0,15.0,0.08333333333333333,True,True,0.875,181.42857142857142,158.75,0.7604166666666667,0.875,181.42857142857142,0.7604166666666667,4
Personal | r10_c18 | Friday,Personal,r10_c18,Friday,870.0,14:30-15:00,2,1,24,10,True,0.08333333333333333,0.08333333333333333,630.0,10:30-11:00,0.125,240.0,240.0,False,True,120.0,20.0,0.08333333333333333,True,True,0.875,181.42857142857142,158.75,0.7604166666666667,0.875,181.42857142857142,0.7604166666666667,5
Personal | r10_c18 | Friday,Personal,r10_c18,Friday,900.0,15:00-15:30,2,1,24,10,True,0.08333333333333333,0.08333333333333333,630.0,10:30-11:00,0.125,270.0,270.0,False,True,120.0,22.5,0.08333333333333333,True,True,0.875,181.42857142857142,158.75,0.7604166666666667,0.875,181.42857142857142,0.7604166666666667,6
Personal | r10_c18 | Friday,Personal,r10_c18,Friday,960.0,16:00-16:30,2,1,24,10,True,0.08333333333333333,0.08333333333333333,630.0,10:30-11:00,0.125,330.0,330.0,False,True,120.0,27.5,0.08333333333333333,True,True,0.875,181.42857142857142,158.75,0.7604166666666667,0.875,181.42857142857142,0.7604166666666667,7
Personal | r10_c18 | Friday,Personal,r10_c18,Friday,540.0,09:00-09:30,1,1,24,10,True,0.041666666666666664,0.041666666666666664,630.0,10:30-11:00,0.125,-90.0,90.0,False,True,90.0,3.75,0.03125,True,True,0.875,181.42857142857142,158.75,0.7604166666666667,0.875,181.42857142857142,0.7604166666666667,8
Personal | r10_c18 | Friday,Personal,r10_c18,Friday,570.0,09:30-10:00,1,1,24,10,True,0.041666666666666664,0.041666666666666664,630.0,10:30-11:00,0.125,-60.0,60.0,False,True,60.0,2.5,0.020833333333333332,True,True,0.875,181.42857142857142,158.75,0.7604166666666667,0.875,181.42857142857142,0.7604166666666667,9
Personal | r10_c18 | Friday,Personal,r10_c18,Friday,600.0,10:00-10:30,1,1,24,10,True,0.041666666666666664,0.041666666666666664,630.0,10:30-11:00,0.125,-30.0,30.0,False,True,30.0,1.25,0.010416666666666666,True,True,0.875,181.42857142857142,158.75,0.7604166666666667,0.875,181.42857142857142,0.7604166666666667,10
Personal | r10_c18 | Friday,Personal,r10_c18,Friday,660.0,11:00-11:30,1,1,24,10,True,0.041666666666666664,0.041666666666666664,630.0,10:30-11:00,0.125,30.0,30.0,False,True,30.0,1.25,0.010416666666666666,True,True,0.875,181.42857142857142,158.75,0.7604166666666667,0.875,181.42857142857142,0.7604166666666667,11
Personal | r10_c18 | Friday,Personal,r10_c18,Friday,930.0,15:30-16:00,1,1,24,10,True,0.041666666666666664,0.041666666666666664,630.0,10:30-11:00,0.125,300.0,300.0,False,True,120.0,12.5,0.041666666666666664,True,True,0.875,181.42857142857142,158.75,0.7604166666666667,0.875,181.42857142857142,0.7604166666666667,12
Personal | r10_c18 | Monday,Personal,r10_c18,Monday,600.0,10:00-10:30,2,2,12,6,True,0.16666666666666666,0.16666666666666666,540.0,09:00-09:30,0.16666666666666666,60.0,60.0,False,True,60.0,10.0,0.08333333333333333,True,True,0.8333333333333334,120.0,100.0,0.6458333333333333,0.8333333333333334,120.0,0.6458333333333333,1
Personal | r10_c18 | Monday,Personal,r10_c18,Monday,630.0,10:30-11:00,2,1,12,6,True,0.16666666666666666,0.16666666666666666,540.0,09:00-09:30,0.16666666666666666,90.0,90.0,False,True,90.0,15.0,0.125,True,True,0.8333333333333334,120.0,100.0,0.6458333333333333,0.8333333333333334,120.0,0.6458333333333333,2
Personal | r10_c18 | Monday,Personal,r10_c18,Monday,660.0,11:00-11:30,2,1,12,6,True,0.16666666666666666,0.16666666666666666,540.0,09:00-09:30,0.16666666666666666,120.0,120.0,False,True,120.0,20.0,0.16666666666666666,True,True,0.8333333333333334,120.0,100.0,0.6458333333333333,0.8333333333333334,120.0,0.6458333333333333,3
Personal | r10_c18 | Monday,Personal,r10_c18,Monday,780.0,13:00-13:30,2,1,12,6,True,0.16666666666666666,0.16666666666666666,540.0,09:00-09:30,0.16666666666666666,240.0,240.0,False,True,120.0,40.0,0.16666666666666666,True,True,0.8333333333333334,120.0,100.0,0.6458333333333333,0.8333333333333334,120.0,0.6458333333333333,4
Personal | r10_c18 | Monday,Personal,r10_c18,Monday,570.0,09:30-10:00,1,1,12,6,True,0.08333333333333333,0.08333333333333333,540.0,09:00-09:30,0.16666666666666666,30.0,30.0,False,True,30.0,2.5,0.020833333333333332,True,True,0.8333333333333334,120.0,100.0,0.6458333333333333,0.8333333333333334,120.0,0.6458333333333333,5
Personal | r10_c18 | Monday,Personal,r10_c18,Monday,690.0,11:30-12:00,1,1,12,6,True,0.08333333333333333,0.08333333333333333,540.0,09:00-09:30,0.16666666666666666,150.0,150.0,False,True,120.0,12.5,0.08333333333333333,True,True,0.8333333333333334,120.0,100.0,0.6458333333333333,0.8333333333333334,120.0,0.6458333333333333,6
Personal | r10_c18 | Thursday,Personal,r10_c18,Thursday,570.0,09:30-10:00,4,3,31,10,True,0.12903225806451613,0.12903225806451613,810.0,13:30-14:00,0.16129032258064516,-240.0,240.0,False,True,120.0,30.967741935483872,0.12903225806451613,True,True,0.8387096774193549,151.15384615384616,126.7741935483871,0.6451612903225805,0.8387096774193549,151.15384615384616,0.6451612903225805,1
Personal | r10_c18 | Thursday,Personal,r10_c18,Thursday,600.0,10:00-10:30,4,2,31,10,True,0.12903225806451613,0.12903225806451613,810.0,13:30-14:00,0.16129032258064516,-210.0,210.0,False,True,120.0,27.096774193548388,0.12903225806451613,True,True,0.8387096774193549,151.15384615384616,126.7741935483871,0.6451612903225805,0.8387096774193549,151.15384615384616,0.6451612903225805,2
Personal | r10_c18 | Thursday,Personal,r10_c18,Thursday,630.0,10:30-11:00,3,3,31,10,True,0.0967741935483871,0.0967741935483871,810.0,13:30-14:00,0.16129032258064516,-180.0,180.0,False,True,120.0,17.419354838709676,0.0967741935483871,True,True,0.8387096774193549,151.15384615384616,126.7741935483871,0.6451612903225805,0.8387096774193549,151.15384615384616,0.6451612903225805,3
Personal | r10_c18 | Thursday,Personal,r10_c18,Thursday,720.0,12:00-12:30,3,3,31,10,True,0.0967741935483871,0.0967741935483871,810.0,13:30-14:00,0.16129032258064516,-90.0,90.0,False,True,90.0,8.709677419354838,0.07258064516129031,True,True,0.8387096774193549,151.15384615384616,126.7741935483871,0.6451612903225805,0.8387096774193549,151.15384615384616,0.6451612903225805,4
Personal | r10_c18 | Thursday,Personal,r10_c18,Thursday,840.0,14:00-14:30,3,2,31,10,True,0.0967741935483871,0.0967741935483871,810.0,13:30-14:00,0.16129032258064516,30.0,30.0,False,True,30.0,2.903225806451613,0.024193548387096774,True,True,0.8387096774193549,151.15384615384616,126.7741935483871,0.6451612903225805,0.8387096774193549,151.15384615384616,0.6451612903225805,5
Personal | r10_c18 | Thursday,Personal,r10_c18,Thursday,510.0,08:30-09:00,2,1,31,10,True,0.06451612903225806,0.06451612903225806,810.0,13:30-14:00,0.16129032258064516,-300.0,300.0,False,True,120.0,19.35483870967742,0.06451612903225806,True,True,0.8387096774193549,151.15384615384616,126.7741935483871,0.6451612903225805,0.8387096774193549,151.15384615384616,0.6451612903225805,6
Personal | r10_c18 | Thursday,Personal,r10_c18,Thursday,780.0,13:00-13:30,2,2,31,10,True,0.06451612903225806,0.06451612903225806,810.0,13:30-14:00,0.16129032258064516,-30.0,30.0,False,True,30.0,1.935483870967742,0.016129032258064516,True,True,0.8387096774193549,151.15384615384616,126.7741935483871,0.6451612903225805,0.8387096774193549,151.15384615384616,0.6451612903225805,7
Personal | r10_c18 | Thursday,Personal,r10_c18,Thursday,870.0,14:30-15:00,2,2,31,10,True,0.06451612903225806,0.06451612903225806,810.0,13:30-14:00,0.16129032258064516,60.0,60.0,False,True,60.0,3.870967741935484,0.03225806451612903,True,True,0.8387096774193549,151.15384615384616,126.7741935483871,0.6451612903225805,0.8387096774193549,151.15384615384616,0.6451612903225805,8
Personal | r10_c18 | Thursday,Personal,r10_c18,Thursday,540.0,09:00-09:30,1,1,31,10,True,0.03225806451612903,0.03225806451612903,810.0,13:30-14:00,0.16129032258064516,-270.0,270.0,False,True,120.0,8.709677419354838,0.03225806451612903,True,True,0.8387096774193549,151.15384615384616,126.7741935483871,0.6451612903225805,0.8387096774193549,151.15384615384616,0.6451612903225805,9
Personal | r10_c18 | Thursday,Personal,r10_c18,Thursday,690.0,11:30-12:00,1,1,31,10,True,0.03225806451612903,0.03225806451612903,810.0,13:30-14:00,0.16129032258064516,-120.0,120.0,False,True,120.0,3.870967741935484,0.03225806451612903,True,True,0.8387096774193549,151.15384615384616,126.7741935483871,0.6451612903225805,0.8387096774193549,151.15384615384616,0.6451612903225805,10
Personal | r10_c18 | Thursday,Personal,r10_c18,Thursday,750.0,12:30-13:00,1,1,31,10,True,0.03225806451612903,0.03225806451612903,810.0,13:30-14:00,0.16129032258064516,-60.0,60.0,False,True,60.0,1.935483870967742,0.016129032258064516,True,True,0.8387096774193549,151.15384615384616,126.7741935483871,0.6451612903225805,0.8387096774193549,151.15384615384616,0.6451612903225805,11
Personal | r10_c18 | Tuesday,Personal,r10_c18,Tuesday,600.0,10:00-10:30,5,3,38,13,True,0.13157894736842105,0.13157894736842105,750.0,12:30-13:00,0.21052631578947367,-150.0,150.0,False,True,120.0,19.736842105263158,0.13157894736842105,True,True,0.7894736842105263,107.0,84.47368421052632,0.5921052631578947,0.7894736842105263,107.0,0.5921052631578947,1
Personal | r10_c18 | Tuesday,Personal,r10_c18,Tuesday,630.0,10:30-11:00,5,3,38,13,True,0.13157894736842105,0.13157894736842105,750.0,12:30-13:00,0.21052631578947367,-120.0,120.0,False,True,120.0,15.789473684210526,0.13157894736842105,True,True,0.7894736842105263,107.0,84.47368421052632,0.5921052631578947,0.7894736842105263,107.0,0.5921052631578947,2
Personal | r10_c18 | Tuesday,Personal,r10_c18,Tuesday,720.0,12:00-12:30,4,3,38,13,True,0.10526315789473684,0.10526315789473684,750.0,12:30-13:00,0.21052631578947367,-30.0,30.0,False,True,30.0,3.1578947368421053,0.026315789473684213,True,True,0.7894736842105263,107.0,84.47368421052632,0.5921052631578947,0.7894736842105263,107.0,0.5921052631578947,3
Personal | r10_c18 | Tuesday,Personal,r10_c18,Tuesday,810.0,13:30-14:00,4,3,38,13,True,0.10526315789473684,0.10526315789473684,750.0,12:30-13:00,0.21052631578947367,60.0,60.0,False,True,60.0,6.315789473684211,0.052631578947368425,True,True,0.7894736842105263,107.0,84.47368421052632,0.5921052631578947,0.7894736842105263,107.0,0.5921052631578947,4
Personal | r10_c18 | Tuesday,Personal,r10_c18,Tuesday,570.0,09:30-10:00,3,2,38,13,True,0.07894736842105263,0.07894736842105263,750.0,12:30-13:00,0.21052631578947367,-180.0,180.0,False,True,120.0,14.210526315789473,0.07894736842105263,True,True,0.7894736842105263,107.0,84.47368421052632,0.5921052631578947,0.7894736842105263,107.0,0.5921052631578947,5
Personal | r10_c18 | Tuesday,Personal,r10_c18,Tuesday,900.0,15:00-15:30,3,2,38,13,True,0.07894736842105263,0.07894736842105263,750.0,12:30-13:00,0.21052631578947367,150.0,150.0,False,True,120.0,11.842105263157894,0.07894736842105263,True,True,0.7894736842105263,107.0,84.47368421052632,0.5921052631578947,0.7894736842105263,107.0,0.5921052631578947,6
Personal | r10_c18 | Tuesday,Personal,r10_c18,Tuesday,690.0,11:30-12:00,2,2,38,13,True,0.05263157894736842,0.05263157894736842,750.0,12:30-13:00,0.21052631578947367,-60.0,60.0,False,True,60.0,3.1578947368421053,0.026315789473684213,True,True,0.7894736842105263,107.0,84.47368421052632,0.5921052631578947,0.7894736842105263,107.0,0.5921052631578947,7
Personal | r10_c18 | Tuesday,Personal,r10_c18,Tuesday,780.0,13:00-13:30,2,2,38,13,True,0.05263157894736842,0.05263157894736842,750.0,12:30-13:00,0.21052631578947367,30.0,30.0,False,True,30.0,1.5789473684210527,0.013157894736842106,True,True,0.7894736842105263,107.0,84.47368421052632,0.5921052631578947,0.7894736842105263,107.0,0.5921052631578947,8
Personal | r10_c18 | Tuesday,Personal,r10_c18,Tuesday,540.0,09:00-09:30,1,1,38,13,True,0.02631578947368421,0.02631578947368421,750.0,12:30-13:00,0.21052631578947367,-210.0,210.0,False,True,120.0,5.526315789473684,0.026315789473684213,True,True,0.7894736842105263,107.0,84.47368421052632,0.5921052631578947,0.7894736842105263,107.0,0.5921052631578947,9
Personal | r10_c18 | Tuesday,Personal,r10_c18,Tuesday,870.0,14:30-15:00,1,1,38,13,True,0.02631578947368421,0.02631578947368421,750.0,12:30-13:00,0.21052631578947367,120.0,120.0,False,True,120.0,3.1578947368421053,0.026315789473684213,True,True,0.7894736842105263,107.0,84.47368421052632,0.5921052631578947,0.7894736842105263,107.0,0.5921052631578947,10
Personal | r10_c18 | Wednesday,Personal,r10_c18,Wednesday,570.0,09:30-10:00,4,2,17,4,True,0.23529411764705882,0.23529411764705882,630.0,10:30-11:00,0.35294117647058826,-60.0,60.0,False,True,60.0,14.117647058823529,0.11764705882352941,True,True,0.6470588235294117,51.81818181818183,33.529411764705884,0.27941176470588236,0.6470588235294117,51.81818181818183,0.27941176470588236,1
Personal | r10_c18 | Wednesday,Personal,r10_c18,Wednesday,600.0,10:00-10:30,4,2,17,4,True,0.23529411764705882,0.23529411764705882,630.0,10:30-11:00,0.35294117647058826,-30.0,30.0,False,True,30.0,7.0588235294117645,0.058823529411764705,True,True,0.6470588235294117,51.81818181818183,33.529411764705884,0.27941176470588236,0.6470588235294117,51.81818181818183,0.27941176470588236,2
Personal | r10_c18 | Wednesday,Personal,r10_c18,Wednesday,660.0,11:00-11:30,1,1,17,4,True,0.058823529411764705,0.058823529411764705,630.0,10:30-11:00,0.35294117647058826,30.0,30.0,False,True,30.0,1.7647058823529411,0.014705882352941176,True,True,0.6470588235294117,51.81818181818183,33.529411764705884,0.27941176470588236,0.6470588235294117,51.81818181818183,0.27941176470588236,3
Personal | r10_c18 | Wednesday,Personal,r10_c18,Wednesday,690.0,11:30-12:00,1,1,17,4,True,0.058823529411764705,0.058823529411764705,630.0,10:30-11:00,0.35294117647058826,60.0,60.0,False,True,60.0,3.5294117647058822,0.029411764705882353,True,True,0.6470588235294117,51.81818181818183,33.529411764705884,0.27941176470588236,0.6470588235294117,51.81818181818183,0.27941176470588236,4
Personal | r10_c18 | Wednesday,Personal,r10_c18,Wednesday,750.0,12:30-13:00,1,1,17,4,True,0.058823529411764705,0.058823529411764705,630.0,10:30-11:00,0.35294117647058826,120.0,120.0,False,True,120.0,7.0588235294117645,0.058823529411764705,True,True,0.6470588235294117,51.81818181818183,33.529411764705884,0.27941176470588236,0.6470588235294117,51.81818181818183,0.27941176470588236,5
Personal | r11_c12 | Thursday,Personal,r11_c12,Thursday,600.0,10:00-10:30,3,3,12,7,True,0.25,0.25,720.0,12:00-12:30,0.3333333333333333,-120.0,120.0,False,True,120.0,30.0,0.25,True,True,0.6666666666666667,82.49999999999999,55.0,0.4583333333333333,0.6666666666666667,82.49999999999999,0.4583333333333333,1
Personal | r11_c12 | Thursday,Personal,r11_c12,Thursday,660.0,11:00-11:30,2,1,12,7,True,0.16666666666666666,0.16666666666666666,720.0,12:00-12:30,0.3333333333333333,-60.0,60.0,False,True,60.0,10.0,0.08333333333333333,True,True,0.6666666666666667,82.49999999999999,55.0,0.4583333333333333,0.6666666666666667,82.49999999999999,0.4583333333333333,2
Personal | r11_c12 | Thursday,Personal,r11_c12,Thursday,750.0,12:30-13:00,1,1,12,7,True,0.08333333333333333,0.08333333333333333,720.0,12:00-12:30,0.3333333333333333,30.0,30.0,False,True,30.0,2.5,0.020833333333333332,True,True,0.6666666666666667,82.49999999999999,55.0,0.4583333333333333,0.6666666666666667,82.49999999999999,0.4583333333333333,3
Personal | r11_c12 | Thursday,Personal,r11_c12,Thursday,780.0,13:00-13:30,1,1,12,7,True,0.08333333333333333,0.08333333333333333,720.0,12:00-12:30,0.3333333333333333,60.0,60.0,False,True,60.0,5.0,0.041666666666666664,True,True,0.6666666666666667,82.49999999999999,55.0,0.4583333333333333,0.6666666666666667,82.49999999999999,0.4583333333333333,4
Personal | r11_c12 | Thursday,Personal,r11_c12,Thursday,810.0,13:30-14:00,1,1,12,7,True,0.08333333333333333,0.08333333333333333,720.0,12:00-12:30,0.3333333333333333,90.0,90.0,False,True,90.0,7.5,0.0625,True,True,0.6666666666666667,82.49999999999999,55.0,0.4583333333333333,0.6666666666666667,82.49999999999999,0.4583333333333333,5
Personal | r12_c12 | Friday,Personal,r12_c12,Friday,840.0,14:00-14:30,5,3,29,5,True,0.1724137931034483,0.1724137931034483,810.0,13:30-14:00,0.1724137931034483,30.0,30.0,False,True,30.0,5.172413793103448,0.04310344827586207,True,True,0.8275862068965517,61.25,50.689655172413794,0.4224137931034483,0.8275862068965517,61.25,0.4224137931034483,1
Personal | r12_c12 | Friday,Personal,r12_c12,Friday,750.0,12:30-13:00,4,2,29,5,True,0.13793103448275862,0.13793103448275862,810.0,13:30-14:00,0.1724137931034483,-60.0,60.0,False,True,60.0,8.275862068965518,0.06896551724137931,True,True,0.8275862068965517,61.25,50.689655172413794,0.4224137931034483,0.8275862068965517,61.25,0.4224137931034483,2
Personal | r12_c12 | Friday,Personal,r12_c12,Friday,780.0,13:00-13:30,4,2,29,5,True,0.13793103448275862,0.13793103448275862,810.0,13:30-14:00,0.1724137931034483,-30.0,30.0,False,True,30.0,4.137931034482759,0.034482758620689655,True,True,0.8275862068965517,61.25,50.689655172413794,0.4224137931034483,0.8275862068965517,61.25,0.4224137931034483,3
Personal | r12_c12 | Friday,Personal,r12_c12,Friday,720.0,12:00-12:30,3,1,29,5,True,0.10344827586206896,0.10344827586206896,810.0,13:30-14:00,0.1724137931034483,-90.0,90.0,False,True,90.0,9.310344827586206,0.07758620689655173,True,True,0.8275862068965517,61.25,50.689655172413794,0.4224137931034483,0.8275862068965517,61.25,0.4224137931034483,4
Personal | r12_c12 | Friday,Personal,r12_c12,Friday,870.0,14:30-15:00,3,2,29,5,True,0.10344827586206896,0.10344827586206896,810.0,13:30-14:00,0.1724137931034483,60.0,60.0,False,True,60.0,6.206896551724138,0.05172413793103448,True,True,0.8275862068965517,61.25,50.689655172413794,0.4224137931034483,0.8275862068965517,61.25,0.4224137931034483,5
Personal | r12_c12 | Friday,Personal,r12_c12,Friday,900.0,15:00-15:30,3,2,29,5,True,0.10344827586206896,0.10344827586206896,810.0,13:30-14:00,0.1724137931034483,90.0,90.0,False,True,90.0,9.310344827586206,0.07758620689655173,True,True,0.8275862068965517,61.25,50.689655172413794,0.4224137931034483,0.8275862068965517,61.25,0.4224137931034483,6
Personal | r12_c12 | Friday,Personal,r12_c12,Friday,690.0,11:30-12:00,1,1,29,5,True,0.034482758620689655,0.034482758620689655,810.0,13:30-14:00,0.1724137931034483,-120.0,120.0,False,True,120.0,4.137931034482759,0.034482758620689655,True,True,0.8275862068965517,61.25,50.689655172413794,0.4224137931034483,0.8275862068965517,61.25,0.4224137931034483,7
Personal | r12_c12 | Friday,Personal,r12_c12,Friday,930.0,15:30-16:00,1,1,29,5,True,0.034482758620689655,0.034482758620689655,810.0,13:30-14:00,0.1724137931034483,120.0,120.0,False,True,120.0,4.137931034482759,0.034482758620689655,True,True,0.8275862068965517,61.25,50.689655172413794,0.4224137931034483,0.8275862068965517,61.25,0.4224137931034483,8
Personal | r12_c12 | Monday,Personal,r12_c12,Monday,690.0,11:30-12:00,2,1,11,6,True,0.18181818181818182,0.18181818181818182,720.0,12:00-12:30,0.36363636363636365,-30.0,30.0,False,True,30.0,5.454545454545455,0.045454545454545456,True,True,0.6363636363636364,64.28571428571428,40.90909090909091,0.31818181818181823,0.6363636363636364,64.28571428571428,0.31818181818181823,1
Personal | r12_c12 | Monday,Personal,r12_c12,Monday,750.0,12:30-13:00,2,2,11,6,True,0.18181818181818182,0.18181818181818182,720.0,12:00-12:30,0.36363636363636365,30.0,30.0,False,True,30.0,5.454545454545455,0.045454545454545456,True,True,0.6363636363636364,64.28571428571428,40.90909090909091,0.31818181818181823,0.6363636363636364,64.28571428571428,0.31818181818181823,2
Personal | r12_c12 | Monday,Personal,r12_c12,Monday,600.0,10:00-10:30,1,1,11,6,True,0.09090909090909091,0.09090909090909091,720.0,12:00-12:30,0.36363636363636365,-120.0,120.0,False,True,120.0,10.90909090909091,0.09090909090909091,True,True,0.6363636363636364,64.28571428571428,40.90909090909091,0.31818181818181823,0.6363636363636364,64.28571428571428,0.31818181818181823,3
Personal | r12_c12 | Monday,Personal,r12_c12,Monday,780.0,13:00-13:30,1,1,11,6,True,0.09090909090909091,0.09090909090909091,720.0,12:00-12:30,0.36363636363636365,60.0,60.0,False,True,60.0,5.454545454545455,0.045454545454545456,True,True,0.6363636363636364,64.28571428571428,40.90909090909091,0.31818181818181823,0.6363636363636364,64.28571428571428,0.31818181818181823,4
Personal | r12_c12 | Monday,Personal,r12_c12,Monday,870.0,14:30-15:00,1,1,11,6,True,0.09090909090909091,0.09090909090909091,720.0,12:00-12:30,0.36363636363636365,150.0,150.0,False,True,120.0,13.636363636363637,0.09090909090909091,True,True,0.6363636363636364,64.28571428571428,40.90909090909091,0.31818181818181823,0.6363636363636364,64.28571428571428,0.31818181818181823,5
Personal | r12_c12 | Thursday,Personal,r12_c12,Thursday,870.0,14:30-15:00,6,2,34,10,True,0.17647058823529413,0.17647058823529413,840.0,14:00-14:30,0.20588235294117646,30.0,30.0,False,True,30.0,5.294117647058824,0.04411764705882353,True,True,0.7941176470588236,71.11111111111111,56.47058823529412,0.43382352941176466,0.7941176470588236,71.11111111111111,0.43382352941176466,1
Personal | r12_c12 | Thursday,Personal,r12_c12,Thursday,780.0,13:00-13:30,4,3,34,10,True,0.11764705882352941,0.11764705882352941,840.0,14:00-14:30,0.20588235294117646,-60.0,60.0,False,True,60.0,7.0588235294117645,0.058823529411764705,True,True,0.7941176470588236,71.11111111111111,56.47058823529412,0.43382352941176466,0.7941176470588236,71.11111111111111,0.43382352941176466,2
Personal | r12_c12 | Thursday,Personal,r12_c12,Thursday,810.0,13:30-14:00,4,4,34,10,True,0.11764705882352941,0.11764705882352941,840.0,14:00-14:30,0.20588235294117646,-30.0,30.0,False,True,30.0,3.5294117647058822,0.029411764705882353,True,True,0.7941176470588236,71.11111111111111,56.47058823529412,0.43382352941176466,0.7941176470588236,71.11111111111111,0.43382352941176466,3
Personal | r12_c12 | Thursday,Personal,r12_c12,Thursday,750.0,12:30-13:00,3,2,34,10,True,0.08823529411764706,0.08823529411764706,840.0,14:00-14:30,0.20588235294117646,-90.0,90.0,False,True,90.0,7.9411764705882355,0.0661764705882353,True,True,0.7941176470588236,71.11111111111111,56.47058823529412,0.43382352941176466,0.7941176470588236,71.11111111111111,0.43382352941176466,4
Personal | r12_c12 | Thursday,Personal,r12_c12,Thursday,900.0,15:00-15:30,3,2,34,10,True,0.08823529411764706,0.08823529411764706,840.0,14:00-14:30,0.20588235294117646,60.0,60.0,False,True,60.0,5.294117647058824,0.04411764705882353,True,True,0.7941176470588236,71.11111111111111,56.47058823529412,0.43382352941176466,0.7941176470588236,71.11111111111111,0.43382352941176466,5
Personal | r12_c12 | Thursday,Personal,r12_c12,Thursday,660.0,11:00-11:30,2,1,34,10,True,0.058823529411764705,0.058823529411764705,840.0,14:00-14:30,0.20588235294117646,-180.0,180.0,False,True,120.0,10.588235294117647,0.058823529411764705,True,True,0.7941176470588236,71.11111111111111,56.47058823529412,0.43382352941176466,0.7941176470588236,71.11111111111111,0.43382352941176466,6
Personal | r12_c12 | Thursday,Personal,r12_c12,Thursday,720.0,12:00-12:30,2,2,34,10,True,0.058823529411764705,0.058823529411764705,840.0,14:00-14:30,0.20588235294117646,-120.0,120.0,False,True,120.0,7.0588235294117645,0.058823529411764705,True,True,0.7941176470588236,71.11111111111111,56.47058823529412,0.43382352941176466,0.7941176470588236,71.11111111111111,0.43382352941176466,7
Personal | r12_c12 | Thursday,Personal,r12_c12,Thursday,930.0,15:30-16:00,2,1,34,10,True,0.058823529411764705,0.058823529411764705,840.0,14:00-14:30,0.20588235294117646,90.0,90.0,False,True,90.0,5.294117647058823,0.044117647058823525,True,True,0.7941176470588236,71.11111111111111,56.47058823529412,0.43382352941176466,0.7941176470588236,71.11111111111111,0.43382352941176466,8
Personal | r12_c12 | Thursday,Personal,r12_c12,Thursday,690.0,11:30-12:00,1,1,34,10,True,0.029411764705882353,0.029411764705882353,840.0,14:00-14:30,0.20588235294117646,-150.0,150.0,False,True,120.0,4.411764705882353,0.029411764705882353,True,True,0.7941176470588236,71.11111111111111,56.47058823529412,0.43382352941176466,0.7941176470588236,71.11111111111111,0.43382352941176466,9
Personal | r12_c12 | Tuesday,Personal,r12_c12,Tuesday,810.0,13:30-14:00,3,2,14,4,True,0.21428571428571427,0.21428571428571427,840.0,14:00-14:30,0.2857142857142857,-30.0,30.0,False,True,30.0,6.428571428571428,0.05357142857142857,True,True,0.7142857142857143,44.99999999999999,32.14285714285714,0.26785714285714285,0.7142857142857143,44.99999999999999,0.26785714285714285,1
Personal | r12_c12 | Tuesday,Personal,r12_c12,Tuesday,870.0,14:30-15:00,3,2,14,4,True,0.21428571428571427,0.21428571428571427,840.0,14:00-14:30,0.2857142857142857,30.0,30.0,False,True,30.0,6.428571428571428,0.05357142857142857,True,True,0.7142857142857143,44.99999999999999,32.14285714285714,0.26785714285714285,0.7142857142857143,44.99999999999999,0.26785714285714285,2
Personal | r12_c12 | Tuesday,Personal,r12_c12,Tuesday,900.0,15:00-15:30,2,1,14,4,True,0.14285714285714285,0.14285714285714285,840.0,14:00-14:30,0.2857142857142857,60.0,60.0,False,True,60.0,8.571428571428571,0.07142857142857142,True,True,0.7142857142857143,44.99999999999999,32.14285714285714,0.26785714285714285,0.7142857142857143,44.99999999999999,0.26785714285714285,3
Personal | r12_c12 | Tuesday,Personal,r12_c12,Tuesday,750.0,12:30-13:00,1,1,14,4,True,0.07142857142857142,0.07142857142857142,840.0,14:00-14:30,0.2857142857142857,-90.0,90.0,False,True,90.0,6.428571428571428,0.05357142857142857,True,True,0.7142857142857143,44.99999999999999,32.14285714285714,0.26785714285714285,0.7142857142857143,44.99999999999999,0.26785714285714285,4
Personal | r12_c12 | Tuesday,Personal,r12_c12,Tuesday,780.0,13:00-13:30,1,1,14,4,True,0.07142857142857142,0.07142857142857142,840.0,14:00-14:30,0.2857142857142857,-60.0,60.0,False,True,60.0,4.285714285714286,0.03571428571428571,True,True,0.7142857142857143,44.99999999999999,32.14285714285714,0.26785714285714285,0.7142857142857143,44.99999999999999,0.26785714285714285,5
Personal | r13_c12 | Friday,Personal,r13_c12,Friday,570.0,09:30-10:00,34,32,100,33,True,0.34,0.34,750.0,12:30-13:00,0.51,-180.0,180.0,False,True,120.0,61.2,0.34,True,True,0.49,176.32653061224485,86.39999999999998,0.47750000000000004,0.49,176.32653061224485,0.47750000000000004,1
Personal | r13_c12 | Friday,Personal,r13_c12,Friday,540.0,09:00-09:30,9,9,100,33,True,0.09,0.09,750.0,12:30-13:00,0.51,-210.0,210.0,False,True,120.0,18.9,0.09,True,True,0.49,176.32653061224485,86.39999999999998,0.47750000000000004,0.49,176.32653061224485,0.47750000000000004,2
Personal | r13_c12 | Friday,Personal,r13_c12,Friday,870.0,14:30-15:00,3,3,100,33,True,0.03,0.03,750.0,12:30-13:00,0.51,120.0,120.0,False,True,120.0,3.5999999999999996,0.029999999999999995,True,True,0.49,176.32653061224485,86.39999999999998,0.47750000000000004,0.49,176.32653061224485,0.47750000000000004,3
Personal | r13_c12 | Friday,Personal,r13_c12,Friday,780.0,13:00-13:30,1,1,100,33,True,0.01,0.01,750.0,12:30-13:00,0.51,30.0,30.0,False,True,30.0,0.3,0.0025,True,True,0.49,176.32653061224485,86.39999999999998,0.47750000000000004,0.49,176.32653061224485,0.47750000000000004,4
Personal | r13_c12 | Friday,Personal,r13_c12,Friday,810.0,13:30-14:00,1,1,100,33,True,0.01,0.01,750.0,12:30-13:00,0.51,60.0,60.0,False,True,60.0,0.6,0.005,True,True,0.49,176.32653061224485,86.39999999999998,0.47750000000000004,0.49,176.32653061224485,0.47750000000000004,5
Personal | r13_c12 | Friday,Personal,r13_c12,Friday,930.0,15:30-16:00,1,1,100,33,True,0.01,0.01,750.0,12:30-13:00,0.51,180.0,180.0,False,True,120.0,1.8,0.01,True,True,0.49,176.32653061224485,86.39999999999998,0.47750000000000004,0.49,176.32653061224485,0.47750000000000004,6
Personal | r13_c12 | Thursday,Personal,r13_c12,Thursday,900.0,15:00-15:30,4,3,15,7,True,0.26666666666666666,0.26666666666666666,870.0,14:30-15:00,0.26666666666666666,30.0,30.0,False,True,30.0,8.0,0.06666666666666667,True,True,0.7333333333333334,46.36363636363636,34.0,0.2833333333333333,0.7333333333333334,46.36363636363636,0.2833333333333333,1
Personal | r13_c12 | Thursday,Personal,r13_c12,Thursday,840.0,14:00-14:30,3,3,15,7,True,0.2,0.2,870.0,14:30-15:00,0.26666666666666666,-30.0,30.0,False,True,30.0,6.0,0.05,True,True,0.7333333333333334,46.36363636363636,34.0,0.2833333333333333,0.7333333333333334,46.36363636363636,0.2833333333333333,2
Personal | r13_c12 | Thursday,Personal,r13_c12,Thursday,780.0,13:00-13:30,2,2,15,7,True,0.13333333333333333,0.13333333333333333,870.0,14:30-15:00,0.26666666666666666,-90.0,90.0,False,True,90.0,12.0,0.1,True,True,0.7333333333333334,46.36363636363636,34.0,0.2833333333333333,0.7333333333333334,46.36363636363636,0.2833333333333333,3
Personal | r13_c12 | Thursday,Personal,r13_c12,Thursday,810.0,13:30-14:00,2,2,15,7,True,0.13333333333333333,0.13333333333333333,870.0,14:30-15:00,0.26666666666666666,-60.0,60.0,False,True,60.0,8.0,0.06666666666666667,True,True,0.7333333333333334,46.36363636363636,34.0,0.2833333333333333,0.7333333333333334,46.36363636363636,0.2833333333333333,4
Personal | r13_c12 | Wednesday,Personal,r13_c12,Wednesday,900.0,15:00-15:30,4,3,12,3,True,0.3333333333333333,0.3333333333333333,930.0,15:30-16:00,0.5,-30.0,30.0,False,True,30.0,10.0,0.08333333333333333,True,True,0.5,30.0,15.0,0.125,0.5,30.0,0.125,1
Personal | r13_c12 | Wednesday,Personal,r13_c12,Wednesday,960.0,16:00-16:30,2,2,12,3,True,0.16666666666666666,0.16666666666666666,930.0,15:30-16:00,0.5,30.0,30.0,False,True,30.0,5.0,0.041666666666666664,True,True,0.5,30.0,15.0,0.125,0.5,30.0,0.125,2
Personal | r14_c10 | Friday,Personal,r14_c10,Friday,630.0,10:30-11:00,6,4,32,5,True,0.1875,0.1875,600.0,10:00-10:30,0.34375,30.0,30.0,False,True,30.0,5.625,0.046875,True,True,0.65625,65.71428571428571,43.125,0.3515625,0.65625,65.71428571428571,0.3515625,1
Personal | r14_c10 | Friday,Personal,r14_c10,Friday,720.0,12:00-12:30,5,3,32,5,True,0.15625,0.15625,600.0,10:00-10:30,0.34375,120.0,120.0,False,True,120.0,18.75,0.15625,True,True,0.65625,65.71428571428571,43.125,0.3515625,0.65625,65.71428571428571,0.3515625,2
Personal | r14_c10 | Friday,Personal,r14_c10,Friday,570.0,09:30-10:00,4,2,32,5,True,0.125,0.125,600.0,10:00-10:30,0.34375,-30.0,30.0,False,True,30.0,3.75,0.03125,True,True,0.65625,65.71428571428571,43.125,0.3515625,0.65625,65.71428571428571,0.3515625,3
Personal | r14_c10 | Friday,Personal,r14_c10,Friday,540.0,09:00-09:30,2,2,32,5,True,0.0625,0.0625,600.0,10:00-10:30,0.34375,-60.0,60.0,False,True,60.0,3.75,0.03125,True,True,0.65625,65.71428571428571,43.125,0.3515625,0.65625,65.71428571428571,0.3515625,4
Personal | r14_c10 | Friday,Personal,r14_c10,Friday,660.0,11:00-11:30,2,2,32,5,True,0.0625,0.0625,600.0,10:00-10:30,0.34375,60.0,60.0,False,True,60.0,3.75,0.03125,True,True,0.65625,65.71428571428571,43.125,0.3515625,0.65625,65.71428571428571,0.3515625,5
Personal | r14_c10 | Friday,Personal,r14_c10,Friday,690.0,11:30-12:00,1,1,32,5,True,0.03125,0.03125,600.0,10:00-10:30,0.34375,90.0,90.0,False,True,90.0,2.8125,0.0234375,True,True,0.65625,65.71428571428571,43.125,0.3515625,0.65625,65.71428571428571,0.3515625,6
Personal | r14_c10 | Friday,Personal,r14_c10,Friday,750.0,12:30-13:00,1,1,32,5,True,0.03125,0.03125,600.0,10:00-10:30,0.34375,150.0,150.0,False,True,120.0,4.6875,0.03125,True,True,0.65625,65.71428571428571,43.125,0.3515625,0.65625,65.71428571428571,0.3515625,7
Personal | r14_c10 | Tuesday,Personal,r14_c10,Tuesday,600.0,10:00-10:30,4,3,17,4,True,0.23529411764705882,0.23529411764705882,570.0,09:30-10:00,0.29411764705882354,30.0,30.0,False,True,30.0,7.0588235294117645,0.058823529411764705,True,True,0.7058823529411764,47.50000000000001,33.529411764705884,0.27941176470588236,0.7058823529411764,47.50000000000001,0.27941176470588236,1
Personal | r14_c10 | Tuesday,Personal,r14_c10,Tuesday,630.0,10:30-11:00,3,2,17,4,True,0.17647058823529413,0.17647058823529413,570.0,09:30-10:00,0.29411764705882354,60.0,60.0,False,True,60.0,10.588235294117649,0.08823529411764706,True,True,0.7058823529411764,47.50000000000001,33.529411764705884,0.27941176470588236,0.7058823529411764,47.50000000000001,0.27941176470588236,2
Personal | r14_c10 | Tuesday,Personal,r14_c10,Tuesday,510.0,08:30-09:00,2,1,17,4,True,0.11764705882352941,0.11764705882352941,570.0,09:30-10:00,0.29411764705882354,-60.0,60.0,False,True,60.0,7.0588235294117645,0.058823529411764705,True,True,0.7058823529411764,47.50000000000001,33.529411764705884,0.27941176470588236,0.7058823529411764,47.50000000000001,0.27941176470588236,3
Personal | r14_c10 | Tuesday,Personal,r14_c10,Tuesday,540.0,09:00-09:30,2,1,17,4,True,0.11764705882352941,0.11764705882352941,570.0,09:30-10:00,0.29411764705882354,-30.0,30.0,False,True,30.0,3.5294117647058822,0.029411764705882353,True,True,0.7058823529411764,47.50000000000001,33.529411764705884,0.27941176470588236,0.7058823529411764,47.50000000000001,0.27941176470588236,4
Personal | r14_c10 | Tuesday,Personal,r14_c10,Tuesday,660.0,11:00-11:30,1,1,17,4,True,0.058823529411764705,0.058823529411764705,570.0,09:30-10:00,0.29411764705882354,90.0,90.0,False,True,90.0,5.294117647058823,0.044117647058823525,True,True,0.7058823529411764,47.50000000000001,33.529411764705884,0.27941176470588236,0.7058823529411764,47.50000000000001,0.27941176470588236,5
Personal | r14_c10 | Wednesday,Personal,r14_c10,Wednesday,630.0,10:30-11:00,4,2,12,3,True,0.3333333333333333,0.3333333333333333,660.0,11:00-11:30,0.4166666666666667,-30.0,30.0,False,True,30.0,10.0,0.08333333333333333,True,True,0.5833333333333333,38.57142857142858,22.5,0.1875,0.5833333333333333,38.57142857142858,0.1875,1
Personal | r14_c10 | Wednesday,Personal,r14_c10,Wednesday,600.0,10:00-10:30,1,1,12,3,True,0.08333333333333333,0.08333333333333333,660.0,11:00-11:30,0.4166666666666667,-60.0,60.0,False,True,60.0,5.0,0.041666666666666664,True,True,0.5833333333333333,38.57142857142858,22.5,0.1875,0.5833333333333333,38.57142857142858,0.1875,2
Personal | r14_c10 | Wednesday,Personal,r14_c10,Wednesday,690.0,11:30-12:00,1,1,12,3,True,0.08333333333333333,0.08333333333333333,660.0,11:00-11:30,0.4166666666666667,30.0,30.0,False,True,30.0,2.5,0.020833333333333332,True,True,0.5833333333333333,38.57142857142858,22.5,0.1875,0.5833333333333333,38.57142857142858,0.1875,3
Personal | r14_c10 | Wednesday,Personal,r14_c10,Wednesday,720.0,12:00-12:30,1,1,12,3,True,0.08333333333333333,0.08333333333333333,660.0,11:00-11:30,0.4166666666666667,60.0,60.0,False,True,60.0,5.0,0.041666666666666664,True,True,0.5833333333333333,38.57142857142858,22.5,0.1875,0.5833333333333333,38.57142857142858,0.1875,4
Personal | r14_c12 | Friday,Personal,r14_c12,Friday,750.0,12:30-13:00,6,3,28,6,True,0.21428571428571427,0.21428571428571427,780.0,13:00-13:30,0.25,-30.0,30.0,False,True,30.0,6.428571428571428,0.05357142857142857,True,True,0.75,57.14285714285714,42.857142857142854,0.3571428571428571,0.75,57.14285714285714,0.3571428571428571,1
Personal | r14_c12 | Friday,Personal,r14_c12,Friday,840.0,14:00-14:30,6,2,28,6,True,0.21428571428571427,0.21428571428571427,780.0,13:00-13:30,0.25,60.0,60.0,False,True,60.0,12.857142857142856,0.10714285714285714,True,True,0.75,57.14285714285714,42.857142857142854,0.3571428571428571,0.75,57.14285714285714,0.3571428571428571,2
Personal | r14_c12 | Friday,Personal,r14_c12,Friday,720.0,12:00-12:30,4,2,28,6,True,0.14285714285714285,0.14285714285714285,780.0,13:00-13:30,0.25,-60.0,60.0,False,True,60.0,8.571428571428571,0.07142857142857142,True,True,0.75,57.14285714285714,42.857142857142854,0.3571428571428571,0.75,57.14285714285714,0.3571428571428571,3
Personal | r14_c12 | Friday,Personal,r14_c12,Friday,870.0,14:30-15:00,3,1,28,6,True,0.10714285714285714,0.10714285714285714,780.0,13:00-13:30,0.25,90.0,90.0,False,True,90.0,9.642857142857142,0.08035714285714285,True,True,0.75,57.14285714285714,42.857142857142854,0.3571428571428571,0.75,57.14285714285714,0.3571428571428571,4
Personal | r14_c12 | Friday,Personal,r14_c12,Friday,810.0,13:30-14:00,1,1,28,6,True,0.03571428571428571,0.03571428571428571,780.0,13:00-13:30,0.25,30.0,30.0,False,True,30.0,1.0714285714285714,0.008928571428571428,True,True,0.75,57.14285714285714,42.857142857142854,0.3571428571428571,0.75,57.14285714285714,0.3571428571428571,5
Personal | r14_c12 | Friday,Personal,r14_c12,Friday,900.0,15:00-15:30,1,1,28,6,True,0.03571428571428571,0.03571428571428571,780.0,13:00-13:30,0.25,120.0,120.0,False,True,120.0,4.285714285714286,0.03571428571428571,True,True,0.75,57.14285714285714,42.857142857142854,0.3571428571428571,0.75,57.14285714285714,0.3571428571428571,6
Personal | r14_c12 | Thursday,Personal,r14_c12,Thursday,750.0,12:30-13:00,4,3,24,11,True,0.16666666666666666,0.16666666666666666,720.0,12:00-12:30,0.375,30.0,30.0,False,True,30.0,5.0,0.041666666666666664,True,True,0.625,56.0,35.0,0.28125,0.625,56.0,0.28125,1
Personal | r14_c12 | Thursday,Personal,r14_c12,Thursday,660.0,11:00-11:30,3,2,24,11,True,0.125,0.125,720.0,12:00-12:30,0.375,-60.0,60.0,False,True,60.0,7.5,0.0625,True,True,0.625,56.0,35.0,0.28125,0.625,56.0,0.28125,2
Personal | r14_c12 | Thursday,Personal,r14_c12,Thursday,690.0,11:30-12:00,3,3,24,11,True,0.125,0.125,720.0,12:00-12:30,0.375,-30.0,30.0,False,True,30.0,3.75,0.03125,True,True,0.625,56.0,35.0,0.28125,0.625,56.0,0.28125,3
Personal | r14_c12 | Thursday,Personal,r14_c12,Thursday,780.0,13:00-13:30,3,3,24,11,True,0.125,0.125,720.0,12:00-12:30,0.375,60.0,60.0,False,True,60.0,7.5,0.0625,True,True,0.625,56.0,35.0,0.28125,0.625,56.0,0.28125,4
Personal | r14_c12 | Thursday,Personal,r14_c12,Thursday,600.0,10:00-10:30,1,1,24,11,True,0.041666666666666664,0.041666666666666664,720.0,12:00-12:30,0.375,-120.0,120.0,False,True,120.0,5.0,0.041666666666666664,True,True,0.625,56.0,35.0,0.28125,0.625,56.0,0.28125,5
Personal | r14_c12 | Thursday,Personal,r14_c12,Thursday,870.0,14:30-15:00,1,1,24,11,True,0.041666666666666664,0.041666666666666664,720.0,12:00-12:30,0.375,150.0,150.0,False,True,120.0,6.25,0.041666666666666664,True,True,0.625,56.0,35.0,0.28125,0.625,56.0,0.28125,6
Personal | r14_c12 | Wednesday,Personal,r14_c12,Wednesday,630.0,10:30-11:00,4,1,11,7,True,0.36363636363636365,0.36363636363636365,720.0,12:00-12:30,0.45454545454545453,-90.0,90.0,False,True,90.0,32.72727272727273,0.2727272727272727,True,True,0.5454545454545454,80.0,43.63636363636363,0.3636363636363636,0.5454545454545454,80.0,0.3636363636363636,1
Personal | r14_c12 | Wednesday,Personal,r14_c12,Wednesday,750.0,12:30-13:00,1,1,11,7,True,0.09090909090909091,0.09090909090909091,720.0,12:00-12:30,0.45454545454545453,30.0,30.0,False,True,30.0,2.7272727272727275,0.022727272727272728,True,True,0.5454545454545454,80.0,43.63636363636363,0.3636363636363636,0.5454545454545454,80.0,0.3636363636363636,2
Personal | r14_c12 | Wednesday,Personal,r14_c12,Wednesday,810.0,13:30-14:00,1,1,11,7,True,0.09090909090909091,0.09090909090909091,720.0,12:00-12:30,0.45454545454545453,90.0,90.0,False,True,90.0,8.181818181818182,0.06818181818181818,True,True,0.5454545454545454,80.0,43.63636363636363,0.3636363636363636,0.5454545454545454,80.0,0.3636363636363636,3
Personal | r15_c12 | Monday,Personal,r15_c12,Monday,540.0,09:00-09:30,2,1,10,4,True,0.2,0.2,750.0,12:30-13:00,0.4,-210.0,210.0,False,True,120.0,42.0,0.2,True,True,0.6,110.0,66.0,0.4000000000000001,0.6,110.0,0.4000000000000001,1
Personal | r15_c12 | Monday,Personal,r15_c12,Monday,630.0,10:30-11:00,1,1,10,4,True,0.1,0.1,750.0,12:30-13:00,0.4,-120.0,120.0,False,True,120.0,12.0,0.1,True,True,0.6,110.0,66.0,0.4000000000000001,0.6,110.0,0.4000000000000001,2
Personal | r15_c12 | Monday,Personal,r15_c12,Monday,720.0,12:00-12:30,1,1,10,4,True,0.1,0.1,750.0,12:30-13:00,0.4,-30.0,30.0,False,True,30.0,3.0,0.025,True,True,0.6,110.0,66.0,0.4000000000000001,0.6,110.0,0.4000000000000001,3
Personal | r15_c12 | Monday,Personal,r15_c12,Monday,780.0,13:00-13:30,1,1,10,4,True,0.1,0.1,750.0,12:30-13:00,0.4,30.0,30.0,False,True,30.0,3.0,0.025,True,True,0.6,110.0,66.0,0.4000000000000001,0.6,110.0,0.4000000000000001,4
Personal | r15_c12 | Monday,Personal,r15_c12,Monday,810.0,13:30-14:00,1,1,10,4,True,0.1,0.1,750.0,12:30-13:00,0.4,60.0,60.0,False,True,60.0,6.0,0.05,True,True,0.6,110.0,66.0,0.4000000000000001,0.6,110.0,0.4000000000000001,5
Personal | r15_c12 | Tuesday,Personal,r15_c12,Tuesday,780.0,13:00-13:30,4,2,14,5,True,0.2857142857142857,0.2857142857142857,810.0,13:30-14:00,0.35714285714285715,-30.0,30.0,False,True,30.0,8.571428571428571,0.07142857142857142,True,True,0.6428571428571428,46.666666666666664,29.999999999999996,0.24999999999999997,0.6428571428571428,46.666666666666664,0.24999999999999997,1
Personal | r15_c12 | Tuesday,Personal,r15_c12,Tuesday,840.0,14:00-14:30,2,1,14,5,True,0.14285714285714285,0.14285714285714285,810.0,13:30-14:00,0.35714285714285715,30.0,30.0,False,True,30.0,4.285714285714286,0.03571428571428571,True,True,0.6428571428571428,46.666666666666664,29.999999999999996,0.24999999999999997,0.6428571428571428,46.666666666666664,0.24999999999999997,2
Personal | r15_c12 | Tuesday,Personal,r15_c12,Tuesday,720.0,12:00-12:30,1,1,14,5,True,0.07142857142857142,0.07142857142857142,810.0,13:30-14:00,0.35714285714285715,-90.0,90.0,False,True,90.0,6.428571428571428,0.05357142857142857,True,True,0.6428571428571428,46.666666666666664,29.999999999999996,0.24999999999999997,0.6428571428571428,46.666666666666664,0.24999999999999997,3
Personal | r15_c12 | Tuesday,Personal,r15_c12,Tuesday,870.0,14:30-15:00,1,1,14,5,True,0.07142857142857142,0.07142857142857142,810.0,13:30-14:00,0.35714285714285715,60.0,60.0,False,True,60.0,4.285714285714286,0.03571428571428571,True,True,0.6428571428571428,46.666666666666664,29.999999999999996,0.24999999999999997,0.6428571428571428,46.666666666666664,0.24999999999999997,4
Personal | r15_c12 | Tuesday,Personal,r15_c12,Tuesday,900.0,15:00-15:30,1,1,14,5,True,0.07142857142857142,0.07142857142857142,810.0,13:30-14:00,0.35714285714285715,90.0,90.0,False,True,90.0,6.428571428571428,0.05357142857142857,True,True,0.6428571428571428,46.666666666666664,29.999999999999996,0.24999999999999997,0.6428571428571428,46.666666666666664,0.24999999999999997,5
Personal | r15_c16 | Thursday,Personal,r15_c16,Thursday,660.0,11:00-11:30,3,2,11,4,True,0.2727272727272727,0.2727272727272727,600.0,10:00-10:30,0.45454545454545453,60.0,60.0,False,True,60.0,16.363636363636363,0.13636363636363635,True,True,0.5454545454545454,55.00000000000001,30.0,0.25,0.5454545454545454,55.00000000000001,0.25,1
Personal | r15_c16 | Thursday,Personal,r15_c16,Thursday,630.0,10:30-11:00,2,1,11,4,True,0.18181818181818182,0.18181818181818182,600.0,10:00-10:30,0.45454545454545453,30.0,30.0,False,True,30.0,5.454545454545455,0.045454545454545456,True,True,0.5454545454545454,55.00000000000001,30.0,0.25,0.5454545454545454,55.00000000000001,0.25,2
Personal | r15_c16 | Thursday,Personal,r15_c16,Thursday,690.0,11:30-12:00,1,1,11,4,True,0.09090909090909091,0.09090909090909091,600.0,10:00-10:30,0.45454545454545453,90.0,90.0,False,True,90.0,8.181818181818182,0.06818181818181818,True,True,0.5454545454545454,55.00000000000001,30.0,0.25,0.5454545454545454,55.00000000000001,0.25,3
Personal | r15_c16 | Wednesday,Personal,r15_c16,Wednesday,540.0,09:00-09:30,4,3,17,6,True,0.23529411764705882,0.23529411764705882,600.0,10:00-10:30,0.4117647058823529,-60.0,60.0,False,True,60.0,14.117647058823529,0.11764705882352941,True,True,0.5882352941176471,45.00000000000001,26.470588235294123,0.22058823529411767,0.5882352941176471,45.00000000000001,0.22058823529411767,1
Personal | r15_c16 | Wednesday,Personal,r15_c16,Wednesday,570.0,09:30-10:00,3,2,17,6,True,0.17647058823529413,0.17647058823529413,600.0,10:00-10:30,0.4117647058823529,-30.0,30.0,False,True,30.0,5.294117647058824,0.04411764705882353,True,True,0.5882352941176471,45.00000000000001,26.470588235294123,0.22058823529411767,0.5882352941176471,45.00000000000001,0.22058823529411767,2
Personal | r15_c16 | Wednesday,Personal,r15_c16,Wednesday,630.0,10:30-11:00,2,2,17,6,True,0.11764705882352941,0.11764705882352941,600.0,10:00-10:30,0.4117647058823529,30.0,30.0,False,True,30.0,3.5294117647058822,0.029411764705882353,True,True,0.5882352941176471,45.00000000000001,26.470588235294123,0.22058823529411767,0.5882352941176471,45.00000000000001,0.22058823529411767,3
Personal | r15_c16 | Wednesday,Personal,r15_c16,Wednesday,660.0,11:00-11:30,1,1,17,6,True,0.058823529411764705,0.058823529411764705,600.0,10:00-10:30,0.4117647058823529,60.0,60.0,False,True,60.0,3.5294117647058822,0.029411764705882353,True,True,0.5882352941176471,45.00000000000001,26.470588235294123,0.22058823529411767,0.5882352941176471,45.00000000000001,0.22058823529411767,4
Personal | r17_c12 | Friday,Personal,r17_c12,Friday,750.0,12:30-13:00,2,2,10,5,True,0.2,0.2,900.0,15:00-15:30,0.3,-150.0,150.0,False,True,120.0,30.0,0.2,True,True,0.7,107.14285714285715,75.0,0.525,0.7,107.14285714285715,0.525,1
Personal | r17_c12 | Friday,Personal,r17_c12,Friday,930.0,15:30-16:00,2,1,10,5,True,0.2,0.2,900.0,15:00-15:30,0.3,30.0,30.0,False,True,30.0,6.0,0.05,True,True,0.7,107.14285714285715,75.0,0.525,0.7,107.14285714285715,0.525,2
Personal | r17_c12 | Friday,Personal,r17_c12,Friday,720.0,12:00-12:30,1,1,10,5,True,0.1,0.1,900.0,15:00-15:30,0.3,-180.0,180.0,False,True,120.0,18.0,0.1,True,True,0.7,107.14285714285715,75.0,0.525,0.7,107.14285714285715,0.525,3
Personal | r17_c12 | Friday,Personal,r17_c12,Friday,780.0,13:00-13:30,1,1,10,5,True,0.1,0.1,900.0,15:00-15:30,0.3,-120.0,120.0,False,True,120.0,12.0,0.1,True,True,0.7,107.14285714285715,75.0,0.525,0.7,107.14285714285715,0.525,4
Personal | r17_c12 | Friday,Personal,r17_c12,Friday,810.0,13:30-14:00,1,1,10,5,True,0.1,0.1,900.0,15:00-15:30,0.3,-90.0,90.0,False,True,90.0,9.0,0.075,True,True,0.7,107.14285714285715,75.0,0.525,0.7,107.14285714285715,0.525,5
Personal | r17_c12 | Thursday,Personal,r17_c12,Thursday,690.0,11:30-12:00,1,1,12,6,True,0.08333333333333333,0.08333333333333333,900.0,15:00-15:30,0.4166666666666667,-210.0,210.0,False,True,120.0,17.5,0.08333333333333333,True,True,0.5833333333333333,102.85714285714288,60.0,0.3958333333333333,0.5833333333333333,102.85714285714288,0.3958333333333333,1
Personal | r17_c12 | Thursday,Personal,r17_c12,Thursday,720.0,12:00-12:30,1,1,12,6,True,0.08333333333333333,0.08333333333333333,900.0,15:00-15:30,0.4166666666666667,-180.0,180.0,False,True,120.0,15.0,0.08333333333333333,True,True,0.5833333333333333,102.85714285714288,60.0,0.3958333333333333,0.5833333333333333,102.85714285714288,0.3958333333333333,2
Personal | r17_c12 | Thursday,Personal,r17_c12,Thursday,780.0,13:00-13:30,1,1,12,6,True,0.08333333333333333,0.08333333333333333,900.0,15:00-15:30,0.4166666666666667,-120.0,120.0,False,True,120.0,10.0,0.08333333333333333,True,True,0.5833333333333333,102.85714285714288,60.0,0.3958333333333333,0.5833333333333333,102.85714285714288,0.3958333333333333,3
Personal | r17_c12 | Thursday,Personal,r17_c12,Thursday,810.0,13:30-14:00,1,1,12,6,True,0.08333333333333333,0.08333333333333333,900.0,15:00-15:30,0.4166666666666667,-90.0,90.0,False,True,90.0,7.5,0.0625,True,True,0.5833333333333333,102.85714285714288,60.0,0.3958333333333333,0.5833333333333333,102.85714285714288,0.3958333333333333,4
Personal | r17_c12 | Thursday,Personal,r17_c12,Thursday,840.0,14:00-14:30,1,1,12,6,True,0.08333333333333333,0.08333333333333333,900.0,15:00-15:30,0.4166666666666667,-60.0,60.0,False,True,60.0,5.0,0.041666666666666664,True,True,0.5833333333333333,102.85714285714288,60.0,0.3958333333333333,0.5833333333333333,102.85714285714288,0.3958333333333333,5
Personal | r17_c12 | Thursday,Personal,r17_c12,Thursday,870.0,14:30-15:00,1,1,12,6,True,0.08333333333333333,0.08333333333333333,900.0,15:00-15:30,0.4166666666666667,-30.0,30.0,False,True,30.0,2.5,0.020833333333333332,True,True,0.5833333333333333,102.85714285714288,60.0,0.3958333333333333,0.5833333333333333,102.85714285714288,0.3958333333333333,6
Personal | r17_c12 | Thursday,Personal,r17_c12,Thursday,930.0,15:30-16:00,1,1,12,6,True,0.08333333333333333,0.08333333333333333,900.0,15:00-15:30,0.4166666666666667,30.0,30.0,False,True,30.0,2.5,0.020833333333333332,True,True,0.5833333333333333,102.85714285714288,60.0,0.3958333333333333,0.5833333333333333,102.85714285714288,0.3958333333333333,7
Personal | r17_c12 | Tuesday,Personal,r17_c12,Tuesday,870.0,14:30-15:00,4,2,30,6,True,0.13333333333333333,0.13333333333333333,840.0,14:00-14:30,0.13333333333333333,30.0,30.0,False,True,30.0,4.0,0.03333333333333333,True,True,0.8666666666666667,99.23076923076923,86.0,0.5916666666666667,0.8666666666666667,99.23076923076923,0.5916666666666667,1
Personal | r17_c12 | Tuesday,Personal,r17_c12,Tuesday,900.0,15:00-15:30,4,2,30,6,True,0.13333333333333333,0.13333333333333333,840.0,14:00-14:30,0.13333333333333333,60.0,60.0,False,True,60.0,8.0,0.06666666666666667,True,True,0.8666666666666667,99.23076923076923,86.0,0.5916666666666667,0.8666666666666667,99.23076923076923,0.5916666666666667,2
Personal | r17_c12 | Tuesday,Personal,r17_c12,Tuesday,600.0,10:00-10:30,3,1,30,6,True,0.1,0.1,840.0,14:00-14:30,0.13333333333333333,-240.0,240.0,False,True,120.0,24.0,0.1,True,True,0.8666666666666667,99.23076923076923,86.0,0.5916666666666667,0.8666666666666667,99.23076923076923,0.5916666666666667,3
Personal | r17_c12 | Tuesday,Personal,r17_c12,Tuesday,690.0,11:30-12:00,3,2,30,6,True,0.1,0.1,840.0,14:00-14:30,0.13333333333333333,-150.0,150.0,False,True,120.0,15.0,0.1,True,True,0.8666666666666667,99.23076923076923,86.0,0.5916666666666667,0.8666666666666667,99.23076923076923,0.5916666666666667,4
Personal | r17_c12 | Tuesday,Personal,r17_c12,Tuesday,780.0,13:00-13:30,3,2,30,6,True,0.1,0.1,840.0,14:00-14:30,0.13333333333333333,-60.0,60.0,False,True,60.0,6.0,0.05,True,True,0.8666666666666667,99.23076923076923,86.0,0.5916666666666667,0.8666666666666667,99.23076923076923,0.5916666666666667,5
Personal | r17_c12 | Tuesday,Personal,r17_c12,Tuesday,720.0,12:00-12:30,2,2,30,6,True,0.06666666666666667,0.06666666666666667,840.0,14:00-14:30,0.13333333333333333,-120.0,120.0,False,True,120.0,8.0,0.06666666666666667,True,True,0.8666666666666667,99.23076923076923,86.0,0.5916666666666667,0.8666666666666667,99.23076923076923,0.5916666666666667,6
Personal | r17_c12 | Tuesday,Personal,r17_c12,Tuesday,750.0,12:30-13:00,2,1,30,6,True,0.06666666666666667,0.06666666666666667,840.0,14:00-14:30,0.13333333333333333,-90.0,90.0,False,True,90.0,6.0,0.05,True,True,0.8666666666666667,99.23076923076923,86.0,0.5916666666666667,0.8666666666666667,99.23076923076923,0.5916666666666667,7
Personal | r17_c12 | Tuesday,Personal,r17_c12,Tuesday,930.0,15:30-16:00,2,2,30,6,True,0.06666666666666667,0.06666666666666667,840.0,14:00-14:30,0.13333333333333333,90.0,90.0,False,True,90.0,6.0,0.05,True,True,0.8666666666666667,99.23076923076923,86.0,0.5916666666666667,0.8666666666666667,99.23076923076923,0.5916666666666667,8
Personal | r17_c12 | Tuesday,Personal,r17_c12,Tuesday,960.0,16:00-16:30,2,1,30,6,True,0.06666666666666667,0.06666666666666667,840.0,14:00-14:30,0.13333333333333333,120.0,120.0,False,True,120.0,8.0,0.06666666666666667,True,True,0.8666666666666667,99.23076923076923,86.0,0.5916666666666667,0.8666666666666667,99.23076923076923,0.5916666666666667,9
Personal | r17_c12 | Tuesday,Personal,r17_c12,Tuesday,810.0,13:30-14:00,1,1,30,6,True,0.03333333333333333,0.03333333333333333,840.0,14:00-14:30,0.13333333333333333,-30.0,30.0,False,True,30.0,1.0,0.008333333333333333,True,True,0.8666666666666667,99.23076923076923,86.0,0.5916666666666667,0.8666666666666667,99.23076923076923,0.5916666666666667,10
Personal | r17_c12 | Wednesday,Personal,r17_c12,Wednesday,870.0,14:30-15:00,2,2,10,4,True,0.2,0.2,810.0,13:30-14:00,0.5,60.0,60.0,False,True,60.0,12.0,0.1,True,True,0.5,72.0,36.0,0.30000000000000004,0.5,72.0,0.30000000000000004,1
Personal | r17_c12 | Wednesday,Personal,r17_c12,Wednesday,840.0,14:00-14:30,1,1,10,4,True,0.1,0.1,810.0,13:30-14:00,0.5,30.0,30.0,False,True,30.0,3.0,0.025,True,True,0.5,72.0,36.0,0.30000000000000004,0.5,72.0,0.30000000000000004,2
Personal | r17_c12 | Wednesday,Personal,r17_c12,Wednesday,900.0,15:00-15:30,1,1,10,4,True,0.1,0.1,810.0,13:30-14:00,0.5,90.0,90.0,False,True,90.0,9.0,0.075,True,True,0.5,72.0,36.0,0.30000000000000004,0.5,72.0,0.30000000000000004,3
Personal | r17_c12 | Wednesday,Personal,r17_c12,Wednesday,930.0,15:30-16:00,1,1,10,4,True,0.1,0.1,810.0,13:30-14:00,0.5,120.0,120.0,False,True,120.0,12.0,0.1,True,True,0.5,72.0,36.0,0.30000000000000004,0.5,72.0,0.30000000000000004,4
Personal | r18_c16 | Wednesday,Personal,r18_c16,Wednesday,750.0,12:30-13:00,3,2,13,3,True,0.23076923076923078,0.23076923076923078,780.0,13:00-13:30,0.46153846153846156,-30.0,30.0,False,True,30.0,6.923076923076923,0.057692307692307696,True,True,0.5384615384615384,51.42857142857143,27.692307692307693,0.2307692307692308,0.5384615384615384,51.42857142857143,0.2307692307692308,1
Personal | r18_c16 | Wednesday,Personal,r18_c16,Wednesday,720.0,12:00-12:30,2,1,13,3,True,0.15384615384615385,0.15384615384615385,780.0,13:00-13:30,0.46153846153846156,-60.0,60.0,False,True,60.0,9.230769230769232,0.07692307692307693,True,True,0.5384615384615384,51.42857142857143,27.692307692307693,0.2307692307692308,0.5384615384615384,51.42857142857143,0.2307692307692308,2
Personal | r18_c16 | Wednesday,Personal,r18_c16,Wednesday,690.0,11:30-12:00,1,1,13,3,True,0.07692307692307693,0.07692307692307693,780.0,13:00-13:30,0.46153846153846156,-90.0,90.0,False,True,90.0,6.923076923076923,0.057692307692307696,True,True,0.5384615384615384,51.42857142857143,27.692307692307693,0.2307692307692308,0.5384615384615384,51.42857142857143,0.2307692307692308,3
Personal | r18_c16 | Wednesday,Personal,r18_c16,Wednesday,840.0,14:00-14:30,1,1,13,3,True,0.07692307692307693,0.07692307692307693,780.0,13:00-13:30,0.46153846153846156,60.0,60.0,False,True,60.0,4.615384615384616,0.038461538461538464,True,True,0.5384615384615384,51.42857142857143,27.692307692307693,0.2307692307692308,0.5384615384615384,51.42857142857143,0.2307692307692308,4
Personal | r18_c17 | Thursday,Personal,r18_c17,Thursday,810.0,13:30-14:00,2,2,11,3,True,0.18181818181818182,0.18181818181818182,690.0,11:30-12:00,0.18181818181818182,120.0,120.0,False,True,120.0,21.81818181818182,0.18181818181818182,True,True,0.8181818181818181,90.00000000000001,73.63636363636364,0.5681818181818181,0.8181818181818181,90.00000000000001,0.5681818181818181,1
Personal | r18_c17 | Thursday,Personal,r18_c17,Thursday,840.0,14:00-14:30,2,1,11,3,True,0.18181818181818182,0.18181818181818182,690.0,11:30-12:00,0.18181818181818182,150.0,150.0,False,True,120.0,27.272727272727273,0.18181818181818182,True,True,0.8181818181818181,90.00000000000001,73.63636363636364,0.5681818181818181,0.8181818181818181,90.00000000000001,0.5681818181818181,2
Personal | r18_c17 | Thursday,Personal,r18_c17,Thursday,630.0,10:30-11:00,1,1,11,3,True,0.09090909090909091,0.09090909090909091,690.0,11:30-12:00,0.18181818181818182,-60.0,60.0,False,True,60.0,5.454545454545455,0.045454545454545456,True,True,0.8181818181818181,90.00000000000001,73.63636363636364,0.5681818181818181,0.8181818181818181,90.00000000000001,0.5681818181818181,3
Personal | r18_c17 | Thursday,Personal,r18_c17,Thursday,660.0,11:00-11:30,1,1,11,3,True,0.09090909090909091,0.09090909090909091,690.0,11:30-12:00,0.18181818181818182,-30.0,30.0,False,True,30.0,2.7272727272727275,0.022727272727272728,True,True,0.8181818181818181,90.00000000000001,73.63636363636364,0.5681818181818181,0.8181818181818181,90.00000000000001,0.5681818181818181,4
Personal | r18_c17 | Thursday,Personal,r18_c17,Thursday,720.0,12:00-12:30,1,1,11,3,True,0.09090909090909091,0.09090909090909091,690.0,11:30-12:00,0.18181818181818182,30.0,30.0,False,True,30.0,2.7272727272727275,0.022727272727272728,True,True,0.8181818181818181,90.00000000000001,73.63636363636364,0.5681818181818181,0.8181818181818181,90.00000000000001,0.5681818181818181,5
Personal | r18_c17 | Thursday,Personal,r18_c17,Thursday,750.0,12:30-13:00,1,1,11,3,True,0.09090909090909091,0.09090909090909091,690.0,11:30-12:00,0.18181818181818182,60.0,60.0,False,True,60.0,5.454545454545455,0.045454545454545456,True,True,0.8181818181818181,90.00000000000001,73.63636363636364,0.5681818181818181,0.8181818181818181,90.00000000000001,0.5681818181818181,6
Personal | r18_c17 | Thursday,Personal,r18_c17,Thursday,780.0,13:00-13:30,1,1,11,3,True,0.09090909090909091,0.09090909090909091,690.0,11:30-12:00,0.18181818181818182,90.0,90.0,False,True,90.0,8.181818181818182,0.06818181818181818,True,True,0.8181818181818181,90.00000000000001,73.63636363636364,0.5681818181818181,0.8181818181818181,90.00000000000001,0.5681818181818181,7
Personal | r18_c8 | Friday,Personal,r18_c8,Friday,900.0,15:00-15:30,2,1,10,4,True,0.2,0.2,810.0,13:30-14:00,0.2,90.0,90.0,False,True,90.0,18.0,0.15,True,True,0.8,105.0,84.0,0.65,0.8,105.0,0.65,1
Personal | r18_c8 | Friday,Personal,r18_c8,Friday,930.0,15:30-16:00,2,1,10,4,True,0.2,0.2,810.0,13:30-14:00,0.2,120.0,120.0,False,True,120.0,24.0,0.2,True,True,0.8,105.0,84.0,0.65,0.8,105.0,0.65,2
Personal | r18_c8 | Friday,Personal,r18_c8,Friday,960.0,16:00-16:30,2,1,10,4,True,0.2,0.2,810.0,13:30-14:00,0.2,150.0,150.0,False,True,120.0,30.0,0.2,True,True,0.8,105.0,84.0,0.65,0.8,105.0,0.65,3
Personal | r18_c8 | Friday,Personal,r18_c8,Friday,720.0,12:00-12:30,1,1,10,4,True,0.1,0.1,810.0,13:30-14:00,0.2,-90.0,90.0,False,True,90.0,9.0,0.075,True,True,0.8,105.0,84.0,0.65,0.8,105.0,0.65,4
Personal | r18_c8 | Friday,Personal,r18_c8,Friday,840.0,14:00-14:30,1,1,10,4,True,0.1,0.1,810.0,13:30-14:00,0.2,30.0,30.0,False,True,30.0,3.0,0.025,True,True,0.8,105.0,84.0,0.65,0.8,105.0,0.65,5
Personal | r18_c8 | Thursday,Personal,r18_c8,Thursday,810.0,13:30-14:00,9,5,42,11,True,0.21428571428571427,0.21428571428571427,780.0,13:00-13:30,0.23809523809523808,30.0,30.0,False,True,30.0,6.428571428571428,0.05357142857142857,True,True,0.7619047619047619,69.37499999999999,52.85714285714285,0.3988095238095237,0.7619047619047619,69.37499999999999,0.3988095238095237,1
Personal | r18_c8 | Thursday,Personal,r18_c8,Thursday,750.0,12:30-13:00,5,4,42,11,True,0.11904761904761904,0.11904761904761904,780.0,13:00-13:30,0.23809523809523808,-30.0,30.0,False,True,30.0,3.571428571428571,0.02976190476190476,True,True,0.7619047619047619,69.37499999999999,52.85714285714285,0.3988095238095237,0.7619047619047619,69.37499999999999,0.3988095238095237,2
Personal | r18_c8 | Thursday,Personal,r18_c8,Thursday,840.0,14:00-14:30,5,3,42,11,True,0.11904761904761904,0.11904761904761904,780.0,13:00-13:30,0.23809523809523808,60.0,60.0,False,True,60.0,7.142857142857142,0.05952380952380952,True,True,0.7619047619047619,69.37499999999999,52.85714285714285,0.3988095238095237,0.7619047619047619,69.37499999999999,0.3988095238095237,3
Personal | r18_c8 | Thursday,Personal,r18_c8,Thursday,870.0,14:30-15:00,5,2,42,11,True,0.11904761904761904,0.11904761904761904,780.0,13:00-13:30,0.23809523809523808,90.0,90.0,False,True,90.0,10.714285714285714,0.08928571428571427,True,True,0.7619047619047619,69.37499999999999,52.85714285714285,0.3988095238095237,0.7619047619047619,69.37499999999999,0.3988095238095237,4
Personal | r18_c8 | Thursday,Personal,r18_c8,Thursday,720.0,12:00-12:30,2,2,42,11,True,0.047619047619047616,0.047619047619047616,780.0,13:00-13:30,0.23809523809523808,-60.0,60.0,False,True,60.0,2.8571428571428568,0.023809523809523805,True,True,0.7619047619047619,69.37499999999999,52.85714285714285,0.3988095238095237,0.7619047619047619,69.37499999999999,0.3988095238095237,5
Personal | r18_c8 | Thursday,Personal,r18_c8,Thursday,960.0,16:00-16:30,2,1,42,11,True,0.047619047619047616,0.047619047619047616,780.0,13:00-13:30,0.23809523809523808,180.0,180.0,False,True,120.0,8.571428571428571,0.04761904761904761,True,True,0.7619047619047619,69.37499999999999,52.85714285714285,0.3988095238095237,0.7619047619047619,69.37499999999999,0.3988095238095237,6
Personal | r18_c8 | Thursday,Personal,r18_c8,Thursday,600.0,10:00-10:30,1,1,42,11,True,0.023809523809523808,0.023809523809523808,780.0,13:00-13:30,0.23809523809523808,-180.0,180.0,False,True,120.0,4.285714285714286,0.023809523809523805,True,True,0.7619047619047619,69.37499999999999,52.85714285714285,0.3988095238095237,0.7619047619047619,69.37499999999999,0.3988095238095237,7
Personal | r18_c8 | Thursday,Personal,r18_c8,Thursday,660.0,11:00-11:30,1,1,42,11,True,0.023809523809523808,0.023809523809523808,780.0,13:00-13:30,0.23809523809523808,-120.0,120.0,False,True,120.0,2.8571428571428568,0.023809523809523805,True,True,0.7619047619047619,69.37499999999999,52.85714285714285,0.3988095238095237,0.7619047619047619,69.37499999999999,0.3988095238095237,8
Personal | r18_c8 | Thursday,Personal,r18_c8,Thursday,900.0,15:00-15:30,1,1,42,11,True,0.023809523809523808,0.023809523809523808,780.0,13:00-13:30,0.23809523809523808,120.0,120.0,False,True,120.0,2.8571428571428568,0.023809523809523805,True,True,0.7619047619047619,69.37499999999999,52.85714285714285,0.3988095238095237,0.7619047619047619,69.37499999999999,0.3988095238095237,9
Personal | r18_c8 | Thursday,Personal,r18_c8,Thursday,930.0,15:30-16:00,1,1,42,11,True,0.023809523809523808,0.023809523809523808,780.0,13:00-13:30,0.23809523809523808,150.0,150.0,False,True,120.0,3.571428571428571,0.023809523809523805,True,True,0.7619047619047619,69.37499999999999,52.85714285714285,0.3988095238095237,0.7619047619047619,69.37499999999999,0.3988095238095237,10
Personal | r19_c14 | Tuesday,Personal,r19_c14,Tuesday,870.0,14:30-15:00,3,2,10,5,True,0.3,0.3,840.0,14:00-14:30,0.5,30.0,30.0,False,True,30.0,9.0,0.075,True,True,0.5,54.0,27.0,0.225,0.5,54.0,0.225,1
Personal | r19_c14 | Tuesday,Personal,r19_c14,Tuesday,780.0,13:00-13:30,1,1,10,5,True,0.1,0.1,840.0,14:00-14:30,0.5,-60.0,60.0,False,True,60.0,6.0,0.05,True,True,0.5,54.0,27.0,0.225,0.5,54.0,0.225,2
Personal | r19_c14 | Tuesday,Personal,r19_c14,Tuesday,960.0,16:00-16:30,1,1,10,5,True,0.1,0.1,840.0,14:00-14:30,0.5,120.0,120.0,False,True,120.0,12.0,0.1,True,True,0.5,54.0,27.0,0.225,0.5,54.0,0.225,3
Personal | r19_c17 | Wednesday,Personal,r19_c17,Wednesday,600.0,10:00-10:30,4,2,11,4,True,0.36363636363636365,0.36363636363636365,570.0,09:30-10:00,0.36363636363636365,30.0,30.0,False,True,30.0,10.90909090909091,0.09090909090909091,True,True,0.6363636363636364,60.00000000000001,38.18181818181819,0.25,0.6363636363636364,60.00000000000001,0.25,1
Personal | r19_c17 | Wednesday,Personal,r19_c17,Wednesday,540.0,09:00-09:30,1,1,11,4,True,0.09090909090909091,0.09090909090909091,570.0,09:30-10:00,0.36363636363636365,-30.0,30.0,False,True,30.0,2.7272727272727275,0.022727272727272728,True,True,0.6363636363636364,60.00000000000001,38.18181818181819,0.25,0.6363636363636364,60.00000000000001,0.25,2
Personal | r19_c17 | Wednesday,Personal,r19_c17,Wednesday,630.0,10:30-11:00,1,1,11,4,True,0.09090909090909091,0.09090909090909091,570.0,09:30-10:00,0.36363636363636365,60.0,60.0,False,True,60.0,5.454545454545455,0.045454545454545456,True,True,0.6363636363636364,60.00000000000001,38.18181818181819,0.25,0.6363636363636364,60.00000000000001,0.25,3
Personal | r19_c17 | Wednesday,Personal,r19_c17,Wednesday,780.0,13:00-13:30,1,1,11,4,True,0.09090909090909091,0.09090909090909091,570.0,09:30-10:00,0.36363636363636365,210.0,210.0,False,True,120.0,19.09090909090909,0.09090909090909091,True,True,0.6363636363636364,60.00000000000001,38.18181818181819,0.25,0.6363636363636364,60.00000000000001,0.25,4
Personal | r20_c13 | Tuesday,Personal,r20_c13,Tuesday,630.0,10:30-11:00,5,1,17,7,True,0.29411764705882354,0.29411764705882354,660.0,11:00-11:30,0.35294117647058826,-30.0,30.0,False,True,30.0,8.823529411764707,0.07352941176470588,True,True,0.6470588235294117,43.63636363636365,28.23529411764706,0.23529411764705882,0.6470588235294117,43.63636363636365,0.23529411764705882,1
Personal | r20_c13 | Tuesday,Personal,r20_c13,Tuesday,600.0,10:00-10:30,3,1,17,7,True,0.17647058823529413,0.17647058823529413,660.0,11:00-11:30,0.35294117647058826,-60.0,60.0,False,True,60.0,10.588235294117649,0.08823529411764706,True,True,0.6470588235294117,43.63636363636365,28.23529411764706,0.23529411764705882,0.6470588235294117,43.63636363636365,0.23529411764705882,2
Personal | r20_c13 | Tuesday,Personal,r20_c13,Tuesday,720.0,12:00-12:30,2,1,17,7,True,0.11764705882352941,0.11764705882352941,660.0,11:00-11:30,0.35294117647058826,60.0,60.0,False,True,60.0,7.0588235294117645,0.058823529411764705,True,True,0.6470588235294117,43.63636363636365,28.23529411764706,0.23529411764705882,0.6470588235294117,43.63636363636365,0.23529411764705882,3
Personal | r20_c13 | Tuesday,Personal,r20_c13,Tuesday,690.0,11:30-12:00,1,1,17,7,True,0.058823529411764705,0.058823529411764705,660.0,11:00-11:30,0.35294117647058826,30.0,30.0,False,True,30.0,1.7647058823529411,0.014705882352941176,True,True,0.6470588235294117,43.63636363636365,28.23529411764706,0.23529411764705882,0.6470588235294117,43.63636363636365,0.23529411764705882,4
Personal | r20_c7 | Friday,Personal,r20_c7,Friday,660.0,11:00-11:30,3,2,66,39,True,0.045454545454545456,0.045454545454545456,720.0,12:00-12:30,0.803030303030303,-60.0,60.0,False,True,60.0,2.7272727272727275,0.022727272727272728,True,True,0.19696969696969702,129.2307692307692,25.454545454545453,0.15151515151515155,0.19696969696969702,129.2307692307692,0.15151515151515155,1
Personal | r20_c7 | Friday,Personal,r20_c7,Friday,900.0,15:00-15:30,2,2,66,39,True,0.030303030303030304,0.030303030303030304,720.0,12:00-12:30,0.803030303030303,180.0,180.0,False,True,120.0,5.454545454545455,0.030303030303030307,True,True,0.19696969696969702,129.2307692307692,25.454545454545453,0.15151515151515155,0.19696969696969702,129.2307692307692,0.15151515151515155,2
Personal | r20_c7 | Friday,Personal,r20_c7,Friday,540.0,09:00-09:30,1,1,66,39,True,0.015151515151515152,0.015151515151515152,720.0,12:00-12:30,0.803030303030303,-180.0,180.0,False,True,120.0,2.7272727272727275,0.015151515151515154,True,True,0.19696969696969702,129.2307692307692,25.454545454545453,0.15151515151515155,0.19696969696969702,129.2307692307692,0.15151515151515155,3
Personal | r20_c7 | Friday,Personal,r20_c7,Friday,570.0,09:30-10:00,1,1,66,39,True,0.015151515151515152,0.015151515151515152,720.0,12:00-12:30,0.803030303030303,-150.0,150.0,False,True,120.0,2.272727272727273,0.015151515151515154,True,True,0.19696969696969702,129.2307692307692,25.454545454545453,0.15151515151515155,0.19696969696969702,129.2307692307692,0.15151515151515155,4
Personal | r20_c7 | Friday,Personal,r20_c7,Friday,600.0,10:00-10:30,1,1,66,39,True,0.015151515151515152,0.015151515151515152,720.0,12:00-12:30,0.803030303030303,-120.0,120.0,False,True,120.0,1.8181818181818183,0.015151515151515154,True,True,0.19696969696969702,129.2307692307692,25.454545454545453,0.15151515151515155,0.19696969696969702,129.2307692307692,0.15151515151515155,5
Personal | r20_c7 | Friday,Personal,r20_c7,Friday,630.0,10:30-11:00,1,1,66,39,True,0.015151515151515152,0.015151515151515152,720.0,12:00-12:30,0.803030303030303,-90.0,90.0,False,True,90.0,1.3636363636363638,0.011363636363636364,True,True,0.19696969696969702,129.2307692307692,25.454545454545453,0.15151515151515155,0.19696969696969702,129.2307692307692,0.15151515151515155,6
Personal | r20_c7 | Friday,Personal,r20_c7,Friday,750.0,12:30-13:00,1,1,66,39,True,0.015151515151515152,0.015151515151515152,720.0,12:00-12:30,0.803030303030303,30.0,30.0,False,True,30.0,0.4545454545454546,0.0037878787878787884,True,True,0.19696969696969702,129.2307692307692,25.454545454545453,0.15151515151515155,0.19696969696969702,129.2307692307692,0.15151515151515155,7
Personal | r20_c7 | Friday,Personal,r20_c7,Friday,780.0,13:00-13:30,1,1,66,39,True,0.015151515151515152,0.015151515151515152,720.0,12:00-12:30,0.803030303030303,60.0,60.0,False,True,60.0,0.9090909090909092,0.007575757575757577,True,True,0.19696969696969702,129.2307692307692,25.454545454545453,0.15151515151515155,0.19696969696969702,129.2307692307692,0.15151515151515155,8
Personal | r20_c7 | Friday,Personal,r20_c7,Friday,960.0,16:00-16:30,1,1,66,39,True,0.015151515151515152,0.015151515151515152,720.0,12:00-12:30,0.803030303030303,240.0,240.0,False,True,120.0,3.6363636363636367,0.015151515151515154,True,True,0.19696969696969702,129.2307692307692,25.454545454545453,0.15151515151515155,0.19696969696969702,129.2307692307692,0.15151515151515155,9
Personal | r20_c7 | Friday,Personal,r20_c7,Friday,990.0,16:30-17:00,1,1,66,39,True,0.015151515151515152,0.015151515151515152,720.0,12:00-12:30,0.803030303030303,270.0,270.0,False,True,120.0,4.090909090909091,0.015151515151515154,True,True,0.19696969696969702,129.2307692307692,25.454545454545453,0.15151515151515155,0.19696969696969702,129.2307692307692,0.15151515151515155,10
Personal | r20_c7 | Thursday,Personal,r20_c7,Thursday,600.0,10:00-10:30,5,5,48,30,True,0.10416666666666667,0.10416666666666667,540.0,09:00-09:30,0.75,60.0,60.0,False,True,60.0,6.25,0.052083333333333336,True,True,0.25,82.5,20.625,0.15104166666666669,0.25,82.5,0.15104166666666669,1
Personal | r20_c7 | Thursday,Personal,r20_c7,Thursday,570.0,09:30-10:00,2,2,48,30,True,0.041666666666666664,0.041666666666666664,540.0,09:00-09:30,0.75,30.0,30.0,False,True,30.0,1.25,0.010416666666666666,True,True,0.25,82.5,20.625,0.15104166666666669,0.25,82.5,0.15104166666666669,2
Personal | r20_c7 | Thursday,Personal,r20_c7,Thursday,690.0,11:30-12:00,2,1,48,30,True,0.041666666666666664,0.041666666666666664,540.0,09:00-09:30,0.75,150.0,150.0,False,True,120.0,6.25,0.041666666666666664,True,True,0.25,82.5,20.625,0.15104166666666669,0.25,82.5,0.15104166666666669,3
Personal | r20_c7 | Thursday,Personal,r20_c7,Thursday,510.0,08:30-09:00,1,1,48,30,True,0.020833333333333332,0.020833333333333332,540.0,09:00-09:30,0.75,-30.0,30.0,False,True,30.0,0.625,0.005208333333333333,True,True,0.25,82.5,20.625,0.15104166666666669,0.25,82.5,0.15104166666666669,4
Personal | r20_c7 | Thursday,Personal,r20_c7,Thursday,660.0,11:00-11:30,1,1,48,30,True,0.020833333333333332,0.020833333333333332,540.0,09:00-09:30,0.75,120.0,120.0,False,True,120.0,2.5,0.020833333333333332,True,True,0.25,82.5,20.625,0.15104166666666669,0.25,82.5,0.15104166666666669,5
Personal | r20_c7 | Thursday,Personal,r20_c7,Thursday,720.0,12:00-12:30,1,1,48,30,True,0.020833333333333332,0.020833333333333332,540.0,09:00-09:30,0.75,180.0,180.0,False,True,120.0,3.75,0.020833333333333332,True,True,0.25,82.5,20.625,0.15104166666666669,0.25,82.5,0.15104166666666669,6
Personal | r20_c7 | Tuesday,Personal,r20_c7,Tuesday,570.0,09:30-10:00,5,5,21,14,True,0.23809523809523808,0.23809523809523808,600.0,10:00-10:30,0.2857142857142857,-30.0,30.0,False,True,30.0,7.142857142857142,0.05952380952380952,True,True,0.7142857142857143,82.0,58.57142857142857,0.3452380952380952,0.7142857142857143,82.0,0.3452380952380952,1
Personal | r20_c7 | Tuesday,Personal,r20_c7,Tuesday,540.0,09:00-09:30,3,3,21,14,True,0.14285714285714285,0.14285714285714285,600.0,10:00-10:30,0.2857142857142857,-60.0,60.0,False,True,60.0,8.571428571428571,0.07142857142857142,True,True,0.7142857142857143,82.0,58.57142857142857,0.3452380952380952,0.7142857142857143,82.0,0.3452380952380952,2
Personal | r20_c7 | Tuesday,Personal,r20_c7,Tuesday,630.0,10:30-11:00,2,1,21,14,True,0.09523809523809523,0.09523809523809523,600.0,10:00-10:30,0.2857142857142857,30.0,30.0,False,True,30.0,2.8571428571428568,0.023809523809523805,True,True,0.7142857142857143,82.0,58.57142857142857,0.3452380952380952,0.7142857142857143,82.0,0.3452380952380952,3
Personal | r20_c7 | Tuesday,Personal,r20_c7,Tuesday,690.0,11:30-12:00,2,2,21,14,True,0.09523809523809523,0.09523809523809523,600.0,10:00-10:30,0.2857142857142857,90.0,90.0,False,True,90.0,8.571428571428571,0.07142857142857142,True,True,0.7142857142857143,82.0,58.57142857142857,0.3452380952380952,0.7142857142857143,82.0,0.3452380952380952,4
Personal | r20_c7 | Tuesday,Personal,r20_c7,Tuesday,900.0,15:00-15:30,2,1,21,14,True,0.09523809523809523,0.09523809523809523,600.0,10:00-10:30,0.2857142857142857,300.0,300.0,False,True,120.0,28.57142857142857,0.09523809523809522,True,True,0.7142857142857143,82.0,58.57142857142857,0.3452380952380952,0.7142857142857143,82.0,0.3452380952380952,5
Personal | r20_c7 | Tuesday,Personal,r20_c7,Tuesday,660.0,11:00-11:30,1,1,21,14,True,0.047619047619047616,0.047619047619047616,600.0,10:00-10:30,0.2857142857142857,60.0,60.0,False,True,60.0,2.8571428571428568,0.023809523809523805,True,True,0.7142857142857143,82.0,58.57142857142857,0.3452380952380952,0.7142857142857143,82.0,0.3452380952380952,6
Personal | r20_c9 | Tuesday,Personal,r20_c9,Tuesday,780.0,13:00-13:30,3,3,16,5,True,0.1875,0.1875,750.0,12:30-13:00,0.4375,30.0,30.0,False,True,30.0,5.625,0.046875,True,True,0.5625,53.333333333333336,30.0,0.25,0.5625,53.333333333333336,0.25,1
Personal | r20_c9 | Tuesday,Personal,r20_c9,Tuesday,720.0,12:00-12:30,2,2,16,5,True,0.125,0.125,750.0,12:30-13:00,0.4375,-30.0,30.0,False,True,30.0,3.75,0.03125,True,True,0.5625,53.333333333333336,30.0,0.25,0.5625,53.333333333333336,0.25,2
Personal | r20_c9 | Tuesday,Personal,r20_c9,Tuesday,810.0,13:30-14:00,2,2,16,5,True,0.125,0.125,750.0,12:30-13:00,0.4375,60.0,60.0,False,True,60.0,7.5,0.0625,True,True,0.5625,53.333333333333336,30.0,0.25,0.5625,53.333333333333336,0.25,3
Personal | r20_c9 | Tuesday,Personal,r20_c9,Tuesday,840.0,14:00-14:30,1,1,16,5,True,0.0625,0.0625,750.0,12:30-13:00,0.4375,90.0,90.0,False,True,90.0,5.625,0.046875,True,True,0.5625,53.333333333333336,30.0,0.25,0.5625,53.333333333333336,0.25,4
Personal | r20_c9 | Tuesday,Personal,r20_c9,Tuesday,870.0,14:30-15:00,1,1,16,5,True,0.0625,0.0625,750.0,12:30-13:00,0.4375,120.0,120.0,False,True,120.0,7.5,0.0625,True,True,0.5625,53.333333333333336,30.0,0.25,0.5625,53.333333333333336,0.25,5
Personal | r21_c13 | Friday,Personal,r21_c13,Friday,780.0,13:00-13:30,4,2,21,5,True,0.19047619047619047,0.19047619047619047,600.0,10:00-10:30,0.23809523809523808,180.0,180.0,False,True,120.0,34.285714285714285,0.19047619047619044,True,True,0.7619047619047619,172.5,131.42857142857142,0.6428571428571428,0.7619047619047619,172.5,0.6428571428571428,1
Personal | r21_c13 | Friday,Personal,r21_c13,Friday,570.0,09:30-10:00,3,2,21,5,True,0.14285714285714285,0.14285714285714285,600.0,10:00-10:30,0.23809523809523808,-30.0,30.0,False,True,30.0,4.285714285714286,0.03571428571428571,True,True,0.7619047619047619,172.5,131.42857142857142,0.6428571428571428,0.7619047619047619,172.5,0.6428571428571428,2
Personal | r21_c13 | Friday,Personal,r21_c13,Friday,840.0,14:00-14:30,3,1,21,5,True,0.14285714285714285,0.14285714285714285,600.0,10:00-10:30,0.23809523809523808,240.0,240.0,False,True,120.0,34.285714285714285,0.14285714285714285,True,True,0.7619047619047619,172.5,131.42857142857142,0.6428571428571428,0.7619047619047619,172.5,0.6428571428571428,3
Personal | r21_c13 | Friday,Personal,r21_c13,Friday,930.0,15:30-16:00,2,1,21,5,True,0.09523809523809523,0.09523809523809523,600.0,10:00-10:30,0.23809523809523808,330.0,330.0,False,True,120.0,31.428571428571427,0.09523809523809522,True,True,0.7619047619047619,172.5,131.42857142857142,0.6428571428571428,0.7619047619047619,172.5,0.6428571428571428,4
Personal | r21_c13 | Friday,Personal,r21_c13,Friday,510.0,08:30-09:00,1,1,21,5,True,0.047619047619047616,0.047619047619047616,600.0,10:00-10:30,0.23809523809523808,-90.0,90.0,False,True,90.0,4.285714285714286,0.03571428571428571,True,True,0.7619047619047619,172.5,131.42857142857142,0.6428571428571428,0.7619047619047619,172.5,0.6428571428571428,5
Personal | r21_c13 | Friday,Personal,r21_c13,Friday,720.0,12:00-12:30,1,1,21,5,True,0.047619047619047616,0.047619047619047616,600.0,10:00-10:30,0.23809523809523808,120.0,120.0,False,True,120.0,5.7142857142857135,0.04761904761904761,True,True,0.7619047619047619,172.5,131.42857142857142,0.6428571428571428,0.7619047619047619,172.5,0.6428571428571428,6
Personal | r21_c13 | Friday,Personal,r21_c13,Friday,750.0,12:30-13:00,1,1,21,5,True,0.047619047619047616,0.047619047619047616,600.0,10:00-10:30,0.23809523809523808,150.0,150.0,False,True,120.0,7.142857142857142,0.04761904761904761,True,True,0.7619047619047619,172.5,131.42857142857142,0.6428571428571428,0.7619047619047619,172.5,0.6428571428571428,7
Personal | r21_c13 | Friday,Personal,r21_c13,Friday,810.0,13:30-14:00,1,1,21,5,True,0.047619047619047616,0.047619047619047616,600.0,10:00-10:30,0.23809523809523808,210.0,210.0,False,True,120.0,10.0,0.04761904761904761,True,True,0.7619047619047619,172.5,131.42857142857142,0.6428571428571428,0.7619047619047619,172.5,0.6428571428571428,8
Personal | r21_c8 | Thursday,Personal,r21_c8,Thursday,660.0,11:00-11:30,4,4,30,19,True,0.13333333333333333,0.13333333333333333,690.0,11:30-12:00,0.6,-30.0,30.0,False,True,30.0,4.0,0.03333333333333333,True,True,0.4,65.0,26.0,0.19999999999999998,0.4,65.0,0.19999999999999998,1
Personal | r21_c8 | Thursday,Personal,r21_c8,Thursday,600.0,10:00-10:30,3,3,30,19,True,0.1,0.1,690.0,11:30-12:00,0.6,-90.0,90.0,False,True,90.0,9.0,0.075,True,True,0.4,65.0,26.0,0.19999999999999998,0.4,65.0,0.19999999999999998,2
Personal | r21_c8 | Thursday,Personal,r21_c8,Thursday,720.0,12:00-12:30,3,3,30,19,True,0.1,0.1,690.0,11:30-12:00,0.6,30.0,30.0,False,True,30.0,3.0,0.025,True,True,0.4,65.0,26.0,0.19999999999999998,0.4,65.0,0.19999999999999998,3
Personal | r21_c8 | Thursday,Personal,r21_c8,Thursday,510.0,08:30-09:00,1,1,30,19,True,0.03333333333333333,0.03333333333333333,690.0,11:30-12:00,0.6,-180.0,180.0,False,True,120.0,6.0,0.03333333333333333,True,True,0.4,65.0,26.0,0.19999999999999998,0.4,65.0,0.19999999999999998,4
Personal | r21_c8 | Thursday,Personal,r21_c8,Thursday,570.0,09:30-10:00,1,1,30,19,True,0.03333333333333333,0.03333333333333333,690.0,11:30-12:00,0.6,-120.0,120.0,False,True,120.0,4.0,0.03333333333333333,True,True,0.4,65.0,26.0,0.19999999999999998,0.4,65.0,0.19999999999999998,5
Personal | r21_c9 | Friday,Personal,r21_c9,Friday,540.0,09:00-09:30,1,1,47,37,True,0.02127659574468085,0.02127659574468085,810.0,13:30-14:00,0.9361702127659575,-270.0,270.0,False,True,120.0,5.74468085106383,0.02127659574468085,True,True,0.06382978723404253,130.00000000000003,8.297872340425531,0.0425531914893617,0.06382978723404253,130.00000000000003,0.0425531914893617,1
Personal | r21_c9 | Friday,Personal,r21_c9,Friday,720.0,12:00-12:30,1,1,47,37,True,0.02127659574468085,0.02127659574468085,810.0,13:30-14:00,0.9361702127659575,-90.0,90.0,False,True,90.0,1.9148936170212765,0.015957446808510637,True,True,0.06382978723404253,130.00000000000003,8.297872340425531,0.0425531914893617,0.06382978723404253,130.00000000000003,0.0425531914893617,2
Personal | r21_c9 | Friday,Personal,r21_c9,Friday,840.0,14:00-14:30,1,1,47,37,True,0.02127659574468085,0.02127659574468085,810.0,13:30-14:00,0.9361702127659575,30.0,30.0,False,True,30.0,0.6382978723404256,0.005319148936170213,True,True,0.06382978723404253,130.00000000000003,8.297872340425531,0.0425531914893617,0.06382978723404253,130.00000000000003,0.0425531914893617,3
Personal | r22_c12 | Friday,Personal,r22_c12,Friday,720.0,12:00-12:30,8,3,31,11,True,0.25806451612903225,0.25806451612903225,780.0,13:00-13:30,0.3548387096774194,-60.0,60.0,False,True,60.0,15.483870967741936,0.12903225806451613,True,True,0.6451612903225806,49.50000000000001,31.935483870967744,0.2661290322580645,0.6451612903225806,49.50000000000001,0.2661290322580645,1
Personal | r22_c12 | Friday,Personal,r22_c12,Friday,810.0,13:30-14:00,5,4,31,11,True,0.16129032258064516,0.16129032258064516,780.0,13:00-13:30,0.3548387096774194,30.0,30.0,False,True,30.0,4.838709677419355,0.04032258064516129,True,True,0.6451612903225806,49.50000000000001,31.935483870967744,0.2661290322580645,0.6451612903225806,49.50000000000001,0.2661290322580645,2
Personal | r22_c12 | Friday,Personal,r22_c12,Friday,750.0,12:30-13:00,3,2,31,11,True,0.0967741935483871,0.0967741935483871,780.0,13:00-13:30,0.3548387096774194,-30.0,30.0,False,True,30.0,2.903225806451613,0.024193548387096774,True,True,0.6451612903225806,49.50000000000001,31.935483870967744,0.2661290322580645,0.6451612903225806,49.50000000000001,0.2661290322580645,3
Personal | r22_c12 | Friday,Personal,r22_c12,Friday,840.0,14:00-14:30,3,3,31,11,True,0.0967741935483871,0.0967741935483871,780.0,13:00-13:30,0.3548387096774194,60.0,60.0,False,True,60.0,5.806451612903226,0.04838709677419355,True,True,0.6451612903225806,49.50000000000001,31.935483870967744,0.2661290322580645,0.6451612903225806,49.50000000000001,0.2661290322580645,4
Personal | r22_c12 | Friday,Personal,r22_c12,Friday,690.0,11:30-12:00,1,1,31,11,True,0.03225806451612903,0.03225806451612903,780.0,13:00-13:30,0.3548387096774194,-90.0,90.0,False,True,90.0,2.903225806451613,0.024193548387096774,True,True,0.6451612903225806,49.50000000000001,31.935483870967744,0.2661290322580645,0.6451612903225806,49.50000000000001,0.2661290322580645,5
Personal | r22_c12 | Thursday,Personal,r22_c12,Thursday,780.0,13:00-13:30,3,2,16,9,True,0.1875,0.1875,810.0,13:30-14:00,0.4375,-30.0,30.0,False,True,30.0,5.625,0.046875,True,True,0.5625,60.0,33.75,0.28125,0.5625,60.0,0.28125,1
Personal | r22_c12 | Thursday,Personal,r22_c12,Thursday,720.0,12:00-12:30,2,2,16,9,True,0.125,0.125,810.0,13:30-14:00,0.4375,-90.0,90.0,False,True,90.0,11.25,0.09375,True,True,0.5625,60.0,33.75,0.28125,0.5625,60.0,0.28125,2
Personal | r22_c12 | Thursday,Personal,r22_c12,Thursday,750.0,12:30-13:00,2,2,16,9,True,0.125,0.125,810.0,13:30-14:00,0.4375,-60.0,60.0,False,True,60.0,7.5,0.0625,True,True,0.5625,60.0,33.75,0.28125,0.5625,60.0,0.28125,3
Personal | r22_c12 | Thursday,Personal,r22_c12,Thursday,690.0,11:30-12:00,1,1,16,9,True,0.0625,0.0625,810.0,13:30-14:00,0.4375,-120.0,120.0,False,True,120.0,7.5,0.0625,True,True,0.5625,60.0,33.75,0.28125,0.5625,60.0,0.28125,4
Personal | r22_c12 | Thursday,Personal,r22_c12,Thursday,840.0,14:00-14:30,1,1,16,9,True,0.0625,0.0625,810.0,13:30-14:00,0.4375,30.0,30.0,False,True,30.0,1.875,0.015625,True,True,0.5625,60.0,33.75,0.28125,0.5625,60.0,0.28125,5
Personal | r22_c12 | Tuesday,Personal,r22_c12,Tuesday,780.0,13:00-13:30,4,3,24,10,True,0.16666666666666666,0.16666666666666666,810.0,13:30-14:00,0.4166666666666667,-30.0,30.0,False,True,30.0,5.0,0.041666666666666664,True,True,0.5833333333333333,81.42857142857144,47.5,0.34375,0.5833333333333333,81.42857142857144,0.34375,1
Personal | r22_c12 | Tuesday,Personal,r22_c12,Tuesday,900.0,15:00-15:30,3,2,24,10,True,0.125,0.125,810.0,13:30-14:00,0.4166666666666667,90.0,90.0,False,True,90.0,11.25,0.09375,True,True,0.5833333333333333,81.42857142857144,47.5,0.34375,0.5833333333333333,81.42857142857144,0.34375,2
Personal | r22_c12 | Tuesday,Personal,r22_c12,Tuesday,660.0,11:00-11:30,2,2,24,10,True,0.08333333333333333,0.08333333333333333,810.0,13:30-14:00,0.4166666666666667,-150.0,150.0,False,True,120.0,12.5,0.08333333333333333,True,True,0.5833333333333333,81.42857142857144,47.5,0.34375,0.5833333333333333,81.42857142857144,0.34375,3
Personal | r22_c12 | Tuesday,Personal,r22_c12,Tuesday,840.0,14:00-14:30,2,2,24,10,True,0.08333333333333333,0.08333333333333333,810.0,13:30-14:00,0.4166666666666667,30.0,30.0,False,True,30.0,2.5,0.020833333333333332,True,True,0.5833333333333333,81.42857142857144,47.5,0.34375,0.5833333333333333,81.42857142857144,0.34375,4
Personal | r22_c12 | Tuesday,Personal,r22_c12,Tuesday,600.0,10:00-10:30,1,1,24,10,True,0.041666666666666664,0.041666666666666664,810.0,13:30-14:00,0.4166666666666667,-210.0,210.0,False,True,120.0,8.75,0.041666666666666664,True,True,0.5833333333333333,81.42857142857144,47.5,0.34375,0.5833333333333333,81.42857142857144,0.34375,5
Personal | r22_c12 | Tuesday,Personal,r22_c12,Tuesday,690.0,11:30-12:00,1,1,24,10,True,0.041666666666666664,0.041666666666666664,810.0,13:30-14:00,0.4166666666666667,-120.0,120.0,False,True,120.0,5.0,0.041666666666666664,True,True,0.5833333333333333,81.42857142857144,47.5,0.34375,0.5833333333333333,81.42857142857144,0.34375,6
Personal | r22_c12 | Tuesday,Personal,r22_c12,Tuesday,750.0,12:30-13:00,1,1,24,10,True,0.041666666666666664,0.041666666666666664,810.0,13:30-14:00,0.4166666666666667,-60.0,60.0,False,True,60.0,2.5,0.020833333333333332,True,True,0.5833333333333333,81.42857142857144,47.5,0.34375,0.5833333333333333,81.42857142857144,0.34375,7
Personal | r22_c12 | Wednesday,Personal,r22_c12,Wednesday,720.0,12:00-12:30,9,8,35,20,True,0.2571428571428571,0.2571428571428571,780.0,13:00-13:30,0.34285714285714286,-60.0,60.0,False,True,60.0,15.428571428571427,0.12857142857142856,True,True,0.6571428571428571,60.0,39.42857142857143,0.32857142857142857,0.6571428571428571,60.0,0.32857142857142857,1
Personal | r22_c12 | Wednesday,Personal,r22_c12,Wednesday,750.0,12:30-13:00,6,4,35,20,True,0.17142857142857143,0.17142857142857143,780.0,13:00-13:30,0.34285714285714286,-30.0,30.0,False,True,30.0,5.142857142857143,0.04285714285714286,True,True,0.6571428571428571,60.0,39.42857142857143,0.32857142857142857,0.6571428571428571,60.0,0.32857142857142857,2
Personal | r22_c12 | Wednesday,Personal,r22_c12,Wednesday,690.0,11:30-12:00,4,4,35,20,True,0.11428571428571428,0.11428571428571428,780.0,13:00-13:30,0.34285714285714286,-90.0,90.0,False,True,90.0,10.285714285714285,0.0857142857142857,True,True,0.6571428571428571,60.0,39.42857142857143,0.32857142857142857,0.6571428571428571,60.0,0.32857142857142857,3
Personal | r22_c12 | Wednesday,Personal,r22_c12,Wednesday,660.0,11:00-11:30,2,2,35,20,True,0.05714285714285714,0.05714285714285714,780.0,13:00-13:30,0.34285714285714286,-120.0,120.0,False,True,120.0,6.857142857142857,0.05714285714285714,True,True,0.6571428571428571,60.0,39.42857142857143,0.32857142857142857,0.6571428571428571,60.0,0.32857142857142857,4
Personal | r22_c12 | Wednesday,Personal,r22_c12,Wednesday,810.0,13:30-14:00,2,2,35,20,True,0.05714285714285714,0.05714285714285714,780.0,13:00-13:30,0.34285714285714286,30.0,30.0,False,True,30.0,1.7142857142857142,0.014285714285714285,True,True,0.6571428571428571,60.0,39.42857142857143,0.32857142857142857,0.6571428571428571,60.0,0.32857142857142857,5
Personal | r22_c14 | Wednesday,Personal,r22_c14,Wednesday,480.0,08:00-08:30,6,4,15,8,True,0.4,0.4,540.0,09:00-09:30,0.5333333333333333,-60.0,60.0,False,True,60.0,24.0,0.2,True,True,0.4666666666666667,94.28571428571428,44.0,0.26666666666666666,0.4666666666666667,94.28571428571428,0.26666666666666666,1
Personal | r22_c14 | Wednesday,Personal,r22_c14,Wednesday,840.0,14:00-14:30,1,1,15,8,True,0.06666666666666667,0.06666666666666667,540.0,09:00-09:30,0.5333333333333333,300.0,300.0,False,True,120.0,20.0,0.06666666666666667,True,True,0.4666666666666667,94.28571428571428,44.0,0.26666666666666666,0.4666666666666667,94.28571428571428,0.26666666666666666,2
Personal | r22_c15 | Wednesday,Personal,r22_c15,Wednesday,930.0,15:30-16:00,2,1,12,7,True,0.16666666666666666,0.16666666666666666,840.0,14:00-14:30,0.5,90.0,90.0,False,True,90.0,15.0,0.125,True,True,0.5,175.0,87.5,0.3958333333333333,0.5,175.0,0.3958333333333333,1
Personal | r22_c15 | Wednesday,Personal,r22_c15,Wednesday,420.0,07:00-07:30,1,1,12,7,True,0.08333333333333333,0.08333333333333333,840.0,14:00-14:30,0.5,-420.0,420.0,False,True,120.0,35.0,0.08333333333333333,True,True,0.5,175.0,87.5,0.3958333333333333,0.5,175.0,0.3958333333333333,2
Personal | r22_c15 | Wednesday,Personal,r22_c15,Wednesday,540.0,09:00-09:30,1,1,12,7,True,0.08333333333333333,0.08333333333333333,840.0,14:00-14:30,0.5,-300.0,300.0,False,True,120.0,25.0,0.08333333333333333,True,True,0.5,175.0,87.5,0.3958333333333333,0.5,175.0,0.3958333333333333,3
Personal | r22_c15 | Wednesday,Personal,r22_c15,Wednesday,870.0,14:30-15:00,1,1,12,7,True,0.08333333333333333,0.08333333333333333,840.0,14:00-14:30,0.5,30.0,30.0,False,True,30.0,2.5,0.020833333333333332,True,True,0.5,175.0,87.5,0.3958333333333333,0.5,175.0,0.3958333333333333,4
Personal | r22_c15 | Wednesday,Personal,r22_c15,Wednesday,960.0,16:00-16:30,1,1,12,7,True,0.08333333333333333,0.08333333333333333,840.0,14:00-14:30,0.5,120.0,120.0,False,True,120.0,10.0,0.08333333333333333,True,True,0.5,175.0,87.5,0.3958333333333333,0.5,175.0,0.3958333333333333,5
Personal | r23_c10 | Friday,Personal,r23_c10,Friday,600.0,10:00-10:30,3,2,11,3,True,0.2727272727272727,0.2727272727272727,630.0,10:30-11:00,0.6363636363636364,-30.0,30.0,False,True,30.0,8.181818181818182,0.06818181818181818,True,True,0.36363636363636365,37.5,13.636363636363637,0.11363636363636363,0.36363636363636365,37.5,0.11363636363636363,1
Personal | r23_c10 | Friday,Personal,r23_c10,Friday,570.0,09:30-10:00,1,1,11,3,True,0.09090909090909091,0.09090909090909091,630.0,10:30-11:00,0.6363636363636364,-60.0,60.0,False,True,60.0,5.454545454545455,0.045454545454545456,True,True,0.36363636363636365,37.5,13.636363636363637,0.11363636363636363,0.36363636363636365,37.5,0.11363636363636363,2
Personal | r23_c14 | Friday,Personal,r23_c14,Friday,660.0,11:00-11:30,3,1,19,3,True,0.15789473684210525,0.15789473684210525,720.0,12:00-12:30,0.21052631578947367,-60.0,60.0,False,True,60.0,9.473684210526315,0.07894736842105263,True,True,0.7894736842105263,69.99999999999999,55.263157894736835,0.4605263157894737,0.7894736842105263,69.99999999999999,0.4605263157894737,1
Personal | r23_c14 | Friday,Personal,r23_c14,Friday,690.0,11:30-12:00,3,1,19,3,True,0.15789473684210525,0.15789473684210525,720.0,12:00-12:30,0.21052631578947367,-30.0,30.0,False,True,30.0,4.7368421052631575,0.039473684210526314,True,True,0.7894736842105263,69.99999999999999,55.263157894736835,0.4605263157894737,0.7894736842105263,69.99999999999999,0.4605263157894737,2
Personal | r23_c14 | Friday,Personal,r23_c14,Friday,810.0,13:30-14:00,3,1,19,3,True,0.15789473684210525,0.15789473684210525,720.0,12:00-12:30,0.21052631578947367,90.0,90.0,False,True,90.0,14.210526315789473,0.11842105263157894,True,True,0.7894736842105263,69.99999999999999,55.263157894736835,0.4605263157894737,0.7894736842105263,69.99999999999999,0.4605263157894737,3
Personal | r23_c14 | Friday,Personal,r23_c14,Friday,840.0,14:00-14:30,3,2,19,3,True,0.15789473684210525,0.15789473684210525,720.0,12:00-12:30,0.21052631578947367,120.0,120.0,False,True,120.0,18.94736842105263,0.15789473684210525,True,True,0.7894736842105263,69.99999999999999,55.263157894736835,0.4605263157894737,0.7894736842105263,69.99999999999999,0.4605263157894737,4
Personal | r23_c14 | Friday,Personal,r23_c14,Friday,780.0,13:00-13:30,2,1,19,3,True,0.10526315789473684,0.10526315789473684,720.0,12:00-12:30,0.21052631578947367,60.0,60.0,False,True,60.0,6.315789473684211,0.052631578947368425,True,True,0.7894736842105263,69.99999999999999,55.263157894736835,0.4605263157894737,0.7894736842105263,69.99999999999999,0.4605263157894737,5
Personal | r23_c14 | Friday,Personal,r23_c14,Friday,750.0,12:30-13:00,1,1,19,3,True,0.05263157894736842,0.05263157894736842,720.0,12:00-12:30,0.21052631578947367,30.0,30.0,False,True,30.0,1.5789473684210527,0.013157894736842106,True,True,0.7894736842105263,69.99999999999999,55.263157894736835,0.4605263157894737,0.7894736842105263,69.99999999999999,0.4605263157894737,6
Personal | r23_c14 | Tuesday,Personal,r23_c14,Tuesday,720.0,12:00-12:30,2,1,14,3,True,0.14285714285714285,0.14285714285714285,690.0,11:30-12:00,0.2857142857142857,30.0,30.0,False,True,30.0,4.285714285714286,0.03571428571428571,True,True,0.7142857142857143,78.0,55.714285714285715,0.4464285714285714,0.7142857142857143,78.0,0.4464285714285714,1
Personal | r23_c14 | Tuesday,Personal,r23_c14,Tuesday,750.0,12:30-13:00,2,1,14,3,True,0.14285714285714285,0.14285714285714285,690.0,11:30-12:00,0.2857142857142857,60.0,60.0,False,True,60.0,8.571428571428571,0.07142857142857142,True,True,0.7142857142857143,78.0,55.714285714285715,0.4464285714285714,0.7142857142857143,78.0,0.4464285714285714,2
Personal | r23_c14 | Tuesday,Personal,r23_c14,Tuesday,780.0,13:00-13:30,2,1,14,3,True,0.14285714285714285,0.14285714285714285,690.0,11:30-12:00,0.2857142857142857,90.0,90.0,False,True,90.0,12.857142857142856,0.10714285714285714,True,True,0.7142857142857143,78.0,55.714285714285715,0.4464285714285714,0.7142857142857143,78.0,0.4464285714285714,3
Personal | r23_c14 | Tuesday,Personal,r23_c14,Tuesday,810.0,13:30-14:00,2,1,14,3,True,0.14285714285714285,0.14285714285714285,690.0,11:30-12:00,0.2857142857142857,120.0,120.0,False,True,120.0,17.142857142857142,0.14285714285714285,True,True,0.7142857142857143,78.0,55.714285714285715,0.4464285714285714,0.7142857142857143,78.0,0.4464285714285714,4
Personal | r23_c14 | Tuesday,Personal,r23_c14,Tuesday,660.0,11:00-11:30,1,1,14,3,True,0.07142857142857142,0.07142857142857142,690.0,11:30-12:00,0.2857142857142857,-30.0,30.0,False,True,30.0,2.142857142857143,0.017857142857142856,True,True,0.7142857142857143,78.0,55.714285714285715,0.4464285714285714,0.7142857142857143,78.0,0.4464285714285714,5
Personal | r23_c14 | Tuesday,Personal,r23_c14,Tuesday,840.0,14:00-14:30,1,1,14,3,True,0.07142857142857142,0.07142857142857142,690.0,11:30-12:00,0.2857142857142857,150.0,150.0,False,True,120.0,10.714285714285714,0.07142857142857142,True,True,0.7142857142857143,78.0,55.714285714285715,0.4464285714285714,0.7142857142857143,78.0,0.4464285714285714,6
Personal | r23_c15 | Thursday,Personal,r23_c15,Thursday,600.0,10:00-10:30,2,2,10,4,True,0.2,0.2,540.0,09:00-09:30,0.5,60.0,60.0,False,True,60.0,12.0,0.1,True,True,0.5,132.0,66.0,0.375,0.5,132.0,0.375,1
Personal | r23_c15 | Thursday,Personal,r23_c15,Thursday,630.0,10:30-11:00,1,1,10,4,True,0.1,0.1,540.0,09:00-09:30,0.5,90.0,90.0,False,True,90.0,9.0,0.075,True,True,0.5,132.0,66.0,0.375,0.5,132.0,0.375,2
Personal | r23_c15 | Thursday,Personal,r23_c15,Thursday,660.0,11:00-11:30,1,1,10,4,True,0.1,0.1,540.0,09:00-09:30,0.5,120.0,120.0,False,True,120.0,12.0,0.1,True,True,0.5,132.0,66.0,0.375,0.5,132.0,0.375,3
Personal | r23_c15 | Thursday,Personal,r23_c15,Thursday,870.0,14:30-15:00,1,1,10,4,True,0.1,0.1,540.0,09:00-09:30,0.5,330.0,330.0,False,True,120.0,33.0,0.1,True,True,0.5,132.0,66.0,0.375,0.5,132.0,0.375,4
Personal | r24_c16 | Friday,Personal,r24_c16,Friday,600.0,10:00-10:30,5,3,22,8,True,0.22727272727272727,0.22727272727272727,660.0,11:00-11:30,0.3181818181818182,-60.0,60.0,False,True,60.0,13.636363636363637,0.11363636363636363,True,True,0.6818181818181819,94.0,64.0909090909091,0.42045454545454547,0.6818181818181819,94.0,0.42045454545454547,1
Personal | r24_c16 | Friday,Personal,r24_c16,Friday,570.0,09:30-10:00,2,2,22,8,True,0.09090909090909091,0.09090909090909091,660.0,11:00-11:30,0.3181818181818182,-90.0,90.0,False,True,90.0,8.181818181818182,0.06818181818181818,True,True,0.6818181818181819,94.0,64.0909090909091,0.42045454545454547,0.6818181818181819,94.0,0.42045454545454547,2
Personal | r24_c16 | Friday,Personal,r24_c16,Friday,630.0,10:30-11:00,2,1,22,8,True,0.09090909090909091,0.09090909090909091,660.0,11:00-11:30,0.3181818181818182,-30.0,30.0,False,True,30.0,2.7272727272727275,0.022727272727272728,True,True,0.6818181818181819,94.0,64.0909090909091,0.42045454545454547,0.6818181818181819,94.0,0.42045454545454547,3
Personal | r24_c16 | Friday,Personal,r24_c16,Friday,510.0,08:30-09:00,1,1,22,8,True,0.045454545454545456,0.045454545454545456,660.0,11:00-11:30,0.3181818181818182,-150.0,150.0,False,True,120.0,6.818181818181818,0.045454545454545456,True,True,0.6818181818181819,94.0,64.0909090909091,0.42045454545454547,0.6818181818181819,94.0,0.42045454545454547,4
Personal | r24_c16 | Friday,Personal,r24_c16,Friday,690.0,11:30-12:00,1,1,22,8,True,0.045454545454545456,0.045454545454545456,660.0,11:00-11:30,0.3181818181818182,30.0,30.0,False,True,30.0,1.3636363636363638,0.011363636363636364,True,True,0.6818181818181819,94.0,64.0909090909091,0.42045454545454547,0.6818181818181819,94.0,0.42045454545454547,5
Personal | r24_c16 | Friday,Personal,r24_c16,Friday,720.0,12:00-12:30,1,1,22,8,True,0.045454545454545456,0.045454545454545456,660.0,11:00-11:30,0.3181818181818182,60.0,60.0,False,True,60.0,2.7272727272727275,0.022727272727272728,True,True,0.6818181818181819,94.0,64.0909090909091,0.42045454545454547,0.6818181818181819,94.0,0.42045454545454547,6
Personal | r24_c16 | Friday,Personal,r24_c16,Friday,840.0,14:00-14:30,1,1,22,8,True,0.045454545454545456,0.045454545454545456,660.0,11:00-11:30,0.3181818181818182,180.0,180.0,False,True,120.0,8.181818181818182,0.045454545454545456,True,True,0.6818181818181819,94.0,64.0909090909091,0.42045454545454547,0.6818181818181819,94.0,0.42045454545454547,7
Personal | r24_c16 | Friday,Personal,r24_c16,Friday,870.0,14:30-15:00,1,1,22,8,True,0.045454545454545456,0.045454545454545456,660.0,11:00-11:30,0.3181818181818182,210.0,210.0,False,True,120.0,9.545454545454545,0.045454545454545456,True,True,0.6818181818181819,94.0,64.0909090909091,0.42045454545454547,0.6818181818181819,94.0,0.42045454545454547,8
Personal | r24_c16 | Friday,Personal,r24_c16,Friday,900.0,15:00-15:30,1,1,22,8,True,0.045454545454545456,0.045454545454545456,660.0,11:00-11:30,0.3181818181818182,240.0,240.0,False,True,120.0,10.90909090909091,0.045454545454545456,True,True,0.6818181818181819,94.0,64.0909090909091,0.42045454545454547,0.6818181818181819,94.0,0.42045454545454547,9
Personal | r24_c16 | Thursday,Personal,r24_c16,Thursday,540.0,09:00-09:30,2,2,16,7,True,0.125,0.125,630.0,10:30-11:00,0.375,-90.0,90.0,False,True,90.0,11.25,0.09375,True,True,0.625,96.0,60.0,0.390625,0.625,96.0,0.390625,1
Personal | r24_c16 | Thursday,Personal,r24_c16,Thursday,660.0,11:00-11:30,2,2,16,7,True,0.125,0.125,630.0,10:30-11:00,0.375,30.0,30.0,False,True,30.0,3.75,0.03125,True,True,0.625,96.0,60.0,0.390625,0.625,96.0,0.390625,2
Personal | r24_c16 | Thursday,Personal,r24_c16,Thursday,720.0,12:00-12:30,2,1,16,7,True,0.125,0.125,630.0,10:30-11:00,0.375,90.0,90.0,False,True,90.0,11.25,0.09375,True,True,0.625,96.0,60.0,0.390625,0.625,96.0,0.390625,3
Personal | r24_c16 | Thursday,Personal,r24_c16,Thursday,450.0,07:30-08:00,1,1,16,7,True,0.0625,0.0625,630.0,10:30-11:00,0.375,-180.0,180.0,False,True,120.0,11.25,0.0625,True,True,0.625,96.0,60.0,0.390625,0.625,96.0,0.390625,4
Personal | r24_c16 | Thursday,Personal,r24_c16,Thursday,600.0,10:00-10:30,1,1,16,7,True,0.0625,0.0625,630.0,10:30-11:00,0.375,-30.0,30.0,False,True,30.0,1.875,0.015625,True,True,0.625,96.0,60.0,0.390625,0.625,96.0,0.390625,5
Personal | r24_c16 | Thursday,Personal,r24_c16,Thursday,690.0,11:30-12:00,1,1,16,7,True,0.0625,0.0625,630.0,10:30-11:00,0.375,60.0,60.0,False,True,60.0,3.75,0.03125,True,True,0.625,96.0,60.0,0.390625,0.625,96.0,0.390625,6
Personal | r24_c16 | Thursday,Personal,r24_c16,Thursday,900.0,15:00-15:30,1,1,16,7,True,0.0625,0.0625,630.0,10:30-11:00,0.375,270.0,270.0,False,True,120.0,16.875,0.0625,True,True,0.625,96.0,60.0,0.390625,0.625,96.0,0.390625,7
Personal | r24_c7 | Friday,Personal,r24_c7,Friday,660.0,11:00-11:30,2,2,11,4,True,0.18181818181818182,0.18181818181818182,570.0,09:30-10:00,0.18181818181818182,90.0,90.0,False,True,90.0,16.363636363636363,0.13636363636363635,True,True,0.8181818181818181,123.33333333333334,100.9090909090909,0.6590909090909091,0.8181818181818181,123.33333333333334,0.6590909090909091,1
Personal | r24_c7 | Friday,Personal,r24_c7,Friday,720.0,12:00-12:30,2,2,11,4,True,0.18181818181818182,0.18181818181818182,570.0,09:30-10:00,0.18181818181818182,150.0,150.0,False,True,120.0,27.272727272727273,0.18181818181818182,True,True,0.8181818181818181,123.33333333333334,100.9090909090909,0.6590909090909091,0.8181818181818181,123.33333333333334,0.6590909090909091,2
Personal | r24_c7 | Friday,Personal,r24_c7,Friday,780.0,13:00-13:30,2,1,11,4,True,0.18181818181818182,0.18181818181818182,570.0,09:30-10:00,0.18181818181818182,210.0,210.0,False,True,120.0,38.18181818181818,0.18181818181818182,True,True,0.8181818181818181,123.33333333333334,100.9090909090909,0.6590909090909091,0.8181818181818181,123.33333333333334,0.6590909090909091,3
Personal | r24_c7 | Friday,Personal,r24_c7,Friday,600.0,10:00-10:30,1,1,11,4,True,0.09090909090909091,0.09090909090909091,570.0,09:30-10:00,0.18181818181818182,30.0,30.0,False,True,30.0,2.7272727272727275,0.022727272727272728,True,True,0.8181818181818181,123.33333333333334,100.9090909090909,0.6590909090909091,0.8181818181818181,123.33333333333334,0.6590909090909091,4
Personal | r24_c7 | Friday,Personal,r24_c7,Friday,630.0,10:30-11:00,1,1,11,4,True,0.09090909090909091,0.09090909090909091,570.0,09:30-10:00,0.18181818181818182,60.0,60.0,False,True,60.0,5.454545454545455,0.045454545454545456,True,True,0.8181818181818181,123.33333333333334,100.9090909090909,0.6590909090909091,0.8181818181818181,123.33333333333334,0.6590909090909091,5
Personal | r24_c7 | Friday,Personal,r24_c7,Friday,690.0,11:30-12:00,1,1,11,4,True,0.09090909090909091,0.09090909090909091,570.0,09:30-10:00,0.18181818181818182,120.0,120.0,False,True,120.0,10.90909090909091,0.09090909090909091,True,True,0.8181818181818181,123.33333333333334,100.9090909090909,0.6590909090909091,0.8181818181818181,123.33333333333334,0.6590909090909091,6
Personal | r24_c7 | Thursday,Personal,r24_c7,Thursday,720.0,12:00-12:30,5,3,17,7,True,0.29411764705882354,0.29411764705882354,630.0,10:30-11:00,0.35294117647058826,90.0,90.0,False,True,90.0,26.47058823529412,0.22058823529411767,True,True,0.6470588235294117,62.72727272727274,40.58823529411765,0.3382352941176471,0.6470588235294117,62.72727272727274,0.3382352941176471,1
Personal | r24_c7 | Thursday,Personal,r24_c7,Thursday,660.0,11:00-11:30,3,3,17,7,True,0.17647058823529413,0.17647058823529413,630.0,10:30-11:00,0.35294117647058826,30.0,30.0,False,True,30.0,5.294117647058824,0.04411764705882353,True,True,0.6470588235294117,62.72727272727274,40.58823529411765,0.3382352941176471,0.6470588235294117,62.72727272727274,0.3382352941176471,2
Personal | r24_c7 | Thursday,Personal,r24_c7,Thursday,690.0,11:30-12:00,2,2,17,7,True,0.11764705882352941,0.11764705882352941,630.0,10:30-11:00,0.35294117647058826,60.0,60.0,False,True,60.0,7.0588235294117645,0.058823529411764705,True,True,0.6470588235294117,62.72727272727274,40.58823529411765,0.3382352941176471,0.6470588235294117,62.72727272727274,0.3382352941176471,3
Personal | r24_c7 | Thursday,Personal,r24_c7,Thursday,600.0,10:00-10:30,1,1,17,7,True,0.058823529411764705,0.058823529411764705,630.0,10:30-11:00,0.35294117647058826,-30.0,30.0,False,True,30.0,1.7647058823529411,0.014705882352941176,True,True,0.6470588235294117,62.72727272727274,40.58823529411765,0.3382352941176471,0.6470588235294117,62.72727272727274,0.3382352941176471,4
Personal | r25_c14 | Friday,Personal,r25_c14,Friday,540.0,09:00-09:30,5,3,21,13,True,0.23809523809523808,0.23809523809523808,630.0,10:30-11:00,0.2857142857142857,-90.0,90.0,False,True,90.0,21.428571428571427,0.17857142857142855,True,True,0.7142857142857143,68.0,48.57142857142857,0.38095238095238093,0.7142857142857143,68.0,0.38095238095238093,1
Personal | r25_c14 | Friday,Personal,r25_c14,Friday,600.0,10:00-10:30,5,5,21,13,True,0.23809523809523808,0.23809523809523808,630.0,10:30-11:00,0.2857142857142857,-30.0,30.0,False,True,30.0,7.142857142857142,0.05952380952380952,True,True,0.7142857142857143,68.0,48.57142857142857,0.38095238095238093,0.7142857142857143,68.0,0.38095238095238093,2
Personal | r25_c14 | Friday,Personal,r25_c14,Friday,570.0,09:30-10:00,4,4,21,13,True,0.19047619047619047,0.19047619047619047,630.0,10:30-11:00,0.2857142857142857,-60.0,60.0,False,True,60.0,11.428571428571427,0.09523809523809522,True,True,0.7142857142857143,68.0,48.57142857142857,0.38095238095238093,0.7142857142857143,68.0,0.38095238095238093,3
Personal | r25_c14 | Friday,Personal,r25_c14,Friday,810.0,13:30-14:00,1,1,21,13,True,0.047619047619047616,0.047619047619047616,630.0,10:30-11:00,0.2857142857142857,180.0,180.0,False,True,120.0,8.571428571428571,0.04761904761904761,True,True,0.7142857142857143,68.0,48.57142857142857,0.38095238095238093,0.7142857142857143,68.0,0.38095238095238093,4
Personal | r25_c14 | Monday,Personal,r25_c14,Monday,600.0,10:00-10:30,4,2,10,5,True,0.4,0.4,540.0,09:00-09:30,0.5,60.0,60.0,False,True,60.0,24.0,0.2,True,True,0.5,54.0,27.0,0.225,0.5,54.0,0.225,1
Personal | r25_c14 | Monday,Personal,r25_c14,Monday,570.0,09:30-10:00,1,1,10,5,True,0.1,0.1,540.0,09:00-09:30,0.5,30.0,30.0,False,True,30.0,3.0,0.025,True,True,0.5,54.0,27.0,0.225,0.5,54.0,0.225,2
Personal | r25_c14 | Thursday,Personal,r25_c14,Thursday,570.0,09:30-10:00,2,2,26,14,True,0.07692307692307693,0.07692307692307693,600.0,10:00-10:30,0.6923076923076923,-30.0,30.0,False,True,30.0,2.307692307692308,0.019230769230769232,True,True,0.3076923076923077,56.25000000000001,17.30769230769231,0.14423076923076925,0.3076923076923077,56.25000000000001,0.14423076923076925,1
Personal | r25_c14 | Thursday,Personal,r25_c14,Thursday,630.0,10:30-11:00,2,1,26,14,True,0.07692307692307693,0.07692307692307693,600.0,10:00-10:30,0.6923076923076923,30.0,30.0,False,True,30.0,2.307692307692308,0.019230769230769232,True,True,0.3076923076923077,56.25000000000001,17.30769230769231,0.14423076923076925,0.3076923076923077,56.25000000000001,0.14423076923076925,2
Personal | r25_c14 | Thursday,Personal,r25_c14,Thursday,510.0,08:30-09:00,1,1,26,14,True,0.038461538461538464,0.038461538461538464,600.0,10:00-10:30,0.6923076923076923,-90.0,90.0,False,True,90.0,3.4615384615384617,0.028846153846153848,True,True,0.3076923076923077,56.25000000000001,17.30769230769231,0.14423076923076925,0.3076923076923077,56.25000000000001,0.14423076923076925,3
Personal | r25_c14 | Thursday,Personal,r25_c14,Thursday,540.0,09:00-09:30,1,1,26,14,True,0.038461538461538464,0.038461538461538464,600.0,10:00-10:30,0.6923076923076923,-60.0,60.0,False,True,60.0,2.307692307692308,0.019230769230769232,True,True,0.3076923076923077,56.25000000000001,17.30769230769231,0.14423076923076925,0.3076923076923077,56.25000000000001,0.14423076923076925,4
Personal | r25_c14 | Thursday,Personal,r25_c14,Thursday,660.0,11:00-11:30,1,1,26,14,True,0.038461538461538464,0.038461538461538464,600.0,10:00-10:30,0.6923076923076923,60.0,60.0,False,True,60.0,2.307692307692308,0.019230769230769232,True,True,0.3076923076923077,56.25000000000001,17.30769230769231,0.14423076923076925,0.3076923076923077,56.25000000000001,0.14423076923076925,5
Personal | r25_c14 | Thursday,Personal,r25_c14,Thursday,720.0,12:00-12:30,1,1,26,14,True,0.038461538461538464,0.038461538461538464,600.0,10:00-10:30,0.6923076923076923,120.0,120.0,False,True,120.0,4.615384615384616,0.038461538461538464,True,True,0.3076923076923077,56.25000000000001,17.30769230769231,0.14423076923076925,0.3076923076923077,56.25000000000001,0.14423076923076925,6
Personal | r25_c14 | Tuesday,Personal,r25_c14,Tuesday,840.0,14:00-14:30,6,2,26,9,True,0.23076923076923078,0.23076923076923078,600.0,10:00-10:30,0.23076923076923078,240.0,240.0,False,True,120.0,55.38461538461539,0.23076923076923078,True,True,0.7692307692307692,174.0,133.84615384615384,0.6826923076923077,0.7692307692307692,174.0,0.6826923076923077,1
Personal | r25_c14 | Tuesday,Personal,r25_c14,Tuesday,540.0,09:00-09:30,2,2,26,9,True,0.07692307692307693,0.07692307692307693,600.0,10:00-10:30,0.23076923076923078,-60.0,60.0,False,True,60.0,4.615384615384616,0.038461538461538464,True,True,0.7692307692307692,174.0,133.84615384615384,0.6826923076923077,0.7692307692307692,174.0,0.6826923076923077,2
Personal | r25_c14 | Tuesday,Personal,r25_c14,Tuesday,720.0,12:00-12:30,2,2,26,9,True,0.07692307692307693,0.07692307692307693,600.0,10:00-10:30,0.23076923076923078,120.0,120.0,False,True,120.0,9.230769230769232,0.07692307692307693,True,True,0.7692307692307692,174.0,133.84615384615384,0.6826923076923077,0.7692307692307692,174.0,0.6826923076923077,3
Personal | r25_c14 | Tuesday,Personal,r25_c14,Tuesday,780.0,13:00-13:30,2,2,26,9,True,0.07692307692307693,0.07692307692307693,600.0,10:00-10:30,0.23076923076923078,180.0,180.0,False,True,120.0,13.846153846153847,0.07692307692307693,True,True,0.7692307692307692,174.0,133.84615384615384,0.6826923076923077,0.7692307692307692,174.0,0.6826923076923077,4
Personal | r25_c14 | Tuesday,Personal,r25_c14,Tuesday,810.0,13:30-14:00,2,1,26,9,True,0.07692307692307693,0.07692307692307693,600.0,10:00-10:30,0.23076923076923078,210.0,210.0,False,True,120.0,16.153846153846153,0.07692307692307693,True,True,0.7692307692307692,174.0,133.84615384615384,0.6826923076923077,0.7692307692307692,174.0,0.6826923076923077,5
Personal | r25_c14 | Tuesday,Personal,r25_c14,Tuesday,870.0,14:30-15:00,2,1,26,9,True,0.07692307692307693,0.07692307692307693,600.0,10:00-10:30,0.23076923076923078,270.0,270.0,False,True,120.0,20.76923076923077,0.07692307692307693,True,True,0.7692307692307692,174.0,133.84615384615384,0.6826923076923077,0.7692307692307692,174.0,0.6826923076923077,6
Personal | r25_c14 | Tuesday,Personal,r25_c14,Tuesday,480.0,08:00-08:30,1,1,26,9,True,0.038461538461538464,0.038461538461538464,600.0,10:00-10:30,0.23076923076923078,-120.0,120.0,False,True,120.0,4.615384615384616,0.038461538461538464,True,True,0.7692307692307692,174.0,133.84615384615384,0.6826923076923077,0.7692307692307692,174.0,0.6826923076923077,7
Personal | r25_c14 | Tuesday,Personal,r25_c14,Tuesday,570.0,09:30-10:00,1,1,26,9,True,0.038461538461538464,0.038461538461538464,600.0,10:00-10:30,0.23076923076923078,-30.0,30.0,False,True,30.0,1.153846153846154,0.009615384615384616,True,True,0.7692307692307692,174.0,133.84615384615384,0.6826923076923077,0.7692307692307692,174.0,0.6826923076923077,8
Personal | r25_c14 | Tuesday,Personal,r25_c14,Tuesday,660.0,11:00-11:30,1,1,26,9,True,0.038461538461538464,0.038461538461538464,600.0,10:00-10:30,0.23076923076923078,60.0,60.0,False,True,60.0,2.307692307692308,0.019230769230769232,True,True,0.7692307692307692,174.0,133.84615384615384,0.6826923076923077,0.7692307692307692,174.0,0.6826923076923077,9
Personal | r25_c14 | Tuesday,Personal,r25_c14,Tuesday,750.0,12:30-13:00,1,1,26,9,True,0.038461538461538464,0.038461538461538464,600.0,10:00-10:30,0.23076923076923078,150.0,150.0,False,True,120.0,5.769230769230769,0.038461538461538464,True,True,0.7692307692307692,174.0,133.84615384615384,0.6826923076923077,0.7692307692307692,174.0,0.6826923076923077,10
Personal | r25_c14 | Wednesday,Personal,r25_c14,Wednesday,630.0,10:30-11:00,3,1,16,7,True,0.1875,0.1875,600.0,10:00-10:30,0.3125,30.0,30.0,False,True,30.0,5.625,0.046875,True,True,0.6875,106.36363636363636,73.125,0.40625,0.6875,106.36363636363636,0.40625,1
Personal | r25_c14 | Wednesday,Personal,r25_c14,Wednesday,660.0,11:00-11:30,2,2,16,7,True,0.125,0.125,600.0,10:00-10:30,0.3125,60.0,60.0,False,True,60.0,7.5,0.0625,True,True,0.6875,106.36363636363636,73.125,0.40625,0.6875,106.36363636363636,0.40625,2
Personal | r25_c14 | Wednesday,Personal,r25_c14,Wednesday,780.0,13:00-13:30,2,1,16,7,True,0.125,0.125,600.0,10:00-10:30,0.3125,180.0,180.0,False,True,120.0,22.5,0.125,True,True,0.6875,106.36363636363636,73.125,0.40625,0.6875,106.36363636363636,0.40625,3
Personal | r25_c14 | Wednesday,Personal,r25_c14,Wednesday,540.0,09:00-09:30,1,1,16,7,True,0.0625,0.0625,600.0,10:00-10:30,0.3125,-60.0,60.0,False,True,60.0,3.75,0.03125,True,True,0.6875,106.36363636363636,73.125,0.40625,0.6875,106.36363636363636,0.40625,4
Personal | r25_c14 | Wednesday,Personal,r25_c14,Wednesday,570.0,09:30-10:00,1,1,16,7,True,0.0625,0.0625,600.0,10:00-10:30,0.3125,-30.0,30.0,False,True,30.0,1.875,0.015625,True,True,0.6875,106.36363636363636,73.125,0.40625,0.6875,106.36363636363636,0.40625,5
Personal | r25_c14 | Wednesday,Personal,r25_c14,Wednesday,810.0,13:30-14:00,1,1,16,7,True,0.0625,0.0625,600.0,10:00-10:30,0.3125,210.0,210.0,False,True,120.0,13.125,0.0625,True,True,0.6875,106.36363636363636,73.125,0.40625,0.6875,106.36363636363636,0.40625,6
Personal | r25_c14 | Wednesday,Personal,r25_c14,Wednesday,900.0,15:00-15:30,1,1,16,7,True,0.0625,0.0625,600.0,10:00-10:30,0.3125,300.0,300.0,False,True,120.0,18.75,0.0625,True,True,0.6875,106.36363636363636,73.125,0.40625,0.6875,106.36363636363636,0.40625,7
Personal | r25_c15 | Friday,Personal,r25_c15,Friday,900.0,15:00-15:30,2,2,11,10,True,0.18181818181818182,0.18181818181818182,840.0,14:00-14:30,0.7272727272727273,60.0,60.0,False,True,60.0,10.90909090909091,0.09090909090909091,True,True,0.2727272727272727,120.00000000000003,32.727272727272734,0.18181818181818182,0.2727272727272727,120.00000000000003,0.18181818181818182,1
Personal | r25_c15 | Friday,Personal,r25_c15,Friday,600.0,10:00-10:30,1,1,11,10,True,0.09090909090909091,0.09090909090909091,840.0,14:00-14:30,0.7272727272727273,-240.0,240.0,False,True,120.0,21.81818181818182,0.09090909090909091,True,True,0.2727272727272727,120.00000000000003,32.727272727272734,0.18181818181818182,0.2727272727272727,120.00000000000003,0.18181818181818182,2
Personal | r25_c15 | Monday,Personal,r25_c15,Monday,900.0,15:00-15:30,3,3,14,9,True,0.21428571428571427,0.21428571428571427,840.0,14:00-14:30,0.2857142857142857,60.0,60.0,False,True,60.0,12.857142857142856,0.10714285714285714,True,True,0.7142857142857143,134.99999999999997,96.42857142857142,0.49999999999999994,0.7142857142857143,134.99999999999997,0.49999999999999994,1
Personal | r25_c15 | Monday,Personal,r25_c15,Monday,930.0,15:30-16:00,3,2,14,9,True,0.21428571428571427,0.21428571428571427,840.0,14:00-14:30,0.2857142857142857,90.0,90.0,False,True,90.0,19.285714285714285,0.1607142857142857,True,True,0.7142857142857143,134.99999999999997,96.42857142857142,0.49999999999999994,0.7142857142857143,134.99999999999997,0.49999999999999994,2
Personal | r25_c15 | Monday,Personal,r25_c15,Monday,540.0,09:00-09:30,2,1,14,9,True,0.14285714285714285,0.14285714285714285,840.0,14:00-14:30,0.2857142857142857,-300.0,300.0,False,True,120.0,42.857142857142854,0.14285714285714285,True,True,0.7142857142857143,134.99999999999997,96.42857142857142,0.49999999999999994,0.7142857142857143,134.99999999999997,0.49999999999999994,3
Personal | r25_c15 | Monday,Personal,r25_c15,Monday,570.0,09:30-10:00,1,1,14,9,True,0.07142857142857142,0.07142857142857142,840.0,14:00-14:30,0.2857142857142857,-270.0,270.0,False,True,120.0,19.285714285714285,0.07142857142857142,True,True,0.7142857142857143,134.99999999999997,96.42857142857142,0.49999999999999994,0.7142857142857143,134.99999999999997,0.49999999999999994,4
Personal | r25_c15 | Monday,Personal,r25_c15,Monday,870.0,14:30-15:00,1,1,14,9,True,0.07142857142857142,0.07142857142857142,840.0,14:00-14:30,0.2857142857142857,30.0,30.0,False,True,30.0,2.142857142857143,0.017857142857142856,True,True,0.7142857142857143,134.99999999999997,96.42857142857142,0.49999999999999994,0.7142857142857143,134.99999999999997,0.49999999999999994,5
Personal | r25_c15 | Thursday,Personal,r25_c15,Thursday,900.0,15:00-15:30,3,3,14,10,True,0.21428571428571427,0.21428571428571427,840.0,14:00-14:30,0.5,60.0,60.0,False,True,60.0,12.857142857142856,0.10714285714285714,True,True,0.5,150.0,75.0,0.33928571428571425,0.5,150.0,0.33928571428571425,1
Personal | r25_c15 | Thursday,Personal,r25_c15,Thursday,570.0,09:30-10:00,2,2,14,10,True,0.14285714285714285,0.14285714285714285,840.0,14:00-14:30,0.5,-270.0,270.0,False,True,120.0,38.57142857142857,0.14285714285714285,True,True,0.5,150.0,75.0,0.33928571428571425,0.5,150.0,0.33928571428571425,2
Personal | r25_c15 | Thursday,Personal,r25_c15,Thursday,540.0,09:00-09:30,1,1,14,10,True,0.07142857142857142,0.07142857142857142,840.0,14:00-14:30,0.5,-300.0,300.0,False,True,120.0,21.428571428571427,0.07142857142857142,True,True,0.5,150.0,75.0,0.33928571428571425,0.5,150.0,0.33928571428571425,3
Personal | r25_c15 | Thursday,Personal,r25_c15,Thursday,870.0,14:30-15:00,1,1,14,10,True,0.07142857142857142,0.07142857142857142,840.0,14:00-14:30,0.5,30.0,30.0,False,True,30.0,2.142857142857143,0.017857142857142856,True,True,0.5,150.0,75.0,0.33928571428571425,0.5,150.0,0.33928571428571425,4
Personal | r25_c15 | Tuesday,Personal,r25_c15,Tuesday,900.0,15:00-15:30,3,3,12,11,True,0.25,0.25,840.0,14:00-14:30,0.5833333333333334,60.0,60.0,False,True,60.0,15.0,0.125,True,True,0.41666666666666663,108.00000000000001,45.0,0.2708333333333333,0.41666666666666663,108.00000000000001,0.2708333333333333,1
Personal | r25_c15 | Tuesday,Personal,r25_c15,Tuesday,570.0,09:30-10:00,1,1,12,11,True,0.08333333333333333,0.08333333333333333,840.0,14:00-14:30,0.5833333333333334,-270.0,270.0,False,True,120.0,22.5,0.08333333333333333,True,True,0.41666666666666663,108.00000000000001,45.0,0.2708333333333333,0.41666666666666663,108.00000000000001,0.2708333333333333,2
Personal | r25_c15 | Tuesday,Personal,r25_c15,Tuesday,750.0,12:30-13:00,1,1,12,11,True,0.08333333333333333,0.08333333333333333,840.0,14:00-14:30,0.5833333333333334,-90.0,90.0,False,True,90.0,7.5,0.0625,True,True,0.41666666666666663,108.00000000000001,45.0,0.2708333333333333,0.41666666666666663,108.00000000000001,0.2708333333333333,3
Personal | r25_c15 | Wednesday,Personal,r25_c15,Wednesday,870.0,14:30-15:00,2,2,10,9,True,0.2,0.2,840.0,14:00-14:30,0.6,30.0,30.0,False,True,30.0,6.0,0.05,True,True,0.4,75.0,30.0,0.2,0.4,75.0,0.2,1
Personal | r25_c15 | Wednesday,Personal,r25_c15,Wednesday,660.0,11:00-11:30,1,1,10,9,True,0.1,0.1,840.0,14:00-14:30,0.6,-180.0,180.0,False,True,120.0,18.0,0.1,True,True,0.4,75.0,30.0,0.2,0.4,75.0,0.2,2
Personal | r25_c15 | Wednesday,Personal,r25_c15,Wednesday,900.0,15:00-15:30,1,1,10,9,True,0.1,0.1,840.0,14:00-14:30,0.6,60.0,60.0,False,True,60.0,6.0,0.05,True,True,0.4,75.0,30.0,0.2,0.4,75.0,0.2,3
Personal | r25_c16 | Wednesday,Personal,r25_c16,Wednesday,630.0,10:30-11:00,6,4,24,16,True,0.25,0.25,540.0,09:00-09:30,0.25,90.0,90.0,False,True,90.0,22.5,0.1875,True,True,0.75,73.33333333333333,55.0,0.45833333333333337,0.75,73.33333333333333,0.45833333333333337,1
Personal | r25_c16 | Wednesday,Personal,r25_c16,Wednesday,600.0,10:00-10:30,5,4,24,16,True,0.20833333333333334,0.20833333333333334,540.0,09:00-09:30,0.25,60.0,60.0,False,True,60.0,12.5,0.10416666666666667,True,True,0.75,73.33333333333333,55.0,0.45833333333333337,0.75,73.33333333333333,0.45833333333333337,2
Personal | r25_c16 | Wednesday,Personal,r25_c16,Wednesday,570.0,09:30-10:00,4,4,24,16,True,0.16666666666666666,0.16666666666666666,540.0,09:00-09:30,0.25,30.0,30.0,False,True,30.0,5.0,0.041666666666666664,True,True,0.75,73.33333333333333,55.0,0.45833333333333337,0.75,73.33333333333333,0.45833333333333337,3
Personal | r25_c16 | Wednesday,Personal,r25_c16,Wednesday,660.0,11:00-11:30,3,1,24,16,True,0.125,0.125,540.0,09:00-09:30,0.25,120.0,120.0,False,True,120.0,15.0,0.125,True,True,0.75,73.33333333333333,55.0,0.45833333333333337,0.75,73.33333333333333,0.45833333333333337,4
Personal | r25_c17 | Thursday,Personal,r25_c17,Thursday,810.0,13:30-14:00,2,2,12,6,True,0.16666666666666666,0.16666666666666666,720.0,12:00-12:30,0.4166666666666667,90.0,90.0,False,True,90.0,15.0,0.125,True,True,0.5833333333333333,94.28571428571429,55.0,0.43749999999999994,0.5833333333333333,94.28571428571429,0.43749999999999994,1
Personal | r25_c17 | Thursday,Personal,r25_c17,Thursday,840.0,14:00-14:30,2,1,12,6,True,0.16666666666666666,0.16666666666666666,720.0,12:00-12:30,0.4166666666666667,120.0,120.0,False,True,120.0,20.0,0.16666666666666666,True,True,0.5833333333333333,94.28571428571429,55.0,0.43749999999999994,0.5833333333333333,94.28571428571429,0.43749999999999994,2
Personal | r25_c17 | Thursday,Personal,r25_c17,Thursday,660.0,11:00-11:30,1,1,12,6,True,0.08333333333333333,0.08333333333333333,720.0,12:00-12:30,0.4166666666666667,-60.0,60.0,False,True,60.0,5.0,0.041666666666666664,True,True,0.5833333333333333,94.28571428571429,55.0,0.43749999999999994,0.5833333333333333,94.28571428571429,0.43749999999999994,3
Personal | r25_c17 | Thursday,Personal,r25_c17,Thursday,690.0,11:30-12:00,1,1,12,6,True,0.08333333333333333,0.08333333333333333,720.0,12:00-12:30,0.4166666666666667,-30.0,30.0,False,True,30.0,2.5,0.020833333333333332,True,True,0.5833333333333333,94.28571428571429,55.0,0.43749999999999994,0.5833333333333333,94.28571428571429,0.43749999999999994,4
Personal | r25_c17 | Thursday,Personal,r25_c17,Thursday,870.0,14:30-15:00,1,1,12,6,True,0.08333333333333333,0.08333333333333333,720.0,12:00-12:30,0.4166666666666667,150.0,150.0,False,True,120.0,12.5,0.08333333333333333,True,True,0.5833333333333333,94.28571428571429,55.0,0.43749999999999994,0.5833333333333333,94.28571428571429,0.43749999999999994,5
Personal | r25_c17 | Tuesday,Personal,r25_c17,Tuesday,780.0,13:00-13:30,4,3,20,5,True,0.2,0.2,750.0,12:30-13:00,0.2,30.0,30.0,False,True,30.0,6.0,0.05,True,True,0.8,61.875,49.5,0.39999999999999997,0.8,61.875,0.39999999999999997,1
Personal | r25_c17 | Tuesday,Personal,r25_c17,Tuesday,810.0,13:30-14:00,4,3,20,5,True,0.2,0.2,750.0,12:30-13:00,0.2,60.0,60.0,False,True,60.0,12.0,0.1,True,True,0.8,61.875,49.5,0.39999999999999997,0.8,61.875,0.39999999999999997,2
Personal | r25_c17 | Tuesday,Personal,r25_c17,Tuesday,690.0,11:30-12:00,2,2,20,5,True,0.1,0.1,750.0,12:30-13:00,0.2,-60.0,60.0,False,True,60.0,6.0,0.05,True,True,0.8,61.875,49.5,0.39999999999999997,0.8,61.875,0.39999999999999997,3
Personal | r25_c17 | Tuesday,Personal,r25_c17,Tuesday,720.0,12:00-12:30,2,1,20,5,True,0.1,0.1,750.0,12:30-13:00,0.2,-30.0,30.0,False,True,30.0,3.0,0.025,True,True,0.8,61.875,49.5,0.39999999999999997,0.8,61.875,0.39999999999999997,4
Personal | r25_c17 | Tuesday,Personal,r25_c17,Tuesday,840.0,14:00-14:30,2,2,20,5,True,0.1,0.1,750.0,12:30-13:00,0.2,90.0,90.0,False,True,90.0,9.0,0.075,True,True,0.8,61.875,49.5,0.39999999999999997,0.8,61.875,0.39999999999999997,5
Personal | r25_c17 | Tuesday,Personal,r25_c17,Tuesday,870.0,14:30-15:00,1,1,20,5,True,0.05,0.05,750.0,12:30-13:00,0.2,120.0,120.0,False,True,120.0,6.0,0.05,True,True,0.8,61.875,49.5,0.39999999999999997,0.8,61.875,0.39999999999999997,6
Personal | r25_c17 | Tuesday,Personal,r25_c17,Tuesday,900.0,15:00-15:30,1,1,20,5,True,0.05,0.05,750.0,12:30-13:00,0.2,150.0,150.0,False,True,120.0,7.5,0.05,True,True,0.8,61.875,49.5,0.39999999999999997,0.8,61.875,0.39999999999999997,7
Personal | r25_c17 | Wednesday,Personal,r25_c17,Wednesday,900.0,15:00-15:30,6,2,27,8,True,0.2222222222222222,0.2222222222222222,810.0,13:30-14:00,0.25925925925925924,90.0,90.0,False,True,90.0,20.0,0.16666666666666666,True,True,0.7407407407407407,67.5,50.0,0.41666666666666663,0.7407407407407407,67.5,0.41666666666666663,1
Personal | r25_c17 | Wednesday,Personal,r25_c17,Wednesday,870.0,14:30-15:00,4,2,27,8,True,0.14814814814814814,0.14814814814814814,810.0,13:30-14:00,0.25925925925925924,60.0,60.0,False,True,60.0,8.88888888888889,0.07407407407407408,True,True,0.7407407407407407,67.5,50.0,0.41666666666666663,0.7407407407407407,67.5,0.41666666666666663,2
Personal | r25_c17 | Wednesday,Personal,r25_c17,Wednesday,840.0,14:00-14:30,3,1,27,8,True,0.1111111111111111,0.1111111111111111,810.0,13:30-14:00,0.25925925925925924,30.0,30.0,False,True,30.0,3.333333333333333,0.027777777777777776,True,True,0.7407407407407407,67.5,50.0,0.41666666666666663,0.7407407407407407,67.5,0.41666666666666663,3
Personal | r25_c17 | Wednesday,Personal,r25_c17,Wednesday,720.0,12:00-12:30,2,2,27,8,True,0.07407407407407407,0.07407407407407407,810.0,13:30-14:00,0.25925925925925924,-90.0,90.0,False,True,90.0,6.666666666666666,0.05555555555555555,True,True,0.7407407407407407,67.5,50.0,0.41666666666666663,0.7407407407407407,67.5,0.41666666666666663,4
Personal | r25_c17 | Wednesday,Personal,r25_c17,Wednesday,750.0,12:30-13:00,2,2,27,8,True,0.07407407407407407,0.07407407407407407,810.0,13:30-14:00,0.25925925925925924,-60.0,60.0,False,True,60.0,4.444444444444445,0.03703703703703704,True,True,0.7407407407407407,67.5,50.0,0.41666666666666663,0.7407407407407407,67.5,0.41666666666666663,5
Personal | r25_c17 | Wednesday,Personal,r25_c17,Wednesday,780.0,13:00-13:30,2,2,27,8,True,0.07407407407407407,0.07407407407407407,810.0,13:30-14:00,0.25925925925925924,-30.0,30.0,False,True,30.0,2.2222222222222223,0.01851851851851852,True,True,0.7407407407407407,67.5,50.0,0.41666666666666663,0.7407407407407407,67.5,0.41666666666666663,6
Personal | r25_c17 | Wednesday,Personal,r25_c17,Wednesday,690.0,11:30-12:00,1,1,27,8,True,0.037037037037037035,0.037037037037037035,810.0,13:30-14:00,0.25925925925925924,-120.0,120.0,False,True,120.0,4.444444444444445,0.03703703703703704,True,True,0.7407407407407407,67.5,50.0,0.41666666666666663,0.7407407407407407,67.5,0.41666666666666663,7
Personal | r26_c11 | Friday,Personal,r26_c11,Friday,570.0,09:30-10:00,7,7,16,16,True,0.4375,0.4375,600.0,10:00-10:30,0.5,-30.0,30.0,False,True,30.0,13.125,0.109375,True,True,0.5,30.0,15.0,0.125,0.5,30.0,0.125,1
Personal | r26_c11 | Friday,Personal,r26_c11,Friday,630.0,10:30-11:00,1,1,16,16,True,0.0625,0.0625,600.0,10:00-10:30,0.5,30.0,30.0,False,True,30.0,1.875,0.015625,True,True,0.5,30.0,15.0,0.125,0.5,30.0,0.125,2
Personal | r26_c11 | Monday,Personal,r26_c11,Monday,570.0,09:30-10:00,5,4,16,12,True,0.3125,0.3125,600.0,10:00-10:30,0.4375,-30.0,30.0,False,True,30.0,9.375,0.078125,True,True,0.5625,50.0,28.125,0.234375,0.5625,50.0,0.234375,1
Personal | r26_c11 | Monday,Personal,r26_c11,Monday,480.0,08:00-08:30,1,1,16,12,True,0.0625,0.0625,600.0,10:00-10:30,0.4375,-120.0,120.0,False,True,120.0,7.5,0.0625,True,True,0.5625,50.0,28.125,0.234375,0.5625,50.0,0.234375,2
Personal | r26_c11 | Monday,Personal,r26_c11,Monday,630.0,10:30-11:00,1,1,16,12,True,0.0625,0.0625,600.0,10:00-10:30,0.4375,30.0,30.0,False,True,30.0,1.875,0.015625,True,True,0.5625,50.0,28.125,0.234375,0.5625,50.0,0.234375,3
Personal | r26_c11 | Monday,Personal,r26_c11,Monday,660.0,11:00-11:30,1,1,16,12,True,0.0625,0.0625,600.0,10:00-10:30,0.4375,60.0,60.0,False,True,60.0,3.75,0.03125,True,True,0.5625,50.0,28.125,0.234375,0.5625,50.0,0.234375,4
Personal | r26_c11 | Monday,Personal,r26_c11,Monday,690.0,11:30-12:00,1,1,16,12,True,0.0625,0.0625,600.0,10:00-10:30,0.4375,90.0,90.0,False,True,90.0,5.625,0.046875,True,True,0.5625,50.0,28.125,0.234375,0.5625,50.0,0.234375,5
Personal | r26_c11 | Thursday,Personal,r26_c11,Thursday,600.0,10:00-10:30,7,7,25,16,True,0.28,0.28,540.0,09:00-09:30,0.32,60.0,60.0,False,True,60.0,16.8,0.14,True,True,0.6799999999999999,97.05882352941177,66.0,0.4,0.6799999999999999,97.05882352941177,0.4,1
Personal | r26_c11 | Thursday,Personal,r26_c11,Thursday,570.0,09:30-10:00,3,3,25,16,True,0.12,0.12,540.0,09:00-09:30,0.32,30.0,30.0,False,True,30.0,3.5999999999999996,0.029999999999999995,True,True,0.6799999999999999,97.05882352941177,66.0,0.4,0.6799999999999999,97.05882352941177,0.4,2
Personal | r26_c11 | Thursday,Personal,r26_c11,Thursday,480.0,08:00-08:30,2,2,25,16,True,0.08,0.08,540.0,09:00-09:30,0.32,-60.0,60.0,False,True,60.0,4.8,0.04,True,True,0.6799999999999999,97.05882352941177,66.0,0.4,0.6799999999999999,97.05882352941177,0.4,3
Personal | r26_c11 | Thursday,Personal,r26_c11,Thursday,630.0,10:30-11:00,1,1,25,16,True,0.04,0.04,540.0,09:00-09:30,0.32,90.0,90.0,False,True,90.0,3.6,0.030000000000000002,True,True,0.6799999999999999,97.05882352941177,66.0,0.4,0.6799999999999999,97.05882352941177,0.4,4
Personal | r26_c11 | Thursday,Personal,r26_c11,Thursday,660.0,11:00-11:30,1,1,25,16,True,0.04,0.04,540.0,09:00-09:30,0.32,120.0,120.0,False,True,120.0,4.8,0.04,True,True,0.6799999999999999,97.05882352941177,66.0,0.4,0.6799999999999999,97.05882352941177,0.4,5
Personal | r26_c11 | Thursday,Personal,r26_c11,Thursday,690.0,11:30-12:00,1,1,25,16,True,0.04,0.04,540.0,09:00-09:30,0.32,150.0,150.0,False,True,120.0,6.0,0.04,True,True,0.6799999999999999,97.05882352941177,66.0,0.4,0.6799999999999999,97.05882352941177,0.4,6
Personal | r26_c11 | Thursday,Personal,r26_c11,Thursday,840.0,14:00-14:30,1,1,25,16,True,0.04,0.04,540.0,09:00-09:30,0.32,300.0,300.0,False,True,120.0,12.0,0.04,True,True,0.6799999999999999,97.05882352941177,66.0,0.4,0.6799999999999999,97.05882352941177,0.4,7
Personal | r26_c11 | Thursday,Personal,r26_c11,Thursday,900.0,15:00-15:30,1,1,25,16,True,0.04,0.04,540.0,09:00-09:30,0.32,360.0,360.0,False,True,120.0,14.4,0.04,True,True,0.6799999999999999,97.05882352941177,66.0,0.4,0.6799999999999999,97.05882352941177,0.4,8
Personal | r26_c11 | Tuesday,Personal,r26_c11,Tuesday,600.0,10:00-10:30,9,8,30,16,True,0.3,0.3,570.0,09:30-10:00,0.3333333333333333,30.0,30.0,False,True,30.0,9.0,0.075,True,True,0.6666666666666667,41.99999999999999,28.0,0.2333333333333333,0.6666666666666667,41.99999999999999,0.2333333333333333,1
Personal | r26_c11 | Tuesday,Personal,r26_c11,Tuesday,540.0,09:00-09:30,4,2,30,16,True,0.13333333333333333,0.13333333333333333,570.0,09:30-10:00,0.3333333333333333,-30.0,30.0,False,True,30.0,4.0,0.03333333333333333,True,True,0.6666666666666667,41.99999999999999,28.0,0.2333333333333333,0.6666666666666667,41.99999999999999,0.2333333333333333,2
Personal | r26_c11 | Tuesday,Personal,r26_c11,Tuesday,630.0,10:30-11:00,4,2,30,16,True,0.13333333333333333,0.13333333333333333,570.0,09:30-10:00,0.3333333333333333,60.0,60.0,False,True,60.0,8.0,0.06666666666666667,True,True,0.6666666666666667,41.99999999999999,28.0,0.2333333333333333,0.6666666666666667,41.99999999999999,0.2333333333333333,3
Personal | r26_c11 | Tuesday,Personal,r26_c11,Tuesday,510.0,08:30-09:00,2,1,30,16,True,0.06666666666666667,0.06666666666666667,570.0,09:30-10:00,0.3333333333333333,-60.0,60.0,False,True,60.0,4.0,0.03333333333333333,True,True,0.6666666666666667,41.99999999999999,28.0,0.2333333333333333,0.6666666666666667,41.99999999999999,0.2333333333333333,4
Personal | r26_c11 | Tuesday,Personal,r26_c11,Tuesday,660.0,11:00-11:30,1,1,30,16,True,0.03333333333333333,0.03333333333333333,570.0,09:30-10:00,0.3333333333333333,90.0,90.0,False,True,90.0,3.0,0.025,True,True,0.6666666666666667,41.99999999999999,28.0,0.2333333333333333,0.6666666666666667,41.99999999999999,0.2333333333333333,5
Personal | r26_c11 | Wednesday,Personal,r26_c11,Wednesday,600.0,10:00-10:30,6,6,21,17,True,0.2857142857142857,0.2857142857142857,570.0,09:30-10:00,0.38095238095238093,30.0,30.0,False,True,30.0,8.571428571428571,0.07142857142857142,True,True,0.6190476190476191,48.46153846153846,30.0,0.25,0.6190476190476191,48.46153846153846,0.25,1
Personal | r26_c11 | Wednesday,Personal,r26_c11,Wednesday,540.0,09:00-09:30,3,3,21,17,True,0.14285714285714285,0.14285714285714285,570.0,09:30-10:00,0.38095238095238093,-30.0,30.0,False,True,30.0,4.285714285714286,0.03571428571428571,True,True,0.6190476190476191,48.46153846153846,30.0,0.25,0.6190476190476191,48.46153846153846,0.25,2
Personal | r26_c11 | Wednesday,Personal,r26_c11,Wednesday,480.0,08:00-08:30,1,1,21,17,True,0.047619047619047616,0.047619047619047616,570.0,09:30-10:00,0.38095238095238093,-90.0,90.0,False,True,90.0,4.285714285714286,0.03571428571428571,True,True,0.6190476190476191,48.46153846153846,30.0,0.25,0.6190476190476191,48.46153846153846,0.25,3
Personal | r26_c11 | Wednesday,Personal,r26_c11,Wednesday,630.0,10:30-11:00,1,1,21,17,True,0.047619047619047616,0.047619047619047616,570.0,09:30-10:00,0.38095238095238093,60.0,60.0,False,True,60.0,2.8571428571428568,0.023809523809523805,True,True,0.6190476190476191,48.46153846153846,30.0,0.25,0.6190476190476191,48.46153846153846,0.25,4
Personal | r26_c11 | Wednesday,Personal,r26_c11,Wednesday,660.0,11:00-11:30,1,1,21,17,True,0.047619047619047616,0.047619047619047616,570.0,09:30-10:00,0.38095238095238093,90.0,90.0,False,True,90.0,4.285714285714286,0.03571428571428571,True,True,0.6190476190476191,48.46153846153846,30.0,0.25,0.6190476190476191,48.46153846153846,0.25,5
Personal | r26_c11 | Wednesday,Personal,r26_c11,Wednesday,690.0,11:30-12:00,1,1,21,17,True,0.047619047619047616,0.047619047619047616,570.0,09:30-10:00,0.38095238095238093,120.0,120.0,False,True,120.0,5.7142857142857135,0.04761904761904761,True,True,0.6190476190476191,48.46153846153846,30.0,0.25,0.6190476190476191,48.46153846153846,0.25,6
Personal | r26_c12 | Thursday,Personal,r26_c12,Thursday,600.0,10:00-10:30,3,2,14,7,True,0.21428571428571427,0.21428571428571427,570.0,09:30-10:00,0.21428571428571427,30.0,30.0,False,True,30.0,6.428571428571428,0.05357142857142857,True,True,0.7857142857142857,120.00000000000001,94.28571428571429,0.5357142857142856,0.7857142857142857,120.00000000000001,0.5357142857142856,1
Personal | r26_c12 | Thursday,Personal,r26_c12,Thursday,720.0,12:00-12:30,3,2,14,7,True,0.21428571428571427,0.21428571428571427,570.0,09:30-10:00,0.21428571428571427,150.0,150.0,False,True,120.0,32.14285714285714,0.21428571428571427,True,True,0.7857142857142857,120.00000000000001,94.28571428571429,0.5357142857142856,0.7857142857142857,120.00000000000001,0.5357142857142856,2
Personal | r26_c12 | Thursday,Personal,r26_c12,Thursday,540.0,09:00-09:30,1,1,14,7,True,0.07142857142857142,0.07142857142857142,570.0,09:30-10:00,0.21428571428571427,-30.0,30.0,False,True,30.0,2.142857142857143,0.017857142857142856,True,True,0.7857142857142857,120.00000000000001,94.28571428571429,0.5357142857142856,0.7857142857142857,120.00000000000001,0.5357142857142856,3
Personal | r26_c12 | Thursday,Personal,r26_c12,Thursday,630.0,10:30-11:00,1,1,14,7,True,0.07142857142857142,0.07142857142857142,570.0,09:30-10:00,0.21428571428571427,60.0,60.0,False,True,60.0,4.285714285714286,0.03571428571428571,True,True,0.7857142857142857,120.00000000000001,94.28571428571429,0.5357142857142856,0.7857142857142857,120.00000000000001,0.5357142857142856,4
Personal | r26_c12 | Thursday,Personal,r26_c12,Thursday,690.0,11:30-12:00,1,1,14,7,True,0.07142857142857142,0.07142857142857142,570.0,09:30-10:00,0.21428571428571427,120.0,120.0,False,True,120.0,8.571428571428571,0.07142857142857142,True,True,0.7857142857142857,120.00000000000001,94.28571428571429,0.5357142857142856,0.7857142857142857,120.00000000000001,0.5357142857142856,5
Personal | r26_c12 | Thursday,Personal,r26_c12,Thursday,840.0,14:00-14:30,1,1,14,7,True,0.07142857142857142,0.07142857142857142,570.0,09:30-10:00,0.21428571428571427,270.0,270.0,False,True,120.0,19.285714285714285,0.07142857142857142,True,True,0.7857142857142857,120.00000000000001,94.28571428571429,0.5357142857142856,0.7857142857142857,120.00000000000001,0.5357142857142856,6
Personal | r26_c12 | Thursday,Personal,r26_c12,Thursday,870.0,14:30-15:00,1,1,14,7,True,0.07142857142857142,0.07142857142857142,570.0,09:30-10:00,0.21428571428571427,300.0,300.0,False,True,120.0,21.428571428571427,0.07142857142857142,True,True,0.7857142857142857,120.00000000000001,94.28571428571429,0.5357142857142856,0.7857142857142857,120.00000000000001,0.5357142857142856,7
Personal | r32_c14 | Monday,Personal,r32_c14,Monday,810.0,13:30-14:00,3,1,13,4,True,0.23076923076923078,0.23076923076923078,570.0,09:30-10:00,0.23076923076923078,240.0,240.0,False,True,120.0,55.38461538461539,0.23076923076923078,True,True,0.7692307692307692,156.0,120.0,0.5769230769230769,0.7692307692307692,156.0,0.5769230769230769,1
Personal | r32_c14 | Monday,Personal,r32_c14,Monday,510.0,08:30-09:00,2,2,13,4,True,0.15384615384615385,0.15384615384615385,570.0,09:30-10:00,0.23076923076923078,-60.0,60.0,False,True,60.0,9.230769230769232,0.07692307692307693,True,True,0.7692307692307692,156.0,120.0,0.5769230769230769,0.7692307692307692,156.0,0.5769230769230769,2
Personal | r32_c14 | Monday,Personal,r32_c14,Monday,540.0,09:00-09:30,2,1,13,4,True,0.15384615384615385,0.15384615384615385,570.0,09:30-10:00,0.23076923076923078,-30.0,30.0,False,True,30.0,4.615384615384616,0.038461538461538464,True,True,0.7692307692307692,156.0,120.0,0.5769230769230769,0.7692307692307692,156.0,0.5769230769230769,3
Personal | r32_c14 | Monday,Personal,r32_c14,Monday,750.0,12:30-13:00,1,1,13,4,True,0.07692307692307693,0.07692307692307693,570.0,09:30-10:00,0.23076923076923078,180.0,180.0,False,True,120.0,13.846153846153847,0.07692307692307693,True,True,0.7692307692307692,156.0,120.0,0.5769230769230769,0.7692307692307692,156.0,0.5769230769230769,4
Personal | r32_c14 | Monday,Personal,r32_c14,Monday,780.0,13:00-13:30,1,1,13,4,True,0.07692307692307693,0.07692307692307693,570.0,09:30-10:00,0.23076923076923078,210.0,210.0,False,True,120.0,16.153846153846153,0.07692307692307693,True,True,0.7692307692307692,156.0,120.0,0.5769230769230769,0.7692307692307692,156.0,0.5769230769230769,5
Personal | r32_c14 | Monday,Personal,r32_c14,Monday,840.0,14:00-14:30,1,1,13,4,True,0.07692307692307693,0.07692307692307693,570.0,09:30-10:00,0.23076923076923078,270.0,270.0,False,True,120.0,20.76923076923077,0.07692307692307693,True,True,0.7692307692307692,156.0,120.0,0.5769230769230769,0.7692307692307692,156.0,0.5769230769230769,6
Personal | r8_c11 | Monday,Personal,r8_c11,Monday,540.0,09:00-09:30,6,2,17,4,True,0.35294117647058826,0.35294117647058826,600.0,10:00-10:30,0.47058823529411764,-60.0,60.0,False,True,60.0,21.176470588235297,0.17647058823529413,True,True,0.5294117647058824,50.00000000000001,26.470588235294123,0.22058823529411767,0.5294117647058824,50.00000000000001,0.22058823529411767,1
Personal | r8_c11 | Monday,Personal,r8_c11,Monday,570.0,09:30-10:00,3,2,17,4,True,0.17647058823529413,0.17647058823529413,600.0,10:00-10:30,0.47058823529411764,-30.0,30.0,False,True,30.0,5.294117647058824,0.04411764705882353,True,True,0.5294117647058824,50.00000000000001,26.470588235294123,0.22058823529411767,0.5294117647058824,50.00000000000001,0.22058823529411767,2
Personal | r8_c13 | Friday,Personal,r8_c13,Friday,540.0,09:00-09:30,4,2,20,6,True,0.2,0.2,570.0,09:30-10:00,0.3,-30.0,30.0,False,True,30.0,6.0,0.05,True,True,0.7,68.57142857142857,48.0,0.36250000000000004,0.7,68.57142857142857,0.36250000000000004,1
Personal | r8_c13 | Friday,Personal,r8_c13,Friday,600.0,10:00-10:30,3,3,20,6,True,0.15,0.15,570.0,09:30-10:00,0.3,30.0,30.0,False,True,30.0,4.5,0.0375,True,True,0.7,68.57142857142857,48.0,0.36250000000000004,0.7,68.57142857142857,0.36250000000000004,2
Personal | r8_c13 | Friday,Personal,r8_c13,Friday,720.0,12:00-12:30,3,2,20,6,True,0.15,0.15,570.0,09:30-10:00,0.3,150.0,150.0,False,True,120.0,22.5,0.15,True,True,0.7,68.57142857142857,48.0,0.36250000000000004,0.7,68.57142857142857,0.36250000000000004,3
Personal | r8_c13 | Friday,Personal,r8_c13,Friday,660.0,11:00-11:30,2,1,20,6,True,0.1,0.1,570.0,09:30-10:00,0.3,90.0,90.0,False,True,90.0,9.0,0.075,True,True,0.7,68.57142857142857,48.0,0.36250000000000004,0.7,68.57142857142857,0.36250000000000004,4
Personal | r8_c13 | Friday,Personal,r8_c13,Friday,510.0,08:30-09:00,1,1,20,6,True,0.05,0.05,570.0,09:30-10:00,0.3,-60.0,60.0,False,True,60.0,3.0,0.025,True,True,0.7,68.57142857142857,48.0,0.36250000000000004,0.7,68.57142857142857,0.36250000000000004,5
Personal | r8_c13 | Friday,Personal,r8_c13,Friday,630.0,10:30-11:00,1,1,20,6,True,0.05,0.05,570.0,09:30-10:00,0.3,60.0,60.0,False,True,60.0,3.0,0.025,True,True,0.7,68.57142857142857,48.0,0.36250000000000004,0.7,68.57142857142857,0.36250000000000004,6
Personal | r8_c13 | Monday,Personal,r8_c13,Monday,570.0,09:30-10:00,4,4,18,5,True,0.2222222222222222,0.2222222222222222,540.0,09:00-09:30,0.3333333333333333,30.0,30.0,False,True,30.0,6.666666666666666,0.05555555555555555,True,True,0.6666666666666667,52.49999999999999,35.0,0.29166666666666663,0.6666666666666667,52.49999999999999,0.29166666666666663,1
Personal | r8_c13 | Monday,Personal,r8_c13,Monday,600.0,10:00-10:30,4,2,18,5,True,0.2222222222222222,0.2222222222222222,540.0,09:00-09:30,0.3333333333333333,60.0,60.0,False,True,60.0,13.333333333333332,0.1111111111111111,True,True,0.6666666666666667,52.49999999999999,35.0,0.29166666666666663,0.6666666666666667,52.49999999999999,0.29166666666666663,2
Personal | r8_c13 | Monday,Personal,r8_c13,Monday,510.0,08:30-09:00,2,1,18,5,True,0.1111111111111111,0.1111111111111111,540.0,09:00-09:30,0.3333333333333333,-30.0,30.0,False,True,30.0,3.333333333333333,0.027777777777777776,True,True,0.6666666666666667,52.49999999999999,35.0,0.29166666666666663,0.6666666666666667,52.49999999999999,0.29166666666666663,3
Personal | r8_c13 | Monday,Personal,r8_c13,Monday,630.0,10:30-11:00,1,1,18,5,True,0.05555555555555555,0.05555555555555555,540.0,09:00-09:30,0.3333333333333333,90.0,90.0,False,True,90.0,5.0,0.041666666666666664,True,True,0.6666666666666667,52.49999999999999,35.0,0.29166666666666663,0.6666666666666667,52.49999999999999,0.29166666666666663,4
Personal | r8_c13 | Monday,Personal,r8_c13,Monday,660.0,11:00-11:30,1,1,18,5,True,0.05555555555555555,0.05555555555555555,540.0,09:00-09:30,0.3333333333333333,120.0,120.0,False,True,120.0,6.666666666666666,0.05555555555555555,True,True,0.6666666666666667,52.49999999999999,35.0,0.29166666666666663,0.6666666666666667,52.49999999999999,0.29166666666666663,5
Personal | r8_c13 | Wednesday,Personal,r8_c13,Wednesday,600.0,10:00-10:30,4,2,10,4,True,0.4,0.4,570.0,09:30-10:00,0.4,30.0,30.0,False,True,30.0,12.0,0.1,True,True,0.6,40.0,24.0,0.2,0.6,40.0,0.2,1
Personal | r8_c13 | Wednesday,Personal,r8_c13,Wednesday,630.0,10:30-11:00,2,2,10,4,True,0.2,0.2,570.0,09:30-10:00,0.4,60.0,60.0,False,True,60.0,12.0,0.1,True,True,0.6,40.0,24.0,0.2,0.6,40.0,0.2,2
Recreation | r10_c12 | Wednesday,Recreation,r10_c12,Wednesday,660.0,11:00-11:30,2,2,11,6,True,0.18181818181818182,0.18181818181818182,600.0,10:00-10:30,0.6363636363636364,60.0,60.0,False,True,60.0,10.90909090909091,0.09090909090909091,True,True,0.36363636363636365,67.5,24.545454545454547,0.20454545454545456,0.36363636363636365,67.5,0.20454545454545456,1
Recreation | r10_c12 | Wednesday,Recreation,r10_c12,Wednesday,630.0,10:30-11:00,1,1,11,6,True,0.09090909090909091,0.09090909090909091,600.0,10:00-10:30,0.6363636363636364,30.0,30.0,False,True,30.0,2.7272727272727275,0.022727272727272728,True,True,0.36363636363636365,67.5,24.545454545454547,0.20454545454545456,0.36363636363636365,67.5,0.20454545454545456,2
Recreation | r10_c12 | Wednesday,Recreation,r10_c12,Wednesday,720.0,12:00-12:30,1,1,11,6,True,0.09090909090909091,0.09090909090909091,600.0,10:00-10:30,0.6363636363636364,120.0,120.0,False,True,120.0,10.90909090909091,0.09090909090909091,True,True,0.36363636363636365,67.5,24.545454545454547,0.20454545454545456,0.36363636363636365,67.5,0.20454545454545456,3
Recreation | r18_c8 | Friday,Recreation,r18_c8,Friday,930.0,15:30-16:00,4,2,20,12,True,0.2,0.2,900.0,15:00-15:30,0.7,30.0,30.0,False,True,30.0,6.0,0.05,True,True,0.30000000000000004,29.999999999999996,9.0,0.07500000000000001,0.30000000000000004,29.999999999999996,0.07500000000000001,1
Recreation | r18_c8 | Friday,Recreation,r18_c8,Friday,870.0,14:30-15:00,2,2,20,12,True,0.1,0.1,900.0,15:00-15:30,0.7,-30.0,30.0,False,True,30.0,3.0,0.025,True,True,0.30000000000000004,29.999999999999996,9.0,0.07500000000000001,0.30000000000000004,29.999999999999996,0.07500000000000001,2
Recreation | r18_c8 | Thursday,Recreation,r18_c8,Thursday,870.0,14:30-15:00,4,3,22,11,True,0.18181818181818182,0.18181818181818182,900.0,15:00-15:30,0.6363636363636364,-30.0,30.0,False,True,30.0,5.454545454545455,0.045454545454545456,True,True,0.36363636363636365,45.00000000000001,16.363636363636367,0.13636363636363635,0.36363636363636365,45.00000000000001,0.13636363636363635,1
Recreation | r18_c8 | Thursday,Recreation,r18_c8,Thursday,840.0,14:00-14:30,2,1,22,11,True,0.09090909090909091,0.09090909090909091,900.0,15:00-15:30,0.6363636363636364,-60.0,60.0,False,True,60.0,5.454545454545455,0.045454545454545456,True,True,0.36363636363636365,45.00000000000001,16.363636363636367,0.13636363636363635,0.36363636363636365,45.00000000000001,0.13636363636363635,2
Recreation | r18_c8 | Thursday,Recreation,r18_c8,Thursday,810.0,13:30-14:00,1,1,22,11,True,0.045454545454545456,0.045454545454545456,900.0,15:00-15:30,0.6363636363636364,-90.0,90.0,False,True,90.0,4.090909090909091,0.03409090909090909,True,True,0.36363636363636365,45.00000000000001,16.363636363636367,0.13636363636363635,0.36363636363636365,45.00000000000001,0.13636363636363635,3
Recreation | r18_c8 | Thursday,Recreation,r18_c8,Thursday,930.0,15:30-16:00,1,1,22,11,True,0.045454545454545456,0.045454545454545456,900.0,15:00-15:30,0.6363636363636364,30.0,30.0,False,True,30.0,1.3636363636363638,0.011363636363636364,True,True,0.36363636363636365,45.00000000000001,16.363636363636367,0.13636363636363635,0.36363636363636365,45.00000000000001,0.13636363636363635,4
Recreation | r19_c14 | Friday,Recreation,r19_c14,Friday,630.0,10:30-11:00,8,6,29,14,True,0.27586206896551724,0.27586206896551724,660.0,11:00-11:30,0.4482758620689655,-30.0,30.0,False,True,30.0,8.275862068965518,0.06896551724137931,True,True,0.5517241379310345,35.625,19.655172413793103,0.16379310344827586,0.5517241379310345,35.625,0.16379310344827586,1
Recreation | r19_c14 | Friday,Recreation,r19_c14,Friday,690.0,11:30-12:00,5,3,29,14,True,0.1724137931034483,0.1724137931034483,660.0,11:00-11:30,0.4482758620689655,30.0,30.0,False,True,30.0,5.172413793103448,0.04310344827586207,True,True,0.5517241379310345,35.625,19.655172413793103,0.16379310344827586,0.5517241379310345,35.625,0.16379310344827586,2
Recreation | r19_c14 | Friday,Recreation,r19_c14,Friday,720.0,12:00-12:30,3,2,29,14,True,0.10344827586206896,0.10344827586206896,660.0,11:00-11:30,0.4482758620689655,60.0,60.0,False,True,60.0,6.206896551724138,0.05172413793103448,True,True,0.5517241379310345,35.625,19.655172413793103,0.16379310344827586,0.5517241379310345,35.625,0.16379310344827586,3
Recreation | r19_c14 | Monday,Recreation,r19_c14,Monday,660.0,11:00-11:30,6,6,17,11,True,0.35294117647058826,0.35294117647058826,630.0,10:30-11:00,0.5882352941176471,30.0,30.0,False,True,30.0,10.588235294117649,0.08823529411764706,True,True,0.4117647058823529,34.28571428571429,14.11764705882353,0.11764705882352941,0.4117647058823529,34.28571428571429,0.11764705882352941,1
Recreation | r19_c14 | Monday,Recreation,r19_c14,Monday,690.0,11:30-12:00,1,1,17,11,True,0.058823529411764705,0.058823529411764705,630.0,10:30-11:00,0.5882352941176471,60.0,60.0,False,True,60.0,3.5294117647058822,0.029411764705882353,True,True,0.4117647058823529,34.28571428571429,14.11764705882353,0.11764705882352941,0.4117647058823529,34.28571428571429,0.11764705882352941,2
Recreation | r19_c14 | Wednesday,Recreation,r19_c14,Wednesday,690.0,11:30-12:00,6,3,33,13,True,0.18181818181818182,0.18181818181818182,660.0,11:00-11:30,0.5454545454545454,30.0,30.0,False,True,30.0,5.454545454545455,0.045454545454545456,True,True,0.4545454545454546,48.0,21.81818181818182,0.17424242424242425,0.4545454545454546,48.0,0.17424242424242425,1
Recreation | r19_c14 | Wednesday,Recreation,r19_c14,Wednesday,630.0,10:30-11:00,5,4,33,13,True,0.15151515151515152,0.15151515151515152,660.0,11:00-11:30,0.5454545454545454,-30.0,30.0,False,True,30.0,4.545454545454546,0.03787878787878788,True,True,0.4545454545454546,48.0,21.81818181818182,0.17424242424242425,0.4545454545454546,48.0,0.17424242424242425,2
Recreation | r19_c14 | Wednesday,Recreation,r19_c14,Wednesday,750.0,12:30-13:00,2,1,33,13,True,0.06060606060606061,0.06060606060606061,660.0,11:00-11:30,0.5454545454545454,90.0,90.0,False,True,90.0,5.454545454545455,0.045454545454545456,True,True,0.4545454545454546,48.0,21.81818181818182,0.17424242424242425,0.4545454545454546,48.0,0.17424242424242425,3
Recreation | r19_c14 | Wednesday,Recreation,r19_c14,Wednesday,720.0,12:00-12:30,1,1,33,13,True,0.030303030303030304,0.030303030303030304,660.0,11:00-11:30,0.5454545454545454,60.0,60.0,False,True,60.0,1.8181818181818183,0.015151515151515154,True,True,0.4545454545454546,48.0,21.81818181818182,0.17424242424242425,0.4545454545454546,48.0,0.17424242424242425,4
Recreation | r19_c14 | Wednesday,Recreation,r19_c14,Wednesday,810.0,13:30-14:00,1,1,33,13,True,0.030303030303030304,0.030303030303030304,660.0,11:00-11:30,0.5454545454545454,150.0,150.0,False,True,120.0,4.545454545454546,0.030303030303030307,True,True,0.4545454545454546,48.0,21.81818181818182,0.17424242424242425,0.4545454545454546,48.0,0.17424242424242425,5
Recreation | r20_c12 | Thursday,Recreation,r20_c12,Thursday,870.0,14:30-15:00,1,1,37,30,True,0.02702702702702703,0.02702702702702703,840.0,14:00-14:30,0.972972972972973,30.0,30.0,False,True,30.0,0.8108108108108109,0.006756756756756757,True,True,0.027027027027026973,30.00000000000006,0.8108108108108109,0.006756756756756757,0.027027027027026973,30.00000000000006,0.006756756756756757,1
Recreation | r20_c13 | Friday,Recreation,r20_c13,Friday,570.0,09:30-10:00,2,2,11,5,True,0.18181818181818182,0.18181818181818182,540.0,09:00-09:30,0.18181818181818182,30.0,30.0,False,True,30.0,5.454545454545455,0.045454545454545456,True,True,0.8181818181818181,180.00000000000003,147.27272727272728,0.6363636363636365,0.8181818181818181,180.00000000000003,0.6363636363636365,1
Recreation | r20_c13 | Friday,Recreation,r20_c13,Friday,750.0,12:30-13:00,2,2,11,5,True,0.18181818181818182,0.18181818181818182,540.0,09:00-09:30,0.18181818181818182,210.0,210.0,False,True,120.0,38.18181818181818,0.18181818181818182,True,True,0.8181818181818181,180.00000000000003,147.27272727272728,0.6363636363636365,0.8181818181818181,180.00000000000003,0.6363636363636365,2
Recreation | r20_c13 | Friday,Recreation,r20_c13,Friday,600.0,10:00-10:30,1,1,11,5,True,0.09090909090909091,0.09090909090909091,540.0,09:00-09:30,0.18181818181818182,60.0,60.0,False,True,60.0,5.454545454545455,0.045454545454545456,True,True,0.8181818181818181,180.00000000000003,147.27272727272728,0.6363636363636365,0.8181818181818181,180.00000000000003,0.6363636363636365,3
Recreation | r20_c13 | Friday,Recreation,r20_c13,Friday,720.0,12:00-12:30,1,1,11,5,True,0.09090909090909091,0.09090909090909091,540.0,09:00-09:30,0.18181818181818182,180.0,180.0,False,True,120.0,16.363636363636363,0.09090909090909091,True,True,0.8181818181818181,180.00000000000003,147.27272727272728,0.6363636363636365,0.8181818181818181,180.00000000000003,0.6363636363636365,4
Recreation | r20_c13 | Friday,Recreation,r20_c13,Friday,810.0,13:30-14:00,1,1,11,5,True,0.09090909090909091,0.09090909090909091,540.0,09:00-09:30,0.18181818181818182,270.0,270.0,False,True,120.0,24.545454545454547,0.09090909090909091,True,True,0.8181818181818181,180.00000000000003,147.27272727272728,0.6363636363636365,0.8181818181818181,180.00000000000003,0.6363636363636365,5
Recreation | r20_c13 | Friday,Recreation,r20_c13,Friday,840.0,14:00-14:30,1,1,11,5,True,0.09090909090909091,0.09090909090909091,540.0,09:00-09:30,0.18181818181818182,300.0,300.0,False,True,120.0,27.272727272727273,0.09090909090909091,True,True,0.8181818181818181,180.00000000000003,147.27272727272728,0.6363636363636365,0.8181818181818181,180.00000000000003,0.6363636363636365,6
Recreation | r20_c13 | Friday,Recreation,r20_c13,Friday,870.0,14:30-15:00,1,1,11,5,True,0.09090909090909091,0.09090909090909091,540.0,09:00-09:30,0.18181818181818182,330.0,330.0,False,True,120.0,30.0,0.09090909090909091,True,True,0.8181818181818181,180.00000000000003,147.27272727272728,0.6363636363636365,0.8181818181818181,180.00000000000003,0.6363636363636365,7
Recreation | r20_c7 | Friday,Recreation,r20_c7,Friday,780.0,13:00-13:30,1,1,17,14,True,0.058823529411764705,0.058823529411764705,720.0,12:00-12:30,0.8823529411764706,60.0,60.0,False,True,60.0,3.5294117647058822,0.029411764705882353,True,True,0.11764705882352944,74.99999999999999,8.823529411764707,0.07352941176470587,0.11764705882352944,74.99999999999999,0.07352941176470587,1
Recreation | r20_c7 | Friday,Recreation,r20_c7,Friday,810.0,13:30-14:00,1,1,17,14,True,0.058823529411764705,0.058823529411764705,720.0,12:00-12:30,0.8823529411764706,90.0,90.0,False,True,90.0,5.294117647058823,0.044117647058823525,True,True,0.11764705882352944,74.99999999999999,8.823529411764707,0.07352941176470587,0.11764705882352944,74.99999999999999,0.07352941176470587,2
Recreation | r20_c9 | Friday,Recreation,r20_c9,Friday,480.0,08:00-08:30,3,1,11,3,True,0.2727272727272727,0.2727272727272727,540.0,09:00-09:30,0.36363636363636365,-60.0,60.0,False,True,60.0,16.363636363636363,0.13636363636363635,True,True,0.6363636363636364,85.71428571428572,54.54545454545455,0.2954545454545454,0.6363636363636364,85.71428571428572,0.2954545454545454,1
Recreation | r20_c9 | Friday,Recreation,r20_c9,Friday,510.0,08:30-09:00,3,1,11,3,True,0.2727272727272727,0.2727272727272727,540.0,09:00-09:30,0.36363636363636365,-30.0,30.0,False,True,30.0,8.181818181818182,0.06818181818181818,True,True,0.6363636363636364,85.71428571428572,54.54545454545455,0.2954545454545454,0.6363636363636364,85.71428571428572,0.2954545454545454,2
Recreation | r20_c9 | Friday,Recreation,r20_c9,Friday,870.0,14:30-15:00,1,1,11,3,True,0.09090909090909091,0.09090909090909091,540.0,09:00-09:30,0.36363636363636365,330.0,330.0,False,True,120.0,30.0,0.09090909090909091,True,True,0.6363636363636364,85.71428571428572,54.54545454545455,0.2954545454545454,0.6363636363636364,85.71428571428572,0.2954545454545454,3
Recreation | r21_c12 | Friday,Recreation,r21_c12,Friday,810.0,13:30-14:00,5,1,21,4,True,0.23809523809523808,0.23809523809523808,780.0,13:00-13:30,0.3333333333333333,30.0,30.0,False,True,30.0,7.142857142857142,0.05952380952380952,True,True,0.6666666666666667,111.4285714285714,74.28571428571428,0.3571428571428571,0.6666666666666667,111.4285714285714,0.3571428571428571,1
Recreation | r21_c12 | Friday,Recreation,r21_c12,Friday,750.0,12:30-13:00,3,1,21,4,True,0.14285714285714285,0.14285714285714285,780.0,13:00-13:30,0.3333333333333333,-30.0,30.0,False,True,30.0,4.285714285714286,0.03571428571428571,True,True,0.6666666666666667,111.4285714285714,74.28571428571428,0.3571428571428571,0.6666666666666667,111.4285714285714,0.3571428571428571,2
Recreation | r21_c12 | Friday,Recreation,r21_c12,Friday,540.0,09:00-09:30,2,2,21,4,True,0.09523809523809523,0.09523809523809523,780.0,13:00-13:30,0.3333333333333333,-240.0,240.0,False,True,120.0,22.857142857142854,0.09523809523809522,True,True,0.6666666666666667,111.4285714285714,74.28571428571428,0.3571428571428571,0.6666666666666667,111.4285714285714,0.3571428571428571,3
Recreation | r21_c12 | Friday,Recreation,r21_c12,Friday,480.0,08:00-08:30,1,1,21,4,True,0.047619047619047616,0.047619047619047616,780.0,13:00-13:30,0.3333333333333333,-300.0,300.0,False,True,120.0,14.285714285714285,0.04761904761904761,True,True,0.6666666666666667,111.4285714285714,74.28571428571428,0.3571428571428571,0.6666666666666667,111.4285714285714,0.3571428571428571,4
Recreation | r21_c12 | Friday,Recreation,r21_c12,Friday,510.0,08:30-09:00,1,1,21,4,True,0.047619047619047616,0.047619047619047616,780.0,13:00-13:30,0.3333333333333333,-270.0,270.0,False,True,120.0,12.857142857142856,0.04761904761904761,True,True,0.6666666666666667,111.4285714285714,74.28571428571428,0.3571428571428571,0.6666666666666667,111.4285714285714,0.3571428571428571,5
Recreation | r21_c12 | Friday,Recreation,r21_c12,Friday,570.0,09:30-10:00,1,1,21,4,True,0.047619047619047616,0.047619047619047616,780.0,13:00-13:30,0.3333333333333333,-210.0,210.0,False,True,120.0,10.0,0.04761904761904761,True,True,0.6666666666666667,111.4285714285714,74.28571428571428,0.3571428571428571,0.6666666666666667,111.4285714285714,0.3571428571428571,6
Recreation | r21_c12 | Friday,Recreation,r21_c12,Friday,720.0,12:00-12:30,1,1,21,4,True,0.047619047619047616,0.047619047619047616,780.0,13:00-13:30,0.3333333333333333,-60.0,60.0,False,True,60.0,2.8571428571428568,0.023809523809523805,True,True,0.6666666666666667,111.4285714285714,74.28571428571428,0.3571428571428571,0.6666666666666667,111.4285714285714,0.3571428571428571,7
Recreation | r21_c12 | Tuesday,Recreation,r21_c12,Tuesday,600.0,10:00-10:30,6,1,13,3,True,0.46153846153846156,0.46153846153846156,570.0,09:30-10:00,0.5384615384615384,30.0,30.0,False,True,30.0,13.846153846153847,0.11538461538461539,True,True,0.46153846153846156,30.0,13.846153846153847,0.11538461538461539,0.46153846153846156,30.0,0.11538461538461539,1
Recreation | r21_c8 | Friday,Recreation,r21_c8,Friday,570.0,09:30-10:00,2,2,13,12,True,0.15384615384615385,0.15384615384615385,600.0,10:00-10:30,0.6923076923076923,-30.0,30.0,False,True,30.0,4.615384615384616,0.038461538461538464,True,True,0.3076923076923077,30.0,9.230769230769232,0.07692307692307693,0.3076923076923077,30.0,0.07692307692307693,1
Recreation | r21_c8 | Friday,Recreation,r21_c8,Friday,630.0,10:30-11:00,2,2,13,12,True,0.15384615384615385,0.15384615384615385,600.0,10:00-10:30,0.6923076923076923,30.0,30.0,False,True,30.0,4.615384615384616,0.038461538461538464,True,True,0.3076923076923077,30.0,9.230769230769232,0.07692307692307693,0.3076923076923077,30.0,0.07692307692307693,2
Recreation | r21_c8 | Thursday,Recreation,r21_c8,Thursday,570.0,09:30-10:00,2,2,13,11,True,0.15384615384615385,0.15384615384615385,600.0,10:00-10:30,0.7692307692307693,-30.0,30.0,False,True,30.0,4.615384615384616,0.038461538461538464,True,True,0.23076923076923073,30.000000000000007,6.923076923076923,0.057692307692307696,0.23076923076923073,30.000000000000007,0.057692307692307696,1
Recreation | r21_c8 | Thursday,Recreation,r21_c8,Thursday,630.0,10:30-11:00,1,1,13,11,True,0.07692307692307693,0.07692307692307693,600.0,10:00-10:30,0.7692307692307693,30.0,30.0,False,True,30.0,2.307692307692308,0.019230769230769232,True,True,0.23076923076923073,30.000000000000007,6.923076923076923,0.057692307692307696,0.23076923076923073,30.000000000000007,0.057692307692307696,2
Recreation | r21_c9 | Friday,Recreation,r21_c9,Friday,840.0,14:00-14:30,1,1,17,14,True,0.058823529411764705,0.058823529411764705,810.0,13:30-14:00,0.9411764705882353,30.0,30.0,False,True,30.0,1.7647058823529411,0.014705882352941176,True,True,0.05882352941176472,29.999999999999993,1.7647058823529411,0.014705882352941176,0.05882352941176472,29.999999999999993,0.014705882352941176,1
Recreation | r22_c11 | Thursday,Recreation,r22_c11,Thursday,840.0,14:00-14:30,4,3,50,7,True,0.08,0.08,750.0,12:30-13:00,0.78,90.0,90.0,False,True,90.0,7.2,0.060000000000000005,True,True,0.21999999999999997,92.72727272727273,20.4,0.17,0.21999999999999997,92.72727272727273,0.17,1
Recreation | r22_c11 | Thursday,Recreation,r22_c11,Thursday,870.0,14:30-15:00,3,2,50,7,True,0.06,0.06,750.0,12:30-13:00,0.78,120.0,120.0,False,True,120.0,7.199999999999999,0.05999999999999999,True,True,0.21999999999999997,92.72727272727273,20.4,0.17,0.21999999999999997,92.72727272727273,0.17,2
Recreation | r22_c11 | Thursday,Recreation,r22_c11,Thursday,630.0,10:30-11:00,2,1,50,7,True,0.04,0.04,750.0,12:30-13:00,0.78,-120.0,120.0,False,True,120.0,4.8,0.04,True,True,0.21999999999999997,92.72727272727273,20.4,0.17,0.21999999999999997,92.72727272727273,0.17,3
Recreation | r22_c11 | Thursday,Recreation,r22_c11,Thursday,780.0,13:00-13:30,2,1,50,7,True,0.04,0.04,750.0,12:30-13:00,0.78,30.0,30.0,False,True,30.0,1.2,0.01,True,True,0.21999999999999997,92.72727272727273,20.4,0.17,0.21999999999999997,92.72727272727273,0.17,4
Recreation | r22_c12 | Friday,Recreation,r22_c12,Friday,690.0,11:30-12:00,12,1,33,3,True,0.36363636363636365,0.36363636363636365,750.0,12:30-13:00,0.48484848484848486,-60.0,60.0,False,True,60.0,21.81818181818182,0.18181818181818182,True,True,0.5151515151515151,105.88235294117648,54.54545454545455,0.3106060606060606,0.5151515151515151,105.88235294117648,0.3106060606060606,1
Recreation | r22_c12 | Friday,Recreation,r22_c12,Friday,450.0,07:30-08:00,3,1,33,3,True,0.09090909090909091,0.09090909090909091,750.0,12:30-13:00,0.48484848484848486,-300.0,300.0,False,True,120.0,27.272727272727273,0.09090909090909091,True,True,0.5151515151515151,105.88235294117648,54.54545454545455,0.3106060606060606,0.5151515151515151,105.88235294117648,0.3106060606060606,2
Recreation | r22_c12 | Friday,Recreation,r22_c12,Friday,600.0,10:00-10:30,1,1,33,3,True,0.030303030303030304,0.030303030303030304,750.0,12:30-13:00,0.48484848484848486,-150.0,150.0,False,True,120.0,4.545454545454546,0.030303030303030307,True,True,0.5151515151515151,105.88235294117648,54.54545454545455,0.3106060606060606,0.5151515151515151,105.88235294117648,0.3106060606060606,3
Recreation | r22_c12 | Friday,Recreation,r22_c12,Friday,720.0,12:00-12:30,1,1,33,3,True,0.030303030303030304,0.030303030303030304,750.0,12:30-13:00,0.48484848484848486,-30.0,30.0,False,True,30.0,0.9090909090909092,0.007575757575757577,True,True,0.5151515151515151,105.88235294117648,54.54545454545455,0.3106060606060606,0.5151515151515151,105.88235294117648,0.3106060606060606,4
Recreation | r23_c10 | Friday,Recreation,r23_c10,Friday,570.0,09:30-10:00,7,2,39,5,True,0.1794871794871795,0.1794871794871795,510.0,08:30-09:00,0.3333333333333333,60.0,60.0,False,True,60.0,10.76923076923077,0.08974358974358974,True,True,0.6666666666666667,65.76923076923076,43.84615384615385,0.36538461538461536,0.6666666666666667,65.76923076923076,0.36538461538461536,1
Recreation | r23_c10 | Friday,Recreation,r23_c10,Friday,600.0,10:00-10:30,7,1,39,5,True,0.1794871794871795,0.1794871794871795,510.0,08:30-09:00,0.3333333333333333,90.0,90.0,False,True,90.0,16.153846153846153,0.1346153846153846,True,True,0.6666666666666667,65.76923076923076,43.84615384615385,0.36538461538461536,0.6666666666666667,65.76923076923076,0.36538461538461536,2
Recreation | r23_c10 | Friday,Recreation,r23_c10,Friday,480.0,08:00-08:30,4,2,39,5,True,0.10256410256410256,0.10256410256410256,510.0,08:30-09:00,0.3333333333333333,-30.0,30.0,False,True,30.0,3.0769230769230766,0.02564102564102564,True,True,0.6666666666666667,65.76923076923076,43.84615384615385,0.36538461538461536,0.6666666666666667,65.76923076923076,0.36538461538461536,3
Recreation | r23_c10 | Friday,Recreation,r23_c10,Friday,540.0,09:00-09:30,4,2,39,5,True,0.10256410256410256,0.10256410256410256,510.0,08:30-09:00,0.3333333333333333,30.0,30.0,False,True,30.0,3.0769230769230766,0.02564102564102564,True,True,0.6666666666666667,65.76923076923076,43.84615384615385,0.36538461538461536,0.6666666666666667,65.76923076923076,0.36538461538461536,4
Recreation | r23_c10 | Friday,Recreation,r23_c10,Friday,630.0,10:30-11:00,3,1,39,5,True,0.07692307692307693,0.07692307692307693,510.0,08:30-09:00,0.3333333333333333,120.0,120.0,False,True,120.0,9.230769230769232,0.07692307692307693,True,True,0.6666666666666667,65.76923076923076,43.84615384615385,0.36538461538461536,0.6666666666666667,65.76923076923076,0.36538461538461536,5
Recreation | r23_c10 | Friday,Recreation,r23_c10,Friday,450.0,07:30-08:00,1,1,39,5,True,0.02564102564102564,0.02564102564102564,510.0,08:30-09:00,0.3333333333333333,-60.0,60.0,False,True,60.0,1.5384615384615383,0.01282051282051282,True,True,0.6666666666666667,65.76923076923076,43.84615384615385,0.36538461538461536,0.6666666666666667,65.76923076923076,0.36538461538461536,6
Recreation | r24_c12 | Thursday,Recreation,r24_c12,Thursday,480.0,08:00-08:30,2,1,10,6,True,0.2,0.2,540.0,09:00-09:30,0.6,-60.0,60.0,False,True,60.0,12.0,0.1,True,True,0.4,45.0,18.0,0.15,0.4,45.0,0.15,1
Recreation | r24_c12 | Thursday,Recreation,r24_c12,Thursday,510.0,08:30-09:00,1,1,10,6,True,0.1,0.1,540.0,09:00-09:30,0.6,-30.0,30.0,False,True,30.0,3.0,0.025,True,True,0.4,45.0,18.0,0.15,0.4,45.0,0.15,2
Recreation | r24_c12 | Thursday,Recreation,r24_c12,Thursday,570.0,09:30-10:00,1,1,10,6,True,0.1,0.1,540.0,09:00-09:30,0.6,30.0,30.0,False,True,30.0,3.0,0.025,True,True,0.4,45.0,18.0,0.15,0.4,45.0,0.15,3
Recreation | r24_c12 | Tuesday,Recreation,r24_c12,Tuesday,570.0,09:30-10:00,6,3,26,8,True,0.23076923076923078,0.23076923076923078,540.0,09:00-09:30,0.5384615384615384,30.0,30.0,False,True,30.0,6.923076923076923,0.057692307692307696,True,True,0.46153846153846156,39.99999999999999,18.46153846153846,0.15384615384615385,0.46153846153846156,39.99999999999999,0.15384615384615385,1
Recreation | r24_c12 | Tuesday,Recreation,r24_c12,Tuesday,480.0,08:00-08:30,3,2,26,8,True,0.11538461538461539,0.11538461538461539,540.0,09:00-09:30,0.5384615384615384,-60.0,60.0,False,True,60.0,6.923076923076923,0.057692307692307696,True,True,0.46153846153846156,39.99999999999999,18.46153846153846,0.15384615384615385,0.46153846153846156,39.99999999999999,0.15384615384615385,2
Recreation | r24_c12 | Tuesday,Recreation,r24_c12,Tuesday,510.0,08:30-09:00,2,2,26,8,True,0.07692307692307693,0.07692307692307693,540.0,09:00-09:30,0.5384615384615384,-30.0,30.0,False,True,30.0,2.307692307692308,0.019230769230769232,True,True,0.46153846153846156,39.99999999999999,18.46153846153846,0.15384615384615385,0.46153846153846156,39.99999999999999,0.15384615384615385,3
Recreation | r24_c12 | Tuesday,Recreation,r24_c12,Tuesday,600.0,10:00-10:30,1,1,26,8,True,0.038461538461538464,0.038461538461538464,540.0,09:00-09:30,0.5384615384615384,60.0,60.0,False,True,60.0,2.307692307692308,0.019230769230769232,True,True,0.46153846153846156,39.99999999999999,18.46153846153846,0.15384615384615385,0.46153846153846156,39.99999999999999,0.15384615384615385,4
Recreation | r26_c12 | Thursday,Recreation,r26_c12,Thursday,450.0,07:30-08:00,1,1,37,30,True,0.02702702702702703,0.02702702702702703,420.0,07:00-07:30,0.972972972972973,30.0,30.0,False,True,30.0,0.8108108108108109,0.006756756756756757,True,True,0.027027027027026973,30.00000000000006,0.8108108108108109,0.006756756756756757,0.027027027027026973,30.00000000000006,0.006756756756756757,1
Recreation | r26_c12 | Tuesday,Recreation,r26_c12,Tuesday,450.0,07:30-08:00,4,3,44,32,True,0.09090909090909091,0.09090909090909091,420.0,07:00-07:30,0.9090909090909091,30.0,30.0,False,True,30.0,2.7272727272727275,0.022727272727272728,True,True,0.09090909090909094,29.999999999999993,2.7272727272727275,0.022727272727272728,0.09090909090909094,29.999999999999993,0.022727272727272728,1
Shopping | r10_c14 | Thursday,Shopping,r10_c14,Thursday,660.0,11:00-11:30,3,1,10,4,True,0.3,0.3,600.0,10:00-10:30,0.6,60.0,60.0,False,True,60.0,18.0,0.15,True,True,0.4,52.5,21.0,0.175,0.4,52.5,0.175,1
Shopping | r10_c14 | Thursday,Shopping,r10_c14,Thursday,630.0,10:30-11:00,1,1,10,4,True,0.1,0.1,600.0,10:00-10:30,0.6,30.0,30.0,False,True,30.0,3.0,0.025,True,True,0.4,52.5,21.0,0.175,0.4,52.5,0.175,2
Shopping | r10_c18 | Friday,Shopping,r10_c18,Friday,570.0,09:30-10:00,2,1,11,5,True,0.18181818181818182,0.18181818181818182,600.0,10:00-10:30,0.36363636363636365,-30.0,30.0,False,True,30.0,5.454545454545455,0.045454545454545456,True,True,0.6363636363636364,154.2857142857143,98.18181818181819,0.5,0.6363636363636364,154.2857142857143,0.5,1
Shopping | r10_c18 | Friday,Shopping,r10_c18,Friday,840.0,14:00-14:30,2,1,11,5,True,0.18181818181818182,0.18181818181818182,600.0,10:00-10:30,0.36363636363636365,240.0,240.0,False,True,120.0,43.63636363636364,0.18181818181818182,True,True,0.6363636363636364,154.2857142857143,98.18181818181819,0.5,0.6363636363636364,154.2857142857143,0.5,2
Shopping | r10_c18 | Friday,Shopping,r10_c18,Friday,750.0,12:30-13:00,1,1,11,5,True,0.09090909090909091,0.09090909090909091,600.0,10:00-10:30,0.36363636363636365,150.0,150.0,False,True,120.0,13.636363636363637,0.09090909090909091,True,True,0.6363636363636364,154.2857142857143,98.18181818181819,0.5,0.6363636363636364,154.2857142857143,0.5,3
Shopping | r10_c18 | Friday,Shopping,r10_c18,Friday,780.0,13:00-13:30,1,1,11,5,True,0.09090909090909091,0.09090909090909091,600.0,10:00-10:30,0.36363636363636365,180.0,180.0,False,True,120.0,16.363636363636363,0.09090909090909091,True,True,0.6363636363636364,154.2857142857143,98.18181818181819,0.5,0.6363636363636364,154.2857142857143,0.5,4
Shopping | r10_c18 | Friday,Shopping,r10_c18,Friday,810.0,13:30-14:00,1,1,11,5,True,0.09090909090909091,0.09090909090909091,600.0,10:00-10:30,0.36363636363636365,210.0,210.0,False,True,120.0,19.09090909090909,0.09090909090909091,True,True,0.6363636363636364,154.2857142857143,98.18181818181819,0.5,0.6363636363636364,154.2857142857143,0.5,5
Shopping | r10_c18 | Tuesday,Shopping,r10_c18,Tuesday,630.0,10:30-11:00,2,1,10,6,True,0.2,0.2,600.0,10:00-10:30,0.3,30.0,30.0,False,True,30.0,6.0,0.05,True,True,0.7,85.71428571428572,60.0,0.45000000000000007,0.7,85.71428571428572,0.45000000000000007,1
Shopping | r10_c18 | Tuesday,Shopping,r10_c18,Tuesday,720.0,12:00-12:30,2,2,10,6,True,0.2,0.2,600.0,10:00-10:30,0.3,120.0,120.0,False,True,120.0,24.0,0.2,True,True,0.7,85.71428571428572,60.0,0.45000000000000007,0.7,85.71428571428572,0.45000000000000007,2
Shopping | r10_c18 | Tuesday,Shopping,r10_c18,Tuesday,570.0,09:30-10:00,1,1,10,6,True,0.1,0.1,600.0,10:00-10:30,0.3,-30.0,30.0,False,True,30.0,3.0,0.025,True,True,0.7,85.71428571428572,60.0,0.45000000000000007,0.7,85.71428571428572,0.45000000000000007,3
Shopping | r10_c18 | Tuesday,Shopping,r10_c18,Tuesday,690.0,11:30-12:00,1,1,10,6,True,0.1,0.1,600.0,10:00-10:30,0.3,90.0,90.0,False,True,90.0,9.0,0.075,True,True,0.7,85.71428571428572,60.0,0.45000000000000007,0.7,85.71428571428572,0.45000000000000007,4
Shopping | r10_c18 | Tuesday,Shopping,r10_c18,Tuesday,780.0,13:00-13:30,1,1,10,6,True,0.1,0.1,600.0,10:00-10:30,0.3,180.0,180.0,False,True,120.0,18.0,0.1,True,True,0.7,85.71428571428572,60.0,0.45000000000000007,0.7,85.71428571428572,0.45000000000000007,5
Shopping | r12_c12 | Friday,Shopping,r12_c12,Friday,810.0,13:30-14:00,8,7,31,12,True,0.25806451612903225,0.25806451612903225,840.0,14:00-14:30,0.3548387096774194,-30.0,30.0,False,True,30.0,7.741935483870968,0.06451612903225806,True,True,0.6451612903225806,51.00000000000001,32.903225806451616,0.27419354838709675,0.6451612903225806,51.00000000000001,0.27419354838709675,1
Shopping | r12_c12 | Friday,Shopping,r12_c12,Friday,870.0,14:30-15:00,4,4,31,12,True,0.12903225806451613,0.12903225806451613,840.0,14:00-14:30,0.3548387096774194,30.0,30.0,False,True,30.0,3.870967741935484,0.03225806451612903,True,True,0.6451612903225806,51.00000000000001,32.903225806451616,0.27419354838709675,0.6451612903225806,51.00000000000001,0.27419354838709675,2
Shopping | r12_c12 | Friday,Shopping,r12_c12,Friday,780.0,13:00-13:30,3,3,31,12,True,0.0967741935483871,0.0967741935483871,840.0,14:00-14:30,0.3548387096774194,-60.0,60.0,False,True,60.0,5.806451612903226,0.04838709677419355,True,True,0.6451612903225806,51.00000000000001,32.903225806451616,0.27419354838709675,0.6451612903225806,51.00000000000001,0.27419354838709675,3
Shopping | r12_c12 | Friday,Shopping,r12_c12,Friday,720.0,12:00-12:30,2,1,31,12,True,0.06451612903225806,0.06451612903225806,840.0,14:00-14:30,0.3548387096774194,-120.0,120.0,False,True,120.0,7.741935483870968,0.06451612903225806,True,True,0.6451612903225806,51.00000000000001,32.903225806451616,0.27419354838709675,0.6451612903225806,51.00000000000001,0.27419354838709675,4
Shopping | r12_c12 | Friday,Shopping,r12_c12,Friday,750.0,12:30-13:00,2,2,31,12,True,0.06451612903225806,0.06451612903225806,840.0,14:00-14:30,0.3548387096774194,-90.0,90.0,False,True,90.0,5.806451612903226,0.04838709677419355,True,True,0.6451612903225806,51.00000000000001,32.903225806451616,0.27419354838709675,0.6451612903225806,51.00000000000001,0.27419354838709675,5
Shopping | r12_c12 | Friday,Shopping,r12_c12,Friday,900.0,15:00-15:30,1,1,31,12,True,0.03225806451612903,0.03225806451612903,840.0,14:00-14:30,0.3548387096774194,60.0,60.0,False,True,60.0,1.935483870967742,0.016129032258064516,True,True,0.6451612903225806,51.00000000000001,32.903225806451616,0.27419354838709675,0.6451612903225806,51.00000000000001,0.27419354838709675,6
Shopping | r12_c12 | Monday,Shopping,r12_c12,Monday,780.0,13:00-13:30,4,4,21,10,True,0.19047619047619047,0.19047619047619047,840.0,14:00-14:30,0.23809523809523808,-60.0,60.0,False,True,60.0,11.428571428571427,0.09523809523809522,True,True,0.7619047619047619,67.5,51.42857142857142,0.40476190476190466,0.7619047619047619,67.5,0.40476190476190466,1
Shopping | r12_c12 | Monday,Shopping,r12_c12,Monday,810.0,13:30-14:00,3,3,21,10,True,0.14285714285714285,0.14285714285714285,840.0,14:00-14:30,0.23809523809523808,-30.0,30.0,False,True,30.0,4.285714285714286,0.03571428571428571,True,True,0.7619047619047619,67.5,51.42857142857142,0.40476190476190466,0.7619047619047619,67.5,0.40476190476190466,2
Shopping | r12_c12 | Monday,Shopping,r12_c12,Monday,870.0,14:30-15:00,3,3,21,10,True,0.14285714285714285,0.14285714285714285,840.0,14:00-14:30,0.23809523809523808,30.0,30.0,False,True,30.0,4.285714285714286,0.03571428571428571,True,True,0.7619047619047619,67.5,51.42857142857142,0.40476190476190466,0.7619047619047619,67.5,0.40476190476190466,3
Shopping | r12_c12 | Monday,Shopping,r12_c12,Monday,720.0,12:00-12:30,2,2,21,10,True,0.09523809523809523,0.09523809523809523,840.0,14:00-14:30,0.23809523809523808,-120.0,120.0,False,True,120.0,11.428571428571427,0.09523809523809522,True,True,0.7619047619047619,67.5,51.42857142857142,0.40476190476190466,0.7619047619047619,67.5,0.40476190476190466,4
Shopping | r12_c12 | Monday,Shopping,r12_c12,Monday,750.0,12:30-13:00,2,2,21,10,True,0.09523809523809523,0.09523809523809523,840.0,14:00-14:30,0.23809523809523808,-90.0,90.0,False,True,90.0,8.571428571428571,0.07142857142857142,True,True,0.7619047619047619,67.5,51.42857142857142,0.40476190476190466,0.7619047619047619,67.5,0.40476190476190466,5
Shopping | r12_c12 | Monday,Shopping,r12_c12,Monday,660.0,11:00-11:30,1,1,21,10,True,0.047619047619047616,0.047619047619047616,840.0,14:00-14:30,0.23809523809523808,-180.0,180.0,False,True,120.0,8.571428571428571,0.04761904761904761,True,True,0.7619047619047619,67.5,51.42857142857142,0.40476190476190466,0.7619047619047619,67.5,0.40476190476190466,6
Shopping | r12_c12 | Monday,Shopping,r12_c12,Monday,900.0,15:00-15:30,1,1,21,10,True,0.047619047619047616,0.047619047619047616,840.0,14:00-14:30,0.23809523809523808,60.0,60.0,False,True,60.0,2.8571428571428568,0.023809523809523805,True,True,0.7619047619047619,67.5,51.42857142857142,0.40476190476190466,0.7619047619047619,67.5,0.40476190476190466,7
Shopping | r12_c12 | Thursday,Shopping,r12_c12,Thursday,780.0,13:00-13:30,11,8,53,17,True,0.20754716981132076,0.20754716981132076,840.0,14:00-14:30,0.22641509433962265,-60.0,60.0,False,True,60.0,12.452830188679245,0.10377358490566038,True,True,0.7735849056603774,66.58536585365853,51.509433962264154,0.41037735849056606,0.7735849056603774,66.58536585365853,0.41037735849056606,1
Shopping | r12_c12 | Thursday,Shopping,r12_c12,Thursday,810.0,13:30-14:00,8,7,53,17,True,0.1509433962264151,0.1509433962264151,840.0,14:00-14:30,0.22641509433962265,-30.0,30.0,False,True,30.0,4.528301886792453,0.03773584905660377,True,True,0.7735849056603774,66.58536585365853,51.509433962264154,0.41037735849056606,0.7735849056603774,66.58536585365853,0.41037735849056606,2
Shopping | r12_c12 | Thursday,Shopping,r12_c12,Thursday,870.0,14:30-15:00,7,6,53,17,True,0.1320754716981132,0.1320754716981132,840.0,14:00-14:30,0.22641509433962265,30.0,30.0,False,True,30.0,3.9622641509433962,0.0330188679245283,True,True,0.7735849056603774,66.58536585365853,51.509433962264154,0.41037735849056606,0.7735849056603774,66.58536585365853,0.41037735849056606,3
Shopping | r12_c12 | Thursday,Shopping,r12_c12,Thursday,720.0,12:00-12:30,5,5,53,17,True,0.09433962264150944,0.09433962264150944,840.0,14:00-14:30,0.22641509433962265,-120.0,120.0,False,True,120.0,11.320754716981133,0.09433962264150944,True,True,0.7735849056603774,66.58536585365853,51.509433962264154,0.41037735849056606,0.7735849056603774,66.58536585365853,0.41037735849056606,4
Shopping | r12_c12 | Thursday,Shopping,r12_c12,Thursday,750.0,12:30-13:00,4,4,53,17,True,0.07547169811320754,0.07547169811320754,840.0,14:00-14:30,0.22641509433962265,-90.0,90.0,False,True,90.0,6.792452830188679,0.056603773584905655,True,True,0.7735849056603774,66.58536585365853,51.509433962264154,0.41037735849056606,0.7735849056603774,66.58536585365853,0.41037735849056606,5
Shopping | r12_c12 | Thursday,Shopping,r12_c12,Thursday,900.0,15:00-15:30,3,3,53,17,True,0.05660377358490566,0.05660377358490566,840.0,14:00-14:30,0.22641509433962265,60.0,60.0,False,True,60.0,3.3962264150943398,0.02830188679245283,True,True,0.7735849056603774,66.58536585365853,51.509433962264154,0.41037735849056606,0.7735849056603774,66.58536585365853,0.41037735849056606,6
Shopping | r12_c12 | Thursday,Shopping,r12_c12,Thursday,690.0,11:30-12:00,2,2,53,17,True,0.03773584905660377,0.03773584905660377,840.0,14:00-14:30,0.22641509433962265,-150.0,150.0,False,True,120.0,5.660377358490566,0.03773584905660377,True,True,0.7735849056603774,66.58536585365853,51.509433962264154,0.41037735849056606,0.7735849056603774,66.58536585365853,0.41037735849056606,7
Shopping | r12_c12 | Thursday,Shopping,r12_c12,Thursday,660.0,11:00-11:30,1,1,53,17,True,0.018867924528301886,0.018867924528301886,840.0,14:00-14:30,0.22641509433962265,-180.0,180.0,False,True,120.0,3.3962264150943393,0.018867924528301886,True,True,0.7735849056603774,66.58536585365853,51.509433962264154,0.41037735849056606,0.7735849056603774,66.58536585365853,0.41037735849056606,8
Shopping | r12_c12 | Tuesday,Shopping,r12_c12,Tuesday,780.0,13:00-13:30,12,8,72,23,True,0.16666666666666666,0.16666666666666666,840.0,14:00-14:30,0.20833333333333334,-60.0,60.0,False,True,60.0,10.0,0.08333333333333333,True,True,0.7916666666666666,67.36842105263158,53.33333333333333,0.4305555555555556,0.7916666666666666,67.36842105263158,0.4305555555555556,1
Shopping | r12_c12 | Tuesday,Shopping,r12_c12,Tuesday,810.0,13:30-14:00,9,7,72,23,True,0.125,0.125,840.0,14:00-14:30,0.20833333333333334,-30.0,30.0,False,True,30.0,3.75,0.03125,True,True,0.7916666666666666,67.36842105263158,53.33333333333333,0.4305555555555556,0.7916666666666666,67.36842105263158,0.4305555555555556,2
Shopping | r12_c12 | Tuesday,Shopping,r12_c12,Tuesday,900.0,15:00-15:30,9,4,72,23,True,0.125,0.125,840.0,14:00-14:30,0.20833333333333334,60.0,60.0,False,True,60.0,7.5,0.0625,True,True,0.7916666666666666,67.36842105263158,53.33333333333333,0.4305555555555556,0.7916666666666666,67.36842105263158,0.4305555555555556,3
Shopping | r12_c12 | Tuesday,Shopping,r12_c12,Tuesday,750.0,12:30-13:00,8,5,72,23,True,0.1111111111111111,0.1111111111111111,840.0,14:00-14:30,0.20833333333333334,-90.0,90.0,False,True,90.0,10.0,0.08333333333333333,True,True,0.7916666666666666,67.36842105263158,53.33333333333333,0.4305555555555556,0.7916666666666666,67.36842105263158,0.4305555555555556,4
Shopping | r12_c12 | Tuesday,Shopping,r12_c12,Tuesday,870.0,14:30-15:00,8,6,72,23,True,0.1111111111111111,0.1111111111111111,840.0,14:00-14:30,0.20833333333333334,30.0,30.0,False,True,30.0,3.333333333333333,0.027777777777777776,True,True,0.7916666666666666,67.36842105263158,53.33333333333333,0.4305555555555556,0.7916666666666666,67.36842105263158,0.4305555555555556,5
Shopping | r12_c12 | Tuesday,Shopping,r12_c12,Tuesday,720.0,12:00-12:30,5,5,72,23,True,0.06944444444444445,0.06944444444444445,840.0,14:00-14:30,0.20833333333333334,-120.0,120.0,False,True,120.0,8.333333333333334,0.06944444444444445,True,True,0.7916666666666666,67.36842105263158,53.33333333333333,0.4305555555555556,0.7916666666666666,67.36842105263158,0.4305555555555556,6
Shopping | r12_c12 | Tuesday,Shopping,r12_c12,Tuesday,930.0,15:30-16:00,3,3,72,23,True,0.041666666666666664,0.041666666666666664,840.0,14:00-14:30,0.20833333333333334,90.0,90.0,False,True,90.0,3.75,0.03125,True,True,0.7916666666666666,67.36842105263158,53.33333333333333,0.4305555555555556,0.7916666666666666,67.36842105263158,0.4305555555555556,7
Shopping | r12_c12 | Tuesday,Shopping,r12_c12,Tuesday,690.0,11:30-12:00,2,2,72,23,True,0.027777777777777776,0.027777777777777776,840.0,14:00-14:30,0.20833333333333334,-150.0,150.0,False,True,120.0,4.166666666666666,0.027777777777777776,True,True,0.7916666666666666,67.36842105263158,53.33333333333333,0.4305555555555556,0.7916666666666666,67.36842105263158,0.4305555555555556,8
Shopping | r12_c12 | Tuesday,Shopping,r12_c12,Tuesday,660.0,11:00-11:30,1,1,72,23,True,0.013888888888888888,0.013888888888888888,840.0,14:00-14:30,0.20833333333333334,-180.0,180.0,False,True,120.0,2.5,0.013888888888888888,True,True,0.7916666666666666,67.36842105263158,53.33333333333333,0.4305555555555556,0.7916666666666666,67.36842105263158,0.4305555555555556,9
Shopping | r12_c12 | Wednesday,Shopping,r12_c12,Wednesday,750.0,12:30-13:00,5,4,30,14,True,0.16666666666666666,0.16666666666666666,840.0,14:00-14:30,0.2,-90.0,90.0,False,True,90.0,15.0,0.125,True,True,0.8,71.25,57.0,0.4666666666666666,0.8,71.25,0.4666666666666666,1
Shopping | r12_c12 | Wednesday,Shopping,r12_c12,Wednesday,810.0,13:30-14:00,5,3,30,14,True,0.16666666666666666,0.16666666666666666,840.0,14:00-14:30,0.2,-30.0,30.0,False,True,30.0,5.0,0.041666666666666664,True,True,0.8,71.25,57.0,0.4666666666666666,0.8,71.25,0.4666666666666666,2
Shopping | r12_c12 | Wednesday,Shopping,r12_c12,Wednesday,720.0,12:00-12:30,3,3,30,14,True,0.1,0.1,840.0,14:00-14:30,0.2,-120.0,120.0,False,True,120.0,12.0,0.1,True,True,0.8,71.25,57.0,0.4666666666666666,0.8,71.25,0.4666666666666666,3
Shopping | r12_c12 | Wednesday,Shopping,r12_c12,Wednesday,870.0,14:30-15:00,3,2,30,14,True,0.1,0.1,840.0,14:00-14:30,0.2,30.0,30.0,False,True,30.0,3.0,0.025,True,True,0.8,71.25,57.0,0.4666666666666666,0.8,71.25,0.4666666666666666,4
Shopping | r12_c12 | Wednesday,Shopping,r12_c12,Wednesday,900.0,15:00-15:30,3,2,30,14,True,0.1,0.1,840.0,14:00-14:30,0.2,60.0,60.0,False,True,60.0,6.0,0.05,True,True,0.8,71.25,57.0,0.4666666666666666,0.8,71.25,0.4666666666666666,5
Shopping | r12_c12 | Wednesday,Shopping,r12_c12,Wednesday,780.0,13:00-13:30,2,2,30,14,True,0.06666666666666667,0.06666666666666667,840.0,14:00-14:30,0.2,-60.0,60.0,False,True,60.0,4.0,0.03333333333333333,True,True,0.8,71.25,57.0,0.4666666666666666,0.8,71.25,0.4666666666666666,6
Shopping | r12_c12 | Wednesday,Shopping,r12_c12,Wednesday,690.0,11:30-12:00,1,1,30,14,True,0.03333333333333333,0.03333333333333333,840.0,14:00-14:30,0.2,-150.0,150.0,False,True,120.0,5.0,0.03333333333333333,True,True,0.8,71.25,57.0,0.4666666666666666,0.8,71.25,0.4666666666666666,7
Shopping | r12_c12 | Wednesday,Shopping,r12_c12,Wednesday,930.0,15:30-16:00,1,1,30,14,True,0.03333333333333333,0.03333333333333333,840.0,14:00-14:30,0.2,90.0,90.0,False,True,90.0,3.0,0.025,True,True,0.8,71.25,57.0,0.4666666666666666,0.8,71.25,0.4666666666666666,8
Shopping | r12_c12 | Wednesday,Shopping,r12_c12,Wednesday,960.0,16:00-16:30,1,1,30,14,True,0.03333333333333333,0.03333333333333333,840.0,14:00-14:30,0.2,120.0,120.0,False,True,120.0,4.0,0.03333333333333333,True,True,0.8,71.25,57.0,0.4666666666666666,0.8,71.25,0.4666666666666666,9
Shopping | r14_c11 | Friday,Shopping,r14_c11,Friday,600.0,10:00-10:30,2,2,14,6,True,0.14285714285714285,0.14285714285714285,660.0,11:00-11:30,0.2857142857142857,-60.0,60.0,False,True,60.0,8.571428571428571,0.07142857142857142,True,True,0.7142857142857143,71.99999999999999,51.42857142857142,0.3928571428571428,0.7142857142857143,71.99999999999999,0.3928571428571428,1
Shopping | r14_c11 | Friday,Shopping,r14_c11,Friday,630.0,10:30-11:00,2,1,14,6,True,0.14285714285714285,0.14285714285714285,660.0,11:00-11:30,0.2857142857142857,-30.0,30.0,False,True,30.0,4.285714285714286,0.03571428571428571,True,True,0.7142857142857143,71.99999999999999,51.42857142857142,0.3928571428571428,0.7142857142857143,71.99999999999999,0.3928571428571428,2
Shopping | r14_c11 | Friday,Shopping,r14_c11,Friday,720.0,12:00-12:30,2,2,14,6,True,0.14285714285714285,0.14285714285714285,660.0,11:00-11:30,0.2857142857142857,60.0,60.0,False,True,60.0,8.571428571428571,0.07142857142857142,True,True,0.7142857142857143,71.99999999999999,51.42857142857142,0.3928571428571428,0.7142857142857143,71.99999999999999,0.3928571428571428,3
Shopping | r14_c11 | Friday,Shopping,r14_c11,Friday,690.0,11:30-12:00,1,1,14,6,True,0.07142857142857142,0.07142857142857142,660.0,11:00-11:30,0.2857142857142857,30.0,30.0,False,True,30.0,2.142857142857143,0.017857142857142856,True,True,0.7142857142857143,71.99999999999999,51.42857142857142,0.3928571428571428,0.7142857142857143,71.99999999999999,0.3928571428571428,4
Shopping | r14_c11 | Friday,Shopping,r14_c11,Friday,750.0,12:30-13:00,1,1,14,6,True,0.07142857142857142,0.07142857142857142,660.0,11:00-11:30,0.2857142857142857,90.0,90.0,False,True,90.0,6.428571428571428,0.05357142857142857,True,True,0.7142857142857143,71.99999999999999,51.42857142857142,0.3928571428571428,0.7142857142857143,71.99999999999999,0.3928571428571428,5
Shopping | r14_c11 | Friday,Shopping,r14_c11,Friday,780.0,13:00-13:30,1,1,14,6,True,0.07142857142857142,0.07142857142857142,660.0,11:00-11:30,0.2857142857142857,120.0,120.0,False,True,120.0,8.571428571428571,0.07142857142857142,True,True,0.7142857142857143,71.99999999999999,51.42857142857142,0.3928571428571428,0.7142857142857143,71.99999999999999,0.3928571428571428,6
Shopping | r14_c11 | Friday,Shopping,r14_c11,Friday,840.0,14:00-14:30,1,1,14,6,True,0.07142857142857142,0.07142857142857142,660.0,11:00-11:30,0.2857142857142857,180.0,180.0,False,True,120.0,12.857142857142856,0.07142857142857142,True,True,0.7142857142857143,71.99999999999999,51.42857142857142,0.3928571428571428,0.7142857142857143,71.99999999999999,0.3928571428571428,7
Shopping | r14_c11 | Thursday,Shopping,r14_c11,Thursday,570.0,09:30-10:00,2,2,14,8,True,0.14285714285714285,0.14285714285714285,600.0,10:00-10:30,0.21428571428571427,-30.0,30.0,False,True,30.0,4.285714285714286,0.03571428571428571,True,True,0.7857142857142857,92.72727272727272,72.85714285714285,0.49999999999999994,0.7857142857142857,92.72727272727272,0.49999999999999994,1
Shopping | r14_c11 | Thursday,Shopping,r14_c11,Thursday,630.0,10:30-11:00,2,2,14,8,True,0.14285714285714285,0.14285714285714285,600.0,10:00-10:30,0.21428571428571427,30.0,30.0,False,True,30.0,4.285714285714286,0.03571428571428571,True,True,0.7857142857142857,92.72727272727272,72.85714285714285,0.49999999999999994,0.7857142857142857,92.72727272727272,0.49999999999999994,2
Shopping | r14_c11 | Thursday,Shopping,r14_c11,Thursday,660.0,11:00-11:30,2,2,14,8,True,0.14285714285714285,0.14285714285714285,600.0,10:00-10:30,0.21428571428571427,60.0,60.0,False,True,60.0,8.571428571428571,0.07142857142857142,True,True,0.7857142857142857,92.72727272727272,72.85714285714285,0.49999999999999994,0.7857142857142857,92.72727272727272,0.49999999999999994,3
Shopping | r14_c11 | Thursday,Shopping,r14_c11,Thursday,750.0,12:30-13:00,2,2,14,8,True,0.14285714285714285,0.14285714285714285,600.0,10:00-10:30,0.21428571428571427,150.0,150.0,False,True,120.0,21.428571428571427,0.14285714285714285,True,True,0.7857142857142857,92.72727272727272,72.85714285714285,0.49999999999999994,0.7857142857142857,92.72727272727272,0.49999999999999994,4
Shopping | r14_c11 | Thursday,Shopping,r14_c11,Thursday,780.0,13:00-13:30,2,2,14,8,True,0.14285714285714285,0.14285714285714285,600.0,10:00-10:30,0.21428571428571427,180.0,180.0,False,True,120.0,25.71428571428571,0.14285714285714285,True,True,0.7857142857142857,92.72727272727272,72.85714285714285,0.49999999999999994,0.7857142857142857,92.72727272727272,0.49999999999999994,5
Shopping | r14_c11 | Thursday,Shopping,r14_c11,Thursday,720.0,12:00-12:30,1,1,14,8,True,0.07142857142857142,0.07142857142857142,600.0,10:00-10:30,0.21428571428571427,120.0,120.0,False,True,120.0,8.571428571428571,0.07142857142857142,True,True,0.7857142857142857,92.72727272727272,72.85714285714285,0.49999999999999994,0.7857142857142857,92.72727272727272,0.49999999999999994,6
Shopping | r14_c11 | Tuesday,Shopping,r14_c11,Tuesday,810.0,13:30-14:00,3,3,11,6,True,0.2727272727272727,0.2727272727272727,660.0,11:00-11:30,0.2727272727272727,150.0,150.0,False,True,120.0,40.90909090909091,0.2727272727272727,True,True,0.7272727272727273,108.75,79.0909090909091,0.5454545454545454,0.7272727272727273,108.75,0.5454545454545454,1
Shopping | r14_c11 | Tuesday,Shopping,r14_c11,Tuesday,630.0,10:30-11:00,2,2,11,6,True,0.18181818181818182,0.18181818181818182,660.0,11:00-11:30,0.2727272727272727,-30.0,30.0,False,True,30.0,5.454545454545455,0.045454545454545456,True,True,0.7272727272727273,108.75,79.0909090909091,0.5454545454545454,0.7272727272727273,108.75,0.5454545454545454,2
Shopping | r14_c11 | Tuesday,Shopping,r14_c11,Tuesday,540.0,09:00-09:30,1,1,11,6,True,0.09090909090909091,0.09090909090909091,660.0,11:00-11:30,0.2727272727272727,-120.0,120.0,False,True,120.0,10.90909090909091,0.09090909090909091,True,True,0.7272727272727273,108.75,79.0909090909091,0.5454545454545454,0.7272727272727273,108.75,0.5454545454545454,3
Shopping | r14_c11 | Tuesday,Shopping,r14_c11,Tuesday,720.0,12:00-12:30,1,1,11,6,True,0.09090909090909091,0.09090909090909091,660.0,11:00-11:30,0.2727272727272727,60.0,60.0,False,True,60.0,5.454545454545455,0.045454545454545456,True,True,0.7272727272727273,108.75,79.0909090909091,0.5454545454545454,0.7272727272727273,108.75,0.5454545454545454,4
Shopping | r14_c11 | Tuesday,Shopping,r14_c11,Tuesday,840.0,14:00-14:30,1,1,11,6,True,0.09090909090909091,0.09090909090909091,660.0,11:00-11:30,0.2727272727272727,180.0,180.0,False,True,120.0,16.363636363636363,0.09090909090909091,True,True,0.7272727272727273,108.75,79.0909090909091,0.5454545454545454,0.7272727272727273,108.75,0.5454545454545454,5
Shopping | r14_c11 | Wednesday,Shopping,r14_c11,Wednesday,630.0,10:30-11:00,6,5,23,7,True,0.2608695652173913,0.2608695652173913,600.0,10:00-10:30,0.34782608695652173,30.0,30.0,False,True,30.0,7.826086956521739,0.06521739130434782,True,True,0.6521739130434783,72.0,46.95652173913044,0.32608695652173914,0.6521739130434783,72.0,0.32608695652173914,1
Shopping | r14_c11 | Wednesday,Shopping,r14_c11,Wednesday,660.0,11:00-11:30,5,3,23,7,True,0.21739130434782608,0.21739130434782608,600.0,10:00-10:30,0.34782608695652173,60.0,60.0,False,True,60.0,13.043478260869565,0.10869565217391304,True,True,0.6521739130434783,72.0,46.95652173913044,0.32608695652173914,0.6521739130434783,72.0,0.32608695652173914,2
Shopping | r14_c11 | Wednesday,Shopping,r14_c11,Wednesday,690.0,11:30-12:00,2,2,23,7,True,0.08695652173913043,0.08695652173913043,600.0,10:00-10:30,0.34782608695652173,90.0,90.0,False,True,90.0,7.826086956521739,0.06521739130434782,True,True,0.6521739130434783,72.0,46.95652173913044,0.32608695652173914,0.6521739130434783,72.0,0.32608695652173914,3
Shopping | r14_c11 | Wednesday,Shopping,r14_c11,Wednesday,780.0,13:00-13:30,1,1,23,7,True,0.043478260869565216,0.043478260869565216,600.0,10:00-10:30,0.34782608695652173,180.0,180.0,False,True,120.0,7.826086956521739,0.043478260869565216,True,True,0.6521739130434783,72.0,46.95652173913044,0.32608695652173914,0.6521739130434783,72.0,0.32608695652173914,4
Shopping | r14_c11 | Wednesday,Shopping,r14_c11,Wednesday,840.0,14:00-14:30,1,1,23,7,True,0.043478260869565216,0.043478260869565216,600.0,10:00-10:30,0.34782608695652173,240.0,240.0,False,True,120.0,10.434782608695652,0.043478260869565216,True,True,0.6521739130434783,72.0,46.95652173913044,0.32608695652173914,0.6521739130434783,72.0,0.32608695652173914,5
Shopping | r17_c12 | Friday,Shopping,r17_c12,Friday,810.0,13:30-14:00,6,3,20,6,True,0.3,0.3,840.0,14:00-14:30,0.5,-30.0,30.0,False,True,30.0,9.0,0.075,True,True,0.5,39.0,19.5,0.1625,0.5,39.0,0.1625,1
Shopping | r17_c12 | Friday,Shopping,r17_c12,Friday,780.0,13:00-13:30,2,2,20,6,True,0.1,0.1,840.0,14:00-14:30,0.5,-60.0,60.0,False,True,60.0,6.0,0.05,True,True,0.5,39.0,19.5,0.1625,0.5,39.0,0.1625,2
Shopping | r17_c12 | Friday,Shopping,r17_c12,Friday,870.0,14:30-15:00,1,1,20,6,True,0.05,0.05,840.0,14:00-14:30,0.5,30.0,30.0,False,True,30.0,1.5,0.0125,True,True,0.5,39.0,19.5,0.1625,0.5,39.0,0.1625,3
Shopping | r17_c12 | Friday,Shopping,r17_c12,Friday,900.0,15:00-15:30,1,1,20,6,True,0.05,0.05,840.0,14:00-14:30,0.5,60.0,60.0,False,True,60.0,3.0,0.025,True,True,0.5,39.0,19.5,0.1625,0.5,39.0,0.1625,4
Shopping | r17_c12 | Thursday,Shopping,r17_c12,Thursday,840.0,14:00-14:30,5,2,16,6,True,0.3125,0.3125,810.0,13:30-14:00,0.4375,30.0,30.0,False,True,30.0,9.375,0.078125,True,True,0.5625,33.333333333333336,18.75,0.15625,0.5625,33.333333333333336,0.15625,1
Shopping | r17_c12 | Thursday,Shopping,r17_c12,Thursday,780.0,13:00-13:30,3,3,16,6,True,0.1875,0.1875,810.0,13:30-14:00,0.4375,-30.0,30.0,False,True,30.0,5.625,0.046875,True,True,0.5625,33.333333333333336,18.75,0.15625,0.5625,33.333333333333336,0.15625,2
Shopping | r17_c12 | Thursday,Shopping,r17_c12,Thursday,870.0,14:30-15:00,1,1,16,6,True,0.0625,0.0625,810.0,13:30-14:00,0.4375,60.0,60.0,False,True,60.0,3.75,0.03125,True,True,0.5625,33.333333333333336,18.75,0.15625,0.5625,33.333333333333336,0.15625,3
Shopping | r17_c12 | Tuesday,Shopping,r17_c12,Tuesday,690.0,11:30-12:00,2,1,11,3,True,0.18181818181818182,0.18181818181818182,840.0,14:00-14:30,0.2727272727272727,-150.0,150.0,False,True,120.0,27.272727272727273,0.18181818181818182,True,True,0.7272727272727273,82.5,60.0,0.45454545454545453,0.7272727272727273,82.5,0.45454545454545453,1
Shopping | r17_c12 | Tuesday,Shopping,r17_c12,Tuesday,780.0,13:00-13:30,2,1,11,3,True,0.18181818181818182,0.18181818181818182,840.0,14:00-14:30,0.2727272727272727,-60.0,60.0,False,True,60.0,10.90909090909091,0.09090909090909091,True,True,0.7272727272727273,82.5,60.0,0.45454545454545453,0.7272727272727273,82.5,0.45454545454545453,2
Shopping | r17_c12 | Tuesday,Shopping,r17_c12,Tuesday,720.0,12:00-12:30,1,1,11,3,True,0.09090909090909091,0.09090909090909091,840.0,14:00-14:30,0.2727272727272727,-120.0,120.0,False,True,120.0,10.90909090909091,0.09090909090909091,True,True,0.7272727272727273,82.5,60.0,0.45454545454545453,0.7272727272727273,82.5,0.45454545454545453,3
Shopping | r17_c12 | Tuesday,Shopping,r17_c12,Tuesday,810.0,13:30-14:00,1,1,11,3,True,0.09090909090909091,0.09090909090909091,840.0,14:00-14:30,0.2727272727272727,-30.0,30.0,False,True,30.0,2.7272727272727275,0.022727272727272728,True,True,0.7272727272727273,82.5,60.0,0.45454545454545453,0.7272727272727273,82.5,0.45454545454545453,4
Shopping | r17_c12 | Tuesday,Shopping,r17_c12,Tuesday,870.0,14:30-15:00,1,1,11,3,True,0.09090909090909091,0.09090909090909091,840.0,14:00-14:30,0.2727272727272727,30.0,30.0,False,True,30.0,2.7272727272727275,0.022727272727272728,True,True,0.7272727272727273,82.5,60.0,0.45454545454545453,0.7272727272727273,82.5,0.45454545454545453,5
Shopping | r17_c12 | Tuesday,Shopping,r17_c12,Tuesday,900.0,15:00-15:30,1,1,11,3,True,0.09090909090909091,0.09090909090909091,840.0,14:00-14:30,0.2727272727272727,60.0,60.0,False,True,60.0,5.454545454545455,0.045454545454545456,True,True,0.7272727272727273,82.5,60.0,0.45454545454545453,0.7272727272727273,82.5,0.45454545454545453,6
Shopping | r17_c12 | Wednesday,Shopping,r17_c12,Wednesday,870.0,14:30-15:00,8,8,38,23,True,0.21052631578947367,0.21052631578947367,840.0,14:00-14:30,0.3157894736842105,30.0,30.0,False,True,30.0,6.315789473684211,0.052631578947368425,True,True,0.6842105263157895,49.61538461538461,33.94736842105263,0.2828947368421053,0.6842105263157895,49.61538461538461,0.2828947368421053,1
Shopping | r17_c12 | Wednesday,Shopping,r17_c12,Wednesday,810.0,13:30-14:00,7,7,38,23,True,0.18421052631578946,0.18421052631578946,840.0,14:00-14:30,0.3157894736842105,-30.0,30.0,False,True,30.0,5.526315789473684,0.046052631578947366,True,True,0.6842105263157895,49.61538461538461,33.94736842105263,0.2828947368421053,0.6842105263157895,49.61538461538461,0.2828947368421053,2
Shopping | r17_c12 | Wednesday,Shopping,r17_c12,Wednesday,900.0,15:00-15:30,5,3,38,23,True,0.13157894736842105,0.13157894736842105,840.0,14:00-14:30,0.3157894736842105,60.0,60.0,False,True,60.0,7.894736842105263,0.06578947368421052,True,True,0.6842105263157895,49.61538461538461,33.94736842105263,0.2828947368421053,0.6842105263157895,49.61538461538461,0.2828947368421053,3
Shopping | r17_c12 | Wednesday,Shopping,r17_c12,Wednesday,930.0,15:30-16:00,4,2,38,23,True,0.10526315789473684,0.10526315789473684,840.0,14:00-14:30,0.3157894736842105,90.0,90.0,False,True,90.0,9.473684210526315,0.07894736842105263,True,True,0.6842105263157895,49.61538461538461,33.94736842105263,0.2828947368421053,0.6842105263157895,49.61538461538461,0.2828947368421053,4
Shopping | r17_c12 | Wednesday,Shopping,r17_c12,Wednesday,720.0,12:00-12:30,1,1,38,23,True,0.02631578947368421,0.02631578947368421,840.0,14:00-14:30,0.3157894736842105,-120.0,120.0,False,True,120.0,3.1578947368421053,0.026315789473684213,True,True,0.6842105263157895,49.61538461538461,33.94736842105263,0.2828947368421053,0.6842105263157895,49.61538461538461,0.2828947368421053,5
Shopping | r17_c12 | Wednesday,Shopping,r17_c12,Wednesday,780.0,13:00-13:30,1,1,38,23,True,0.02631578947368421,0.02631578947368421,840.0,14:00-14:30,0.3157894736842105,-60.0,60.0,False,True,60.0,1.5789473684210527,0.013157894736842106,True,True,0.6842105263157895,49.61538461538461,33.94736842105263,0.2828947368421053,0.6842105263157895,49.61538461538461,0.2828947368421053,6
Shopping | r18_c8 | Wednesday,Shopping,r18_c8,Wednesday,600.0,10:00-10:30,8,8,28,19,True,0.2857142857142857,0.2857142857142857,570.0,09:30-10:00,0.35714285714285715,30.0,30.0,False,True,30.0,8.571428571428571,0.07142857142857142,True,True,0.6428571428571428,41.66666666666667,26.785714285714285,0.2232142857142857,0.6428571428571428,41.66666666666667,0.2232142857142857,1
Shopping | r18_c8 | Wednesday,Shopping,r18_c8,Wednesday,540.0,09:00-09:30,6,5,28,19,True,0.21428571428571427,0.21428571428571427,570.0,09:30-10:00,0.35714285714285715,-30.0,30.0,False,True,30.0,6.428571428571428,0.05357142857142857,True,True,0.6428571428571428,41.66666666666667,26.785714285714285,0.2232142857142857,0.6428571428571428,41.66666666666667,0.2232142857142857,2
Shopping | r18_c8 | Wednesday,Shopping,r18_c8,Wednesday,630.0,10:30-11:00,2,2,28,19,True,0.07142857142857142,0.07142857142857142,570.0,09:30-10:00,0.35714285714285715,60.0,60.0,False,True,60.0,4.285714285714286,0.03571428571428571,True,True,0.6428571428571428,41.66666666666667,26.785714285714285,0.2232142857142857,0.6428571428571428,41.66666666666667,0.2232142857142857,3
Shopping | r18_c8 | Wednesday,Shopping,r18_c8,Wednesday,660.0,11:00-11:30,1,1,28,19,True,0.03571428571428571,0.03571428571428571,570.0,09:30-10:00,0.35714285714285715,90.0,90.0,False,True,90.0,3.214285714285714,0.026785714285714284,True,True,0.6428571428571428,41.66666666666667,26.785714285714285,0.2232142857142857,0.6428571428571428,41.66666666666667,0.2232142857142857,4
Shopping | r18_c8 | Wednesday,Shopping,r18_c8,Wednesday,690.0,11:30-12:00,1,1,28,19,True,0.03571428571428571,0.03571428571428571,570.0,09:30-10:00,0.35714285714285715,120.0,120.0,False,True,120.0,4.285714285714286,0.03571428571428571,True,True,0.6428571428571428,41.66666666666667,26.785714285714285,0.2232142857142857,0.6428571428571428,41.66666666666667,0.2232142857142857,5
Shopping | r20_c12 | Friday,Shopping,r20_c12,Friday,690.0,11:30-12:00,2,1,11,4,True,0.18181818181818182,0.18181818181818182,720.0,12:00-12:30,0.2727272727272727,-30.0,30.0,False,True,30.0,5.454545454545455,0.045454545454545456,True,True,0.7272727272727273,93.75,68.18181818181819,0.5227272727272727,0.7272727272727273,93.75,0.5227272727272727,1
Shopping | r20_c12 | Friday,Shopping,r20_c12,Friday,840.0,14:00-14:30,2,2,11,4,True,0.18181818181818182,0.18181818181818182,720.0,12:00-12:30,0.2727272727272727,120.0,120.0,False,True,120.0,21.81818181818182,0.18181818181818182,True,True,0.7272727272727273,93.75,68.18181818181819,0.5227272727272727,0.7272727272727273,93.75,0.5227272727272727,2
Shopping | r20_c12 | Friday,Shopping,r20_c12,Friday,870.0,14:30-15:00,2,2,11,4,True,0.18181818181818182,0.18181818181818182,720.0,12:00-12:30,0.2727272727272727,150.0,150.0,False,True,120.0,27.272727272727273,0.18181818181818182,True,True,0.7272727272727273,93.75,68.18181818181819,0.5227272727272727,0.7272727272727273,93.75,0.5227272727272727,3
Shopping | r20_c12 | Friday,Shopping,r20_c12,Friday,660.0,11:00-11:30,1,1,11,4,True,0.09090909090909091,0.09090909090909091,720.0,12:00-12:30,0.2727272727272727,-60.0,60.0,False,True,60.0,5.454545454545455,0.045454545454545456,True,True,0.7272727272727273,93.75,68.18181818181819,0.5227272727272727,0.7272727272727273,93.75,0.5227272727272727,4
Shopping | r20_c12 | Friday,Shopping,r20_c12,Friday,810.0,13:30-14:00,1,1,11,4,True,0.09090909090909091,0.09090909090909091,720.0,12:00-12:30,0.2727272727272727,90.0,90.0,False,True,90.0,8.181818181818182,0.06818181818181818,True,True,0.7272727272727273,93.75,68.18181818181819,0.5227272727272727,0.7272727272727273,93.75,0.5227272727272727,5
Shopping | r20_c12 | Monday,Shopping,r20_c12,Monday,900.0,15:00-15:30,5,2,13,4,True,0.38461538461538464,0.38461538461538464,870.0,14:30-15:00,0.46153846153846156,30.0,30.0,False,True,30.0,11.538461538461538,0.09615384615384616,True,True,0.5384615384615384,34.28571428571429,18.461538461538463,0.15384615384615385,0.5384615384615384,34.28571428571429,0.15384615384615385,1
Shopping | r20_c12 | Monday,Shopping,r20_c12,Monday,840.0,14:00-14:30,1,1,13,4,True,0.07692307692307693,0.07692307692307693,870.0,14:30-15:00,0.46153846153846156,-30.0,30.0,False,True,30.0,2.307692307692308,0.019230769230769232,True,True,0.5384615384615384,34.28571428571429,18.461538461538463,0.15384615384615385,0.5384615384615384,34.28571428571429,0.15384615384615385,2
Shopping | r20_c12 | Monday,Shopping,r20_c12,Monday,930.0,15:30-16:00,1,1,13,4,True,0.07692307692307693,0.07692307692307693,870.0,14:30-15:00,0.46153846153846156,60.0,60.0,False,True,60.0,4.615384615384616,0.038461538461538464,True,True,0.5384615384615384,34.28571428571429,18.461538461538463,0.15384615384615385,0.5384615384615384,34.28571428571429,0.15384615384615385,3
Shopping | r20_c12 | Thursday,Shopping,r20_c12,Thursday,900.0,15:00-15:30,2,2,11,4,True,0.18181818181818182,0.18181818181818182,870.0,14:30-15:00,0.36363636363636365,30.0,30.0,False,True,30.0,5.454545454545455,0.045454545454545456,True,True,0.6363636363636364,68.57142857142858,43.63636363636364,0.34090909090909094,0.6363636363636364,68.57142857142858,0.34090909090909094,1
Shopping | r20_c12 | Thursday,Shopping,r20_c12,Thursday,930.0,15:30-16:00,2,2,11,4,True,0.18181818181818182,0.18181818181818182,870.0,14:30-15:00,0.36363636363636365,60.0,60.0,False,True,60.0,10.90909090909091,0.09090909090909091,True,True,0.6363636363636364,68.57142857142858,43.63636363636364,0.34090909090909094,0.6363636363636364,68.57142857142858,0.34090909090909094,2
Shopping | r20_c12 | Thursday,Shopping,r20_c12,Thursday,720.0,12:00-12:30,1,1,11,4,True,0.09090909090909091,0.09090909090909091,870.0,14:30-15:00,0.36363636363636365,-150.0,150.0,False,True,120.0,13.636363636363637,0.09090909090909091,True,True,0.6363636363636364,68.57142857142858,43.63636363636364,0.34090909090909094,0.6363636363636364,68.57142857142858,0.34090909090909094,3
Shopping | r20_c12 | Thursday,Shopping,r20_c12,Thursday,750.0,12:30-13:00,1,1,11,4,True,0.09090909090909091,0.09090909090909091,870.0,14:30-15:00,0.36363636363636365,-120.0,120.0,False,True,120.0,10.90909090909091,0.09090909090909091,True,True,0.6363636363636364,68.57142857142858,43.63636363636364,0.34090909090909094,0.6363636363636364,68.57142857142858,0.34090909090909094,4
Shopping | r20_c12 | Thursday,Shopping,r20_c12,Thursday,840.0,14:00-14:30,1,1,11,4,True,0.09090909090909091,0.09090909090909091,870.0,14:30-15:00,0.36363636363636365,-30.0,30.0,False,True,30.0,2.7272727272727275,0.022727272727272728,True,True,0.6363636363636364,68.57142857142858,43.63636363636364,0.34090909090909094,0.6363636363636364,68.57142857142858,0.34090909090909094,5
Shopping | r20_c13 | Tuesday,Shopping,r20_c13,Tuesday,780.0,13:00-13:30,5,4,28,6,True,0.17857142857142858,0.17857142857142858,840.0,14:00-14:30,0.21428571428571427,-60.0,60.0,False,True,60.0,10.714285714285715,0.08928571428571429,True,True,0.7857142857142857,72.27272727272728,56.78571428571429,0.45535714285714285,0.7857142857142857,72.27272727272728,0.45535714285714285,1
Shopping | r20_c13 | Tuesday,Shopping,r20_c13,Tuesday,810.0,13:30-14:00,5,4,28,6,True,0.17857142857142858,0.17857142857142858,840.0,14:00-14:30,0.21428571428571427,-30.0,30.0,False,True,30.0,5.357142857142858,0.044642857142857144,True,True,0.7857142857142857,72.27272727272728,56.78571428571429,0.45535714285714285,0.7857142857142857,72.27272727272728,0.45535714285714285,2
Shopping | r20_c13 | Tuesday,Shopping,r20_c13,Tuesday,750.0,12:30-13:00,4,4,28,6,True,0.14285714285714285,0.14285714285714285,840.0,14:00-14:30,0.21428571428571427,-90.0,90.0,False,True,90.0,12.857142857142856,0.10714285714285714,True,True,0.7857142857142857,72.27272727272728,56.78571428571429,0.45535714285714285,0.7857142857142857,72.27272727272728,0.45535714285714285,3
Shopping | r20_c13 | Tuesday,Shopping,r20_c13,Tuesday,720.0,12:00-12:30,3,2,28,6,True,0.10714285714285714,0.10714285714285714,840.0,14:00-14:30,0.21428571428571427,-120.0,120.0,False,True,120.0,12.857142857142856,0.10714285714285714,True,True,0.7857142857142857,72.27272727272728,56.78571428571429,0.45535714285714285,0.7857142857142857,72.27272727272728,0.45535714285714285,4
Shopping | r20_c13 | Tuesday,Shopping,r20_c13,Tuesday,690.0,11:30-12:00,2,1,28,6,True,0.07142857142857142,0.07142857142857142,840.0,14:00-14:30,0.21428571428571427,-150.0,150.0,False,True,120.0,10.714285714285714,0.07142857142857142,True,True,0.7857142857142857,72.27272727272728,56.78571428571429,0.45535714285714285,0.7857142857142857,72.27272727272728,0.45535714285714285,5
Shopping | r20_c13 | Tuesday,Shopping,r20_c13,Tuesday,870.0,14:30-15:00,2,1,28,6,True,0.07142857142857142,0.07142857142857142,840.0,14:00-14:30,0.21428571428571427,30.0,30.0,False,True,30.0,2.142857142857143,0.017857142857142856,True,True,0.7857142857142857,72.27272727272728,56.78571428571429,0.45535714285714285,0.7857142857142857,72.27272727272728,0.45535714285714285,6
Shopping | r20_c13 | Tuesday,Shopping,r20_c13,Tuesday,900.0,15:00-15:30,1,1,28,6,True,0.03571428571428571,0.03571428571428571,840.0,14:00-14:30,0.21428571428571427,60.0,60.0,False,True,60.0,2.142857142857143,0.017857142857142856,True,True,0.7857142857142857,72.27272727272728,56.78571428571429,0.45535714285714285,0.7857142857142857,72.27272727272728,0.45535714285714285,7
Shopping | r20_c7 | Thursday,Shopping,r20_c7,Thursday,600.0,10:00-10:30,3,3,16,7,True,0.1875,0.1875,720.0,12:00-12:30,0.3125,-120.0,120.0,False,True,120.0,22.5,0.1875,True,True,0.6875,87.27272727272727,60.0,0.484375,0.6875,87.27272727272727,0.484375,1
Shopping | r20_c7 | Thursday,Shopping,r20_c7,Thursday,630.0,10:30-11:00,3,3,16,7,True,0.1875,0.1875,720.0,12:00-12:30,0.3125,-90.0,90.0,False,True,90.0,16.875,0.140625,True,True,0.6875,87.27272727272727,60.0,0.484375,0.6875,87.27272727272727,0.484375,2
Shopping | r20_c7 | Thursday,Shopping,r20_c7,Thursday,690.0,11:30-12:00,2,1,16,7,True,0.125,0.125,720.0,12:00-12:30,0.3125,-30.0,30.0,False,True,30.0,3.75,0.03125,True,True,0.6875,87.27272727272727,60.0,0.484375,0.6875,87.27272727272727,0.484375,3
Shopping | r20_c7 | Thursday,Shopping,r20_c7,Thursday,570.0,09:30-10:00,1,1,16,7,True,0.0625,0.0625,720.0,12:00-12:30,0.3125,-150.0,150.0,False,True,120.0,9.375,0.0625,True,True,0.6875,87.27272727272727,60.0,0.484375,0.6875,87.27272727272727,0.484375,4
Shopping | r20_c7 | Thursday,Shopping,r20_c7,Thursday,660.0,11:00-11:30,1,1,16,7,True,0.0625,0.0625,720.0,12:00-12:30,0.3125,-60.0,60.0,False,True,60.0,3.75,0.03125,True,True,0.6875,87.27272727272727,60.0,0.484375,0.6875,87.27272727272727,0.484375,5
Shopping | r20_c7 | Thursday,Shopping,r20_c7,Thursday,780.0,13:00-13:30,1,1,16,7,True,0.0625,0.0625,720.0,12:00-12:30,0.3125,60.0,60.0,False,True,60.0,3.75,0.03125,True,True,0.6875,87.27272727272727,60.0,0.484375,0.6875,87.27272727272727,0.484375,6
Shopping | r21_c11 | Monday,Shopping,r21_c11,Monday,540.0,09:00-09:30,3,3,23,14,True,0.13043478260869565,0.13043478260869565,660.0,11:00-11:30,0.5217391304347826,-120.0,120.0,False,True,120.0,15.652173913043478,0.13043478260869565,True,True,0.4782608695652174,89.99999999999999,43.04347826086956,0.358695652173913,0.4782608695652174,89.99999999999999,0.358695652173913,1
Shopping | r21_c11 | Monday,Shopping,r21_c11,Monday,570.0,09:30-10:00,2,1,23,14,True,0.08695652173913043,0.08695652173913043,660.0,11:00-11:30,0.5217391304347826,-90.0,90.0,False,True,90.0,7.826086956521739,0.06521739130434782,True,True,0.4782608695652174,89.99999999999999,43.04347826086956,0.358695652173913,0.4782608695652174,89.99999999999999,0.358695652173913,2
Shopping | r21_c11 | Monday,Shopping,r21_c11,Monday,600.0,10:00-10:30,2,2,23,14,True,0.08695652173913043,0.08695652173913043,660.0,11:00-11:30,0.5217391304347826,-60.0,60.0,False,True,60.0,5.217391304347826,0.043478260869565216,True,True,0.4782608695652174,89.99999999999999,43.04347826086956,0.358695652173913,0.4782608695652174,89.99999999999999,0.358695652173913,3
Shopping | r21_c11 | Monday,Shopping,r21_c11,Monday,780.0,13:00-13:30,2,1,23,14,True,0.08695652173913043,0.08695652173913043,660.0,11:00-11:30,0.5217391304347826,120.0,120.0,False,True,120.0,10.434782608695652,0.08695652173913043,True,True,0.4782608695652174,89.99999999999999,43.04347826086956,0.358695652173913,0.4782608695652174,89.99999999999999,0.358695652173913,4
Shopping | r21_c11 | Monday,Shopping,r21_c11,Monday,690.0,11:30-12:00,1,1,23,14,True,0.043478260869565216,0.043478260869565216,660.0,11:00-11:30,0.5217391304347826,30.0,30.0,False,True,30.0,1.3043478260869565,0.010869565217391304,True,True,0.4782608695652174,89.99999999999999,43.04347826086956,0.358695652173913,0.4782608695652174,89.99999999999999,0.358695652173913,5
Shopping | r21_c11 | Monday,Shopping,r21_c11,Monday,720.0,12:00-12:30,1,1,23,14,True,0.043478260869565216,0.043478260869565216,660.0,11:00-11:30,0.5217391304347826,60.0,60.0,False,True,60.0,2.608695652173913,0.021739130434782608,True,True,0.4782608695652174,89.99999999999999,43.04347826086956,0.358695652173913,0.4782608695652174,89.99999999999999,0.358695652173913,6
Shopping | r21_c11 | Thursday,Shopping,r21_c11,Thursday,750.0,12:30-13:00,2,1,14,7,True,0.14285714285714285,0.14285714285714285,660.0,11:00-11:30,0.42857142857142855,90.0,90.0,False,True,90.0,12.857142857142856,0.10714285714285714,True,True,0.5714285714285714,82.5,47.14285714285714,0.3928571428571428,0.5714285714285714,82.5,0.3928571428571428,1
Shopping | r21_c11 | Thursday,Shopping,r21_c11,Thursday,540.0,09:00-09:30,1,1,14,7,True,0.07142857142857142,0.07142857142857142,660.0,11:00-11:30,0.42857142857142855,-120.0,120.0,False,True,120.0,8.571428571428571,0.07142857142857142,True,True,0.5714285714285714,82.5,47.14285714285714,0.3928571428571428,0.5714285714285714,82.5,0.3928571428571428,2
Shopping | r21_c11 | Thursday,Shopping,r21_c11,Thursday,570.0,09:30-10:00,1,1,14,7,True,0.07142857142857142,0.07142857142857142,660.0,11:00-11:30,0.42857142857142855,-90.0,90.0,False,True,90.0,6.428571428571428,0.05357142857142857,True,True,0.5714285714285714,82.5,47.14285714285714,0.3928571428571428,0.5714285714285714,82.5,0.3928571428571428,3
Shopping | r21_c11 | Thursday,Shopping,r21_c11,Thursday,600.0,10:00-10:30,1,1,14,7,True,0.07142857142857142,0.07142857142857142,660.0,11:00-11:30,0.42857142857142855,-60.0,60.0,False,True,60.0,4.285714285714286,0.03571428571428571,True,True,0.5714285714285714,82.5,47.14285714285714,0.3928571428571428,0.5714285714285714,82.5,0.3928571428571428,4
Shopping | r21_c11 | Thursday,Shopping,r21_c11,Thursday,630.0,10:30-11:00,1,1,14,7,True,0.07142857142857142,0.07142857142857142,660.0,11:00-11:30,0.42857142857142855,-30.0,30.0,False,True,30.0,2.142857142857143,0.017857142857142856,True,True,0.5714285714285714,82.5,47.14285714285714,0.3928571428571428,0.5714285714285714,82.5,0.3928571428571428,5
Shopping | r21_c11 | Thursday,Shopping,r21_c11,Thursday,720.0,12:00-12:30,1,1,14,7,True,0.07142857142857142,0.07142857142857142,660.0,11:00-11:30,0.42857142857142855,60.0,60.0,False,True,60.0,4.285714285714286,0.03571428571428571,True,True,0.5714285714285714,82.5,47.14285714285714,0.3928571428571428,0.5714285714285714,82.5,0.3928571428571428,6
Shopping | r21_c11 | Thursday,Shopping,r21_c11,Thursday,780.0,13:00-13:30,1,1,14,7,True,0.07142857142857142,0.07142857142857142,660.0,11:00-11:30,0.42857142857142855,120.0,120.0,False,True,120.0,8.571428571428571,0.07142857142857142,True,True,0.5714285714285714,82.5,47.14285714285714,0.3928571428571428,0.5714285714285714,82.5,0.3928571428571428,7
Shopping | r21_c11 | Tuesday,Shopping,r21_c11,Tuesday,630.0,10:30-11:00,4,2,21,8,True,0.19047619047619047,0.19047619047619047,660.0,11:00-11:30,0.42857142857142855,-30.0,30.0,False,True,30.0,5.7142857142857135,0.04761904761904761,True,True,0.5714285714285714,52.5,30.0,0.25,0.5714285714285714,52.5,0.25,1
Shopping | r21_c11 | Tuesday,Shopping,r21_c11,Tuesday,570.0,09:30-10:00,2,1,21,8,True,0.09523809523809523,0.09523809523809523,660.0,11:00-11:30,0.42857142857142855,-90.0,90.0,False,True,90.0,8.571428571428571,0.07142857142857142,True,True,0.5714285714285714,52.5,30.0,0.25,0.5714285714285714,52.5,0.25,2
Shopping | r21_c11 | Tuesday,Shopping,r21_c11,Tuesday,600.0,10:00-10:30,2,2,21,8,True,0.09523809523809523,0.09523809523809523,660.0,11:00-11:30,0.42857142857142855,-60.0,60.0,False,True,60.0,5.7142857142857135,0.04761904761904761,True,True,0.5714285714285714,52.5,30.0,0.25,0.5714285714285714,52.5,0.25,3
Shopping | r21_c11 | Tuesday,Shopping,r21_c11,Tuesday,690.0,11:30-12:00,2,2,21,8,True,0.09523809523809523,0.09523809523809523,660.0,11:00-11:30,0.42857142857142855,30.0,30.0,False,True,30.0,2.8571428571428568,0.023809523809523805,True,True,0.5714285714285714,52.5,30.0,0.25,0.5714285714285714,52.5,0.25,4
Shopping | r21_c11 | Tuesday,Shopping,r21_c11,Tuesday,720.0,12:00-12:30,1,1,21,8,True,0.047619047619047616,0.047619047619047616,660.0,11:00-11:30,0.42857142857142855,60.0,60.0,False,True,60.0,2.8571428571428568,0.023809523809523805,True,True,0.5714285714285714,52.5,30.0,0.25,0.5714285714285714,52.5,0.25,5
Shopping | r21_c11 | Tuesday,Shopping,r21_c11,Tuesday,750.0,12:30-13:00,1,1,21,8,True,0.047619047619047616,0.047619047619047616,660.0,11:00-11:30,0.42857142857142855,90.0,90.0,False,True,90.0,4.285714285714286,0.03571428571428571,True,True,0.5714285714285714,52.5,30.0,0.25,0.5714285714285714,52.5,0.25,6
Shopping | r21_c11 | Wednesday,Shopping,r21_c11,Wednesday,570.0,09:30-10:00,6,3,34,11,True,0.17647058823529413,0.17647058823529413,660.0,11:00-11:30,0.23529411764705882,-90.0,90.0,False,True,90.0,15.882352941176471,0.1323529411764706,True,True,0.7647058823529411,75.00000000000001,57.352941176470594,0.47058823529411764,0.7647058823529411,75.00000000000001,0.47058823529411764,1
Shopping | r21_c11 | Wednesday,Shopping,r21_c11,Wednesday,600.0,10:00-10:30,4,3,34,11,True,0.11764705882352941,0.11764705882352941,660.0,11:00-11:30,0.23529411764705882,-60.0,60.0,False,True,60.0,7.0588235294117645,0.058823529411764705,True,True,0.7647058823529411,75.00000000000001,57.352941176470594,0.47058823529411764,0.7647058823529411,75.00000000000001,0.47058823529411764,2
Shopping | r21_c11 | Wednesday,Shopping,r21_c11,Wednesday,690.0,11:30-12:00,4,1,34,11,True,0.11764705882352941,0.11764705882352941,660.0,11:00-11:30,0.23529411764705882,30.0,30.0,False,True,30.0,3.5294117647058822,0.029411764705882353,True,True,0.7647058823529411,75.00000000000001,57.352941176470594,0.47058823529411764,0.7647058823529411,75.00000000000001,0.47058823529411764,3
Shopping | r21_c11 | Wednesday,Shopping,r21_c11,Wednesday,540.0,09:00-09:30,3,2,34,11,True,0.08823529411764706,0.08823529411764706,660.0,11:00-11:30,0.23529411764705882,-120.0,120.0,False,True,120.0,10.588235294117649,0.08823529411764706,True,True,0.7647058823529411,75.00000000000001,57.352941176470594,0.47058823529411764,0.7647058823529411,75.00000000000001,0.47058823529411764,4
Shopping | r21_c11 | Wednesday,Shopping,r21_c11,Wednesday,630.0,10:30-11:00,3,3,34,11,True,0.08823529411764706,0.08823529411764706,660.0,11:00-11:30,0.23529411764705882,-30.0,30.0,False,True,30.0,2.647058823529412,0.022058823529411766,True,True,0.7647058823529411,75.00000000000001,57.352941176470594,0.47058823529411764,0.7647058823529411,75.00000000000001,0.47058823529411764,5
Shopping | r21_c11 | Wednesday,Shopping,r21_c11,Wednesday,750.0,12:30-13:00,3,1,34,11,True,0.08823529411764706,0.08823529411764706,660.0,11:00-11:30,0.23529411764705882,90.0,90.0,False,True,90.0,7.9411764705882355,0.0661764705882353,True,True,0.7647058823529411,75.00000000000001,57.352941176470594,0.47058823529411764,0.7647058823529411,75.00000000000001,0.47058823529411764,6
Shopping | r21_c11 | Wednesday,Shopping,r21_c11,Wednesday,510.0,08:30-09:00,1,1,34,11,True,0.029411764705882353,0.029411764705882353,660.0,11:00-11:30,0.23529411764705882,-150.0,150.0,False,True,120.0,4.411764705882353,0.029411764705882353,True,True,0.7647058823529411,75.00000000000001,57.352941176470594,0.47058823529411764,0.7647058823529411,75.00000000000001,0.47058823529411764,7
Shopping | r21_c11 | Wednesday,Shopping,r21_c11,Wednesday,720.0,12:00-12:30,1,1,34,11,True,0.029411764705882353,0.029411764705882353,660.0,11:00-11:30,0.23529411764705882,60.0,60.0,False,True,60.0,1.7647058823529411,0.014705882352941176,True,True,0.7647058823529411,75.00000000000001,57.352941176470594,0.47058823529411764,0.7647058823529411,75.00000000000001,0.47058823529411764,8
Shopping | r21_c11 | Wednesday,Shopping,r21_c11,Wednesday,780.0,13:00-13:30,1,1,34,11,True,0.029411764705882353,0.029411764705882353,660.0,11:00-11:30,0.23529411764705882,120.0,120.0,False,True,120.0,3.5294117647058822,0.029411764705882353,True,True,0.7647058823529411,75.00000000000001,57.352941176470594,0.47058823529411764,0.7647058823529411,75.00000000000001,0.47058823529411764,9
Shopping | r23_c10 | Wednesday,Shopping,r23_c10,Wednesday,600.0,10:00-10:30,6,3,18,4,True,0.3333333333333333,0.3333333333333333,630.0,10:30-11:00,0.4444444444444444,-30.0,30.0,False,True,30.0,10.0,0.08333333333333333,True,True,0.5555555555555556,41.99999999999999,23.333333333333332,0.19444444444444442,0.5555555555555556,41.99999999999999,0.19444444444444442,1
Shopping | r23_c10 | Wednesday,Shopping,r23_c10,Wednesday,570.0,09:30-10:00,4,2,18,4,True,0.2222222222222222,0.2222222222222222,630.0,10:30-11:00,0.4444444444444444,-60.0,60.0,False,True,60.0,13.333333333333332,0.1111111111111111,True,True,0.5555555555555556,41.99999999999999,23.333333333333332,0.19444444444444442,0.5555555555555556,41.99999999999999,0.19444444444444442,2
Shopping | r23_c15 | Friday,Shopping,r23_c15,Friday,630.0,10:30-11:00,2,2,11,6,True,0.18181818181818182,0.18181818181818182,600.0,10:00-10:30,0.2727272727272727,30.0,30.0,False,True,30.0,5.454545454545455,0.045454545454545456,True,True,0.7272727272727273,127.49999999999999,92.72727272727272,0.5227272727272727,0.7272727272727273,127.49999999999999,0.5227272727272727,1
Shopping | r23_c15 | Friday,Shopping,r23_c15,Friday,780.0,13:00-13:30,2,1,11,6,True,0.18181818181818182,0.18181818181818182,600.0,10:00-10:30,0.2727272727272727,180.0,180.0,False,True,120.0,32.72727272727273,0.18181818181818182,True,True,0.7272727272727273,127.49999999999999,92.72727272727272,0.5227272727272727,0.7272727272727273,127.49999999999999,0.5227272727272727,2
Shopping | r23_c15 | Friday,Shopping,r23_c15,Friday,810.0,13:30-14:00,2,1,11,6,True,0.18181818181818182,0.18181818181818182,600.0,10:00-10:30,0.2727272727272727,210.0,210.0,False,True,120.0,38.18181818181818,0.18181818181818182,True,True,0.7272727272727273,127.49999999999999,92.72727272727272,0.5227272727272727,0.7272727272727273,127.49999999999999,0.5227272727272727,3
Shopping | r23_c15 | Friday,Shopping,r23_c15,Friday,570.0,09:30-10:00,1,1,11,6,True,0.09090909090909091,0.09090909090909091,600.0,10:00-10:30,0.2727272727272727,-30.0,30.0,False,True,30.0,2.7272727272727275,0.022727272727272728,True,True,0.7272727272727273,127.49999999999999,92.72727272727272,0.5227272727272727,0.7272727272727273,127.49999999999999,0.5227272727272727,4
Shopping | r23_c15 | Friday,Shopping,r23_c15,Friday,750.0,12:30-13:00,1,1,11,6,True,0.09090909090909091,0.09090909090909091,600.0,10:00-10:30,0.2727272727272727,150.0,150.0,False,True,120.0,13.636363636363637,0.09090909090909091,True,True,0.7272727272727273,127.49999999999999,92.72727272727272,0.5227272727272727,0.7272727272727273,127.49999999999999,0.5227272727272727,5
Shopping | r24_c15 | Friday,Shopping,r24_c15,Friday,840.0,14:00-14:30,3,2,11,7,True,0.2727272727272727,0.2727272727272727,600.0,10:00-10:30,0.45454545454545453,240.0,240.0,False,True,120.0,65.45454545454545,0.2727272727272727,True,True,0.5454545454545454,180.00000000000003,98.18181818181819,0.40909090909090906,0.5454545454545454,180.00000000000003,0.40909090909090906,1
Shopping | r24_c15 | Friday,Shopping,r24_c15,Friday,570.0,09:30-10:00,1,1,11,7,True,0.09090909090909091,0.09090909090909091,600.0,10:00-10:30,0.45454545454545453,-30.0,30.0,False,True,30.0,2.7272727272727275,0.022727272727272728,True,True,0.5454545454545454,180.00000000000003,98.18181818181819,0.40909090909090906,0.5454545454545454,180.00000000000003,0.40909090909090906,2
Shopping | r24_c15 | Friday,Shopping,r24_c15,Friday,630.0,10:30-11:00,1,1,11,7,True,0.09090909090909091,0.09090909090909091,600.0,10:00-10:30,0.45454545454545453,30.0,30.0,False,True,30.0,2.7272727272727275,0.022727272727272728,True,True,0.5454545454545454,180.00000000000003,98.18181818181819,0.40909090909090906,0.5454545454545454,180.00000000000003,0.40909090909090906,3
Shopping | r24_c15 | Friday,Shopping,r24_c15,Friday,900.0,15:00-15:30,1,1,11,7,True,0.09090909090909091,0.09090909090909091,600.0,10:00-10:30,0.45454545454545453,300.0,300.0,False,True,120.0,27.272727272727273,0.09090909090909091,True,True,0.5454545454545454,180.00000000000003,98.18181818181819,0.40909090909090906,0.5454545454545454,180.00000000000003,0.40909090909090906,4
Shopping | r24_c15 | Tuesday,Shopping,r24_c15,Tuesday,600.0,10:00-10:30,3,3,12,7,True,0.25,0.25,750.0,12:30-13:00,0.4166666666666667,-150.0,150.0,False,True,120.0,37.5,0.25,True,True,0.5833333333333333,98.57142857142858,57.5,0.41666666666666663,0.5833333333333333,98.57142857142858,0.41666666666666663,1
Shopping | r24_c15 | Tuesday,Shopping,r24_c15,Tuesday,630.0,10:30-11:00,1,1,12,7,True,0.08333333333333333,0.08333333333333333,750.0,12:30-13:00,0.4166666666666667,-120.0,120.0,False,True,120.0,10.0,0.08333333333333333,True,True,0.5833333333333333,98.57142857142858,57.5,0.41666666666666663,0.5833333333333333,98.57142857142858,0.41666666666666663,2
Shopping | r24_c15 | Tuesday,Shopping,r24_c15,Tuesday,720.0,12:00-12:30,1,1,12,7,True,0.08333333333333333,0.08333333333333333,750.0,12:30-13:00,0.4166666666666667,-30.0,30.0,False,True,30.0,2.5,0.020833333333333332,True,True,0.5833333333333333,98.57142857142858,57.5,0.41666666666666663,0.5833333333333333,98.57142857142858,0.41666666666666663,3
Shopping | r24_c15 | Tuesday,Shopping,r24_c15,Tuesday,780.0,13:00-13:30,1,1,12,7,True,0.08333333333333333,0.08333333333333333,750.0,12:30-13:00,0.4166666666666667,30.0,30.0,False,True,30.0,2.5,0.020833333333333332,True,True,0.5833333333333333,98.57142857142858,57.5,0.41666666666666663,0.5833333333333333,98.57142857142858,0.41666666666666663,4
Shopping | r24_c15 | Tuesday,Shopping,r24_c15,Tuesday,810.0,13:30-14:00,1,1,12,7,True,0.08333333333333333,0.08333333333333333,750.0,12:30-13:00,0.4166666666666667,60.0,60.0,False,True,60.0,5.0,0.041666666666666664,True,True,0.5833333333333333,98.57142857142858,57.5,0.41666666666666663,0.5833333333333333,98.57142857142858,0.41666666666666663,5
Shopping | r25_c12 | Thursday,Shopping,r25_c12,Thursday,750.0,12:30-13:00,2,2,10,7,True,0.2,0.2,720.0,12:00-12:30,0.3,30.0,30.0,False,True,30.0,6.0,0.05,True,True,0.7,85.71428571428572,60.0,0.44999999999999996,0.7,85.71428571428572,0.44999999999999996,1
Shopping | r25_c12 | Thursday,Shopping,r25_c12,Thursday,810.0,13:30-14:00,2,2,10,7,True,0.2,0.2,720.0,12:00-12:30,0.3,90.0,90.0,False,True,90.0,18.0,0.15,True,True,0.7,85.71428571428572,60.0,0.44999999999999996,0.7,85.71428571428572,0.44999999999999996,2
Shopping | r25_c12 | Thursday,Shopping,r25_c12,Thursday,780.0,13:00-13:30,1,1,10,7,True,0.1,0.1,720.0,12:00-12:30,0.3,60.0,60.0,False,True,60.0,6.0,0.05,True,True,0.7,85.71428571428572,60.0,0.44999999999999996,0.7,85.71428571428572,0.44999999999999996,3
Shopping | r25_c12 | Thursday,Shopping,r25_c12,Thursday,840.0,14:00-14:30,1,1,10,7,True,0.1,0.1,720.0,12:00-12:30,0.3,120.0,120.0,False,True,120.0,12.0,0.1,True,True,0.7,85.71428571428572,60.0,0.44999999999999996,0.7,85.71428571428572,0.44999999999999996,4
Shopping | r25_c12 | Thursday,Shopping,r25_c12,Thursday,900.0,15:00-15:30,1,1,10,7,True,0.1,0.1,720.0,12:00-12:30,0.3,180.0,180.0,False,True,120.0,18.0,0.1,True,True,0.7,85.71428571428572,60.0,0.44999999999999996,0.7,85.71428571428572,0.44999999999999996,5
Shopping | r25_c12 | Wednesday,Shopping,r25_c12,Wednesday,810.0,13:30-14:00,3,2,11,6,True,0.2727272727272727,0.2727272727272727,840.0,14:00-14:30,0.36363636363636365,-30.0,30.0,False,True,30.0,8.181818181818182,0.06818181818181818,True,True,0.6363636363636364,42.85714285714286,27.272727272727273,0.2272727272727273,0.6363636363636364,42.85714285714286,0.2272727272727273,1
Shopping | r25_c12 | Wednesday,Shopping,r25_c12,Wednesday,870.0,14:30-15:00,2,1,11,6,True,0.18181818181818182,0.18181818181818182,840.0,14:00-14:30,0.36363636363636365,30.0,30.0,False,True,30.0,5.454545454545455,0.045454545454545456,True,True,0.6363636363636364,42.85714285714286,27.272727272727273,0.2272727272727273,0.6363636363636364,42.85714285714286,0.2272727272727273,2
Shopping | r25_c12 | Wednesday,Shopping,r25_c12,Wednesday,750.0,12:30-13:00,1,1,11,6,True,0.09090909090909091,0.09090909090909091,840.0,14:00-14:30,0.36363636363636365,-90.0,90.0,False,True,90.0,8.181818181818182,0.06818181818181818,True,True,0.6363636363636364,42.85714285714286,27.272727272727273,0.2272727272727273,0.6363636363636364,42.85714285714286,0.2272727272727273,3
Shopping | r25_c12 | Wednesday,Shopping,r25_c12,Wednesday,780.0,13:00-13:30,1,1,11,6,True,0.09090909090909091,0.09090909090909091,840.0,14:00-14:30,0.36363636363636365,-60.0,60.0,False,True,60.0,5.454545454545455,0.045454545454545456,True,True,0.6363636363636364,42.85714285714286,27.272727272727273,0.2272727272727273,0.6363636363636364,42.85714285714286,0.2272727272727273,4
Shopping | r25_c14 | Friday,Shopping,r25_c14,Friday,570.0,09:30-10:00,12,8,51,21,True,0.23529411764705882,0.23529411764705882,600.0,10:00-10:30,0.45098039215686275,-30.0,30.0,False,True,30.0,7.0588235294117645,0.058823529411764705,True,True,0.5490196078431373,37.49999999999999,20.588235294117645,0.1715686274509804,0.5490196078431373,37.49999999999999,0.1715686274509804,1
Shopping | r25_c14 | Friday,Shopping,r25_c14,Friday,630.0,10:30-11:00,11,6,51,21,True,0.21568627450980393,0.21568627450980393,600.0,10:00-10:30,0.45098039215686275,30.0,30.0,False,True,30.0,6.470588235294118,0.05392156862745098,True,True,0.5490196078431373,37.49999999999999,20.588235294117645,0.1715686274509804,0.5490196078431373,37.49999999999999,0.1715686274509804,2
Shopping | r25_c14 | Friday,Shopping,r25_c14,Friday,540.0,09:00-09:30,4,4,51,21,True,0.0784313725490196,0.0784313725490196,600.0,10:00-10:30,0.45098039215686275,-60.0,60.0,False,True,60.0,4.705882352941177,0.0392156862745098,True,True,0.5490196078431373,37.49999999999999,20.588235294117645,0.1715686274509804,0.5490196078431373,37.49999999999999,0.1715686274509804,3
Shopping | r25_c14 | Friday,Shopping,r25_c14,Friday,720.0,12:00-12:30,1,1,51,21,True,0.0196078431372549,0.0196078431372549,600.0,10:00-10:30,0.45098039215686275,120.0,120.0,False,True,120.0,2.3529411764705883,0.0196078431372549,True,True,0.5490196078431373,37.49999999999999,20.588235294117645,0.1715686274509804,0.5490196078431373,37.49999999999999,0.1715686274509804,4
Shopping | r25_c14 | Monday,Shopping,r25_c14,Monday,540.0,09:00-09:30,5,3,16,6,True,0.3125,0.3125,600.0,10:00-10:30,0.4375,-60.0,60.0,False,True,60.0,18.75,0.15625,True,True,0.5625,50.0,28.125,0.234375,0.5625,50.0,0.234375,1
Shopping | r25_c14 | Monday,Shopping,r25_c14,Monday,570.0,09:30-10:00,2,2,16,6,True,0.125,0.125,600.0,10:00-10:30,0.4375,-30.0,30.0,False,True,30.0,3.75,0.03125,True,True,0.5625,50.0,28.125,0.234375,0.5625,50.0,0.234375,2
Shopping | r25_c14 | Monday,Shopping,r25_c14,Monday,630.0,10:30-11:00,1,1,16,6,True,0.0625,0.0625,600.0,10:00-10:30,0.4375,30.0,30.0,False,True,30.0,1.875,0.015625,True,True,0.5625,50.0,28.125,0.234375,0.5625,50.0,0.234375,3
Shopping | r25_c14 | Monday,Shopping,r25_c14,Monday,660.0,11:00-11:30,1,1,16,6,True,0.0625,0.0625,600.0,10:00-10:30,0.4375,60.0,60.0,False,True,60.0,3.75,0.03125,True,True,0.5625,50.0,28.125,0.234375,0.5625,50.0,0.234375,4
Shopping | r25_c14 | Thursday,Shopping,r25_c14,Thursday,630.0,10:30-11:00,8,7,42,19,True,0.19047619047619047,0.19047619047619047,600.0,10:00-10:30,0.38095238095238093,30.0,30.0,False,True,30.0,5.7142857142857135,0.04761904761904761,True,True,0.6190476190476191,49.615384615384606,30.71428571428571,0.24404761904761904,0.6190476190476191,49.615384615384606,0.24404761904761904,1
Shopping | r25_c14 | Thursday,Shopping,r25_c14,Thursday,570.0,09:30-10:00,7,7,42,19,True,0.16666666666666666,0.16666666666666666,600.0,10:00-10:30,0.38095238095238093,-30.0,30.0,False,True,30.0,5.0,0.041666666666666664,True,True,0.6190476190476191,49.615384615384606,30.71428571428571,0.24404761904761904,0.6190476190476191,49.615384615384606,0.24404761904761904,2
Shopping | r25_c14 | Thursday,Shopping,r25_c14,Thursday,540.0,09:00-09:30,5,4,42,19,True,0.11904761904761904,0.11904761904761904,600.0,10:00-10:30,0.38095238095238093,-60.0,60.0,False,True,60.0,7.142857142857142,0.05952380952380952,True,True,0.6190476190476191,49.615384615384606,30.71428571428571,0.24404761904761904,0.6190476190476191,49.615384615384606,0.24404761904761904,3
Shopping | r25_c14 | Thursday,Shopping,r25_c14,Thursday,660.0,11:00-11:30,4,3,42,19,True,0.09523809523809523,0.09523809523809523,600.0,10:00-10:30,0.38095238095238093,60.0,60.0,False,True,60.0,5.7142857142857135,0.04761904761904761,True,True,0.6190476190476191,49.615384615384606,30.71428571428571,0.24404761904761904,0.6190476190476191,49.615384615384606,0.24404761904761904,4
Shopping | r25_c14 | Thursday,Shopping,r25_c14,Thursday,720.0,12:00-12:30,1,1,42,19,True,0.023809523809523808,0.023809523809523808,600.0,10:00-10:30,0.38095238095238093,120.0,120.0,False,True,120.0,2.8571428571428568,0.023809523809523805,True,True,0.6190476190476191,49.615384615384606,30.71428571428571,0.24404761904761904,0.6190476190476191,49.615384615384606,0.24404761904761904,5
Shopping | r25_c14 | Thursday,Shopping,r25_c14,Thursday,780.0,13:00-13:30,1,1,42,19,True,0.023809523809523808,0.023809523809523808,600.0,10:00-10:30,0.38095238095238093,180.0,180.0,False,True,120.0,4.285714285714286,0.023809523809523805,True,True,0.6190476190476191,49.615384615384606,30.71428571428571,0.24404761904761904,0.6190476190476191,49.615384615384606,0.24404761904761904,6
Shopping | r25_c14 | Tuesday,Shopping,r25_c14,Tuesday,570.0,09:30-10:00,5,4,18,9,True,0.2777777777777778,0.2777777777777778,600.0,10:00-10:30,0.3888888888888889,-30.0,30.0,False,True,30.0,8.333333333333334,0.06944444444444445,True,True,0.6111111111111112,32.72727272727273,20.0,0.16666666666666669,0.6111111111111112,32.72727272727273,0.16666666666666669,1
Shopping | r25_c14 | Tuesday,Shopping,r25_c14,Tuesday,630.0,10:30-11:00,5,3,18,9,True,0.2777777777777778,0.2777777777777778,600.0,10:00-10:30,0.3888888888888889,30.0,30.0,False,True,30.0,8.333333333333334,0.06944444444444445,True,True,0.6111111111111112,32.72727272727273,20.0,0.16666666666666669,0.6111111111111112,32.72727272727273,0.16666666666666669,2
Shopping | r25_c14 | Tuesday,Shopping,r25_c14,Tuesday,540.0,09:00-09:30,1,1,18,9,True,0.05555555555555555,0.05555555555555555,600.0,10:00-10:30,0.3888888888888889,-60.0,60.0,False,True,60.0,3.333333333333333,0.027777777777777776,True,True,0.6111111111111112,32.72727272727273,20.0,0.16666666666666669,0.6111111111111112,32.72727272727273,0.16666666666666669,3
Shopping | r25_c14 | Wednesday,Shopping,r25_c14,Wednesday,540.0,09:00-09:30,4,2,18,10,True,0.2222222222222222,0.2222222222222222,600.0,10:00-10:30,0.4444444444444444,-60.0,60.0,False,True,60.0,13.333333333333332,0.1111111111111111,True,True,0.5555555555555556,50.99999999999999,28.333333333333332,0.23611111111111108,0.5555555555555556,50.99999999999999,0.23611111111111108,1
Shopping | r25_c14 | Wednesday,Shopping,r25_c14,Wednesday,570.0,09:30-10:00,3,2,18,10,True,0.16666666666666666,0.16666666666666666,600.0,10:00-10:30,0.4444444444444444,-30.0,30.0,False,True,30.0,5.0,0.041666666666666664,True,True,0.5555555555555556,50.99999999999999,28.333333333333332,0.23611111111111108,0.5555555555555556,50.99999999999999,0.23611111111111108,2
Shopping | r25_c14 | Wednesday,Shopping,r25_c14,Wednesday,630.0,10:30-11:00,1,1,18,10,True,0.05555555555555555,0.05555555555555555,600.0,10:00-10:30,0.4444444444444444,30.0,30.0,False,True,30.0,1.6666666666666665,0.013888888888888888,True,True,0.5555555555555556,50.99999999999999,28.333333333333332,0.23611111111111108,0.5555555555555556,50.99999999999999,0.23611111111111108,3
Shopping | r25_c14 | Wednesday,Shopping,r25_c14,Wednesday,660.0,11:00-11:30,1,1,18,10,True,0.05555555555555555,0.05555555555555555,600.0,10:00-10:30,0.4444444444444444,60.0,60.0,False,True,60.0,3.333333333333333,0.027777777777777776,True,True,0.5555555555555556,50.99999999999999,28.333333333333332,0.23611111111111108,0.5555555555555556,50.99999999999999,0.23611111111111108,4
Shopping | r25_c14 | Wednesday,Shopping,r25_c14,Wednesday,690.0,11:30-12:00,1,1,18,10,True,0.05555555555555555,0.05555555555555555,600.0,10:00-10:30,0.4444444444444444,90.0,90.0,False,True,90.0,5.0,0.041666666666666664,True,True,0.5555555555555556,50.99999999999999,28.333333333333332,0.23611111111111108,0.5555555555555556,50.99999999999999,0.23611111111111108,5
Shopping | r25_c17 | Monday,Shopping,r25_c17,Monday,810.0,13:30-14:00,3,3,13,6,True,0.23076923076923078,0.23076923076923078,720.0,12:00-12:30,0.38461538461538464,90.0,90.0,False,True,90.0,20.76923076923077,0.17307692307692307,True,True,0.6153846153846154,71.25,43.84615384615385,0.36538461538461536,0.6153846153846154,71.25,0.36538461538461536,1
Shopping | r25_c17 | Monday,Shopping,r25_c17,Monday,660.0,11:00-11:30,1,1,13,6,True,0.07692307692307693,0.07692307692307693,720.0,12:00-12:30,0.38461538461538464,-60.0,60.0,False,True,60.0,4.615384615384616,0.038461538461538464,True,True,0.6153846153846154,71.25,43.84615384615385,0.36538461538461536,0.6153846153846154,71.25,0.36538461538461536,2
Shopping | r25_c17 | Monday,Shopping,r25_c17,Monday,690.0,11:30-12:00,1,1,13,6,True,0.07692307692307693,0.07692307692307693,720.0,12:00-12:30,0.38461538461538464,-30.0,30.0,False,True,30.0,2.307692307692308,0.019230769230769232,True,True,0.6153846153846154,71.25,43.84615384615385,0.36538461538461536,0.6153846153846154,71.25,0.36538461538461536,3
Shopping | r25_c17 | Monday,Shopping,r25_c17,Monday,750.0,12:30-13:00,1,1,13,6,True,0.07692307692307693,0.07692307692307693,720.0,12:00-12:30,0.38461538461538464,30.0,30.0,False,True,30.0,2.307692307692308,0.019230769230769232,True,True,0.6153846153846154,71.25,43.84615384615385,0.36538461538461536,0.6153846153846154,71.25,0.36538461538461536,4
Shopping | r25_c17 | Monday,Shopping,r25_c17,Monday,780.0,13:00-13:30,1,1,13,6,True,0.07692307692307693,0.07692307692307693,720.0,12:00-12:30,0.38461538461538464,60.0,60.0,False,True,60.0,4.615384615384616,0.038461538461538464,True,True,0.6153846153846154,71.25,43.84615384615385,0.36538461538461536,0.6153846153846154,71.25,0.36538461538461536,5
Shopping | r25_c17 | Monday,Shopping,r25_c17,Monday,840.0,14:00-14:30,1,1,13,6,True,0.07692307692307693,0.07692307692307693,720.0,12:00-12:30,0.38461538461538464,120.0,120.0,False,True,120.0,9.230769230769232,0.07692307692307693,True,True,0.6153846153846154,71.25,43.84615384615385,0.36538461538461536,0.6153846153846154,71.25,0.36538461538461536,6
Shopping | r25_c17 | Thursday,Shopping,r25_c17,Thursday,900.0,15:00-15:30,3,2,13,7,True,0.23076923076923078,0.23076923076923078,810.0,13:30-14:00,0.3076923076923077,90.0,90.0,False,True,90.0,20.76923076923077,0.17307692307692307,True,True,0.6923076923076923,86.66666666666669,60.00000000000001,0.4807692307692308,0.6923076923076923,86.66666666666669,0.4807692307692308,1
Shopping | r25_c17 | Thursday,Shopping,r25_c17,Thursday,930.0,15:30-16:00,2,2,13,7,True,0.15384615384615385,0.15384615384615385,810.0,13:30-14:00,0.3076923076923077,120.0,120.0,False,True,120.0,18.461538461538463,0.15384615384615385,True,True,0.6923076923076923,86.66666666666669,60.00000000000001,0.4807692307692308,0.6923076923076923,86.66666666666669,0.4807692307692308,2
Shopping | r25_c17 | Thursday,Shopping,r25_c17,Thursday,780.0,13:00-13:30,1,1,13,7,True,0.07692307692307693,0.07692307692307693,810.0,13:30-14:00,0.3076923076923077,-30.0,30.0,False,True,30.0,2.307692307692308,0.019230769230769232,True,True,0.6923076923076923,86.66666666666669,60.00000000000001,0.4807692307692308,0.6923076923076923,86.66666666666669,0.4807692307692308,3
Shopping | r25_c17 | Thursday,Shopping,r25_c17,Thursday,840.0,14:00-14:30,1,1,13,7,True,0.07692307692307693,0.07692307692307693,810.0,13:30-14:00,0.3076923076923077,30.0,30.0,False,True,30.0,2.307692307692308,0.019230769230769232,True,True,0.6923076923076923,86.66666666666669,60.00000000000001,0.4807692307692308,0.6923076923076923,86.66666666666669,0.4807692307692308,4
Shopping | r25_c17 | Thursday,Shopping,r25_c17,Thursday,870.0,14:30-15:00,1,1,13,7,True,0.07692307692307693,0.07692307692307693,810.0,13:30-14:00,0.3076923076923077,60.0,60.0,False,True,60.0,4.615384615384616,0.038461538461538464,True,True,0.6923076923076923,86.66666666666669,60.00000000000001,0.4807692307692308,0.6923076923076923,86.66666666666669,0.4807692307692308,5
Shopping | r25_c17 | Thursday,Shopping,r25_c17,Thursday,960.0,16:00-16:30,1,1,13,7,True,0.07692307692307693,0.07692307692307693,810.0,13:30-14:00,0.3076923076923077,150.0,150.0,False,True,120.0,11.538461538461538,0.07692307692307693,True,True,0.6923076923076923,86.66666666666669,60.00000000000001,0.4807692307692308,0.6923076923076923,86.66666666666669,0.4807692307692308,6
Shopping | r25_c17 | Tuesday,Shopping,r25_c17,Tuesday,900.0,15:00-15:30,4,3,21,8,True,0.19047619047619047,0.19047619047619047,930.0,15:30-16:00,0.23809523809523808,-30.0,30.0,False,True,30.0,5.7142857142857135,0.04761904761904761,True,True,0.7619047619047619,99.375,75.71428571428571,0.49999999999999994,0.7619047619047619,99.375,0.49999999999999994,1
Shopping | r25_c17 | Tuesday,Shopping,r25_c17,Tuesday,720.0,12:00-12:30,3,2,21,8,True,0.14285714285714285,0.14285714285714285,930.0,15:30-16:00,0.23809523809523808,-210.0,210.0,False,True,120.0,30.0,0.14285714285714285,True,True,0.7619047619047619,99.375,75.71428571428571,0.49999999999999994,0.7619047619047619,99.375,0.49999999999999994,2
Shopping | r25_c17 | Tuesday,Shopping,r25_c17,Tuesday,780.0,13:00-13:30,2,2,21,8,True,0.09523809523809523,0.09523809523809523,930.0,15:30-16:00,0.23809523809523808,-150.0,150.0,False,True,120.0,14.285714285714285,0.09523809523809522,True,True,0.7619047619047619,99.375,75.71428571428571,0.49999999999999994,0.7619047619047619,99.375,0.49999999999999994,3
Shopping | r25_c17 | Tuesday,Shopping,r25_c17,Tuesday,810.0,13:30-14:00,2,2,21,8,True,0.09523809523809523,0.09523809523809523,930.0,15:30-16:00,0.23809523809523808,-120.0,120.0,False,True,120.0,11.428571428571427,0.09523809523809522,True,True,0.7619047619047619,99.375,75.71428571428571,0.49999999999999994,0.7619047619047619,99.375,0.49999999999999994,4
Shopping | r25_c17 | Tuesday,Shopping,r25_c17,Tuesday,840.0,14:00-14:30,2,2,21,8,True,0.09523809523809523,0.09523809523809523,930.0,15:30-16:00,0.23809523809523808,-90.0,90.0,False,True,90.0,8.571428571428571,0.07142857142857142,True,True,0.7619047619047619,99.375,75.71428571428571,0.49999999999999994,0.7619047619047619,99.375,0.49999999999999994,5
Shopping | r25_c17 | Tuesday,Shopping,r25_c17,Tuesday,960.0,16:00-16:30,2,2,21,8,True,0.09523809523809523,0.09523809523809523,930.0,15:30-16:00,0.23809523809523808,30.0,30.0,False,True,30.0,2.8571428571428568,0.023809523809523805,True,True,0.7619047619047619,99.375,75.71428571428571,0.49999999999999994,0.7619047619047619,99.375,0.49999999999999994,6
Shopping | r25_c17 | Tuesday,Shopping,r25_c17,Tuesday,870.0,14:30-15:00,1,1,21,8,True,0.047619047619047616,0.047619047619047616,930.0,15:30-16:00,0.23809523809523808,-60.0,60.0,False,True,60.0,2.8571428571428568,0.023809523809523805,True,True,0.7619047619047619,99.375,75.71428571428571,0.49999999999999994,0.7619047619047619,99.375,0.49999999999999994,7
Shopping | r26_c12 | Friday,Shopping,r26_c12,Friday,780.0,13:00-13:30,9,7,51,22,True,0.17647058823529413,0.17647058823529413,810.0,13:30-14:00,0.3333333333333333,-30.0,30.0,False,True,30.0,5.294117647058824,0.04411764705882353,True,True,0.6666666666666667,74.99999999999999,50.0,0.392156862745098,0.6666666666666667,74.99999999999999,0.392156862745098,1
Shopping | r26_c12 | Friday,Shopping,r26_c12,Friday,900.0,15:00-15:30,6,4,51,22,True,0.11764705882352941,0.11764705882352941,810.0,13:30-14:00,0.3333333333333333,90.0,90.0,False,True,90.0,10.588235294117647,0.08823529411764705,True,True,0.6666666666666667,74.99999999999999,50.0,0.392156862745098,0.6666666666666667,74.99999999999999,0.392156862745098,2
Shopping | r26_c12 | Friday,Shopping,r26_c12,Friday,720.0,12:00-12:30,5,5,51,22,True,0.09803921568627451,0.09803921568627451,810.0,13:30-14:00,0.3333333333333333,-90.0,90.0,False,True,90.0,8.823529411764707,0.07352941176470588,True,True,0.6666666666666667,74.99999999999999,50.0,0.392156862745098,0.6666666666666667,74.99999999999999,0.392156862745098,3
Shopping | r26_c12 | Friday,Shopping,r26_c12,Friday,750.0,12:30-13:00,5,5,51,22,True,0.09803921568627451,0.09803921568627451,810.0,13:30-14:00,0.3333333333333333,-60.0,60.0,False,True,60.0,5.88235294117647,0.049019607843137254,True,True,0.6666666666666667,74.99999999999999,50.0,0.392156862745098,0.6666666666666667,74.99999999999999,0.392156862745098,4
Shopping | r26_c12 | Friday,Shopping,r26_c12,Friday,840.0,14:00-14:30,2,2,51,22,True,0.0392156862745098,0.0392156862745098,810.0,13:30-14:00,0.3333333333333333,30.0,30.0,False,True,30.0,1.1764705882352942,0.00980392156862745,True,True,0.6666666666666667,74.99999999999999,50.0,0.392156862745098,0.6666666666666667,74.99999999999999,0.392156862745098,5
Shopping | r26_c12 | Friday,Shopping,r26_c12,Friday,930.0,15:30-16:00,2,1,51,22,True,0.0392156862745098,0.0392156862745098,810.0,13:30-14:00,0.3333333333333333,120.0,120.0,False,True,120.0,4.705882352941177,0.0392156862745098,True,True,0.6666666666666667,74.99999999999999,50.0,0.392156862745098,0.6666666666666667,74.99999999999999,0.392156862745098,6
Shopping | r26_c12 | Friday,Shopping,r26_c12,Friday,960.0,16:00-16:30,2,2,51,22,True,0.0392156862745098,0.0392156862745098,810.0,13:30-14:00,0.3333333333333333,150.0,150.0,False,True,120.0,5.88235294117647,0.0392156862745098,True,True,0.6666666666666667,74.99999999999999,50.0,0.392156862745098,0.6666666666666667,74.99999999999999,0.392156862745098,7
Shopping | r26_c12 | Friday,Shopping,r26_c12,Friday,600.0,10:00-10:30,1,1,51,22,True,0.0196078431372549,0.0196078431372549,810.0,13:30-14:00,0.3333333333333333,-210.0,210.0,False,True,120.0,4.117647058823529,0.0196078431372549,True,True,0.6666666666666667,74.99999999999999,50.0,0.392156862745098,0.6666666666666667,74.99999999999999,0.392156862745098,8
Shopping | r26_c12 | Friday,Shopping,r26_c12,Friday,690.0,11:30-12:00,1,1,51,22,True,0.0196078431372549,0.0196078431372549,810.0,13:30-14:00,0.3333333333333333,-120.0,120.0,False,True,120.0,2.3529411764705883,0.0196078431372549,True,True,0.6666666666666667,74.99999999999999,50.0,0.392156862745098,0.6666666666666667,74.99999999999999,0.392156862745098,9
Shopping | r26_c12 | Friday,Shopping,r26_c12,Friday,870.0,14:30-15:00,1,1,51,22,True,0.0196078431372549,0.0196078431372549,810.0,13:30-14:00,0.3333333333333333,60.0,60.0,False,True,60.0,1.1764705882352942,0.00980392156862745,True,True,0.6666666666666667,74.99999999999999,50.0,0.392156862745098,0.6666666666666667,74.99999999999999,0.392156862745098,10
Shopping | r26_c12 | Monday,Shopping,r26_c12,Monday,750.0,12:30-13:00,5,5,25,11,True,0.2,0.2,780.0,13:00-13:30,0.24,-30.0,30.0,False,True,30.0,6.0,0.05,True,True,0.76,72.63157894736841,55.199999999999996,0.42,0.76,72.63157894736841,0.42,1
Shopping | r26_c12 | Monday,Shopping,r26_c12,Monday,810.0,13:30-14:00,4,3,25,11,True,0.16,0.16,780.0,13:00-13:30,0.24,30.0,30.0,False,True,30.0,4.8,0.04,True,True,0.76,72.63157894736841,55.199999999999996,0.42,0.76,72.63157894736841,0.42,2
Shopping | r26_c12 | Monday,Shopping,r26_c12,Monday,600.0,10:00-10:30,2,1,25,11,True,0.08,0.08,780.0,13:00-13:30,0.24,-180.0,180.0,False,True,120.0,14.4,0.08,True,True,0.76,72.63157894736841,55.199999999999996,0.42,0.76,72.63157894736841,0.42,3
Shopping | r26_c12 | Monday,Shopping,r26_c12,Monday,870.0,14:30-15:00,2,2,25,11,True,0.08,0.08,780.0,13:00-13:30,0.24,90.0,90.0,False,True,90.0,7.2,0.060000000000000005,True,True,0.76,72.63157894736841,55.199999999999996,0.42,0.76,72.63157894736841,0.42,4
Shopping | r26_c12 | Monday,Shopping,r26_c12,Monday,900.0,15:00-15:30,2,2,25,11,True,0.08,0.08,780.0,13:00-13:30,0.24,120.0,120.0,False,True,120.0,9.6,0.08,True,True,0.76,72.63157894736841,55.199999999999996,0.42,0.76,72.63157894736841,0.42,5
Shopping | r26_c12 | Monday,Shopping,r26_c12,Monday,660.0,11:00-11:30,1,1,25,11,True,0.04,0.04,780.0,13:00-13:30,0.24,-120.0,120.0,False,True,120.0,4.8,0.04,True,True,0.76,72.63157894736841,55.199999999999996,0.42,0.76,72.63157894736841,0.42,6
Shopping | r26_c12 | Monday,Shopping,r26_c12,Monday,690.0,11:30-12:00,1,1,25,11,True,0.04,0.04,780.0,13:00-13:30,0.24,-90.0,90.0,False,True,90.0,3.6,0.030000000000000002,True,True,0.76,72.63157894736841,55.199999999999996,0.42,0.76,72.63157894736841,0.42,7
Shopping | r26_c12 | Monday,Shopping,r26_c12,Monday,720.0,12:00-12:30,1,1,25,11,True,0.04,0.04,780.0,13:00-13:30,0.24,-60.0,60.0,False,True,60.0,2.4,0.02,True,True,0.76,72.63157894736841,55.199999999999996,0.42,0.76,72.63157894736841,0.42,8
Shopping | r26_c12 | Monday,Shopping,r26_c12,Monday,840.0,14:00-14:30,1,1,25,11,True,0.04,0.04,780.0,13:00-13:30,0.24,60.0,60.0,False,True,60.0,2.4,0.02,True,True,0.76,72.63157894736841,55.199999999999996,0.42,0.76,72.63157894736841,0.42,9
Shopping | r26_c12 | Thursday,Shopping,r26_c12,Thursday,780.0,13:00-13:30,11,5,58,16,True,0.1896551724137931,0.1896551724137931,810.0,13:30-14:00,0.22413793103448276,-30.0,30.0,False,True,30.0,5.689655172413793,0.04741379310344827,True,True,0.7758620689655172,61.33333333333334,47.58620689655173,0.3836206896551724,0.7758620689655172,61.33333333333334,0.3836206896551724,1
Shopping | r26_c12 | Thursday,Shopping,r26_c12,Thursday,750.0,12:30-13:00,8,6,58,16,True,0.13793103448275862,0.13793103448275862,810.0,13:30-14:00,0.22413793103448276,-60.0,60.0,False,True,60.0,8.275862068965518,0.06896551724137931,True,True,0.7758620689655172,61.33333333333334,47.58620689655173,0.3836206896551724,0.7758620689655172,61.33333333333334,0.3836206896551724,2
Shopping | r26_c12 | Thursday,Shopping,r26_c12,Thursday,840.0,14:00-14:30,8,4,58,16,True,0.13793103448275862,0.13793103448275862,810.0,13:30-14:00,0.22413793103448276,30.0,30.0,False,True,30.0,4.137931034482759,0.034482758620689655,True,True,0.7758620689655172,61.33333333333334,47.58620689655173,0.3836206896551724,0.7758620689655172,61.33333333333334,0.3836206896551724,3
Shopping | r26_c12 | Thursday,Shopping,r26_c12,Thursday,870.0,14:30-15:00,6,3,58,16,True,0.10344827586206896,0.10344827586206896,810.0,13:30-14:00,0.22413793103448276,60.0,60.0,False,True,60.0,6.206896551724138,0.05172413793103448,True,True,0.7758620689655172,61.33333333333334,47.58620689655173,0.3836206896551724,0.7758620689655172,61.33333333333334,0.3836206896551724,4
Shopping | r26_c12 | Thursday,Shopping,r26_c12,Thursday,720.0,12:00-12:30,5,3,58,16,True,0.08620689655172414,0.08620689655172414,810.0,13:30-14:00,0.22413793103448276,-90.0,90.0,False,True,90.0,7.758620689655173,0.06465517241379311,True,True,0.7758620689655172,61.33333333333334,47.58620689655173,0.3836206896551724,0.7758620689655172,61.33333333333334,0.3836206896551724,5
Shopping | r26_c12 | Thursday,Shopping,r26_c12,Thursday,960.0,16:00-16:30,3,1,58,16,True,0.05172413793103448,0.05172413793103448,810.0,13:30-14:00,0.22413793103448276,150.0,150.0,False,True,120.0,7.758620689655173,0.05172413793103448,True,True,0.7758620689655172,61.33333333333334,47.58620689655173,0.3836206896551724,0.7758620689655172,61.33333333333334,0.3836206896551724,6
Shopping | r26_c12 | Thursday,Shopping,r26_c12,Thursday,690.0,11:30-12:00,2,2,58,16,True,0.034482758620689655,0.034482758620689655,810.0,13:30-14:00,0.22413793103448276,-120.0,120.0,False,True,120.0,4.137931034482759,0.034482758620689655,True,True,0.7758620689655172,61.33333333333334,47.58620689655173,0.3836206896551724,0.7758620689655172,61.33333333333334,0.3836206896551724,7
Shopping | r26_c12 | Thursday,Shopping,r26_c12,Thursday,900.0,15:00-15:30,1,1,58,16,True,0.017241379310344827,0.017241379310344827,810.0,13:30-14:00,0.22413793103448276,90.0,90.0,False,True,90.0,1.5517241379310345,0.01293103448275862,True,True,0.7758620689655172,61.33333333333334,47.58620689655173,0.3836206896551724,0.7758620689655172,61.33333333333334,0.3836206896551724,8
Shopping | r26_c12 | Thursday,Shopping,r26_c12,Thursday,930.0,15:30-16:00,1,1,58,16,True,0.017241379310344827,0.017241379310344827,810.0,13:30-14:00,0.22413793103448276,120.0,120.0,False,True,120.0,2.0689655172413794,0.017241379310344827,True,True,0.7758620689655172,61.33333333333334,47.58620689655173,0.3836206896551724,0.7758620689655172,61.33333333333334,0.3836206896551724,9
Shopping | r26_c12 | Tuesday,Shopping,r26_c12,Tuesday,690.0,11:30-12:00,6,2,27,14,True,0.2222222222222222,0.2222222222222222,810.0,13:30-14:00,0.2962962962962963,-120.0,120.0,False,True,120.0,26.666666666666664,0.2222222222222222,True,True,0.7037037037037037,116.84210526315788,82.22222222222221,0.5555555555555556,0.7037037037037037,116.84210526315788,0.5555555555555556,1
Shopping | r26_c12 | Tuesday,Shopping,r26_c12,Tuesday,600.0,10:00-10:30,2,2,27,14,True,0.07407407407407407,0.07407407407407407,810.0,13:30-14:00,0.2962962962962963,-210.0,210.0,False,True,120.0,15.555555555555555,0.07407407407407408,True,True,0.7037037037037037,116.84210526315788,82.22222222222221,0.5555555555555556,0.7037037037037037,116.84210526315788,0.5555555555555556,2
Shopping | r26_c12 | Tuesday,Shopping,r26_c12,Tuesday,720.0,12:00-12:30,2,1,27,14,True,0.07407407407407407,0.07407407407407407,810.0,13:30-14:00,0.2962962962962963,-90.0,90.0,False,True,90.0,6.666666666666666,0.05555555555555555,True,True,0.7037037037037037,116.84210526315788,82.22222222222221,0.5555555555555556,0.7037037037037037,116.84210526315788,0.5555555555555556,3
Shopping | r26_c12 | Tuesday,Shopping,r26_c12,Tuesday,750.0,12:30-13:00,2,2,27,14,True,0.07407407407407407,0.07407407407407407,810.0,13:30-14:00,0.2962962962962963,-60.0,60.0,False,True,60.0,4.444444444444445,0.03703703703703704,True,True,0.7037037037037037,116.84210526315788,82.22222222222221,0.5555555555555556,0.7037037037037037,116.84210526315788,0.5555555555555556,4
Shopping | r26_c12 | Tuesday,Shopping,r26_c12,Tuesday,840.0,14:00-14:30,2,2,27,14,True,0.07407407407407407,0.07407407407407407,810.0,13:30-14:00,0.2962962962962963,30.0,30.0,False,True,30.0,2.2222222222222223,0.01851851851851852,True,True,0.7037037037037037,116.84210526315788,82.22222222222221,0.5555555555555556,0.7037037037037037,116.84210526315788,0.5555555555555556,5
Shopping | r26_c12 | Tuesday,Shopping,r26_c12,Tuesday,540.0,09:00-09:30,1,1,27,14,True,0.037037037037037035,0.037037037037037035,810.0,13:30-14:00,0.2962962962962963,-270.0,270.0,False,True,120.0,10.0,0.03703703703703704,True,True,0.7037037037037037,116.84210526315788,82.22222222222221,0.5555555555555556,0.7037037037037037,116.84210526315788,0.5555555555555556,6
Shopping | r26_c12 | Tuesday,Shopping,r26_c12,Tuesday,630.0,10:30-11:00,1,1,27,14,True,0.037037037037037035,0.037037037037037035,810.0,13:30-14:00,0.2962962962962963,-180.0,180.0,False,True,120.0,6.666666666666666,0.03703703703703704,True,True,0.7037037037037037,116.84210526315788,82.22222222222221,0.5555555555555556,0.7037037037037037,116.84210526315788,0.5555555555555556,7
Shopping | r26_c12 | Tuesday,Shopping,r26_c12,Tuesday,660.0,11:00-11:30,1,1,27,14,True,0.037037037037037035,0.037037037037037035,810.0,13:30-14:00,0.2962962962962963,-150.0,150.0,False,True,120.0,5.555555555555555,0.03703703703703704,True,True,0.7037037037037037,116.84210526315788,82.22222222222221,0.5555555555555556,0.7037037037037037,116.84210526315788,0.5555555555555556,8
Shopping | r26_c12 | Tuesday,Shopping,r26_c12,Tuesday,780.0,13:00-13:30,1,1,27,14,True,0.037037037037037035,0.037037037037037035,810.0,13:30-14:00,0.2962962962962963,-30.0,30.0,False,True,30.0,1.1111111111111112,0.00925925925925926,True,True,0.7037037037037037,116.84210526315788,82.22222222222221,0.5555555555555556,0.7037037037037037,116.84210526315788,0.5555555555555556,9
Shopping | r26_c12 | Tuesday,Shopping,r26_c12,Tuesday,900.0,15:00-15:30,1,1,27,14,True,0.037037037037037035,0.037037037037037035,810.0,13:30-14:00,0.2962962962962963,90.0,90.0,False,True,90.0,3.333333333333333,0.027777777777777776,True,True,0.7037037037037037,116.84210526315788,82.22222222222221,0.5555555555555556,0.7037037037037037,116.84210526315788,0.5555555555555556,10
Shopping | r26_c12 | Wednesday,Shopping,r26_c12,Wednesday,720.0,12:00-12:30,5,4,23,12,True,0.21739130434782608,0.21739130434782608,810.0,13:30-14:00,0.30434782608695654,-90.0,90.0,False,True,90.0,19.565217391304348,0.16304347826086957,True,True,0.6956521739130435,69.375,48.26086956521739,0.391304347826087,0.6956521739130435,69.375,0.391304347826087,1
Shopping | r26_c12 | Wednesday,Shopping,r26_c12,Wednesday,780.0,13:00-13:30,5,5,23,12,True,0.21739130434782608,0.21739130434782608,810.0,13:30-14:00,0.30434782608695654,-30.0,30.0,False,True,30.0,6.521739130434782,0.05434782608695652,True,True,0.6956521739130435,69.375,48.26086956521739,0.391304347826087,0.6956521739130435,69.375,0.391304347826087,2
Shopping | r26_c12 | Wednesday,Shopping,r26_c12,Wednesday,750.0,12:30-13:00,3,3,23,12,True,0.13043478260869565,0.13043478260869565,810.0,13:30-14:00,0.30434782608695654,-60.0,60.0,False,True,60.0,7.826086956521739,0.06521739130434782,True,True,0.6956521739130435,69.375,48.26086956521739,0.391304347826087,0.6956521739130435,69.375,0.391304347826087,3
Shopping | r26_c12 | Wednesday,Shopping,r26_c12,Wednesday,660.0,11:00-11:30,1,1,23,12,True,0.043478260869565216,0.043478260869565216,810.0,13:30-14:00,0.30434782608695654,-150.0,150.0,False,True,120.0,6.521739130434782,0.043478260869565216,True,True,0.6956521739130435,69.375,48.26086956521739,0.391304347826087,0.6956521739130435,69.375,0.391304347826087,4
Shopping | r26_c12 | Wednesday,Shopping,r26_c12,Wednesday,690.0,11:30-12:00,1,1,23,12,True,0.043478260869565216,0.043478260869565216,810.0,13:30-14:00,0.30434782608695654,-120.0,120.0,False,True,120.0,5.217391304347826,0.043478260869565216,True,True,0.6956521739130435,69.375,48.26086956521739,0.391304347826087,0.6956521739130435,69.375,0.391304347826087,5
Shopping | r26_c12 | Wednesday,Shopping,r26_c12,Wednesday,870.0,14:30-15:00,1,1,23,12,True,0.043478260869565216,0.043478260869565216,810.0,13:30-14:00,0.30434782608695654,60.0,60.0,False,True,60.0,2.608695652173913,0.021739130434782608,True,True,0.6956521739130435,69.375,48.26086956521739,0.391304347826087,0.6956521739130435,69.375,0.391304347826087,6
Shopping | r26_c17 | Friday,Shopping,r26_c17,Friday,810.0,13:30-14:00,4,3,18,11,True,0.2222222222222222,0.2222222222222222,780.0,13:00-13:30,0.3333333333333333,30.0,30.0,False,True,30.0,6.666666666666666,0.05555555555555555,True,True,0.6666666666666667,52.49999999999999,35.0,0.2916666666666667,0.6666666666666667,52.49999999999999,0.2916666666666667,1
Shopping | r26_c17 | Friday,Shopping,r26_c17,Friday,840.0,14:00-14:30,4,4,18,11,True,0.2222222222222222,0.2222222222222222,780.0,13:00-13:30,0.3333333333333333,60.0,60.0,False,True,60.0,13.333333333333332,0.1111111111111111,True,True,0.6666666666666667,52.49999999999999,35.0,0.2916666666666667,0.6666666666666667,52.49999999999999,0.2916666666666667,2
Shopping | r26_c17 | Friday,Shopping,r26_c17,Friday,690.0,11:30-12:00,1,1,18,11,True,0.05555555555555555,0.05555555555555555,780.0,13:00-13:30,0.3333333333333333,-90.0,90.0,False,True,90.0,5.0,0.041666666666666664,True,True,0.6666666666666667,52.49999999999999,35.0,0.2916666666666667,0.6666666666666667,52.49999999999999,0.2916666666666667,3
Shopping | r26_c17 | Friday,Shopping,r26_c17,Friday,720.0,12:00-12:30,1,1,18,11,True,0.05555555555555555,0.05555555555555555,780.0,13:00-13:30,0.3333333333333333,-60.0,60.0,False,True,60.0,3.333333333333333,0.027777777777777776,True,True,0.6666666666666667,52.49999999999999,35.0,0.2916666666666667,0.6666666666666667,52.49999999999999,0.2916666666666667,4
Shopping | r26_c17 | Friday,Shopping,r26_c17,Friday,750.0,12:30-13:00,1,1,18,11,True,0.05555555555555555,0.05555555555555555,780.0,13:00-13:30,0.3333333333333333,-30.0,30.0,False,True,30.0,1.6666666666666665,0.013888888888888888,True,True,0.6666666666666667,52.49999999999999,35.0,0.2916666666666667,0.6666666666666667,52.49999999999999,0.2916666666666667,5
Shopping | r26_c17 | Friday,Shopping,r26_c17,Friday,870.0,14:30-15:00,1,1,18,11,True,0.05555555555555555,0.05555555555555555,780.0,13:00-13:30,0.3333333333333333,90.0,90.0,False,True,90.0,5.0,0.041666666666666664,True,True,0.6666666666666667,52.49999999999999,35.0,0.2916666666666667,0.6666666666666667,52.49999999999999,0.2916666666666667,6
Shopping | r26_c17 | Monday,Shopping,r26_c17,Monday,810.0,13:30-14:00,5,5,15,13,True,0.3333333333333333,0.3333333333333333,780.0,13:00-13:30,0.4,30.0,30.0,False,True,30.0,10.0,0.08333333333333333,True,True,0.6,46.66666666666667,28.0,0.23333333333333334,0.6,46.66666666666667,0.23333333333333334,1
Shopping | r26_c17 | Monday,Shopping,r26_c17,Monday,750.0,12:30-13:00,2,2,15,13,True,0.13333333333333333,0.13333333333333333,780.0,13:00-13:30,0.4,-30.0,30.0,False,True,30.0,4.0,0.03333333333333333,True,True,0.6,46.66666666666667,28.0,0.23333333333333334,0.6,46.66666666666667,0.23333333333333334,2
Shopping | r26_c17 | Monday,Shopping,r26_c17,Monday,660.0,11:00-11:30,1,1,15,13,True,0.06666666666666667,0.06666666666666667,780.0,13:00-13:30,0.4,-120.0,120.0,False,True,120.0,8.0,0.06666666666666667,True,True,0.6,46.66666666666667,28.0,0.23333333333333334,0.6,46.66666666666667,0.23333333333333334,3
Shopping | r26_c17 | Monday,Shopping,r26_c17,Monday,870.0,14:30-15:00,1,1,15,13,True,0.06666666666666667,0.06666666666666667,780.0,13:00-13:30,0.4,90.0,90.0,False,True,90.0,6.0,0.05,True,True,0.6,46.66666666666667,28.0,0.23333333333333334,0.6,46.66666666666667,0.23333333333333334,4
Shopping | r26_c17 | Thursday,Shopping,r26_c17,Thursday,750.0,12:30-13:00,6,6,30,14,True,0.2,0.2,780.0,13:00-13:30,0.26666666666666666,-30.0,30.0,False,True,30.0,6.0,0.05,True,True,0.7333333333333334,58.63636363636363,43.0,0.35,0.7333333333333334,58.63636363636363,0.35,1
Shopping | r26_c17 | Thursday,Shopping,r26_c17,Thursday,810.0,13:30-14:00,6,4,30,14,True,0.2,0.2,780.0,13:00-13:30,0.26666666666666666,30.0,30.0,False,True,30.0,6.0,0.05,True,True,0.7333333333333334,58.63636363636363,43.0,0.35,0.7333333333333334,58.63636363636363,0.35,2
Shopping | r26_c17 | Thursday,Shopping,r26_c17,Thursday,840.0,14:00-14:30,4,2,30,14,True,0.13333333333333333,0.13333333333333333,780.0,13:00-13:30,0.26666666666666666,60.0,60.0,False,True,60.0,8.0,0.06666666666666667,True,True,0.7333333333333334,58.63636363636363,43.0,0.35,0.7333333333333334,58.63636363636363,0.35,3
Shopping | r26_c17 | Thursday,Shopping,r26_c17,Thursday,900.0,15:00-15:30,3,3,30,14,True,0.1,0.1,780.0,13:00-13:30,0.26666666666666666,120.0,120.0,False,True,120.0,12.0,0.1,True,True,0.7333333333333334,58.63636363636363,43.0,0.35,0.7333333333333334,58.63636363636363,0.35,4
Shopping | r26_c17 | Thursday,Shopping,r26_c17,Thursday,660.0,11:00-11:30,1,1,30,14,True,0.03333333333333333,0.03333333333333333,780.0,13:00-13:30,0.26666666666666666,-120.0,120.0,False,True,120.0,4.0,0.03333333333333333,True,True,0.7333333333333334,58.63636363636363,43.0,0.35,0.7333333333333334,58.63636363636363,0.35,5
Shopping | r26_c17 | Thursday,Shopping,r26_c17,Thursday,720.0,12:00-12:30,1,1,30,14,True,0.03333333333333333,0.03333333333333333,780.0,13:00-13:30,0.26666666666666666,-60.0,60.0,False,True,60.0,2.0,0.016666666666666666,True,True,0.7333333333333334,58.63636363636363,43.0,0.35,0.7333333333333334,58.63636363636363,0.35,6
Shopping | r26_c17 | Thursday,Shopping,r26_c17,Thursday,930.0,15:30-16:00,1,1,30,14,True,0.03333333333333333,0.03333333333333333,780.0,13:00-13:30,0.26666666666666666,150.0,150.0,False,True,120.0,5.0,0.03333333333333333,True,True,0.7333333333333334,58.63636363636363,43.0,0.35,0.7333333333333334,58.63636363636363,0.35,7
Shopping | r26_c17 | Tuesday,Shopping,r26_c17,Tuesday,780.0,13:00-13:30,7,6,32,14,True,0.21875,0.21875,810.0,13:30-14:00,0.34375,-30.0,30.0,False,True,30.0,6.5625,0.0546875,True,True,0.65625,54.285714285714285,35.625,0.296875,0.65625,54.285714285714285,0.296875,1
Shopping | r26_c17 | Tuesday,Shopping,r26_c17,Tuesday,840.0,14:00-14:30,4,3,32,14,True,0.125,0.125,810.0,13:30-14:00,0.34375,30.0,30.0,False,True,30.0,3.75,0.03125,True,True,0.65625,54.285714285714285,35.625,0.296875,0.65625,54.285714285714285,0.296875,2
Shopping | r26_c17 | Tuesday,Shopping,r26_c17,Tuesday,870.0,14:30-15:00,3,3,32,14,True,0.09375,0.09375,810.0,13:30-14:00,0.34375,60.0,60.0,False,True,60.0,5.625,0.046875,True,True,0.65625,54.285714285714285,35.625,0.296875,0.65625,54.285714285714285,0.296875,3
Shopping | r26_c17 | Tuesday,Shopping,r26_c17,Tuesday,750.0,12:30-13:00,2,2,32,14,True,0.0625,0.0625,810.0,13:30-14:00,0.34375,-60.0,60.0,False,True,60.0,3.75,0.03125,True,True,0.65625,54.285714285714285,35.625,0.296875,0.65625,54.285714285714285,0.296875,4
Shopping | r26_c17 | Tuesday,Shopping,r26_c17,Tuesday,900.0,15:00-15:30,2,2,32,14,True,0.0625,0.0625,810.0,13:30-14:00,0.34375,90.0,90.0,False,True,90.0,5.625,0.046875,True,True,0.65625,54.285714285714285,35.625,0.296875,0.65625,54.285714285714285,0.296875,5
Shopping | r26_c17 | Tuesday,Shopping,r26_c17,Tuesday,930.0,15:30-16:00,2,2,32,14,True,0.0625,0.0625,810.0,13:30-14:00,0.34375,120.0,120.0,False,True,120.0,7.5,0.0625,True,True,0.65625,54.285714285714285,35.625,0.296875,0.65625,54.285714285714285,0.296875,6
Shopping | r26_c17 | Tuesday,Shopping,r26_c17,Tuesday,720.0,12:00-12:30,1,1,32,14,True,0.03125,0.03125,810.0,13:30-14:00,0.34375,-90.0,90.0,False,True,90.0,2.8125,0.0234375,True,True,0.65625,54.285714285714285,35.625,0.296875,0.65625,54.285714285714285,0.296875,7
Shopping | r26_c17 | Wednesday,Shopping,r26_c17,Wednesday,720.0,12:00-12:30,3,1,19,9,True,0.15789473684210525,0.15789473684210525,810.0,13:30-14:00,0.3684210526315789,-90.0,90.0,False,True,90.0,14.210526315789473,0.11842105263157894,True,True,0.631578947368421,60.00000000000001,37.89473684210527,0.31578947368421056,0.631578947368421,60.00000000000001,0.31578947368421056,1
Shopping | r26_c17 | Wednesday,Shopping,r26_c17,Wednesday,840.0,14:00-14:30,3,3,19,9,True,0.15789473684210525,0.15789473684210525,810.0,13:30-14:00,0.3684210526315789,30.0,30.0,False,True,30.0,4.7368421052631575,0.039473684210526314,True,True,0.631578947368421,60.00000000000001,37.89473684210527,0.31578947368421056,0.631578947368421,60.00000000000001,0.31578947368421056,2
Shopping | r26_c17 | Wednesday,Shopping,r26_c17,Wednesday,750.0,12:30-13:00,2,1,19,9,True,0.10526315789473684,0.10526315789473684,810.0,13:30-14:00,0.3684210526315789,-60.0,60.0,False,True,60.0,6.315789473684211,0.052631578947368425,True,True,0.631578947368421,60.00000000000001,37.89473684210527,0.31578947368421056,0.631578947368421,60.00000000000001,0.31578947368421056,3
Shopping | r26_c17 | Wednesday,Shopping,r26_c17,Wednesday,780.0,13:00-13:30,2,2,19,9,True,0.10526315789473684,0.10526315789473684,810.0,13:30-14:00,0.3684210526315789,-30.0,30.0,False,True,30.0,3.1578947368421053,0.026315789473684213,True,True,0.631578947368421,60.00000000000001,37.89473684210527,0.31578947368421056,0.631578947368421,60.00000000000001,0.31578947368421056,4
Shopping | r26_c17 | Wednesday,Shopping,r26_c17,Wednesday,690.0,11:30-12:00,1,1,19,9,True,0.05263157894736842,0.05263157894736842,810.0,13:30-14:00,0.3684210526315789,-120.0,120.0,False,True,120.0,6.315789473684211,0.052631578947368425,True,True,0.631578947368421,60.00000000000001,37.89473684210527,0.31578947368421056,0.631578947368421,60.00000000000001,0.31578947368421056,5
Shopping | r26_c17 | Wednesday,Shopping,r26_c17,Wednesday,870.0,14:30-15:00,1,1,19,9,True,0.05263157894736842,0.05263157894736842,810.0,13:30-14:00,0.3684210526315789,60.0,60.0,False,True,60.0,3.1578947368421053,0.026315789473684213,True,True,0.631578947368421,60.00000000000001,37.89473684210527,0.31578947368421056,0.631578947368421,60.00000000000001,0.31578947368421056,6
Shopping | r27_c17 | Tuesday,Shopping,r27_c17,Tuesday,540.0,09:00-09:30,3,3,20,14,True,0.15,0.15,600.0,10:00-10:30,0.35,-60.0,60.0,False,True,60.0,9.0,0.075,True,True,0.65,120.0,78.0,0.425,0.65,120.0,0.425,1
Shopping | r27_c17 | Tuesday,Shopping,r27_c17,Tuesday,570.0,09:30-10:00,3,3,20,14,True,0.15,0.15,600.0,10:00-10:30,0.35,-30.0,30.0,False,True,30.0,4.5,0.0375,True,True,0.65,120.0,78.0,0.425,0.65,120.0,0.425,2
Shopping | r27_c17 | Tuesday,Shopping,r27_c17,Tuesday,750.0,12:30-13:00,2,1,20,14,True,0.1,0.1,600.0,10:00-10:30,0.35,150.0,150.0,False,True,120.0,15.0,0.1,True,True,0.65,120.0,78.0,0.425,0.65,120.0,0.425,3
Shopping | r27_c17 | Tuesday,Shopping,r27_c17,Tuesday,840.0,14:00-14:30,2,2,20,14,True,0.1,0.1,600.0,10:00-10:30,0.35,240.0,240.0,False,True,120.0,24.0,0.1,True,True,0.65,120.0,78.0,0.425,0.65,120.0,0.425,4
Shopping | r27_c17 | Tuesday,Shopping,r27_c17,Tuesday,630.0,10:30-11:00,1,1,20,14,True,0.05,0.05,600.0,10:00-10:30,0.35,30.0,30.0,False,True,30.0,1.5,0.0125,True,True,0.65,120.0,78.0,0.425,0.65,120.0,0.425,5
Shopping | r27_c17 | Tuesday,Shopping,r27_c17,Tuesday,810.0,13:30-14:00,1,1,20,14,True,0.05,0.05,600.0,10:00-10:30,0.35,210.0,210.0,False,True,120.0,10.5,0.05,True,True,0.65,120.0,78.0,0.425,0.65,120.0,0.425,6
Shopping | r27_c17 | Tuesday,Shopping,r27_c17,Tuesday,870.0,14:30-15:00,1,1,20,14,True,0.05,0.05,600.0,10:00-10:30,0.35,270.0,270.0,False,True,120.0,13.5,0.05,True,True,0.65,120.0,78.0,0.425,0.65,120.0,0.425,7
Shopping | r8_c11 | Thursday,Shopping,r8_c11,Thursday,570.0,09:30-10:00,8,5,30,9,True,0.26666666666666666,0.26666666666666666,600.0,10:00-10:30,0.4,-30.0,30.0,False,True,30.0,8.0,0.06666666666666667,True,True,0.6,46.66666666666667,28.0,0.2333333333333333,0.6,46.66666666666667,0.2333333333333333,1
Shopping | r8_c11 | Thursday,Shopping,r8_c11,Thursday,630.0,10:30-11:00,4,3,30,9,True,0.13333333333333333,0.13333333333333333,600.0,10:00-10:30,0.4,30.0,30.0,False,True,30.0,4.0,0.03333333333333333,True,True,0.6,46.66666666666667,28.0,0.2333333333333333,0.6,46.66666666666667,0.2333333333333333,2
Shopping | r8_c11 | Thursday,Shopping,r8_c11,Thursday,660.0,11:00-11:30,3,2,30,9,True,0.1,0.1,600.0,10:00-10:30,0.4,60.0,60.0,False,True,60.0,6.0,0.05,True,True,0.6,46.66666666666667,28.0,0.2333333333333333,0.6,46.66666666666667,0.2333333333333333,3
Shopping | r8_c11 | Thursday,Shopping,r8_c11,Thursday,510.0,08:30-09:00,1,1,30,9,True,0.03333333333333333,0.03333333333333333,600.0,10:00-10:30,0.4,-90.0,90.0,False,True,90.0,3.0,0.025,True,True,0.6,46.66666666666667,28.0,0.2333333333333333,0.6,46.66666666666667,0.2333333333333333,4
Shopping | r8_c11 | Thursday,Shopping,r8_c11,Thursday,690.0,11:30-12:00,1,1,30,9,True,0.03333333333333333,0.03333333333333333,600.0,10:00-10:30,0.4,90.0,90.0,False,True,90.0,3.0,0.025,True,True,0.6,46.66666666666667,28.0,0.2333333333333333,0.6,46.66666666666667,0.2333333333333333,5
Shopping | r8_c11 | Thursday,Shopping,r8_c11,Thursday,720.0,12:00-12:30,1,1,30,9,True,0.03333333333333333,0.03333333333333333,600.0,10:00-10:30,0.4,120.0,120.0,False,True,120.0,4.0,0.03333333333333333,True,True,0.6,46.66666666666667,28.0,0.2333333333333333,0.6,46.66666666666667,0.2333333333333333,6
Shopping | r8_c11 | Tuesday,Shopping,r8_c11,Tuesday,600.0,10:00-10:30,10,5,26,13,True,0.38461538461538464,0.38461538461538464,570.0,09:30-10:00,0.46153846153846156,30.0,30.0,False,True,30.0,11.538461538461538,0.09615384615384616,True,True,0.5384615384615384,30.0,16.153846153846153,0.13461538461538464,0.5384615384615384,30.0,0.13461538461538464,1
Shopping | r8_c11 | Tuesday,Shopping,r8_c11,Tuesday,540.0,09:00-09:30,4,2,26,13,True,0.15384615384615385,0.15384615384615385,570.0,09:30-10:00,0.46153846153846156,-30.0,30.0,False,True,30.0,4.615384615384616,0.038461538461538464,True,True,0.5384615384615384,30.0,16.153846153846153,0.13461538461538464,0.5384615384615384,30.0,0.13461538461538464,2
Shopping | r8_c11 | Wednesday,Shopping,r8_c11,Wednesday,600.0,10:00-10:30,4,2,17,4,True,0.23529411764705882,0.23529411764705882,570.0,09:30-10:00,0.29411764705882354,30.0,30.0,False,True,30.0,7.0588235294117645,0.058823529411764705,True,True,0.7058823529411764,67.50000000000001,47.64705882352941,0.3970588235294118,0.7058823529411764,67.50000000000001,0.3970588235294118,1
Shopping | r8_c11 | Wednesday,Shopping,r8_c11,Wednesday,630.0,10:30-11:00,3,2,17,4,True,0.17647058823529413,0.17647058823529413,570.0,09:30-10:00,0.29411764705882354,60.0,60.0,False,True,60.0,10.588235294117649,0.08823529411764706,True,True,0.7058823529411764,67.50000000000001,47.64705882352941,0.3970588235294118,0.7058823529411764,67.50000000000001,0.3970588235294118,2
Shopping | r8_c11 | Wednesday,Shopping,r8_c11,Wednesday,660.0,11:00-11:30,3,2,17,4,True,0.17647058823529413,0.17647058823529413,570.0,09:30-10:00,0.29411764705882354,90.0,90.0,False,True,90.0,15.882352941176471,0.1323529411764706,True,True,0.7058823529411764,67.50000000000001,47.64705882352941,0.3970588235294118,0.7058823529411764,67.50000000000001,0.3970588235294118,3
Shopping | r8_c11 | Wednesday,Shopping,r8_c11,Wednesday,690.0,11:30-12:00,2,1,17,4,True,0.11764705882352941,0.11764705882352941,570.0,09:30-10:00,0.29411764705882354,120.0,120.0,False,True,120.0,14.117647058823529,0.11764705882352941,True,True,0.7058823529411764,67.50000000000001,47.64705882352941,0.3970588235294118,0.7058823529411764,67.50000000000001,0.3970588235294118,4
Shopping | r8_c13 | Wednesday,Shopping,r8_c13,Wednesday,570.0,09:30-10:00,2,2,14,4,True,0.14285714285714285,0.14285714285714285,810.0,13:30-14:00,0.35714285714285715,-240.0,240.0,False,True,120.0,34.285714285714285,0.14285714285714285,True,True,0.6428571428571428,156.66666666666669,100.71428571428572,0.5535714285714285,0.6428571428571428,156.66666666666669,0.5535714285714285,1
Shopping | r8_c13 | Wednesday,Shopping,r8_c13,Wednesday,600.0,10:00-10:30,2,1,14,4,True,0.14285714285714285,0.14285714285714285,810.0,13:30-14:00,0.35714285714285715,-210.0,210.0,False,True,120.0,30.0,0.14285714285714285,True,True,0.6428571428571428,156.66666666666669,100.71428571428572,0.5535714285714285,0.6428571428571428,156.66666666666669,0.5535714285714285,2
Shopping | r8_c13 | Wednesday,Shopping,r8_c13,Wednesday,660.0,11:00-11:30,2,1,14,4,True,0.14285714285714285,0.14285714285714285,810.0,13:30-14:00,0.35714285714285715,-150.0,150.0,False,True,120.0,21.428571428571427,0.14285714285714285,True,True,0.6428571428571428,156.66666666666669,100.71428571428572,0.5535714285714285,0.6428571428571428,156.66666666666669,0.5535714285714285,3
Shopping | r8_c13 | Wednesday,Shopping,r8_c13,Wednesday,720.0,12:00-12:30,1,1,14,4,True,0.07142857142857142,0.07142857142857142,810.0,13:30-14:00,0.35714285714285715,-90.0,90.0,False,True,90.0,6.428571428571428,0.05357142857142857,True,True,0.6428571428571428,156.66666666666669,100.71428571428572,0.5535714285714285,0.6428571428571428,156.66666666666669,0.5535714285714285,4
Shopping | r8_c13 | Wednesday,Shopping,r8_c13,Wednesday,750.0,12:30-13:00,1,1,14,4,True,0.07142857142857142,0.07142857142857142,810.0,13:30-14:00,0.35714285714285715,-60.0,60.0,False,True,60.0,4.285714285714286,0.03571428571428571,True,True,0.6428571428571428,156.66666666666669,100.71428571428572,0.5535714285714285,0.6428571428571428,156.66666666666669,0.5535714285714285,5
Shopping | r8_c13 | Wednesday,Shopping,r8_c13,Wednesday,870.0,14:30-15:00,1,1,14,4,True,0.07142857142857142,0.07142857142857142,810.0,13:30-14:00,0.35714285714285715,60.0,60.0,False,True,60.0,4.285714285714286,0.03571428571428571,True,True,0.6428571428571428,156.66666666666669,100.71428571428572,0.5535714285714285,0.6428571428571428,156.66666666666669,0.5535714285714285,6
Shopping | r9_c14 | Thursday,Shopping,r9_c14,Thursday,810.0,13:30-14:00,4,3,14,5,True,0.2857142857142857,0.2857142857142857,750.0,12:30-13:00,0.2857142857142857,60.0,60.0,False,True,60.0,17.142857142857142,0.14285714285714285,True,True,0.7142857142857143,62.999999999999986,44.99999999999999,0.375,0.7142857142857143,62.999999999999986,0.375,1
Shopping | r9_c14 | Thursday,Shopping,r9_c14,Thursday,780.0,13:00-13:30,2,1,14,5,True,0.14285714285714285,0.14285714285714285,750.0,12:30-13:00,0.2857142857142857,30.0,30.0,False,True,30.0,4.285714285714286,0.03571428571428571,True,True,0.7142857142857143,62.999999999999986,44.99999999999999,0.375,0.7142857142857143,62.999999999999986,0.375,2
Shopping | r9_c14 | Thursday,Shopping,r9_c14,Thursday,840.0,14:00-14:30,2,2,14,5,True,0.14285714285714285,0.14285714285714285,750.0,12:30-13:00,0.2857142857142857,90.0,90.0,False,True,90.0,12.857142857142856,0.10714285714285714,True,True,0.7142857142857143,62.999999999999986,44.99999999999999,0.375,0.7142857142857143,62.999999999999986,0.375,3
Shopping | r9_c14 | Thursday,Shopping,r9_c14,Thursday,720.0,12:00-12:30,1,1,14,5,True,0.07142857142857142,0.07142857142857142,750.0,12:30-13:00,0.2857142857142857,-30.0,30.0,False,True,30.0,2.142857142857143,0.017857142857142856,True,True,0.7142857142857143,62.999999999999986,44.99999999999999,0.375,0.7142857142857143,62.999999999999986,0.375,4
Shopping | r9_c14 | Thursday,Shopping,r9_c14,Thursday,870.0,14:30-15:00,1,1,14,5,True,0.07142857142857142,0.07142857142857142,750.0,12:30-13:00,0.2857142857142857,120.0,120.0,False,True,120.0,8.571428571428571,0.07142857142857142,True,True,0.7142857142857143,62.999999999999986,44.99999999999999,0.375,0.7142857142857143,62.999999999999986,0.375,5
Shopping | r9_c18 | Friday,Shopping,r9_c18,Friday,630.0,10:30-11:00,5,4,20,9,True,0.25,0.25,600.0,10:00-10:30,0.4,30.0,30.0,False,True,30.0,7.5,0.0625,True,True,0.6,40.0,24.0,0.2,0.6,40.0,0.2,1
Shopping | r9_c18 | Friday,Shopping,r9_c18,Friday,570.0,09:30-10:00,3,3,20,9,True,0.15,0.15,600.0,10:00-10:30,0.4,-30.0,30.0,False,True,30.0,4.5,0.0375,True,True,0.6,40.0,24.0,0.2,0.6,40.0,0.2,2
Shopping | r9_c18 | Friday,Shopping,r9_c18,Friday,540.0,09:00-09:30,2,1,20,9,True,0.1,0.1,600.0,10:00-10:30,0.4,-60.0,60.0,False,True,60.0,6.0,0.05,True,True,0.6,40.0,24.0,0.2,0.6,40.0,0.2,3
Shopping | r9_c18 | Friday,Shopping,r9_c18,Friday,660.0,11:00-11:30,2,1,20,9,True,0.1,0.1,600.0,10:00-10:30,0.4,60.0,60.0,False,True,60.0,6.0,0.05,True,True,0.6,40.0,24.0,0.2,0.6,40.0,0.2,4
Shopping | r9_c18 | Monday,Shopping,r9_c18,Monday,630.0,10:30-11:00,7,4,24,5,True,0.2916666666666667,0.2916666666666667,600.0,10:00-10:30,0.375,30.0,30.0,False,True,30.0,8.75,0.07291666666666667,True,True,0.625,40.0,25.0,0.20833333333333334,0.625,40.0,0.20833333333333334,1
Shopping | r9_c18 | Monday,Shopping,r9_c18,Monday,570.0,09:30-10:00,5,4,24,5,True,0.20833333333333334,0.20833333333333334,600.0,10:00-10:30,0.375,-30.0,30.0,False,True,30.0,6.25,0.052083333333333336,True,True,0.625,40.0,25.0,0.20833333333333334,0.625,40.0,0.20833333333333334,2
Shopping | r9_c18 | Monday,Shopping,r9_c18,Monday,660.0,11:00-11:30,2,2,24,5,True,0.08333333333333333,0.08333333333333333,600.0,10:00-10:30,0.375,60.0,60.0,False,True,60.0,5.0,0.041666666666666664,True,True,0.625,40.0,25.0,0.20833333333333334,0.625,40.0,0.20833333333333334,3
Shopping | r9_c18 | Monday,Shopping,r9_c18,Monday,480.0,08:00-08:30,1,1,24,5,True,0.041666666666666664,0.041666666666666664,600.0,10:00-10:30,0.375,-120.0,120.0,False,True,120.0,5.0,0.041666666666666664,True,True,0.625,40.0,25.0,0.20833333333333334,0.625,40.0,0.20833333333333334,4
Shopping | r9_c18 | Thursday,Shopping,r9_c18,Thursday,600.0,10:00-10:30,6,5,21,10,True,0.2857142857142857,0.2857142857142857,570.0,09:30-10:00,0.38095238095238093,30.0,30.0,False,True,30.0,8.571428571428571,0.07142857142857142,True,True,0.6190476190476191,41.53846153846153,25.71428571428571,0.21428571428571427,0.6190476190476191,41.53846153846153,0.21428571428571427,1
Shopping | r9_c18 | Thursday,Shopping,r9_c18,Thursday,630.0,10:30-11:00,5,3,21,10,True,0.23809523809523808,0.23809523809523808,570.0,09:30-10:00,0.38095238095238093,60.0,60.0,False,True,60.0,14.285714285714285,0.11904761904761904,True,True,0.6190476190476191,41.53846153846153,25.71428571428571,0.21428571428571427,0.6190476190476191,41.53846153846153,0.21428571428571427,2
Shopping | r9_c18 | Thursday,Shopping,r9_c18,Thursday,540.0,09:00-09:30,2,2,21,10,True,0.09523809523809523,0.09523809523809523,570.0,09:30-10:00,0.38095238095238093,-30.0,30.0,False,True,30.0,2.8571428571428568,0.023809523809523805,True,True,0.6190476190476191,41.53846153846153,25.71428571428571,0.21428571428571427,0.6190476190476191,41.53846153846153,0.21428571428571427,3
Shopping | r9_c18 | Tuesday,Shopping,r9_c18,Tuesday,630.0,10:30-11:00,4,1,15,9,True,0.26666666666666666,0.26666666666666666,570.0,09:30-10:00,0.3333333333333333,60.0,60.0,False,True,60.0,16.0,0.13333333333333333,True,True,0.6666666666666667,41.99999999999999,28.0,0.23333333333333334,0.6666666666666667,41.99999999999999,0.23333333333333334,1
Shopping | r9_c18 | Tuesday,Shopping,r9_c18,Tuesday,540.0,09:00-09:30,3,3,15,9,True,0.2,0.2,570.0,09:30-10:00,0.3333333333333333,-30.0,30.0,False,True,30.0,6.0,0.05,True,True,0.6666666666666667,41.99999999999999,28.0,0.23333333333333334,0.6666666666666667,41.99999999999999,0.23333333333333334,2
Shopping | r9_c18 | Tuesday,Shopping,r9_c18,Tuesday,600.0,10:00-10:30,3,3,15,9,True,0.2,0.2,570.0,09:30-10:00,0.3333333333333333,30.0,30.0,False,True,30.0,6.0,0.05,True,True,0.6666666666666667,41.99999999999999,28.0,0.23333333333333334,0.6666666666666667,41.99999999999999,0.23333333333333334,3
Shopping | r9_c18 | Wednesday,Shopping,r9_c18,Wednesday,630.0,10:30-11:00,3,3,10,5,True,0.3,0.3,600.0,10:00-10:30,0.3,30.0,30.0,False,True,30.0,9.0,0.075,True,True,0.7,38.57142857142858,27.0,0.225,0.7,38.57142857142858,0.225,1
Shopping | r9_c18 | Wednesday,Shopping,r9_c18,Wednesday,570.0,09:30-10:00,2,1,10,5,True,0.2,0.2,600.0,10:00-10:30,0.3,-30.0,30.0,False,True,30.0,6.0,0.05,True,True,0.7,38.57142857142858,27.0,0.225,0.7,38.57142857142858,0.225,2
Shopping | r9_c18 | Wednesday,Shopping,r9_c18,Wednesday,660.0,11:00-11:30,2,2,10,5,True,0.2,0.2,600.0,10:00-10:30,0.3,60.0,60.0,False,True,60.0,12.0,0.1,True,True,0.7,38.57142857142858,27.0,0.225,0.7,38.57142857142858,0.225,3
