segment_id,Purpose,origin_zone,weekday,trips,service_days,policy_flexible,peak_time_bin,peak_time_share,active_time_bins,alternative_time_share_raw,average_alternative_shift_minutes_raw,expected_shift_potential_minutes_raw,temporal_flexibility_index_raw,meets_reliability_filter,temporal_eligible,alternative_time_share,average_alternative_shift_minutes,expected_shift_potential_minutes,temporal_flexibility_index,A_s,D_s_minutes,T_s,active_destination_zones,sum_squared_destination_shares,alternative_destination_count_raw,effective_destination_count_raw,geographical_flexibility_index_raw,dominant_destination_zone,dominant_destination_visits,dominant_destination_share,geographical_eligible,alternative_destination_count,effective_destination_count,geographical_flexibility_index,dominant_destination_zone_final,dominant_destination_visits_final,dominant_destination_share_final,G_s
Dialysis | r10_c14 | Friday,Dialysis,r10_c14,Friday,155,53,True,15:30-16:00,0.2967741935483871,4,0.7032258064516129,39.08256880733944,27.483870967741932,0.2290322580645161,True,True,0.7032258064516129,39.08256880733944,27.483870967741932,0.2290322580645161,0.7032258064516129,39.08256880733944,0.2290322580645161,4.0,0.4761290322580645,3.0,2.100271002710027,0.5238709677419355,r10_c15,87.0,0.5612903225806452,True,3.0,2.100271002710027,0.5238709677419355,r10_c15,87.0,0.5612903225806452,0.5238709677419355
Dialysis | r10_c14 | Monday,Dialysis,r10_c14,Monday,175,52,True,15:30-16:00,0.26857142857142857,6,0.7314285714285714,38.671875,28.285714285714285,0.23571428571428568,True,True,0.7314285714285714,38.671875,28.285714285714285,0.23571428571428568,0.7314285714285714,38.671875,0.23571428571428568,3.0,0.48545306122448983,2.0,2.059931391672832,0.5145469387755102,r10_c15,99.0,0.5657142857142857,True,2.0,2.059931391672832,0.5145469387755102,r10_c15,99.0,0.5657142857142857,0.5145469387755102
Dialysis | r10_c14 | Thursday,Dialysis,r10_c14,Thursday,68,33,True,15:00-15:30,0.4264705882352941,5,0.5735294117647058,41.53846153846154,23.823529411764707,0.19852941176470584,True,True,0.5735294117647058,41.53846153846154,23.823529411764707,0.19852941176470584,0.5735294117647058,41.53846153846154,0.19852941176470584,3.0,0.4788062283737024,2.0,2.088527551942186,0.5211937716262975,r9_c18,37.0,0.5441176470588235,True,2.0,2.088527551942186,0.5211937716262975,r9_c18,37.0,0.5441176470588235,0.5211937716262975
Dialysis | r10_c14 | Tuesday,Dialysis,r10_c14,Tuesday,57,35,True,15:00-15:30,0.42105263157894735,5,0.5789473684210527,38.18181818181818,22.105263157894736,0.1842105263157895,True,True,0.5789473684210527,38.18181818181818,22.105263157894736,0.1842105263157895,0.5789473684210527,38.18181818181818,0.1842105263157895,4.0,0.4699907663896583,3.0,2.1277013752455796,0.5300092336103417,r11_c20,30.0,0.5263157894736842,True,3.0,2.1277013752455796,0.5300092336103417,r11_c20,30.0,0.5263157894736842,0.5300092336103417
Dialysis | r10_c14 | Wednesday,Dialysis,r10_c14,Wednesday,149,52,True,15:30-16:00,0.28187919463087246,7,0.7181208053691275,41.77570093457944,30.0,0.24496644295302009,True,True,0.7181208053691275,41.77570093457944,30.0,0.24496644295302009,0.7181208053691275,41.77570093457944,0.24496644295302009,3.0,0.5063285437592902,2.0,1.9750022240014233,0.49367145624070985,r10_c15,86.0,0.5771812080536913,True,2.0,1.9750022240014233,0.49367145624070985,r10_c15,86.0,0.5771812080536913,0.49367145624070985
Dialysis | r10_c15 | Friday,Dialysis,r10_c15,Friday,60,53,True,09:00-09:30,1.0,1,0.0,,0.0,0.0,True,True,0.0,,0.0,0.0,0.0,,0.0,1.0,1.0,0.0,1.0,0.0,r10_c14,60.0,1.0,True,0.0,1.0,0.0,r10_c14,60.0,1.0,0.0
Dialysis | r10_c15 | Monday,Dialysis,r10_c15,Monday,60,52,True,09:00-09:30,0.9833333333333333,2,0.01666666666666672,89.99999999999972,1.5,0.0125,True,True,0.01666666666666672,89.99999999999972,1.5,0.0125,0.01666666666666672,89.99999999999972,0.0125,1.0,1.0,0.0,1.0,0.0,r10_c14,60.0,1.0,True,0.0,1.0,0.0,r10_c14,60.0,1.0,0.0
Dialysis | r10_c15 | Tuesday,Dialysis,r10_c15,Tuesday,1,1,True,09:00-09:30,1.0,1,0.0,,0.0,0.0,False,False,,,,,,,,1.0,1.0,0.0,1.0,0.0,r10_c14,1.0,1.0,False,,,,,,,
Dialysis | r10_c15 | Wednesday,Dialysis,r10_c15,Wednesday,55,52,True,09:00-09:30,1.0,1,0.0,,0.0,0.0,True,True,0.0,,0.0,0.0,0.0,,0.0,1.0,1.0,0.0,1.0,0.0,r10_c14,55.0,1.0,True,0.0,1.0,0.0,r10_c14,55.0,1.0,0.0
Dialysis | r11_c20 | Friday,Dialysis,r11_c20,Friday,1,1,True,09:30-10:00,1.0,1,0.0,,0.0,0.0,False,False,,,,,,,,1.0,1.0,0.0,1.0,0.0,r10_c14,1.0,1.0,False,,,,,,,
Dialysis | r11_c20 | Thursday,Dialysis,r11_c20,Thursday,24,20,True,10:00-10:30,0.9166666666666666,2,0.08333333333333337,29.999999999999986,2.5,0.020833333333333332,True,True,0.08333333333333337,29.999999999999986,2.5,0.020833333333333332,0.08333333333333337,29.999999999999986,0.020833333333333332,1.0,1.0,0.0,1.0,0.0,r10_c14,24.0,1.0,True,0.0,1.0,0.0,r10_c14,24.0,1.0,0.0
Dialysis | r11_c20 | Tuesday,Dialysis,r11_c20,Tuesday,29,21,True,10:00-10:30,0.896551724137931,2,0.10344827586206895,30.000000000000004,3.103448275862069,0.02586206896551724,True,True,0.10344827586206895,30.000000000000004,3.103448275862069,0.02586206896551724,0.10344827586206895,30.000000000000004,0.02586206896551724,1.0,1.0,0.0,1.0,0.0,r10_c14,29.0,1.0,True,0.0,1.0,0.0,r10_c14,29.0,1.0,0.0
Dialysis | r13_c19 | Friday,Dialysis,r13_c19,Friday,62,53,True,09:00-09:30,0.532258064516129,2,0.467741935483871,29.999999999999996,14.032258064516128,0.11693548387096774,True,True,0.467741935483871,29.999999999999996,14.032258064516128,0.11693548387096774,0.467741935483871,29.999999999999996,0.11693548387096774,1.0,1.0,0.0,1.0,0.0,r10_c14,62.0,1.0,True,0.0,1.0,0.0,r10_c14,62.0,1.0,0.0
Dialysis | r13_c19 | Monday,Dialysis,r13_c19,Monday,64,52,True,09:00-09:30,0.484375,3,0.515625,30.0,15.46875,0.12890625,True,True,0.515625,30.0,15.46875,0.12890625,0.515625,30.0,0.12890625,1.0,1.0,0.0,1.0,0.0,r10_c14,64.0,1.0,True,0.0,1.0,0.0,r10_c14,64.0,1.0,0.0
Dialysis | r13_c19 | Thursday,Dialysis,r13_c19,Thursday,1,1,True,10:30-11:00,1.0,1,0.0,,0.0,0.0,False,False,,,,,,,,1.0,1.0,0.0,1.0,0.0,r10_c14,1.0,1.0,False,,,,,,,
Dialysis | r13_c19 | Tuesday,Dialysis,r13_c19,Tuesday,1,1,True,09:30-10:00,1.0,1,0.0,,0.0,0.0,False,False,,,,,,,,1.0,1.0,0.0,1.0,0.0,r10_c14,1.0,1.0,False,,,,,,,
Dialysis | r13_c19 | Wednesday,Dialysis,r13_c19,Wednesday,58,52,True,09:00-09:30,0.5172413793103449,2,0.48275862068965514,30.000000000000004,14.482758620689657,0.1206896551724138,True,True,0.48275862068965514,30.000000000000004,14.482758620689657,0.1206896551724138,0.48275862068965514,30.000000000000004,0.1206896551724138,1.0,1.0,0.0,1.0,0.0,r10_c14,58.0,1.0,True,0.0,1.0,0.0,r10_c14,58.0,1.0,0.0
Dialysis | r14_c15 | Friday,Dialysis,r14_c15,Friday,1,1,True,09:30-10:00,1.0,1,0.0,,0.0,0.0,False,False,,,,,,,,1.0,1.0,0.0,1.0,0.0,r17_c16,1.0,1.0,False,,,,,,,
Dialysis | r14_c15 | Monday,Dialysis,r14_c15,Monday,5,2,True,09:30-10:00,0.6,3,0.4,30.0,12.0,0.1,False,False,,,,,,,,1.0,1.0,0.0,1.0,0.0,r17_c16,5.0,1.0,False,,,,,,,
Dialysis | r14_c15 | Wednesday,Dialysis,r14_c15,Wednesday,1,1,True,09:30-10:00,1.0,1,0.0,,0.0,0.0,False,False,,,,,,,,1.0,1.0,0.0,1.0,0.0,r17_c16,1.0,1.0,False,,,,,,,
Dialysis | r14_c16 | Friday,Dialysis,r14_c16,Friday,2,2,True,10:30-11:00,1.0,1,0.0,,0.0,0.0,False,False,,,,,,,,1.0,1.0,0.0,1.0,0.0,r21_c17,2.0,1.0,False,,,,,,,
Dialysis | r14_c16 | Monday,Dialysis,r14_c16,Monday,2,2,True,10:30-11:00,1.0,1,0.0,,0.0,0.0,False,False,,,,,,,,1.0,1.0,0.0,1.0,0.0,r21_c17,2.0,1.0,False,,,,,,,
Dialysis | r14_c16 | Wednesday,Dialysis,r14_c16,Wednesday,2,2,True,10:30-11:00,1.0,1,0.0,,0.0,0.0,False,False,,,,,,,,1.0,1.0,0.0,1.0,0.0,r21_c17,2.0,1.0,False,,,,,,,
Dialysis | r17_c15 | Friday,Dialysis,r17_c15,Friday,13,11,True,10:00-10:30,0.8461538461538461,2,0.15384615384615385,30.0,4.615384615384616,0.038461538461538464,True,True,0.15384615384615385,30.0,4.615384615384616,0.038461538461538464,0.15384615384615385,30.0,0.038461538461538464,1.0,1.0,0.0,1.0,0.0,r21_c17,13.0,1.0,True,0.0,1.0,0.0,r21_c17,13.0,1.0,0.0
Dialysis | r17_c15 | Monday,Dialysis,r17_c15,Monday,10,10,True,10:00-10:30,1.0,1,0.0,,0.0,0.0,True,True,0.0,,0.0,0.0,0.0,,0.0,1.0,1.0,0.0,1.0,0.0,r21_c17,10.0,1.0,True,0.0,1.0,0.0,r21_c17,10.0,1.0,0.0
Dialysis | r17_c15 | Wednesday,Dialysis,r17_c15,Wednesday,12,10,True,10:00-10:30,0.8333333333333334,2,0.16666666666666663,30.000000000000007,5.0,0.041666666666666664,True,True,0.16666666666666663,30.000000000000007,5.0,0.041666666666666664,0.16666666666666663,30.000000000000007,0.041666666666666664,1.0,1.0,0.0,1.0,0.0,r21_c17,12.0,1.0,True,0.0,1.0,0.0,r21_c17,12.0,1.0,0.0
Dialysis | r17_c16 | Friday,Dialysis,r17_c16,Friday,192,53,True,15:30-16:00,0.734375,8,0.265625,200.0,53.125,0.17317708333333334,True,True,0.265625,200.0,53.125,0.17317708333333334,0.265625,200.0,0.17317708333333334,5.0,0.27728949652777773,4.0,3.6063392682449624,0.7227105034722223,r17_c17,61.0,0.3177083333333333,True,4.0,3.6063392682449624,0.7227105034722223,r17_c17,61.0,0.3177083333333333,0.7227105034722223
Dialysis | r17_c16 | Monday,Dialysis,r17_c16,Monday,207,52,True,15:30-16:00,0.7342995169082126,10,0.2657004830917874,217.63636363636365,57.826086956521735,0.18840579710144925,True,True,0.2657004830917874,217.63636363636365,57.826086956521735,0.18840579710144925,0.2657004830917874,217.63636363636365,0.18840579710144925,5.0,0.2777894466615324,4.0,3.5998487776190875,0.7222105533384676,r9_c18,67.0,0.32367149758454106,True,4.0,3.5998487776190875,0.7222105533384676,r9_c18,67.0,0.32367149758454106,0.7222105533384676
Dialysis | r17_c16 | Tuesday,Dialysis,r17_c16,Tuesday,4,1,True,09:00-09:30,0.25,4,0.75,200.0,150.0,0.5625,False,False,,,,,,,,1.0,1.0,0.0,1.0,0.0,r17_c16,4.0,1.0,False,,,,,,,
Dialysis | r17_c16 | Wednesday,Dialysis,r17_c16,Wednesday,197,52,True,15:30-16:00,0.7309644670050761,8,0.2690355329949239,215.0943396226415,57.86802030456853,0.1814720812182741,True,True,0.2690355329949239,215.0943396226415,57.86802030456853,0.1814720812182741,0.2690355329949239,215.0943396226415,0.1814720812182741,5.0,0.2832075034141565,4.0,3.530979892639432,0.7167924965858434,r17_c16,65.0,0.3299492385786802,True,4.0,3.530979892639432,0.7167924965858434,r17_c16,65.0,0.3299492385786802,0.7167924965858434
Dialysis | r17_c17 | Friday,Dialysis,r17_c17,Friday,58,53,True,10:30-11:00,1.0,1,0.0,,0.0,0.0,True,True,0.0,,0.0,0.0,0.0,,0.0,1.0,1.0,0.0,1.0,0.0,r17_c16,58.0,1.0,True,0.0,1.0,0.0,r17_c16,58.0,1.0,0.0
Dialysis | r17_c17 | Monday,Dialysis,r17_c17,Monday,52,50,True,10:30-11:00,1.0,1,0.0,,0.0,0.0,True,True,0.0,,0.0,0.0,0.0,,0.0,1.0,1.0,0.0,1.0,0.0,r17_c16,52.0,1.0,True,0.0,1.0,0.0,r17_c16,52.0,1.0,0.0
Dialysis | r17_c17 | Wednesday,Dialysis,r17_c17,Wednesday,56,52,True,10:30-11:00,1.0,1,0.0,,0.0,0.0,True,True,0.0,,0.0,0.0,0.0,,0.0,1.0,1.0,0.0,1.0,0.0,r17_c16,56.0,1.0,True,0.0,1.0,0.0,r17_c16,56.0,1.0,0.0
Dialysis | r18_c6 | Monday,Dialysis,r18_c6,Monday,1,1,True,09:30-10:00,1.0,1,0.0,,0.0,0.0,False,False,,,,,,,,1.0,1.0,0.0,1.0,0.0,r21_c9,1.0,1.0,False,,,,,,,
Dialysis | r18_c6 | Thursday,Dialysis,r18_c6,Thursday,23,21,True,09:30-10:00,0.5217391304347826,2,0.4782608695652174,30.0,14.347826086956522,0.11956521739130435,True,True,0.4782608695652174,30.0,14.347826086956522,0.11956521739130435,0.4782608695652174,30.0,0.11956521739130435,1.0,1.0,0.0,1.0,0.0,r21_c9,23.0,1.0,True,0.0,1.0,0.0,r21_c9,23.0,1.0,0.0
Dialysis | r18_c6 | Tuesday,Dialysis,r18_c6,Tuesday,31,23,True,10:00-10:30,0.6129032258064516,3,0.3870967741935484,32.50000000000001,12.580645161290324,0.10483870967741936,True,True,0.3870967741935484,32.50000000000001,12.580645161290324,0.10483870967741936,0.3870967741935484,32.50000000000001,0.10483870967741936,1.0,1.0,0.0,1.0,0.0,r21_c9,31.0,1.0,True,0.0,1.0,0.0,r21_c9,31.0,1.0,0.0
Dialysis | r18_c6 | Wednesday,Dialysis,r18_c6,Wednesday,2,2,True,09:30-10:00,0.5,2,0.5,30.0,15.0,0.125,False,False,,,,,,,,1.0,1.0,0.0,1.0,0.0,r21_c9,2.0,1.0,False,,,,,,,
Dialysis | r19_c12 | Friday,Dialysis,r19_c12,Friday,3,2,True,10:00-10:30,0.6666666666666666,2,0.33333333333333337,59.99999999999999,20.0,0.16666666666666666,False,False,,,,,,,,1.0,1.0,0.0,1.0,0.0,r21_c17,3.0,1.0,False,,,,,,,
Dialysis | r19_c12 | Monday,Dialysis,r19_c12,Monday,2,1,True,09:30-10:00,0.5,2,0.5,30.0,15.0,0.125,False,False,,,,,,,,1.0,1.0,0.0,1.0,0.0,r21_c17,2.0,1.0,False,,,,,,,
Dialysis | r19_c12 | Wednesday,Dialysis,r19_c12,Wednesday,2,1,True,09:30-10:00,0.5,2,0.5,30.0,15.0,0.125,False,False,,,,,,,,1.0,1.0,0.0,1.0,0.0,r21_c17,2.0,1.0,False,,,,,,,
Dialysis | r19_c14 | Monday,Dialysis,r19_c14,Monday,1,1,True,10:00-10:30,1.0,1,0.0,,0.0,0.0,False,False,,,,,,,,1.0,1.0,0.0,1.0,0.0,r21_c17,1.0,1.0,False,,,,,,,
Dialysis | r19_c17 | Tuesday,Dialysis,r19_c17,Tuesday,1,1,True,11:00-11:30,1.0,1,0.0,,0.0,0.0,False,False,,,,,,,,1.0,1.0,0.0,1.0,0.0,r17_c16,1.0,1.0,False,,,,,,,
Dialysis | r19_c22 | Friday,Dialysis,r19_c22,Friday,12,9,True,09:00-09:30,1.0,1,0.0,,0.0,0.0,True,True,0.0,,0.0,0.0,0.0,,0.0,1.0,1.0,0.0,1.0,0.0,r17_c16,12.0,1.0,True,0.0,1.0,0.0,r17_c16,12.0,1.0,0.0
Dialysis | r19_c22 | Monday,Dialysis,r19_c22,Monday,12,8,True,09:00-09:30,1.0,1,0.0,,0.0,0.0,True,True,0.0,,0.0,0.0,0.0,,0.0,1.0,1.0,0.0,1.0,0.0,r17_c16,12.0,1.0,True,0.0,1.0,0.0,r17_c16,12.0,1.0,0.0
Dialysis | r19_c22 | Wednesday,Dialysis,r19_c22,Wednesday,16,8,True,09:00-09:30,1.0,1,0.0,,0.0,0.0,True,True,0.0,,0.0,0.0,0.0,,0.0,1.0,1.0,0.0,1.0,0.0,r17_c16,16.0,1.0,True,0.0,1.0,0.0,r17_c16,16.0,1.0,0.0
Dialysis | r20_c22 | Friday,Dialysis,r20_c22,Friday,72,51,True,08:30-09:00,0.6388888888888888,4,0.36111111111111116,31.15384615384615,11.25,0.09375,True,True,0.36111111111111116,31.15384615384615,11.25,0.09375,0.36111111111111116,31.15384615384615,0.09375,1.0,1.0,0.0,1.0,0.0,r21_c17,72.0,1.0,True,0.0,1.0,0.0,r21_c17,72.0,1.0,0.0
Dialysis | r20_c22 | Monday,Dialysis,r20_c22,Monday,93,49,True,08:30-09:00,0.6344086021505376,4,0.3655913978494624,34.411764705882355,12.580645161290324,0.10483870967741936,True,True,0.3655913978494624,34.411764705882355,12.580645161290324,0.10483870967741936,0.3655913978494624,34.411764705882355,0.10483870967741936,1.0,1.0,0.0,1.0,0.0,r21_c17,93.0,1.0,True,0.0,1.0,0.0,r21_c17,93.0,1.0,0.0
Dialysis | r20_c22 | Wednesday,Dialysis,r20_c22,Wednesday,88,52,True,08:30-09:00,0.5681818181818182,7,0.43181818181818177,37.89473684210527,16.363636363636363,0.13636363636363635,True,True,0.43181818181818177,37.89473684210527,16.363636363636363,0.13636363636363635,0.43181818181818177,37.89473684210527,0.13636363636363635,1.0,1.0,0.0,1.0,0.0,r21_c17,88.0,1.0,True,0.0,1.0,0.0,r21_c17,88.0,1.0,0.0
Dialysis | r20_c9 | Thursday,Dialysis,r20_c9,Thursday,16,15,True,11:00-11:30,0.8125,2,0.1875,30.0,5.625,0.046875,True,True,0.1875,30.0,5.625,0.046875,0.1875,30.0,0.046875,1.0,1.0,0.0,1.0,0.0,r27_c12,16.0,1.0,True,0.0,1.0,0.0,r27_c12,16.0,1.0,0.0
Dialysis | r20_c9 | Tuesday,Dialysis,r20_c9,Tuesday,19,15,True,11:00-11:30,0.6842105263157895,3,0.3157894736842105,35.0,11.052631578947368,0.09210526315789473,True,True,0.3157894736842105,35.0,11.052631578947368,0.09210526315789473,0.3157894736842105,35.0,0.09210526315789473,1.0,1.0,0.0,1.0,0.0,r27_c12,19.0,1.0,True,0.0,1.0,0.0,r27_c12,19.0,1.0,0.0
Dialysis | r20_c9 | Wednesday,Dialysis,r20_c9,Wednesday,1,1,True,11:00-11:30,1.0,1,0.0,,0.0,0.0,False,False,,,,,,,,1.0,1.0,0.0,1.0,0.0,r27_c12,1.0,1.0,False,,,,,,,
Dialysis | r21_c17 | Friday,Dialysis,r21_c17,Friday,299,53,True,12:30-13:00,0.27759197324414714,10,0.7224080267558528,78.47222222222223,56.68896321070234,0.4239130434782608,True,True,0.7224080267558528,78.47222222222223,56.68896321070234,0.4239130434782608,0.7224080267558528,78.47222222222223,0.4239130434782608,5.0,0.24168633460475833,4.0,4.13759429814412,0.7583136653952417,r19_c12,105.0,0.3511705685618729,True,4.0,4.13759429814412,0.7583136653952417,r19_c12,105.0,0.3511705685618729,0.7583136653952417
Dialysis | r21_c17 | Monday,Dialysis,r21_c17,Monday,291,52,True,11:00-11:30,0.2852233676975945,12,0.7147766323024055,89.13461538461536,63.711340206185554,0.44158075601374563,True,True,0.7147766323024055,89.13461538461536,63.711340206185554,0.44158075601374563,0.7147766323024055,89.13461538461536,0.44158075601374563,5.0,0.23999480402923912,4.0,4.166756876445407,0.7600051959707609,r19_c12,95.0,0.32646048109965636,True,4.0,4.166756876445407,0.7600051959707609,r19_c12,95.0,0.32646048109965636,0.7600051959707609
Dialysis | r21_c17 | Saturday,Dialysis,r21_c17,Saturday,7,4,True,11:00-11:30,1.0,1,0.0,,0.0,0.0,False,False,,,,,,,,1.0,1.0,0.0,1.0,0.0,r21_c16,7.0,1.0,False,,,,,,,
Dialysis | r21_c17 | Sunday,Dialysis,r21_c17,Sunday,7,4,True,11:00-11:30,1.0,1,0.0,,0.0,0.0,False,False,,,,,,,,1.0,1.0,0.0,1.0,0.0,r21_c16,7.0,1.0,False,,,,,,,
Dialysis | r21_c17 | Thursday,Dialysis,r21_c17,Thursday,8,5,True,11:00-11:30,1.0,1,0.0,,0.0,0.0,False,False,,,,,,,,2.0,0.625,1.0,1.6,0.375,r21_c16,6.0,0.75,False,,,,,,,
Dialysis | r21_c17 | Tuesday,Dialysis,r21_c17,Tuesday,6,5,True,11:00-11:30,0.8333333333333334,2,0.16666666666666663,60.000000000000014,10.0,0.08333333333333333,False,False,,,,,,,,2.0,0.7222222222222223,1.0,1.3846153846153844,0.2777777777777777,r21_c16,5.0,0.8333333333333334,False,,,,,,,
Dialysis | r21_c17 | Wednesday,Dialysis,r21_c17,Wednesday,297,52,True,12:30-13:00,0.28619528619528617,11,0.7138047138047139,82.0754716981132,58.58585858585859,0.43434343434343436,True,True,0.7138047138047139,82.0754716981132,58.58585858585859,0.43434343434343436,0.7138047138047139,82.0754716981132,0.43434343434343436,5.0,0.22436486072849712,4.0,4.457025920873123,0.7756351392715028,r19_c12,89.0,0.2996632996632997,True,4.0,4.457025920873123,0.7756351392715028,r19_c12,89.0,0.2996632996632997,0.7756351392715028
Dialysis | r21_c25 | Friday,Dialysis,r21_c25,Friday,2,2,True,10:00-10:30,0.5,2,0.5,30.0,15.0,0.125,False,False,,,,,,,,1.0,1.0,0.0,1.0,0.0,r21_c17,2.0,1.0,False,,,,,,,
Dialysis | r21_c25 | Monday,Dialysis,r21_c25,Monday,4,2,True,10:30-11:00,1.0,1,0.0,,0.0,0.0,False,False,,,,,,,,1.0,1.0,0.0,1.0,0.0,r21_c17,4.0,1.0,False,,,,,,,
Dialysis | r21_c25 | Wednesday,Dialysis,r21_c25,Wednesday,1,1,True,10:30-11:00,1.0,1,0.0,,0.0,0.0,False,False,,,,,,,,1.0,1.0,0.0,1.0,0.0,r21_c17,1.0,1.0,False,,,,,,,
Dialysis | r21_c9 | Friday,Dialysis,r21_c9,Friday,108,53,True,10:30-11:00,0.5740740740740741,4,0.42592592592592593,226.95652173913044,96.66666666666667,0.40740740740740744,True,True,0.42592592592592593,226.95652173913044,96.66666666666667,0.40740740740740744,0.42592592592592593,226.95652173913044,0.40740740740740744,2.0,0.5207475994513031,1.0,1.9203161014158712,0.4792524005486969,r21_c9,65.0,0.6018518518518519,True,1.0,1.9203161014158712,0.4792524005486969,r21_c9,65.0,0.6018518518518519,0.4792524005486969
Dialysis | r21_c9 | Monday,Dialysis,r21_c9,Monday,109,52,True,10:30-11:00,0.5412844036697247,4,0.45871559633027525,237.0,108.71559633027523,0.4518348623853211,True,True,0.45871559633027525,237.0,108.71559633027523,0.4518348623853211,0.45871559633027525,237.0,0.4518348623853211,4.0,0.4891002440871981,3.0,2.044570641886078,0.5108997559128019,r21_c9,60.0,0.5504587155963303,True,3.0,2.044570641886078,0.5108997559128019,r21_c9,60.0,0.5504587155963303,0.5108997559128019
Dialysis | r21_c9 | Thursday,Dialysis,r21_c9,Thursday,122,48,True,15:00-15:30,0.5163934426229508,9,0.48360655737704916,77.28813559322035,37.37704918032787,0.19262295081967212,True,True,0.48360655737704916,77.28813559322035,37.37704918032787,0.19262295081967212,0.48360655737704916,77.28813559322035,0.19262295081967212,5.0,0.32948132222520826,4.0,3.0350734094616643,0.6705186777747918,r23_c9,55.0,0.45081967213114754,True,4.0,3.0350734094616643,0.6705186777747918,r23_c9,55.0,0.45081967213114754,0.6705186777747918
Dialysis | r21_c9 | Tuesday,Dialysis,r21_c9,Tuesday,110,48,True,15:00-15:30,0.5454545454545454,6,0.4545454545454546,54.0,24.545454545454547,0.14772727272727273,True,True,0.4545454545454546,54.0,24.545454545454547,0.14772727272727273,0.4545454545454546,54.0,0.14772727272727273,7.0,0.33900826446280985,6.0,2.94978059483179,0.6609917355371902,r18_c6,43.0,0.39090909090909093,True,6.0,2.94978059483179,0.6609917355371902,r18_c6,43.0,0.39090909090909093,0.6609917355371902
Dialysis | r21_c9 | Wednesday,Dialysis,r21_c9,Wednesday,103,52,True,10:30-11:00,0.5631067961165048,4,0.4368932038834952,235.99999999999994,103.10679611650484,0.42961165048543687,True,True,0.4368932038834952,235.99999999999994,103.10679611650484,0.42961165048543687,0.4368932038834952,235.99999999999994,0.42961165048543687,3.0,0.5024978791592044,2.0,1.9900581504408181,0.4975021208407956,r21_c9,59.0,0.5728155339805825,True,2.0,1.9900581504408181,0.4975021208407956,r21_c9,59.0,0.5728155339805825,0.4975021208407956
Dialysis | r22_c31 | Friday,Dialysis,r22_c31,Friday,20,16,True,08:30-09:00,0.4,4,0.6,50.0,30.0,0.25,True,True,0.6,50.0,30.0,0.25,0.6,50.0,0.25,1.0,1.0,0.0,1.0,0.0,r21_c17,20.0,1.0,True,0.0,1.0,0.0,r21_c17,20.0,1.0,0.0
Dialysis | r22_c31 | Monday,Dialysis,r22_c31,Monday,24,17,True,09:30-10:00,0.5,4,0.5,55.0,27.5,0.22916666666666666,True,True,0.5,55.0,27.5,0.22916666666666666,0.5,55.0,0.22916666666666666,1.0,1.0,0.0,1.0,0.0,r21_c17,24.0,1.0,True,0.0,1.0,0.0,r21_c17,24.0,1.0,0.0
Dialysis | r22_c31 | Wednesday,Dialysis,r22_c31,Wednesday,25,17,True,08:30-09:00,0.36,4,0.64,44.99999999999999,28.799999999999997,0.24,True,True,0.64,44.99999999999999,28.799999999999997,0.24,0.64,44.99999999999999,0.24,1.0,1.0,0.0,1.0,0.0,r21_c17,25.0,1.0,True,0.0,1.0,0.0,r21_c17,25.0,1.0,0.0
Dialysis | r22_c9 | Friday,Dialysis,r22_c9,Friday,85,42,True,10:00-10:30,0.5764705882352941,2,0.42352941176470593,29.999999999999996,12.705882352941176,0.10588235294117647,True,True,0.42352941176470593,29.999999999999996,12.705882352941176,0.10588235294117647,0.42352941176470593,29.999999999999996,0.10588235294117647,1.0,1.0,0.0,1.0,0.0,r21_c9,85.0,1.0,True,0.0,1.0,0.0,r21_c9,85.0,1.0,0.0
Dialysis | r22_c9 | Monday,Dialysis,r22_c9,Monday,84,42,True,10:00-10:30,0.5595238095238095,2,0.44047619047619047,30.0,13.214285714285714,0.11011904761904762,True,True,0.44047619047619047,30.0,13.214285714285714,0.11011904761904762,0.44047619047619047,30.0,0.11011904761904762,1.0,1.0,0.0,1.0,0.0,r21_c9,84.0,1.0,True,0.0,1.0,0.0,r21_c9,84.0,1.0,0.0
Dialysis | r22_c9 | Tuesday,Dialysis,r22_c9,Tuesday,1,1,True,10:00-10:30,1.0,1,0.0,,0.0,0.0,False,False,,,,,,,,1.0,1.0,0.0,1.0,0.0,r21_c9,1.0,1.0,False,,,,,,,
Dialysis | r22_c9 | Wednesday,Dialysis,r22_c9,Wednesday,86,41,True,10:00-10:30,0.5348837209302325,3,0.4651162790697675,29.999999999999996,13.953488372093023,0.11627906976744186,True,True,0.4651162790697675,29.999999999999996,13.953488372093023,0.11627906976744186,0.4651162790697675,29.999999999999996,0.11627906976744186,1.0,1.0,0.0,1.0,0.0,r21_c9,86.0,1.0,True,0.0,1.0,0.0,r21_c9,86.0,1.0,0.0
Dialysis | r23_c10 | Friday,Dialysis,r23_c10,Friday,29,25,True,10:30-11:00,0.5172413793103449,2,0.48275862068965514,30.000000000000004,14.482758620689657,0.1206896551724138,True,True,0.48275862068965514,30.000000000000004,14.482758620689657,0.1206896551724138,0.48275862068965514,30.000000000000004,0.1206896551724138,1.0,1.0,0.0,1.0,0.0,r21_c10,29.0,1.0,True,0.0,1.0,0.0,r21_c10,29.0,1.0,0.0
Dialysis | r23_c10 | Monday,Dialysis,r23_c10,Monday,31,25,True,10:30-11:00,0.6774193548387096,3,0.32258064516129037,35.99999999999999,11.612903225806452,0.0967741935483871,True,True,0.32258064516129037,35.99999999999999,11.612903225806452,0.0967741935483871,0.32258064516129037,35.99999999999999,0.0967741935483871,1.0,1.0,0.0,1.0,0.0,r21_c10,31.0,1.0,True,0.0,1.0,0.0,r21_c10,31.0,1.0,0.0
Dialysis | r23_c10 | Wednesday,Dialysis,r23_c10,Wednesday,26,25,True,10:30-11:00,0.6538461538461539,2,0.34615384615384615,30.000000000000004,10.384615384615385,0.08653846153846154,True,True,0.34615384615384615,30.000000000000004,10.384615384615385,0.08653846153846154,0.34615384615384615,30.000000000000004,0.08653846153846154,1.0,1.0,0.0,1.0,0.0,r21_c10,26.0,1.0,True,0.0,1.0,0.0,r21_c10,26.0,1.0,0.0
Dialysis | r23_c13 | Friday,Dialysis,r23_c13,Friday,6,2,True,10:00-10:30,0.6666666666666666,2,0.33333333333333337,29.999999999999996,10.0,0.08333333333333333,False,False,,,,,,,,1.0,1.0,0.0,1.0,0.0,r24_c17,6.0,1.0,False,,,,,,,
Dialysis | r23_c13 | Monday,Dialysis,r23_c13,Monday,10,3,True,10:00-10:30,0.8,2,0.19999999999999996,30.000000000000007,6.0,0.05,True,True,0.19999999999999996,30.000000000000007,6.0,0.05,0.19999999999999996,30.000000000000007,0.05,1.0,1.0,0.0,1.0,0.0,r24_c17,10.0,1.0,True,0.0,1.0,0.0,r24_c17,10.0,1.0,0.0
Dialysis | r23_c13 | Wednesday,Dialysis,r23_c13,Wednesday,5,2,True,10:00-10:30,0.6,2,0.4,30.0,12.0,0.1,False,False,,,,,,,,1.0,1.0,0.0,1.0,0.0,r24_c17,5.0,1.0,False,,,,,,,
Dialysis | r23_c17 | Wednesday,Dialysis,r23_c17,Wednesday,2,1,True,12:30-13:00,1.0,1,0.0,,0.0,0.0,False,False,,,,,,,,1.0,1.0,0.0,1.0,0.0,r24_c17,2.0,1.0,False,,,,,,,
Dialysis | r23_c9 | Friday,Dialysis,r23_c9,Friday,184,53,True,15:30-16:00,0.4782608695652174,6,0.5217391304347826,71.25,37.17391304347826,0.2907608695652174,True,True,0.5217391304347826,71.25,37.17391304347826,0.2907608695652174,0.5217391304347826,71.25,0.2907608695652174,1.0,1.0,0.0,1.0,0.0,r27_c10,184.0,1.0,True,0.0,1.0,0.0,r27_c10,184.0,1.0,0.0
Dialysis | r23_c9 | Monday,Dialysis,r23_c9,Monday,184,52,True,15:30-16:00,0.4782608695652174,7,0.5217391304347826,72.1875,37.66304347826087,0.2989130434782609,True,True,0.5217391304347826,72.1875,37.66304347826087,0.2989130434782609,0.5217391304347826,72.1875,0.2989130434782609,1.0,1.0,0.0,1.0,0.0,r27_c10,184.0,1.0,True,0.0,1.0,0.0,r27_c10,184.0,1.0,0.0
Dialysis | r23_c9 | Thursday,Dialysis,r23_c9,Thursday,50,34,True,09:00-09:30,0.96,2,0.040000000000000036,89.99999999999993,3.6,0.030000000000000002,True,True,0.040000000000000036,89.99999999999993,3.6,0.030000000000000002,0.040000000000000036,89.99999999999993,0.030000000000000002,2.0,0.9232,1.0,1.0831889081455806,0.07679999999999998,r21_c9,48.0,0.96,True,1.0,1.0831889081455806,0.07679999999999998,r21_c9,48.0,0.96,0.07679999999999998
Dialysis | r23_c9 | Tuesday,Dialysis,r23_c9,Tuesday,43,32,True,09:00-09:30,0.9534883720930233,3,0.046511627906976716,360.0000000000002,16.74418604651163,0.046511627906976744,True,True,0.046511627906976716,360.0000000000002,16.74418604651163,0.046511627906976744,0.046511627906976716,360.0000000000002,0.046511627906976744,2.0,0.9113034072471606,1.0,1.0973293768545993,0.08869659275283936,r21_c9,41.0,0.9534883720930233,True,1.0,1.0973293768545993,0.08869659275283936,r21_c9,41.0,0.9534883720930233,0.08869659275283936
Dialysis | r23_c9 | Wednesday,Dialysis,r23_c9,Wednesday,178,52,True,15:30-16:00,0.4438202247191011,10,0.5561797752808989,74.54545454545455,41.46067415730337,0.31320224719101125,True,True,0.5561797752808989,74.54545454545455,41.46067415730337,0.31320224719101125,0.5561797752808989,74.54545454545455,0.31320224719101125,2.0,0.9141522535033455,1.0,1.0939096809832896,0.0858477464966545,r27_c10,170.0,0.9550561797752809,True,1.0,1.0939096809832896,0.0858477464966545,r27_c10,170.0,0.9550561797752809,0.0858477464966545
Dialysis | r24_c10 | Friday,Dialysis,r24_c10,Friday,5,1,True,14:30-15:00,0.4,3,0.6,70.0,42.0,0.35,False,False,,,,,,,,1.0,1.0,0.0,1.0,0.0,r26_c10,5.0,1.0,False,,,,,,,
Dialysis | r24_c10 | Monday,Dialysis,r24_c10,Monday,2,2,True,15:30-16:00,1.0,1,0.0,,0.0,0.0,False,False,,,,,,,,1.0,1.0,0.0,1.0,0.0,r26_c10,2.0,1.0,False,,,,,,,
Dialysis | r24_c10 | Thursday,Dialysis,r24_c10,Thursday,6,5,True,16:00-16:30,1.0,1,0.0,,0.0,0.0,False,False,,,,,,,,1.0,1.0,0.0,1.0,0.0,r26_c10,6.0,1.0,False,,,,,,,
Dialysis | r24_c10 | Tuesday,Dialysis,r24_c10,Tuesday,4,3,True,16:00-16:30,1.0,1,0.0,,0.0,0.0,False,False,,,,,,,,1.0,1.0,0.0,1.0,0.0,r26_c10,4.0,1.0,False,,,,,,,
Dialysis | r24_c10 | Wednesday,Dialysis,r24_c10,Wednesday,1,1,True,15:30-16:00,1.0,1,0.0,,0.0,0.0,False,False,,,,,,,,1.0,1.0,0.0,1.0,0.0,r26_c10,1.0,1.0,False,,,,,,,
Dialysis | r24_c17 | Friday,Dialysis,r24_c17,Friday,66,53,True,15:00-15:30,0.42424242424242425,5,0.5757575757575757,49.73684210526317,28.63636363636364,0.2272727272727273,True,True,0.5757575757575757,49.73684210526317,28.63636363636364,0.2272727272727273,0.5757575757575757,49.73684210526317,0.2272727272727273,2.0,0.8861340679522498,1.0,1.1284974093264248,0.1138659320477502,r25_c15,62.0,0.9393939393939394,True,1.0,1.1284974093264248,0.1138659320477502,r25_c15,62.0,0.9393939393939394,0.1138659320477502
Dialysis | r24_c17 | Monday,Dialysis,r24_c17,Monday,69,51,True,15:00-15:30,0.37681159420289856,5,0.6231884057971014,50.93023255813954,31.73913043478261,0.24275362318840576,True,True,0.6231884057971014,50.93023255813954,31.73913043478261,0.24275362318840576,0.6231884057971014,50.93023255813954,0.24275362318840576,3.0,0.8151648813274521,2.0,1.2267456841020357,0.18483511867254787,r25_c15,62.0,0.8985507246376812,True,2.0,1.2267456841020357,0.18483511867254787,r25_c15,62.0,0.8985507246376812,0.18483511867254787
Dialysis | r24_c17 | Tuesday,Dialysis,r24_c17,Tuesday,2,2,True,14:30-15:00,0.5,2,0.5,30.0,15.0,0.125,False,False,,,,,,,,1.0,1.0,0.0,1.0,0.0,r25_c15,2.0,1.0,False,,,,,,,
Dialysis | r24_c17 | Wednesday,Dialysis,r24_c17,Wednesday,64,52,True,15:00-15:30,0.4375,4,0.5625,45.833333333333336,25.78125,0.21484375,True,True,0.5625,45.833333333333336,25.78125,0.21484375,0.5625,45.833333333333336,0.21484375,2.0,0.8828125,1.0,1.1327433628318584,0.1171875,r25_c15,60.0,0.9375,True,1.0,1.1327433628318584,0.1171875,r25_c15,60.0,0.9375,0.1171875
Dialysis | r25_c12 | Friday,Dialysis,r25_c12,Friday,38,26,True,09:30-10:00,0.7105263157894737,4,0.2894736842105263,32.72727272727273,9.473684210526315,0.07894736842105263,True,True,0.2894736842105263,32.72727272727273,9.473684210526315,0.07894736842105263,0.2894736842105263,32.72727272727273,0.07894736842105263,1.0,1.0,0.0,1.0,0.0,r26_c12,38.0,1.0,True,0.0,1.0,0.0,r26_c12,38.0,1.0,0.0
Dialysis | r25_c12 | Monday,Dialysis,r25_c12,Monday,49,25,True,09:30-10:00,0.5918367346938775,4,0.40816326530612246,31.5,12.857142857142858,0.10714285714285714,True,True,0.40816326530612246,31.5,12.857142857142858,0.10714285714285714,0.40816326530612246,31.5,0.10714285714285714,1.0,1.0,0.0,1.0,0.0,r26_c12,49.0,1.0,True,0.0,1.0,0.0,r26_c12,49.0,1.0,0.0
Dialysis | r25_c12 | Tuesday,Dialysis,r25_c12,Tuesday,2,1,True,09:00-09:30,1.0,1,0.0,,0.0,0.0,False,False,,,,,,,,1.0,1.0,0.0,1.0,0.0,r26_c12,2.0,1.0,False,,,,,,,
Dialysis | r25_c12 | Wednesday,Dialysis,r25_c12,Wednesday,35,25,True,09:30-10:00,0.7428571428571429,3,0.2571428571428571,30.000000000000004,7.714285714285714,0.0642857142857143,True,True,0.2571428571428571,30.000000000000004,7.714285714285714,0.0642857142857143,0.2571428571428571,30.000000000000004,0.0642857142857143,1.0,1.0,0.0,1.0,0.0,r26_c12,35.0,1.0,True,0.0,1.0,0.0,r26_c12,35.0,1.0,0.0
Dialysis | r25_c15 | Friday,Dialysis,r25_c15,Friday,58,53,True,09:00-09:30,0.6896551724137931,2,0.31034482758620685,30.000000000000004,9.310344827586206,0.07758620689655173,True,True,0.31034482758620685,30.000000000000004,9.310344827586206,0.07758620689655173,0.31034482758620685,30.000000000000004,0.07758620689655173,1.0,1.0,0.0,1.0,0.0,r24_c17,58.0,1.0,True,0.0,1.0,0.0,r24_c17,58.0,1.0,0.0
Dialysis | r25_c15 | Monday,Dialysis,r25_c15,Monday,60,51,True,09:00-09:30,0.6333333333333333,3,0.3666666666666667,35.45454545454545,13.0,0.10416666666666666,True,True,0.3666666666666667,35.45454545454545,13.0,0.10416666666666666,0.3666666666666667,35.45454545454545,0.10416666666666666,1.0,1.0,0.0,1.0,0.0,r24_c17,60.0,1.0,True,0.0,1.0,0.0,r24_c17,60.0,1.0,0.0
Dialysis | r25_c15 | Tuesday,Dialysis,r25_c15,Tuesday,2,2,True,09:00-09:30,1.0,1,0.0,,0.0,0.0,False,False,,,,,,,,1.0,1.0,0.0,1.0,0.0,r24_c17,2.0,1.0,False,,,,,,,
Dialysis | r25_c15 | Wednesday,Dialysis,r25_c15,Wednesday,60,52,True,09:00-09:30,0.6666666666666666,2,0.33333333333333337,29.999999999999996,10.0,0.08333333333333333,True,True,0.33333333333333337,29.999999999999996,10.0,0.08333333333333333,0.33333333333333337,29.999999999999996,0.08333333333333333,1.0,1.0,0.0,1.0,0.0,r24_c17,60.0,1.0,True,0.0,1.0,0.0,r24_c17,60.0,1.0,0.0
Dialysis | r25_c22 | Thursday,Dialysis,r25_c22,Thursday,3,2,True,15:30-16:00,1.0,1,0.0,,0.0,0.0,False,False,,,,,,,,1.0,1.0,0.0,1.0,0.0,r27_c13,3.0,1.0,False,,,,,,,
Dialysis | r25_c22 | Tuesday,Dialysis,r25_c22,Tuesday,4,2,True,15:30-16:00,1.0,1,0.0,,0.0,0.0,False,False,,,,,,,,1.0,1.0,0.0,1.0,0.0,r27_c13,4.0,1.0,False,,,,,,,
Dialysis | r25_c9 | Friday,Dialysis,r25_c9,Friday,1,1,True,09:30-10:00,1.0,1,0.0,,0.0,0.0,False,False,,,,,,,,1.0,1.0,0.0,1.0,0.0,r26_c12,1.0,1.0,False,,,,,,,
Dialysis | r25_c9 | Monday,Dialysis,r25_c9,Monday,5,1,True,09:30-10:00,1.0,1,0.0,,0.0,0.0,False,False,,,,,,,,1.0,1.0,0.0,1.0,0.0,r26_c12,5.0,1.0,False,,,,,,,
Dialysis | r25_c9 | Wednesday,Dialysis,r25_c9,Wednesday,2,1,True,09:30-10:00,1.0,1,0.0,,0.0,0.0,False,False,,,,,,,,1.0,1.0,0.0,1.0,0.0,r26_c12,2.0,1.0,False,,,,,,,
Dialysis | r26_c10 | Friday,Dialysis,r26_c10,Friday,41,34,True,09:00-09:30,0.926829268292683,3,0.07317073170731703,70.00000000000004,5.121951219512195,0.042682926829268296,True,True,0.07317073170731703,70.00000000000004,5.121951219512195,0.042682926829268296,0.07317073170731703,70.00000000000004,0.042682926829268296,2.0,0.9071980963712076,1.0,1.102295081967213,0.09280190362879237,r26_c12,39.0,0.9512195121951219,True,1.0,1.102295081967213,0.09280190362879237,r26_c12,39.0,0.9512195121951219,0.09280190362879237
Dialysis | r26_c10 | Monday,Dialysis,r26_c10,Monday,41,32,True,09:00-09:30,0.9512195121951219,2,0.04878048780487809,89.99999999999993,4.390243902439025,0.03658536585365854,True,True,0.04878048780487809,89.99999999999993,4.390243902439025,0.03658536585365854,0.04878048780487809,89.99999999999993,0.03658536585365854,2.0,0.9071980963712076,1.0,1.102295081967213,0.09280190362879237,r26_c12,39.0,0.9512195121951219,True,1.0,1.102295081967213,0.09280190362879237,r26_c12,39.0,0.9512195121951219,0.09280190362879237
Dialysis | r26_c10 | Thursday,Dialysis,r26_c10,Thursday,15,11,True,10:30-11:00,0.8,3,0.19999999999999996,30.000000000000007,6.0,0.05,True,True,0.19999999999999996,30.000000000000007,6.0,0.05,0.19999999999999996,30.000000000000007,0.05,2.0,0.768888888888889,1.0,1.3005780346820808,0.23111111111111104,r24_c10,13.0,0.8666666666666667,True,1.0,1.3005780346820808,0.23111111111111104,r24_c10,13.0,0.8666666666666667,0.23111111111111104
Dialysis | r26_c10 | Tuesday,Dialysis,r26_c10,Tuesday,15,9,True,10:30-11:00,0.6,4,0.4,40.0,16.0,0.13333333333333336,True,True,0.4,40.0,16.0,0.13333333333333336,0.4,40.0,0.13333333333333336,2.0,0.8755555555555556,1.0,1.1421319796954315,0.12444444444444436,r24_c10,14.0,0.9333333333333333,True,1.0,1.1421319796954315,0.12444444444444436,r24_c10,14.0,0.9333333333333333,0.12444444444444436
Dialysis | r26_c10 | Wednesday,Dialysis,r26_c10,Wednesday,41,33,True,09:00-09:30,0.975609756097561,2,0.024390243902439046,89.99999999999993,2.1951219512195124,0.01829268292682927,True,True,0.024390243902439046,89.99999999999993,2.1951219512195124,0.01829268292682927,0.024390243902439046,89.99999999999993,0.01829268292682927,2.0,0.9071980963712076,1.0,1.102295081967213,0.09280190362879237,r26_c12,39.0,0.9512195121951219,True,1.0,1.102295081967213,0.09280190362879237,r26_c12,39.0,0.9512195121951219,0.09280190362879237
Dialysis | r26_c12 | Friday,Dialysis,r26_c12,Friday,124,53,True,15:00-15:30,0.7016129032258065,2,0.2983870967741935,30.000000000000004,8.951612903225806,0.07459677419354839,True,True,0.2983870967741935,30.000000000000004,8.951612903225806,0.07459677419354839,0.2983870967741935,30.000000000000004,0.07459677419354839,4.0,0.28030697190426634,3.0,3.567517401392112,0.7196930280957337,r26_c10,44.0,0.3548387096774194,True,3.0,3.567517401392112,0.7196930280957337,r26_c10,44.0,0.3548387096774194,0.7196930280957337
Dialysis | r26_c12 | Monday,Dialysis,r26_c12,Monday,115,52,True,15:00-15:30,0.6347826086956522,5,0.3652173913043478,32.857142857142854,12.0,0.1,True,True,0.3652173913043478,32.857142857142854,12.0,0.1,0.3652173913043478,32.857142857142854,0.1,4.0,0.2763705103969754,3.0,3.6183310533515733,0.7236294896030246,r25_c12,37.0,0.3217391304347826,True,3.0,3.6183310533515733,0.7236294896030246,r25_c12,37.0,0.3217391304347826,0.7236294896030246
Dialysis | r26_c12 | Thursday,Dialysis,r26_c12,Thursday,9,3,True,15:00-15:30,0.4444444444444444,4,0.5555555555555556,47.99999999999999,26.666666666666664,0.2222222222222222,False,False,,,,,,,,2.0,0.5061728395061729,1.0,1.975609756097561,0.49382716049382713,r26_c10,5.0,0.5555555555555556,False,,,,,,,
Dialysis | r26_c12 | Tuesday,Dialysis,r26_c12,Tuesday,4,2,True,14:30-15:00,0.5,3,0.5,60.0,30.0,0.25,False,False,,,,,,,,2.0,0.5,1.0,2.0,0.5,r25_c12,2.0,0.5,False,,,,,,,
Dialysis | r26_c12 | Wednesday,Dialysis,r26_c12,Wednesday,112,52,True,15:00-15:30,0.6696428571428571,2,0.3303571428571429,29.999999999999993,9.910714285714285,0.08258928571428571,True,True,0.3303571428571429,29.999999999999993,9.910714285714285,0.08258928571428571,0.3303571428571429,29.999999999999993,0.08258928571428571,4.0,0.28651147959183676,3.0,3.4902615470228153,0.7134885204081632,r26_c10,40.0,0.35714285714285715,True,3.0,3.4902615470228153,0.7134885204081632,r26_c10,40.0,0.35714285714285715,0.7134885204081632
Dialysis | r26_c4 | Friday,Dialysis,r26_c4,Friday,20,14,True,09:00-09:30,0.8,2,0.19999999999999996,30.000000000000007,6.0,0.05,True,True,0.19999999999999996,30.000000000000007,6.0,0.05,0.19999999999999996,30.000000000000007,0.05,1.0,1.0,0.0,1.0,0.0,r26_c12,20.0,1.0,True,0.0,1.0,0.0,r26_c12,20.0,1.0,0.0
Dialysis | r26_c4 | Monday,Dialysis,r26_c4,Monday,17,14,True,09:00-09:30,0.7647058823529411,3,0.23529411764705888,82.49999999999999,19.411764705882355,0.10294117647058823,True,True,0.23529411764705888,82.49999999999999,19.411764705882355,0.10294117647058823,0.23529411764705888,82.49999999999999,0.10294117647058823,2.0,0.7923875432525951,1.0,1.2620087336244543,0.20761245674740492,r26_c12,15.0,0.8823529411764706,True,1.0,1.2620087336244543,0.20761245674740492,r26_c12,15.0,0.8823529411764706,0.20761245674740492
Dialysis | r26_c4 | Wednesday,Dialysis,r26_c4,Wednesday,26,16,True,09:00-09:30,0.7307692307692307,4,0.2692307692307693,38.57142857142857,10.384615384615385,0.08653846153846155,True,True,0.2692307692307693,38.57142857142857,10.384615384615385,0.08653846153846155,0.2692307692307693,38.57142857142857,0.08653846153846155,2.0,0.57396449704142,1.0,1.7422680412371137,0.42603550295857995,r26_c12,18.0,0.6923076923076923,True,1.0,1.7422680412371137,0.42603550295857995,r26_c12,18.0,0.6923076923076923,0.42603550295857995
Dialysis | r27_c10 | Friday,Dialysis,r27_c10,Friday,185,53,True,09:00-09:30,0.5783783783783784,2,0.42162162162162165,60.0,25.2972972972973,0.21081081081081082,True,True,0.42162162162162165,60.0,25.2972972972973,0.21081081081081082,0.42162162162162165,60.0,0.21081081081081082,1.0,1.0,0.0,1.0,0.0,r23_c9,185.0,1.0,True,0.0,1.0,0.0,r23_c9,185.0,1.0,0.0
Dialysis | r27_c10 | Monday,Dialysis,r27_c10,Monday,196,52,True,09:00-09:30,0.5714285714285714,2,0.4285714285714286,59.99999999999999,25.71428571428571,0.21428571428571427,True,True,0.4285714285714286,59.99999999999999,25.71428571428571,0.21428571428571427,0.4285714285714286,59.99999999999999,0.21428571428571427,1.0,1.0,0.0,1.0,0.0,r23_c9,196.0,1.0,True,0.0,1.0,0.0,r23_c9,196.0,1.0,0.0
Dialysis | r27_c10 | Tuesday,Dialysis,r27_c10,Tuesday,3,1,True,09:00-09:30,0.6666666666666666,2,0.33333333333333337,59.99999999999999,20.0,0.16666666666666666,False,False,,,,,,,,1.0,1.0,0.0,1.0,0.0,r23_c9,3.0,1.0,False,,,,,,,
Dialysis | r27_c10 | Wednesday,Dialysis,r27_c10,Wednesday,188,52,True,09:00-09:30,0.574468085106383,2,0.42553191489361697,60.00000000000001,25.53191489361702,0.2127659574468085,True,True,0.42553191489361697,60.00000000000001,25.53191489361702,0.2127659574468085,0.42553191489361697,60.00000000000001,0.2127659574468085,1.0,1.0,0.0,1.0,0.0,r23_c9,188.0,1.0,True,0.0,1.0,0.0,r23_c9,188.0,1.0,0.0
Dialysis | r27_c13 | Thursday,Dialysis,r27_c13,Thursday,4,2,True,09:30-10:00,1.0,1,0.0,,0.0,0.0,False,False,,,,,,,,1.0,1.0,0.0,1.0,0.0,r25_c22,4.0,1.0,False,,,,,,,
Dialysis | r27_c13 | Tuesday,Dialysis,r27_c13,Tuesday,3,2,True,09:30-10:00,1.0,1,0.0,,0.0,0.0,False,False,,,,,,,,1.0,1.0,0.0,1.0,0.0,r25_c22,3.0,1.0,False,,,,,,,
Dialysis | r27_c16 | Friday,Dialysis,r27_c16,Friday,3,1,True,23:30-00:00,1.0,1,0.0,,0.0,0.0,False,False,,,,,,,,1.0,1.0,0.0,1.0,0.0,r28_c17,3.0,1.0,False,,,,,,,
Dialysis | r27_c9 | Friday,Dialysis,r27_c9,Friday,1,1,True,09:30-10:00,1.0,1,0.0,,0.0,0.0,False,False,,,,,,,,1.0,1.0,0.0,1.0,0.0,r29_c17,1.0,1.0,False,,,,,,,
Dialysis | r27_c9 | Monday,Dialysis,r27_c9,Monday,6,2,True,09:00-09:30,0.6666666666666666,3,0.33333333333333337,44.99999999999999,15.0,0.125,False,False,,,,,,,,3.0,0.3888888888888889,2.0,2.571428571428571,0.6111111111111112,r28_c16,3.0,0.5,False,,,,,,,
Dialysis | r27_c9 | Thursday,Dialysis,r27_c9,Thursday,2,2,True,10:00-10:30,0.5,2,0.5,30.0,15.0,0.125,False,False,,,,,,,,1.0,1.0,0.0,1.0,0.0,r29_c17,2.0,1.0,False,,,,,,,
Dialysis | r27_c9 | Wednesday,Dialysis,r27_c9,Wednesday,7,5,True,09:00-09:30,0.42857142857142855,4,0.5714285714285714,37.5,21.428571428571427,0.17857142857142855,False,False,,,,,,,,1.0,1.0,0.0,1.0,0.0,r29_c17,7.0,1.0,False,,,,,,,
Dialysis | r28_c15 | Thursday,Dialysis,r28_c15,Thursday,18,8,True,10:00-10:30,0.7777777777777778,2,0.2222222222222222,30.0,6.666666666666666,0.05555555555555555,True,True,0.2222222222222222,30.0,6.666666666666666,0.05555555555555555,0.2222222222222222,30.0,0.05555555555555555,2.0,0.5246913580246915,1.0,1.9058823529411761,0.47530864197530853,r31_c19,11.0,0.6111111111111112,True,1.0,1.9058823529411761,0.47530864197530853,r31_c19,11.0,0.6111111111111112,0.47530864197530853
Dialysis | r28_c15 | Tuesday,Dialysis,r28_c15,Tuesday,12,10,True,10:00-10:30,0.8333333333333334,2,0.16666666666666663,30.000000000000007,5.0,0.041666666666666664,True,True,0.16666666666666663,30.000000000000007,5.0,0.041666666666666664,0.16666666666666663,30.000000000000007,0.041666666666666664,2.0,0.513888888888889,1.0,1.9459459459459456,0.48611111111111105,r26_c9,7.0,0.5833333333333334,True,1.0,1.9459459459459456,0.48611111111111105,r26_c9,7.0,0.5833333333333334,0.48611111111111105
Dialysis | r28_c16 | Friday,Dialysis,r28_c16,Friday,2,2,True,15:30-16:00,1.0,1,0.0,,0.0,0.0,False,False,,,,,,,,1.0,1.0,0.0,1.0,0.0,r31_c14,2.0,1.0,False,,,,,,,
Dialysis | r28_c16 | Monday,Dialysis,r28_c16,Monday,4,2,True,12:00-12:30,0.25,4,0.75,180.0,135.0,0.6875,False,False,,,,,,,,2.0,0.5,1.0,2.0,0.5,r27_c9,2.0,0.5,False,,,,,,,
Dialysis | r28_c16 | Wednesday,Dialysis,r28_c16,Wednesday,2,2,True,15:30-16:00,1.0,1,0.0,,0.0,0.0,False,False,,,,,,,,1.0,1.0,0.0,1.0,0.0,r31_c14,2.0,1.0,False,,,,,,,
Dialysis | r28_c17 | Thursday,Dialysis,r28_c17,Thursday,7,3,True,10:30-11:00,0.7142857142857143,3,0.2857142857142857,45.00000000000001,12.857142857142858,0.10714285714285714,False,False,,,,,,,,3.0,0.42857142857142855,2.0,2.3333333333333335,0.5714285714285714,r27_c16,4.0,0.5714285714285714,False,,,,,,,
Dialysis | r28_c17 | Wednesday,Dialysis,r28_c17,Wednesday,1,1,True,10:00-10:30,1.0,1,0.0,,0.0,0.0,False,False,,,,,,,,1.0,1.0,0.0,1.0,0.0,r27_c16,1.0,1.0,False,,,,,,,
Dialysis | r28_c9 | Monday,Dialysis,r28_c9,Monday,1,1,True,09:30-10:00,1.0,1,0.0,,0.0,0.0,False,False,,,,,,,,1.0,1.0,0.0,1.0,0.0,r21_c9,1.0,1.0,False,,,,,,,
Dialysis | r28_c9 | Thursday,Dialysis,r28_c9,Thursday,19,11,True,09:30-10:00,0.7368421052631579,4,0.26315789473684215,59.999999999999986,15.789473684210526,0.13157894736842105,True,True,0.26315789473684215,59.999999999999986,15.789473684210526,0.13157894736842105,0.26315789473684215,59.999999999999986,0.13157894736842105,1.0,1.0,0.0,1.0,0.0,r21_c9,19.0,1.0,True,0.0,1.0,0.0,r21_c9,19.0,1.0,0.0
Dialysis | r28_c9 | Tuesday,Dialysis,r28_c9,Tuesday,12,11,True,09:30-10:00,0.9166666666666666,2,0.08333333333333337,59.99999999999997,5.0,0.041666666666666664,True,True,0.08333333333333337,59.99999999999997,5.0,0.041666666666666664,0.08333333333333337,59.99999999999997,0.041666666666666664,1.0,1.0,0.0,1.0,0.0,r21_c9,12.0,1.0,True,0.0,1.0,0.0,r21_c9,12.0,1.0,0.0
Dialysis | r29_c12 | Tuesday,Dialysis,r29_c12,Tuesday,1,1,True,10:00-10:30,1.0,1,0.0,,0.0,0.0,False,False,,,,,,,,1.0,1.0,0.0,1.0,0.0,r26_c12,1.0,1.0,False,,,,,,,
Dialysis | r29_c13 | Friday,Dialysis,r29_c13,Friday,5,5,True,11:00-11:30,1.0,1,0.0,,0.0,0.0,False,False,,,,,,,,1.0,1.0,0.0,1.0,0.0,r30_c12,5.0,1.0,False,,,,,,,
Dialysis | r29_c13 | Monday,Dialysis,r29_c13,Monday,4,4,True,11:00-11:30,1.0,1,0.0,,0.0,0.0,False,False,,,,,,,,1.0,1.0,0.0,1.0,0.0,r30_c12,4.0,1.0,False,,,,,,,
Dialysis | r29_c13 | Thursday,Dialysis,r29_c13,Thursday,36,23,True,14:30-15:00,0.75,4,0.25,196.66666666666666,49.166666666666664,0.2361111111111111,True,True,0.25,196.66666666666666,49.166666666666664,0.2361111111111111,0.25,196.66666666666666,0.2361111111111111,3.0,0.6311728395061729,2.0,1.5843520782396088,0.36882716049382713,r30_c10,28.0,0.7777777777777778,True,2.0,1.5843520782396088,0.36882716049382713,r30_c10,28.0,0.7777777777777778,0.36882716049382713
Dialysis | r29_c13 | Tuesday,Dialysis,r29_c13,Tuesday,36,24,True,14:30-15:00,0.6388888888888888,4,0.36111111111111116,221.53846153846152,80.0,0.36111111111111116,True,True,0.36111111111111116,221.53846153846152,80.0,0.36111111111111116,0.36111111111111116,221.53846153846152,0.36111111111111116,3.0,0.5138888888888888,2.0,1.945945945945946,0.48611111111111116,r30_c10,24.0,0.6666666666666666,True,2.0,1.945945945945946,0.48611111111111116,r30_c10,24.0,0.6666666666666666,0.48611111111111116
Dialysis | r29_c13 | Wednesday,Dialysis,r29_c13,Wednesday,6,6,True,11:00-11:30,0.8333333333333334,2,0.16666666666666663,30.000000000000007,5.0,0.041666666666666664,False,False,,,,,,,,1.0,1.0,0.0,1.0,0.0,r30_c12,6.0,1.0,False,,,,,,,
Dialysis | r29_c15 | Thursday,Dialysis,r29_c15,Thursday,1,1,True,10:00-10:30,1.0,1,0.0,,0.0,0.0,False,False,,,,,,,,1.0,1.0,0.0,1.0,0.0,r31_c19,1.0,1.0,False,,,,,,,
Dialysis | r29_c15 | Tuesday,Dialysis,r29_c15,Tuesday,4,1,True,10:00-10:30,1.0,1,0.0,,0.0,0.0,False,False,,,,,,,,1.0,1.0,0.0,1.0,0.0,r31_c19,4.0,1.0,False,,,,,,,
Dialysis | r29_c16 | Monday,Dialysis,r29_c16,Monday,1,1,True,13:30-14:00,1.0,1,0.0,,0.0,0.0,False,False,,,,,,,,1.0,1.0,0.0,1.0,0.0,r27_c9,1.0,1.0,False,,,,,,,
Dialysis | r29_c17 | Friday,Dialysis,r29_c17,Friday,74,49,True,15:30-16:00,0.35135135135135137,9,0.6486486486486487,225.625,146.35135135135135,0.6013513513513513,True,True,0.6486486486486487,225.625,146.35135135135135,0.6013513513513513,0.6486486486486487,225.625,0.6013513513513513,5.0,0.36230825420014606,4.0,2.7600806451612905,0.6376917457998539,r31_c14,31.0,0.4189189189189189,True,4.0,2.7600806451612905,0.6376917457998539,r31_c14,31.0,0.4189189189189189,0.6376917457998539
Dialysis | r29_c17 | Monday,Dialysis,r29_c17,Monday,80,46,True,11:00-11:30,0.3625,7,0.6375,180.0,114.75,0.471875,True,True,0.6375,180.0,114.75,0.471875,0.6375,180.0,0.471875,5.0,0.31906249999999997,4.0,3.134182174338884,0.6809375,r24_c17,31.0,0.3875,True,4.0,3.134182174338884,0.6809375,r24_c17,31.0,0.3875,0.6809375
Dialysis | r29_c17 | Thursday,Dialysis,r29_c17,Thursday,97,48,True,15:30-16:00,0.5876288659793815,10,0.41237113402061853,80.25,33.092783505154635,0.17525773195876285,True,True,0.41237113402061853,80.25,33.092783505154635,0.17525773195876285,0.41237113402061853,80.25,0.17525773195876285,5.0,0.740886385375704,4.0,1.3497346148328793,0.25911361462429605,r35_c14,83.0,0.8556701030927835,True,4.0,1.3497346148328793,0.25911361462429605,r35_c14,83.0,0.8556701030927835,0.25911361462429605
Dialysis | r29_c17 | Tuesday,Dialysis,r29_c17,Tuesday,86,47,True,15:30-16:00,0.5465116279069767,6,0.4534883720930233,41.53846153846154,18.837209302325583,0.1453488372093023,True,True,0.4534883720930233,41.53846153846154,18.837209302325583,0.1453488372093023,0.4534883720930233,41.53846153846154,0.1453488372093023,3.0,0.9321254732287725,2.0,1.072816942268639,0.06787452677122752,r35_c14,83.0,0.9651162790697675,True,2.0,1.072816942268639,0.06787452677122752,r35_c14,83.0,0.9651162790697675,0.06787452677122752
Dialysis | r29_c17 | Wednesday,Dialysis,r29_c17,Wednesday,82,49,True,15:30-16:00,0.2926829268292683,12,0.7073170731707317,219.31034482758622,155.1219512195122,0.6615853658536587,True,True,0.7073170731707317,219.31034482758622,155.1219512195122,0.6615853658536587,0.7073170731707317,219.31034482758622,0.6615853658536587,5.0,0.3042831647828673,4.0,3.286412512218964,0.6957168352171327,r24_c17,30.0,0.36585365853658536,True,4.0,3.286412512218964,0.6957168352171327,r24_c17,30.0,0.36585365853658536,0.6957168352171327
Dialysis | r29_c8 | Friday,Dialysis,r29_c8,Friday,10,7,True,10:30-11:00,0.7,2,0.30000000000000004,59.99999999999999,18.0,0.15,True,True,0.30000000000000004,59.99999999999999,18.0,0.15,0.30000000000000004,59.99999999999999,0.15,2.0,0.8200000000000001,1.0,1.2195121951219512,0.17999999999999994,r26_c12,9.0,0.9,True,1.0,1.2195121951219512,0.17999999999999994,r26_c12,9.0,0.9,0.17999999999999994
Dialysis | r29_c8 | Monday,Dialysis,r29_c8,Monday,13,7,True,10:30-11:00,0.7692307692307693,3,0.23076923076923073,40.000000000000014,9.230769230769232,0.07692307692307693,True,True,0.23076923076923073,40.000000000000014,9.230769230769232,0.07692307692307693,0.23076923076923073,40.000000000000014,0.07692307692307693,2.0,0.8579881656804735,1.0,1.1655172413793102,0.14201183431952646,r26_c12,12.0,0.9230769230769231,True,1.0,1.1655172413793102,0.14201183431952646,r26_c12,12.0,0.9230769230769231,0.14201183431952646
Dialysis | r29_c8 | Wednesday,Dialysis,r29_c8,Wednesday,10,6,True,10:30-11:00,0.9,2,0.09999999999999998,30.000000000000007,3.0,0.025,True,True,0.09999999999999998,30.000000000000007,3.0,0.025,0.09999999999999998,30.000000000000007,0.025,2.0,0.6800000000000002,1.0,1.4705882352941173,0.31999999999999984,r26_c12,8.0,0.8,True,1.0,1.4705882352941173,0.31999999999999984,r26_c12,8.0,0.8,0.31999999999999984
Dialysis | r30_c10 | Thursday,Dialysis,r30_c10,Thursday,23,18,True,10:00-10:30,1.0,1,0.0,,0.0,0.0,True,True,0.0,,0.0,0.0,0.0,,0.0,1.0,1.0,0.0,1.0,0.0,r29_c13,23.0,1.0,True,0.0,1.0,0.0,r29_c13,23.0,1.0,0.0
Dialysis | r30_c10 | Tuesday,Dialysis,r30_c10,Tuesday,22,18,True,10:00-10:30,1.0,1,0.0,,0.0,0.0,True,True,0.0,,0.0,0.0,0.0,,0.0,1.0,1.0,0.0,1.0,0.0,r29_c13,22.0,1.0,True,0.0,1.0,0.0,r29_c13,22.0,1.0,0.0
Dialysis | r30_c20 | Friday,Dialysis,r30_c20,Friday,129,48,True,12:00-12:30,0.9844961240310077,2,0.015503875968992276,119.99999999999979,1.8604651162790697,0.015503875968992248,True,True,0.015503875968992276,119.99999999999979,1.8604651162790697,0.015503875968992248,0.015503875968992276,119.99999999999979,0.015503875968992248,2.0,0.9846163091160387,1.0,1.0156240463838877,0.015383690883961298,r31_c26,128.0,0.9922480620155039,True,1.0,1.0156240463838877,0.015383690883961298,r31_c26,128.0,0.9922480620155039,0.015383690883961298
Dialysis | r30_c20 | Monday,Dialysis,r30_c20,Monday,121,47,True,12:00-12:30,1.0,1,0.0,,0.0,0.0,True,True,0.0,,0.0,0.0,0.0,,0.0,2.0,0.9836076770712383,1.0,1.0166655093396293,0.016392322928761693,r31_c26,120.0,0.9917355371900827,True,1.0,1.0166655093396293,0.016392322928761693,r31_c26,120.0,0.9917355371900827,0.016392322928761693
Dialysis | r30_c20 | Wednesday,Dialysis,r30_c20,Wednesday,129,47,True,12:00-12:30,0.9922480620155039,2,0.007751937984496138,29.999999999999947,0.23255813953488372,0.001937984496124031,True,True,0.007751937984496138,29.999999999999947,0.23255813953488372,0.001937984496124031,0.007751937984496138,29.999999999999947,0.001937984496124031,2.0,0.9846163091160387,1.0,1.0156240463838877,0.015383690883961298,r31_c26,128.0,0.9922480620155039,True,1.0,1.0156240463838877,0.015383690883961298,r31_c26,128.0,0.9922480620155039,0.015383690883961298
Dialysis | r30_c25 | Friday,Dialysis,r30_c25,Friday,1,1,True,05:00-05:30,1.0,1,0.0,,0.0,0.0,False,False,,,,,,,,1.0,1.0,0.0,1.0,0.0,r30_c20,1.0,1.0,False,,,,,,,
Dialysis | r30_c25 | Monday,Dialysis,r30_c25,Monday,1,1,True,05:00-05:30,1.0,1,0.0,,0.0,0.0,False,False,,,,,,,,1.0,1.0,0.0,1.0,0.0,r30_c20,1.0,1.0,False,,,,,,,
Dialysis | r30_c25 | Wednesday,Dialysis,r30_c25,Wednesday,1,1,True,05:00-05:30,1.0,1,0.0,,0.0,0.0,False,False,,,,,,,,1.0,1.0,0.0,1.0,0.0,r30_c20,1.0,1.0,False,,,,,,,
Dialysis | r31_c13 | Friday,Dialysis,r31_c13,Friday,62,42,True,10:30-11:00,0.5,6,0.5,55.16129032258064,27.58064516129032,0.16532258064516125,True,True,0.5,55.16129032258064,27.58064516129032,0.16532258064516125,0.5,55.16129032258064,0.16532258064516125,1.0,1.0,0.0,1.0,0.0,r36_c16,62.0,1.0,True,0.0,1.0,0.0,r36_c16,62.0,1.0,0.0
Dialysis | r31_c13 | Monday,Dialysis,r31_c13,Monday,80,42,True,10:30-11:00,0.5125,6,0.48750000000000004,43.07692307692307,21.0,0.165625,True,True,0.48750000000000004,43.07692307692307,21.0,0.165625,0.48750000000000004,43.07692307692307,0.165625,1.0,1.0,0.0,1.0,0.0,r36_c16,80.0,1.0,True,0.0,1.0,0.0,r36_c16,80.0,1.0,0.0
Dialysis | r31_c13 | Tuesday,Dialysis,r31_c13,Tuesday,2,1,True,10:30-11:00,0.5,2,0.5,60.0,30.0,0.25,False,False,,,,,,,,1.0,1.0,0.0,1.0,0.0,r33_c9,2.0,1.0,False,,,,,,,
Dialysis | r31_c13 | Wednesday,Dialysis,r31_c13,Wednesday,71,42,True,10:30-11:00,0.4225352112676056,7,0.5774647887323944,46.82926829268293,27.042253521126764,0.18661971830985918,True,True,0.5774647887323944,46.82926829268293,27.042253521126764,0.18661971830985918,0.5774647887323944,46.82926829268293,0.18661971830985918,1.0,1.0,0.0,1.0,0.0,r36_c16,71.0,1.0,True,0.0,1.0,0.0,r36_c16,71.0,1.0,0.0
Dialysis | r31_c14 | Friday,Dialysis,r31_c14,Friday,26,20,True,10:00-10:30,1.0,1,0.0,,0.0,0.0,True,True,0.0,,0.0,0.0,0.0,,0.0,2.0,0.8579881656804735,1.0,1.1655172413793102,0.14201183431952646,r29_c17,24.0,0.9230769230769231,True,1.0,1.1655172413793102,0.14201183431952646,r29_c17,24.0,0.9230769230769231,0.14201183431952646
Dialysis | r31_c14 | Monday,Dialysis,r31_c14,Monday,24,19,True,10:00-10:30,1.0,1,0.0,,0.0,0.0,True,True,0.0,,0.0,0.0,0.0,,0.0,2.0,0.78125,1.0,1.28,0.21875,r29_c17,21.0,0.875,True,1.0,1.28,0.21875,r29_c17,21.0,0.875,0.21875
Dialysis | r31_c14 | Thursday,Dialysis,r31_c14,Thursday,1,1,True,10:00-10:30,1.0,1,0.0,,0.0,0.0,False,False,,,,,,,,1.0,1.0,0.0,1.0,0.0,r29_c17,1.0,1.0,False,,,,,,,
Dialysis | r31_c14 | Wednesday,Dialysis,r31_c14,Wednesday,27,19,True,10:00-10:30,1.0,1,0.0,,0.0,0.0,True,True,0.0,,0.0,0.0,0.0,,0.0,2.0,0.8024691358024691,1.0,1.2461538461538462,0.19753086419753085,r29_c17,24.0,0.8888888888888888,True,1.0,1.2461538461538462,0.19753086419753085,r29_c17,24.0,0.8888888888888888,0.19753086419753085
Dialysis | r31_c16 | Friday,Dialysis,r31_c16,Friday,190,53,True,15:30-16:00,0.6263157894736842,10,0.37368421052631584,221.83098591549296,82.89473684210527,0.3078947368421053,True,True,0.37368421052631584,221.83098591549296,82.89473684210527,0.3078947368421053,0.37368421052631584,221.83098591549296,0.3078947368421053,3.0,0.39191135734072025,2.0,2.551597398925643,0.6080886426592798,r34_c18,100.0,0.5263157894736842,True,2.0,2.551597398925643,0.6080886426592798,r34_c18,100.0,0.5263157894736842,0.6080886426592798
Dialysis | r31_c16 | Monday,Dialysis,r31_c16,Monday,193,52,True,15:30-16:00,0.5181347150259067,11,0.4818652849740933,197.09677419354838,94.97409326424871,0.3678756476683938,True,True,0.4818652849740933,197.09677419354838,94.97409326424871,0.3678756476683938,0.4818652849740933,197.09677419354838,0.3678756476683938,3.0,0.3954737039920535,2.0,2.5286131287760503,0.6045262960079465,r34_c18,99.0,0.5129533678756477,True,2.0,2.5286131287760503,0.6045262960079465,r34_c18,99.0,0.5129533678756477,0.6045262960079465
Dialysis | r31_c16 | Thursday,Dialysis,r31_c16,Thursday,4,4,True,15:30-16:00,1.0,1,0.0,,0.0,0.0,False,False,,,,,,,,1.0,1.0,0.0,1.0,0.0,r34_c18,4.0,1.0,False,,,,,,,
Dialysis | r31_c16 | Tuesday,Dialysis,r31_c16,Tuesday,4,2,True,15:30-16:00,1.0,1,0.0,,0.0,0.0,False,False,,,,,,,,1.0,1.0,0.0,1.0,0.0,r34_c18,4.0,1.0,False,,,,,,,
Dialysis | r31_c16 | Wednesday,Dialysis,r31_c16,Wednesday,193,52,True,15:30-16:00,0.5544041450777202,9,0.4455958549222798,204.76744186046508,91.24352331606217,0.3523316062176166,True,True,0.4455958549222798,204.76744186046508,91.24352331606217,0.3523316062176166,0.4455958549222798,204.76744186046508,0.3523316062176166,3.0,0.3621305269940132,2.0,2.761435243531767,0.6378694730059868,r34_c18,90.0,0.46632124352331605,True,2.0,2.761435243531767,0.6378694730059868,r34_c18,90.0,0.46632124352331605,0.6378694730059868
Dialysis | r31_c26 | Friday,Dialysis,r31_c26,Friday,128,48,True,06:00-06:30,1.0,1,0.0,,0.0,0.0,True,True,0.0,,0.0,0.0,0.0,,0.0,1.0,1.0,0.0,1.0,0.0,r30_c20,128.0,1.0,True,0.0,1.0,0.0,r30_c20,128.0,1.0,0.0
Dialysis | r31_c26 | Monday,Dialysis,r31_c26,Monday,131,47,True,06:00-06:30,0.9694656488549618,3,0.03053435114503822,59.9999999999999,1.83206106870229,0.015267175572519082,True,True,0.03053435114503822,59.9999999999999,1.83206106870229,0.015267175572519082,0.03053435114503822,59.9999999999999,0.015267175572519082,1.0,1.0,0.0,1.0,0.0,r30_c20,131.0,1.0,True,0.0,1.0,0.0,r30_c20,131.0,1.0,0.0
Dialysis | r31_c26 | Wednesday,Dialysis,r31_c26,Wednesday,127,47,True,06:00-06:30,1.0,1,0.0,,0.0,0.0,True,True,0.0,,0.0,0.0,0.0,,0.0,1.0,1.0,0.0,1.0,0.0,r30_c20,127.0,1.0,True,0.0,1.0,0.0,r30_c20,127.0,1.0,0.0
Dialysis | r32_c13 | Friday,Dialysis,r32_c13,Friday,28,19,True,10:00-10:30,0.9642857142857143,2,0.0357142857142857,30.000000000000014,1.0714285714285714,0.008928571428571428,True,True,0.0357142857142857,30.000000000000014,1.0714285714285714,0.008928571428571428,0.0357142857142857,30.000000000000014,0.008928571428571428,1.0,1.0,0.0,1.0,0.0,r31_c16,28.0,1.0,True,0.0,1.0,0.0,r31_c16,28.0,1.0,0.0
Dialysis | r32_c13 | Monday,Dialysis,r32_c13,Monday,29,19,True,10:00-10:30,0.896551724137931,2,0.10344827586206895,30.000000000000004,3.103448275862069,0.02586206896551724,True,True,0.10344827586206895,30.000000000000004,3.103448275862069,0.02586206896551724,0.10344827586206895,30.000000000000004,0.02586206896551724,1.0,1.0,0.0,1.0,0.0,r31_c16,29.0,1.0,True,0.0,1.0,0.0,r31_c16,29.0,1.0,0.0
Dialysis | r32_c13 | Wednesday,Dialysis,r32_c13,Wednesday,23,20,True,10:00-10:30,0.9565217391304348,2,0.04347826086956519,120.00000000000009,5.217391304347826,0.043478260869565216,True,True,0.04347826086956519,120.00000000000009,5.217391304347826,0.043478260869565216,0.04347826086956519,120.00000000000009,0.043478260869565216,1.0,1.0,0.0,1.0,0.0,r31_c16,23.0,1.0,True,0.0,1.0,0.0,r31_c16,23.0,1.0,0.0
Dialysis | r32_c20 | Friday,Dialysis,r32_c20,Friday,63,49,True,09:30-10:00,0.7619047619047619,3,0.23809523809523814,361.99999999999994,86.19047619047619,0.23809523809523808,True,True,0.23809523809523814,361.99999999999994,86.19047619047619,0.23809523809523808,0.23809523809523814,361.99999999999994,0.23809523809523808,2.0,0.6371882086167799,1.0,1.5693950177935945,0.36281179138322006,r33_c21,48.0,0.7619047619047619,True,1.0,1.5693950177935945,0.36281179138322006,r33_c21,48.0,0.7619047619047619,0.36281179138322006
Dialysis | r32_c20 | Monday,Dialysis,r32_c20,Monday,59,50,True,09:30-10:00,0.711864406779661,4,0.288135593220339,294.70588235294116,84.91525423728814,0.25,True,True,0.288135593220339,294.70588235294116,84.91525423728814,0.25,0.288135593220339,294.70588235294116,0.25,2.0,0.6380350474001724,1.0,1.5673120216118865,0.36196495259982764,r33_c21,45.0,0.7627118644067796,True,1.0,1.5673120216118865,0.36196495259982764,r33_c21,45.0,0.7627118644067796,0.36196495259982764
Dialysis | r32_c20 | Saturday,Dialysis,r32_c20,Saturday,2,2,True,09:30-10:00,1.0,1,0.0,,0.0,0.0,False,False,,,,,,,,1.0,1.0,0.0,1.0,0.0,r33_c21,2.0,1.0,False,,,,,,,
Dialysis | r32_c20 | Sunday,Dialysis,r32_c20,Sunday,2,2,True,09:30-10:00,1.0,1,0.0,,0.0,0.0,False,False,,,,,,,,1.0,1.0,0.0,1.0,0.0,r33_c21,2.0,1.0,False,,,,,,,
Dialysis | r32_c20 | Thursday,Dialysis,r32_c20,Thursday,2,2,True,09:30-10:00,1.0,1,0.0,,0.0,0.0,False,False,,,,,,,,1.0,1.0,0.0,1.0,0.0,r33_c21,2.0,1.0,False,,,,,,,
Dialysis | r32_c20 | Tuesday,Dialysis,r32_c20,Tuesday,3,3,True,09:30-10:00,1.0,1,0.0,,0.0,0.0,False,False,,,,,,,,1.0,1.0,0.0,1.0,0.0,r33_c21,3.0,1.0,False,,,,,,,
Dialysis | r32_c20 | Wednesday,Dialysis,r32_c20,Wednesday,62,48,True,09:30-10:00,0.6612903225806451,4,0.33870967741935487,332.85714285714283,112.74193548387098,0.31451612903225806,True,True,0.33870967741935487,332.85714285714283,112.74193548387098,0.31451612903225806,0.33870967741935487,332.85714285714283,0.31451612903225806,2.0,0.5749219562955256,1.0,1.7393665158371039,0.42507804370447444,r33_c21,43.0,0.6935483870967742,True,1.0,1.7393665158371039,0.42507804370447444,r33_c21,43.0,0.6935483870967742,0.42507804370447444
Dialysis | r32_c9 | Tuesday,Dialysis,r32_c9,Tuesday,4,1,True,09:30-10:00,0.75,2,0.25,30.0,7.5,0.0625,False,False,,,,,,,,1.0,1.0,0.0,1.0,0.0,r29_c17,4.0,1.0,False,,,,,,,
Dialysis | r33_c16 | Friday,Dialysis,r33_c16,Friday,34,17,True,09:30-10:00,0.7647058823529411,2,0.23529411764705888,29.999999999999993,7.0588235294117645,0.058823529411764705,True,True,0.23529411764705888,29.999999999999993,7.0588235294117645,0.058823529411764705,0.23529411764705888,29.999999999999993,0.058823529411764705,1.0,1.0,0.0,1.0,0.0,r36_c16,34.0,1.0,True,0.0,1.0,0.0,r36_c16,34.0,1.0,0.0
Dialysis | r33_c16 | Monday,Dialysis,r33_c16,Monday,29,16,True,09:30-10:00,0.6896551724137931,2,0.31034482758620685,30.000000000000004,9.310344827586206,0.07758620689655173,True,True,0.31034482758620685,30.000000000000004,9.310344827586206,0.07758620689655173,0.31034482758620685,30.000000000000004,0.07758620689655173,1.0,1.0,0.0,1.0,0.0,r36_c16,29.0,1.0,True,0.0,1.0,0.0,r36_c16,29.0,1.0,0.0
Dialysis | r33_c16 | Wednesday,Dialysis,r33_c16,Wednesday,22,14,True,09:30-10:00,0.7272727272727273,2,0.2727272727272727,30.0,8.181818181818182,0.06818181818181818,True,True,0.2727272727272727,30.0,8.181818181818182,0.06818181818181818,0.2727272727272727,30.0,0.06818181818181818,1.0,1.0,0.0,1.0,0.0,r36_c16,22.0,1.0,True,0.0,1.0,0.0,r36_c16,22.0,1.0,0.0
Dialysis | r33_c21 | Friday,Dialysis,r33_c21,Friday,162,53,True,15:00-15:30,0.6419753086419753,10,0.3580246913580247,179.48275862068962,64.25925925925925,0.3333333333333333,True,True,0.3580246913580247,179.48275862068962,64.25925925925925,0.3333333333333333,0.3580246913580247,179.48275862068962,0.3333333333333333,3.0,0.3382106386221613,2.0,2.956737269040108,0.6617893613778387,r37_c22,62.0,0.38271604938271603,True,2.0,2.956737269040108,0.6617893613778387,r37_c22,62.0,0.38271604938271603,0.6617893613778387
Dialysis | r33_c21 | Monday,Dialysis,r33_c21,Monday,167,52,True,15:00-15:30,0.6407185628742516,11,0.35928143712574845,195.0,70.05988023952095,0.34580838323353297,True,True,0.35928143712574845,195.0,70.05988023952095,0.34580838323353297,0.35928143712574845,195.0,0.34580838323353297,4.0,0.3320664061099358,3.0,3.011445848180542,0.6679335938900641,r37_c22,65.0,0.38922155688622756,True,3.0,3.011445848180542,0.6679335938900641,r37_c22,65.0,0.38922155688622756,0.6679335938900641
Dialysis | r33_c21 | Saturday,Dialysis,r33_c21,Saturday,2,2,True,15:00-15:30,1.0,1,0.0,,0.0,0.0,False,False,,,,,,,,1.0,1.0,0.0,1.0,0.0,r32_c20,2.0,1.0,False,,,,,,,
Dialysis | r33_c21 | Sunday,Dialysis,r33_c21,Sunday,2,2,True,15:00-15:30,1.0,1,0.0,,0.0,0.0,False,False,,,,,,,,1.0,1.0,0.0,1.0,0.0,r32_c20,2.0,1.0,False,,,,,,,
Dialysis | r33_c21 | Thursday,Dialysis,r33_c21,Thursday,101,43,True,12:00-12:30,0.4752475247524752,7,0.5247524752475248,350.377358490566,183.86138613861385,0.4975247524752476,True,True,0.5247524752475248,350.377358490566,183.86138613861385,0.4975247524752476,0.5247524752475248,350.377358490566,0.4975247524752476,2.0,0.9611802764434858,1.0,1.0403875573686896,0.038819723556514196,r33_c21,99.0,0.9801980198019802,True,1.0,1.0403875573686896,0.038819723556514196,r33_c21,99.0,0.9801980198019802,0.038819723556514196
Dialysis | r33_c21 | Tuesday,Dialysis,r33_c21,Tuesday,113,41,True,12:00-12:30,0.45132743362831856,7,0.5486725663716814,339.1935483870968,186.1061946902655,0.5066371681415929,True,True,0.5486725663716814,339.1935483870968,186.1061946902655,0.5066371681415929,0.5486725663716814,339.1935483870968,0.5066371681415929,3.0,0.9312397211997807,2.0,1.073837355983517,0.06876027880021929,r33_c21,109.0,0.9646017699115044,True,2.0,1.073837355983517,0.06876027880021929,r33_c21,109.0,0.9646017699115044,0.06876027880021929
Dialysis | r33_c21 | Wednesday,Dialysis,r33_c21,Wednesday,169,52,True,15:00-15:30,0.6153846153846154,10,0.3846153846153846,197.53846153846155,75.97633136094674,0.3757396449704142,True,True,0.3846153846153846,197.53846153846155,75.97633136094674,0.3757396449704142,0.3846153846153846,197.53846153846155,0.3757396449704142,4.0,0.3343370330170512,3.0,2.990993821342549,0.6656629669829488,r37_c22,64.0,0.378698224852071,True,3.0,2.990993821342549,0.6656629669829488,r37_c22,64.0,0.378698224852071,0.6656629669829488
Dialysis | r33_c9 | Monday,Dialysis,r33_c9,Monday,2,1,True,11:00-11:30,1.0,1,0.0,,0.0,0.0,False,False,,,,,,,,1.0,1.0,0.0,1.0,0.0,r31_c13,2.0,1.0,False,,,,,,,
Dialysis | r33_c9 | Thursday,Dialysis,r33_c9,Thursday,44,26,True,11:00-11:30,0.6818181818181818,4,0.31818181818181823,36.428571428571416,11.59090909090909,0.09659090909090909,True,True,0.31818181818181823,36.428571428571416,11.59090909090909,0.09659090909090909,0.31818181818181823,36.428571428571416,0.09659090909090909,1.0,1.0,0.0,1.0,0.0,r31_c13,44.0,1.0,True,0.0,1.0,0.0,r31_c13,44.0,1.0,0.0
Dialysis | r33_c9 | Tuesday,Dialysis,r33_c9,Tuesday,32,24,True,11:00-11:30,0.65625,4,0.34375,32.72727272727273,11.25,0.09375,True,True,0.34375,32.72727272727273,11.25,0.09375,0.34375,32.72727272727273,0.09375,1.0,1.0,0.0,1.0,0.0,r31_c13,32.0,1.0,True,0.0,1.0,0.0,r31_c13,32.0,1.0,0.0
Dialysis | r34_c18 | Friday,Dialysis,r34_c18,Friday,100,53,True,10:00-10:30,0.85,5,0.15000000000000002,75.99999999999999,11.4,0.0875,True,True,0.15000000000000002,75.99999999999999,11.4,0.0875,0.15000000000000002,75.99999999999999,0.0875,2.0,0.8042,1.0,1.2434717731907485,0.19579999999999997,r31_c16,89.0,0.89,True,1.0,1.2434717731907485,0.19579999999999997,r31_c16,89.0,0.89,0.19579999999999997
Dialysis | r34_c18 | Monday,Dialysis,r34_c18,Monday,93,50,True,10:00-10:30,0.8387096774193549,3,0.16129032258064513,56.00000000000001,9.032258064516128,0.07526881720430106,True,True,0.16129032258064513,56.00000000000001,9.032258064516128,0.07526881720430106,0.16129032258064513,56.00000000000001,0.07526881720430106,2.0,0.7595097699155973,1.0,1.3166387578017962,0.24049023008440273,r31_c16,80.0,0.8602150537634409,True,1.0,1.3166387578017962,0.24049023008440273,r31_c16,80.0,0.8602150537634409,0.24049023008440273
Dialysis | r34_c18 | Thursday,Dialysis,r34_c18,Thursday,5,4,True,10:00-10:30,1.0,1,0.0,,0.0,0.0,False,False,,,,,,,,1.0,1.0,0.0,1.0,0.0,r31_c16,5.0,1.0,False,,,,,,,
Dialysis | r34_c18 | Tuesday,Dialysis,r34_c18,Tuesday,5,2,True,10:00-10:30,1.0,1,0.0,,0.0,0.0,False,False,,,,,,,,1.0,1.0,0.0,1.0,0.0,r31_c16,5.0,1.0,False,,,,,,,
Dialysis | r34_c18 | Wednesday,Dialysis,r34_c18,Wednesday,90,51,True,10:00-10:30,0.8444444444444444,4,0.15555555555555556,55.71428571428571,8.666666666666666,0.07222222222222222,True,True,0.15555555555555556,55.71428571428571,8.666666666666666,0.07222222222222222,0.15555555555555556,55.71428571428571,0.07222222222222222,2.0,0.7372839506172839,1.0,1.3563295378432687,0.2627160493827161,r31_c16,76.0,0.8444444444444444,True,1.0,1.3563295378432687,0.2627160493827161,r31_c16,76.0,0.8444444444444444,0.2627160493827161
Dialysis | r34_c21 | Tuesday,Dialysis,r34_c21,Tuesday,1,1,True,07:30-08:00,1.0,1,0.0,,0.0,0.0,False,False,,,,,,,,1.0,1.0,0.0,1.0,0.0,r28_c19,1.0,1.0,False,,,,,,,
Dialysis | r34_c23 | Friday,Dialysis,r34_c23,Friday,81,53,True,15:30-16:00,0.9382716049382716,3,0.06172839506172845,35.99999999999997,2.2222222222222223,0.018518518518518517,True,True,0.06172839506172845,35.99999999999997,2.2222222222222223,0.018518518518518517,0.06172839506172845,35.99999999999997,0.018518518518518517,1.0,1.0,0.0,1.0,0.0,r35_c22,81.0,1.0,True,0.0,1.0,0.0,r35_c22,81.0,1.0,0.0
Dialysis | r34_c23 | Monday,Dialysis,r34_c23,Monday,84,51,True,15:30-16:00,0.8809523809523809,7,0.11904761904761907,65.99999999999997,7.857142857142856,0.06249999999999999,True,True,0.11904761904761907,65.99999999999997,7.857142857142856,0.06249999999999999,0.11904761904761907,65.99999999999997,0.06249999999999999,1.0,1.0,0.0,1.0,0.0,r35_c22,84.0,1.0,True,0.0,1.0,0.0,r35_c22,84.0,1.0,0.0
Dialysis | r34_c23 | Tuesday,Dialysis,r34_c23,Tuesday,1,1,True,15:30-16:00,1.0,1,0.0,,0.0,0.0,False,False,,,,,,,,1.0,1.0,0.0,1.0,0.0,r35_c22,1.0,1.0,False,,,,,,,
Dialysis | r34_c23 | Wednesday,Dialysis,r34_c23,Wednesday,95,51,True,15:30-16:00,0.9368421052631579,4,0.06315789473684208,35.00000000000001,2.2105263157894735,0.01842105263157895,True,True,0.06315789473684208,35.00000000000001,2.2105263157894735,0.01842105263157895,0.06315789473684208,35.00000000000001,0.01842105263157895,1.0,1.0,0.0,1.0,0.0,r35_c22,95.0,1.0,True,0.0,1.0,0.0,r35_c22,95.0,1.0,0.0
Dialysis | r34_c24 | Friday,Dialysis,r34_c24,Friday,9,3,True,14:00-14:30,0.3333333333333333,4,0.6666666666666667,59.99999999999999,40.0,0.3333333333333333,False,False,,,,,,,,1.0,1.0,0.0,1.0,0.0,r35_c21,9.0,1.0,False,,,,,,,
Dialysis | r34_c24 | Monday,Dialysis,r34_c24,Monday,5,3,True,15:00-15:30,0.8,2,0.19999999999999996,30.000000000000007,6.0,0.05,False,False,,,,,,,,1.0,1.0,0.0,1.0,0.0,r35_c21,5.0,1.0,False,,,,,,,
Dialysis | r34_c24 | Wednesday,Dialysis,r34_c24,Wednesday,3,3,True,15:30-16:00,1.0,1,0.0,,0.0,0.0,False,False,,,,,,,,1.0,1.0,0.0,1.0,0.0,r35_c21,3.0,1.0,False,,,,,,,
Dialysis | r35_c14 | Friday,Dialysis,r35_c14,Friday,5,2,True,09:30-10:00,1.0,1,0.0,,0.0,0.0,False,False,,,,,,,,1.0,1.0,0.0,1.0,0.0,r29_c17,5.0,1.0,False,,,,,,,
Dialysis | r35_c14 | Monday,Dialysis,r35_c14,Monday,5,2,True,09:30-10:00,0.8,2,0.19999999999999996,30.000000000000007,6.0,0.05,False,False,,,,,,,,1.0,1.0,0.0,1.0,0.0,r29_c17,5.0,1.0,False,,,,,,,
Dialysis | r35_c14 | Thursday,Dialysis,r35_c14,Thursday,76,50,True,09:30-10:00,0.6052631578947368,5,0.39473684210526316,49.00000000000001,19.342105263157897,0.11184210526315791,True,True,0.39473684210526316,49.00000000000001,19.342105263157897,0.11184210526315791,0.39473684210526316,49.00000000000001,0.11184210526315791,1.0,1.0,0.0,1.0,0.0,r29_c17,76.0,1.0,True,0.0,1.0,0.0,r29_c17,76.0,1.0,0.0
Dialysis | r35_c14 | Tuesday,Dialysis,r35_c14,Tuesday,65,47,True,09:30-10:00,0.6307692307692307,4,0.36923076923076925,31.250000000000004,11.53846153846154,0.09615384615384616,True,True,0.36923076923076925,31.250000000000004,11.53846153846154,0.09615384615384616,0.36923076923076925,31.250000000000004,0.09615384615384616,1.0,1.0,0.0,1.0,0.0,r29_c17,65.0,1.0,True,0.0,1.0,0.0,r29_c17,65.0,1.0,0.0
Dialysis | r35_c14 | Wednesday,Dialysis,r35_c14,Wednesday,1,1,True,09:30-10:00,1.0,1,0.0,,0.0,0.0,False,False,,,,,,,,1.0,1.0,0.0,1.0,0.0,r29_c17,1.0,1.0,False,,,,,,,
Dialysis | r35_c15 | Friday,Dialysis,r35_c15,Friday,89,53,True,09:30-10:00,0.8314606741573034,3,0.1685393258426966,30.000000000000004,5.056179775280898,0.042134831460674156,True,True,0.1685393258426966,30.000000000000004,5.056179775280898,0.042134831460674156,0.1685393258426966,30.000000000000004,0.042134831460674156,1.0,1.0,0.0,1.0,0.0,r36_c16,89.0,1.0,True,0.0,1.0,0.0,r36_c16,89.0,1.0,0.0
Dialysis | r35_c15 | Monday,Dialysis,r35_c15,Monday,78,50,True,09:30-10:00,0.8076923076923077,2,0.1923076923076923,30.000000000000004,5.769230769230769,0.04807692307692308,True,True,0.1923076923076923,30.000000000000004,5.769230769230769,0.04807692307692308,0.1923076923076923,30.000000000000004,0.04807692307692308,1.0,1.0,0.0,1.0,0.0,r36_c16,78.0,1.0,True,0.0,1.0,0.0,r36_c16,78.0,1.0,0.0
Dialysis | r35_c15 | Tuesday,Dialysis,r35_c15,Tuesday,1,1,True,09:30-10:00,1.0,1,0.0,,0.0,0.0,False,False,,,,,,,,1.0,1.0,0.0,1.0,0.0,r36_c16,1.0,1.0,False,,,,,,,
Dialysis | r35_c15 | Wednesday,Dialysis,r35_c15,Wednesday,92,51,True,09:30-10:00,0.7608695652173914,2,0.23913043478260865,30.000000000000007,7.173913043478261,0.059782608695652176,True,True,0.23913043478260865,30.000000000000007,7.173913043478261,0.059782608695652176,0.23913043478260865,30.000000000000007,0.059782608695652176,1.0,1.0,0.0,1.0,0.0,r36_c16,92.0,1.0,True,0.0,1.0,0.0,r36_c16,92.0,1.0,0.0
Dialysis | r35_c21 | Friday,Dialysis,r35_c21,Friday,4,3,True,09:30-10:00,0.5,3,0.5,30.0,15.0,0.125,False,False,,,,,,,,1.0,1.0,0.0,1.0,0.0,r34_c24,4.0,1.0,False,,,,,,,
Dialysis | r35_c21 | Monday,Dialysis,r35_c21,Monday,12,3,True,09:30-10:00,0.5,4,0.5,80.0,40.0,0.1875,True,True,0.5,80.0,40.0,0.1875,0.5,80.0,0.1875,1.0,1.0,0.0,1.0,0.0,r34_c24,12.0,1.0,True,0.0,1.0,0.0,r34_c24,12.0,1.0,0.0
Dialysis | r35_c21 | Wednesday,Dialysis,r35_c21,Wednesday,6,3,True,09:30-10:00,0.6666666666666666,3,0.33333333333333337,209.99999999999997,70.0,0.20833333333333331,False,False,,,,,,,,1.0,1.0,0.0,1.0,0.0,r34_c24,6.0,1.0,False,,,,,,,
Dialysis | r35_c22 | Friday,Dialysis,r35_c22,Friday,72,53,True,09:30-10:00,0.9583333333333334,2,0.04166666666666663,300.0000000000003,12.5,0.041666666666666664,True,True,0.04166666666666663,300.0000000000003,12.5,0.041666666666666664,0.04166666666666663,300.0000000000003,0.041666666666666664,1.0,1.0,0.0,1.0,0.0,r34_c23,72.0,1.0,True,0.0,1.0,0.0,r34_c23,72.0,1.0,0.0
Dialysis | r35_c22 | Monday,Dialysis,r35_c22,Monday,59,51,True,09:30-10:00,0.9322033898305084,3,0.06779661016949157,239.99999999999983,16.271186440677965,0.059322033898305086,True,True,0.06779661016949157,239.99999999999983,16.271186440677965,0.059322033898305086,0.06779661016949157,239.99999999999983,0.059322033898305086,1.0,1.0,0.0,1.0,0.0,r34_c23,59.0,1.0,True,0.0,1.0,0.0,r34_c23,59.0,1.0,0.0
Dialysis | r35_c22 | Thursday,Dialysis,r35_c22,Thursday,2,2,True,08:30-09:00,0.5,2,0.5,60.0,30.0,0.25,False,False,,,,,,,,2.0,0.5,1.0,2.0,0.5,r21_c9,1.0,0.5,False,,,,,,,
Dialysis | r35_c22 | Tuesday,Dialysis,r35_c22,Tuesday,1,1,True,09:30-10:00,1.0,1,0.0,,0.0,0.0,False,False,,,,,,,,1.0,1.0,0.0,1.0,0.0,r34_c23,1.0,1.0,False,,,,,,,
Dialysis | r35_c22 | Wednesday,Dialysis,r35_c22,Wednesday,62,51,True,09:30-10:00,0.967741935483871,3,0.032258064516129004,240.00000000000023,7.741935483870968,0.03225806451612903,True,True,0.032258064516129004,240.00000000000023,7.741935483870968,0.03225806451612903,0.032258064516129004,240.00000000000023,0.03225806451612903,1.0,1.0,0.0,1.0,0.0,r34_c23,62.0,1.0,True,0.0,1.0,0.0,r34_c23,62.0,1.0,0.0
Dialysis | r36_c16 | Friday,Dialysis,r36_c16,Friday,454,53,True,14:30-15:00,0.44493392070484583,12,0.5550660792951542,204.40476190476195,113.4581497797357,0.44107929515418504,True,True,0.5550660792951542,204.40476190476195,113.4581497797357,0.44107929515418504,0.5550660792951542,204.40476190476195,0.44107929515418504,6.0,0.2771546119660774,5.0,3.608094387844414,0.7228453880339226,r36_c16,204.0,0.44933920704845814,True,5.0,3.608094387844414,0.7228453880339226,r36_c16,204.0,0.44933920704845814,0.7228453880339226
Dialysis | r36_c16 | Monday,Dialysis,r36_c16,Monday,415,51,True,14:30-15:00,0.44819277108433736,10,0.5518072289156626,192.57641921397382,106.26506024096385,0.4337349397590361,True,True,0.5518072289156626,192.57641921397382,106.26506024096385,0.4337349397590361,0.5518072289156626,192.57641921397382,0.4337349397590361,6.0,0.2566816664247351,5.0,3.8958762186983957,0.7433183335752649,r36_c16,172.0,0.41445783132530123,True,5.0,3.8958762186983957,0.7433183335752649,r36_c16,172.0,0.41445783132530123,0.7433183335752649
Dialysis | r36_c16 | Tuesday,Dialysis,r36_c16,Tuesday,3,2,True,14:30-15:00,1.0,1,0.0,,0.0,0.0,False,False,,,,,,,,2.0,0.5555555555555556,1.0,1.7999999999999998,0.4444444444444444,r37_c17,2.0,0.6666666666666666,False,,,,,,,
Dialysis | r36_c16 | Wednesday,Dialysis,r36_c16,Wednesday,425,52,True,14:30-15:00,0.45176470588235296,13,0.548235294117647,201.2446351931331,110.32941176470591,0.4382352941176471,True,True,0.548235294117647,201.2446351931331,110.32941176470591,0.4382352941176471,0.548235294117647,201.2446351931331,0.4382352941176471,6.0,0.2718283737024221,5.0,3.6787918287541506,0.7281716262975779,r36_c16,186.0,0.4376470588235294,True,5.0,3.6787918287541506,0.7281716262975779,r36_c16,186.0,0.4376470588235294,0.7281716262975779
Dialysis | r36_c22 | Thursday,Dialysis,r36_c22,Thursday,2,1,True,12:00-12:30,1.0,1,0.0,,0.0,0.0,False,False,,,,,,,,1.0,1.0,0.0,1.0,0.0,r29_c17,2.0,1.0,False,,,,,,,
Dialysis | r36_c22 | Tuesday,Dialysis,r36_c22,Tuesday,1,1,True,12:00-12:30,1.0,1,0.0,,0.0,0.0,False,False,,,,,,,,1.0,1.0,0.0,1.0,0.0,r29_c17,1.0,1.0,False,,,,,,,
Dialysis | r36_c23 | Friday,Dialysis,r36_c23,Friday,19,9,True,10:00-10:30,0.5789473684210527,3,0.42105263157894735,30.000000000000004,12.631578947368421,0.10526315789473684,True,True,0.42105263157894735,30.000000000000004,12.631578947368421,0.10526315789473684,0.42105263157894735,30.000000000000004,0.10526315789473684,1.0,1.0,0.0,1.0,0.0,r32_c20,19.0,1.0,True,0.0,1.0,0.0,r32_c20,19.0,1.0,0.0
Dialysis | r36_c23 | Monday,Dialysis,r36_c23,Monday,14,10,True,10:00-10:30,0.7142857142857143,3,0.2857142857142857,37.5,10.714285714285714,0.08928571428571427,True,True,0.2857142857142857,37.5,10.714285714285714,0.08928571428571427,0.2857142857142857,37.5,0.08928571428571427,1.0,1.0,0.0,1.0,0.0,r32_c20,14.0,1.0,True,0.0,1.0,0.0,r32_c20,14.0,1.0,0.0
Dialysis | r36_c23 | Wednesday,Dialysis,r36_c23,Wednesday,14,9,True,09:30-10:00,0.5714285714285714,2,0.4285714285714286,29.999999999999996,12.857142857142856,0.10714285714285714,True,True,0.4285714285714286,29.999999999999996,12.857142857142856,0.10714285714285714,0.4285714285714286,29.999999999999996,0.10714285714285714,1.0,1.0,0.0,1.0,0.0,r32_c20,14.0,1.0,True,0.0,1.0,0.0,r32_c20,14.0,1.0,0.0
Dialysis | r37_c17 | Friday,Dialysis,r37_c17,Friday,86,53,True,09:30-10:00,0.8255813953488372,3,0.17441860465116277,30.000000000000007,5.232558139534884,0.0436046511627907,True,True,0.17441860465116277,30.000000000000007,5.232558139534884,0.0436046511627907,0.17441860465116277,30.000000000000007,0.0436046511627907,1.0,1.0,0.0,1.0,0.0,r36_c16,86.0,1.0,True,0.0,1.0,0.0,r36_c16,86.0,1.0,0.0
Dialysis | r37_c17 | Monday,Dialysis,r37_c17,Monday,82,50,True,09:30-10:00,0.8048780487804879,2,0.19512195121951215,30.000000000000007,5.853658536585366,0.04878048780487805,True,True,0.19512195121951215,30.000000000000007,5.853658536585366,0.04878048780487805,0.19512195121951215,30.000000000000007,0.04878048780487805,1.0,1.0,0.0,1.0,0.0,r36_c16,82.0,1.0,True,0.0,1.0,0.0,r36_c16,82.0,1.0,0.0
Dialysis | r37_c17 | Tuesday,Dialysis,r37_c17,Tuesday,3,3,True,09:30-10:00,1.0,1,0.0,,0.0,0.0,False,False,,,,,,,,1.0,1.0,0.0,1.0,0.0,r36_c16,3.0,1.0,False,,,,,,,
Dialysis | r37_c17 | Wednesday,Dialysis,r37_c17,Wednesday,85,51,True,09:30-10:00,0.8,2,0.19999999999999996,30.000000000000007,6.0,0.05,True,True,0.19999999999999996,30.000000000000007,6.0,0.05,0.19999999999999996,30.000000000000007,0.05,1.0,1.0,0.0,1.0,0.0,r36_c16,85.0,1.0,True,0.0,1.0,0.0,r36_c16,85.0,1.0,0.0
Dialysis | r37_c22 | Friday,Dialysis,r37_c22,Friday,60,53,True,09:30-10:00,0.9666666666666667,3,0.033333333333333326,105.00000000000003,3.5,0.020833333333333332,True,True,0.033333333333333326,105.00000000000003,3.5,0.020833333333333332,0.033333333333333326,105.00000000000003,0.020833333333333332,1.0,1.0,0.0,1.0,0.0,r33_c21,60.0,1.0,True,0.0,1.0,0.0,r33_c21,60.0,1.0,0.0
Dialysis | r37_c22 | Monday,Dialysis,r37_c22,Monday,65,52,True,09:30-10:00,0.9692307692307692,2,0.03076923076923077,30.0,0.9230769230769231,0.007692307692307693,True,True,0.03076923076923077,30.0,0.9230769230769231,0.007692307692307693,0.03076923076923077,30.0,0.007692307692307693,1.0,1.0,0.0,1.0,0.0,r33_c21,65.0,1.0,True,0.0,1.0,0.0,r33_c21,65.0,1.0,0.0
Dialysis | r37_c22 | Wednesday,Dialysis,r37_c22,Wednesday,62,52,True,09:30-10:00,0.9838709677419355,2,0.016129032258064502,30.00000000000003,0.4838709677419355,0.004032258064516129,True,True,0.016129032258064502,30.00000000000003,0.4838709677419355,0.004032258064516129,0.016129032258064502,30.00000000000003,0.004032258064516129,1.0,1.0,0.0,1.0,0.0,r33_c21,62.0,1.0,True,0.0,1.0,0.0,r33_c21,62.0,1.0,0.0
Dialysis | r39_c24 | Monday,Dialysis,r39_c24,Monday,16,2,True,11:30-12:00,0.25,6,0.75,55.0,41.25,0.34375,False,False,,,,,,,,1.0,1.0,0.0,1.0,0.0,r32_c20,16.0,1.0,False,,,,,,,
Dialysis | r39_c24 | Wednesday,Dialysis,r39_c24,Wednesday,10,2,True,11:30-12:00,0.4,3,0.6,30.0,18.0,0.15000000000000002,False,False,,,,,,,,1.0,1.0,0.0,1.0,0.0,r32_c20,10.0,1.0,False,,,,,,,
Dialysis | r40_c30 | Tuesday,Dialysis,r40_c30,Tuesday,6,1,True,14:00-14:30,0.5,2,0.5,30.0,15.0,0.125,False,False,,,,,,,,1.0,1.0,0.0,1.0,0.0,r40_c30,6.0,1.0,False,,,,,,,
Dialysis | r9_c18 | Friday,Dialysis,r9_c18,Friday,50,43,True,09:30-10:00,0.94,2,0.06000000000000005,29.99999999999997,1.7999999999999998,0.014999999999999998,True,True,0.06000000000000005,29.99999999999997,1.7999999999999998,0.014999999999999998,0.06000000000000005,29.99999999999997,0.014999999999999998,1.0,1.0,0.0,1.0,0.0,r17_c16,50.0,1.0,True,0.0,1.0,0.0,r17_c16,50.0,1.0,0.0
Dialysis | r9_c18 | Monday,Dialysis,r9_c18,Monday,54,43,True,09:30-10:00,0.9259259259259259,3,0.07407407407407407,30.000000000000004,2.2222222222222223,0.018518518518518517,True,True,0.07407407407407407,30.000000000000004,2.2222222222222223,0.018518518518518517,0.07407407407407407,30.000000000000004,0.018518518518518517,2.0,0.9636488340192044,1.0,1.0377224199288255,0.036351165980795574,r17_c16,53.0,0.9814814814814815,True,1.0,1.0377224199288255,0.036351165980795574,r17_c16,53.0,0.9814814814814815,0.036351165980795574
Dialysis | r9_c18 | Thursday,Dialysis,r9_c18,Thursday,26,22,True,10:00-10:30,0.5769230769230769,4,0.42307692307692313,51.81818181818181,21.923076923076923,0.18269230769230768,True,True,0.42307692307692313,51.81818181818181,21.923076923076923,0.18269230769230768,0.42307692307692313,51.81818181818181,0.18269230769230768,1.0,1.0,0.0,1.0,0.0,r10_c14,26.0,1.0,True,0.0,1.0,0.0,r10_c14,26.0,1.0,0.0
Dialysis | r9_c18 | Tuesday,Dialysis,r9_c18,Tuesday,23,21,True,10:00-10:30,0.5652173913043478,4,0.4347826086956522,54.0,23.47826086956522,0.19565217391304346,True,True,0.4347826086956522,54.0,23.47826086956522,0.19565217391304346,0.4347826086956522,54.0,0.19565217391304346,1.0,1.0,0.0,1.0,0.0,r10_c14,23.0,1.0,True,0.0,1.0,0.0,r10_c14,23.0,1.0,0.0
Dialysis | r9_c18 | Wednesday,Dialysis,r9_c18,Wednesday,47,42,True,09:30-10:00,0.9361702127659575,3,0.06382978723404253,30.00000000000001,1.9148936170212767,0.015957446808510637,True,True,0.06382978723404253,30.00000000000001,1.9148936170212767,0.015957446808510637,0.06382978723404253,30.00000000000001,0.015957446808510637,2.0,0.9583521955636034,1.0,1.043457723193198,0.041647804436396596,r17_c16,46.0,0.9787234042553191,True,1.0,1.043457723193198,0.041647804436396596,r17_c16,46.0,0.9787234042553191,0.041647804436396596
Education | r11_c14 | Monday,Education,r11_c14,Monday,3,1,False,09:30-10:00,0.3333333333333333,3,0.6666666666666667,44.99999999999999,30.0,0.25,False,False,,,,,,,,,,,,,,,,False,,,,,,,
Education | r11_c14 | Thursday,Education,r11_c14,Thursday,1,1,False,10:00-10:30,1.0,1,0.0,,0.0,0.0,False,False,,,,,,,,,,,,,,,,False,,,,,,,
Education | r18_c15 | Thursday,Education,r18_c15,Thursday,2,1,False,07:00-07:30,0.5,2,0.5,30.0,15.0,0.125,False,False,,,,,,,,,,,,,,,,False,,,,,,,
Education | r18_c17 | Thursday,Education,r18_c17,Thursday,1,1,False,12:00-12:30,1.0,1,0.0,,0.0,0.0,False,False,,,,,,,,,,,,,,,,False,,,,,,,
Education | r20_c22 | Tuesday,Education,r20_c22,Tuesday,1,1,False,06:30-07:00,1.0,1,0.0,,0.0,0.0,False,False,,,,,,,,,,,,,,,,False,,,,,,,
Education | r21_c13 | Thursday,Education,r21_c13,Thursday,5,2,False,10:00-10:30,0.6,2,0.4,60.0,24.0,0.2,False,False,,,,,,,,,,,,,,,,False,,,,,,,
Education | r21_c16 | Friday,Education,r21_c16,Friday,3,1,False,07:30-08:00,1.0,1,0.0,,0.0,0.0,False,False,,,,,,,,,,,,,,,,False,,,,,,,
Education | r21_c16 | Monday,Education,r21_c16,Monday,1,1,False,07:30-08:00,1.0,1,0.0,,0.0,0.0,False,False,,,,,,,,,,,,,,,,False,,,,,,,
Education | r21_c17 | Wednesday,Education,r21_c17,Wednesday,1,1,False,11:00-11:30,1.0,1,0.0,,0.0,0.0,False,False,,,,,,,,,,,,,,,,False,,,,,,,
Education | r21_c23 | Wednesday,Education,r21_c23,Wednesday,1,1,False,15:30-16:00,1.0,1,0.0,,0.0,0.0,False,False,,,,,,,,,,,,,,,,False,,,,,,,
Education | r22_c12 | Friday,Education,r22_c12,Friday,2,1,False,08:30-09:00,0.5,2,0.5,30.0,15.0,0.125,False,False,,,,,,,,,,,,,,,,False,,,,,,,
Education | r22_c12 | Monday,Education,r22_c12,Monday,2,1,False,09:00-09:30,1.0,1,0.0,,0.0,0.0,False,False,,,,,,,,,,,,,,,,False,,,,,,,
Education | r22_c12 | Thursday,Education,r22_c12,Thursday,6,4,False,09:00-09:30,0.8333333333333334,2,0.16666666666666663,30.000000000000007,5.0,0.041666666666666664,False,False,,,,,,,,,,,,,,,,False,,,,,,,
Education | r22_c12 | Tuesday,Education,r22_c12,Tuesday,2,1,False,09:00-09:30,1.0,1,0.0,,0.0,0.0,False,False,,,,,,,,,,,,,,,,False,,,,,,,
Education | r22_c12 | Wednesday,Education,r22_c12,Wednesday,7,4,False,09:00-09:30,0.8571428571428571,2,0.1428571428571429,29.99999999999999,4.285714285714286,0.03571428571428571,False,False,,,,,,,,,,,,,,,,False,,,,,,,
Education | r22_c13 | Thursday,Education,r22_c13,Thursday,16,15,False,07:00-07:30,0.5625,2,0.4375,30.0,13.125,0.109375,True,False,,,,,,,,,,,,,,,,False,,,,,,,
Education | r22_c13 | Tuesday,Education,r22_c13,Tuesday,17,15,False,07:00-07:30,0.6470588235294118,2,0.3529411764705882,30.000000000000007,10.588235294117649,0.08823529411764706,True,False,,,,,,,,,,,,,,,,False,,,,,,,
Education | r22_c15 | Thursday,Education,r22_c15,Thursday,26,17,False,07:30-08:00,0.8461538461538461,3,0.15384615384615385,30.0,4.615384615384616,0.038461538461538464,True,False,,,,,,,,,,,,,,,,False,,,,,,,
Education | r22_c15 | Tuesday,Education,r22_c15,Tuesday,26,19,False,07:30-08:00,0.8076923076923077,3,0.1923076923076923,30.000000000000007,5.76923076923077,0.04807692307692308,True,False,,,,,,,,,,,,,,,,False,,,,,,,
Education | r22_c16 | Monday,Education,r22_c16,Monday,18,15,False,09:00-09:30,0.7222222222222222,3,0.2777777777777778,41.99999999999999,11.666666666666666,0.09722222222222221,True,False,,,,,,,,,,,,,,,,False,,,,,,,
Education | r22_c16 | Wednesday,Education,r22_c16,Wednesday,22,17,False,09:00-09:30,0.8181818181818182,3,0.18181818181818177,52.500000000000014,9.545454545454545,0.07954545454545454,True,False,,,,,,,,,,,,,,,,False,,,,,,,
Education | r22_c17 | Monday,Education,r22_c17,Monday,1,1,False,07:00-07:30,1.0,1,0.0,,0.0,0.0,False,False,,,,,,,,,,,,,,,,False,,,,,,,
Education | r22_c17 | Tuesday,Education,r22_c17,Tuesday,1,1,False,07:00-07:30,1.0,1,0.0,,0.0,0.0,False,False,,,,,,,,,,,,,,,,False,,,,,,,
Education | r22_c9 | Monday,Education,r22_c9,Monday,24,15,False,08:00-08:30,0.4166666666666667,4,0.5833333333333333,70.71428571428572,41.25,0.2604166666666667,True,False,,,,,,,,,,,,,,,,False,,,,,,,
Education | r22_c9 | Thursday,Education,r22_c9,Thursday,2,2,False,12:00-12:30,1.0,1,0.0,,0.0,0.0,False,False,,,,,,,,,,,,,,,,False,,,,,,,
Education | r22_c9 | Tuesday,Education,r22_c9,Tuesday,6,4,False,12:00-12:30,0.6666666666666666,3,0.33333333333333337,179.99999999999997,60.0,0.20833333333333331,False,False,,,,,,,,,,,,,,,,False,,,,,,,
Education | r22_c9 | Wednesday,Education,r22_c9,Wednesday,4,4,False,06:30-07:00,0.5,2,0.5,330.0,165.0,0.5,False,False,,,,,,,,,,,,,,,,False,,,,,,,
Education | r23_c15 | Friday,Education,r23_c15,Friday,3,3,False,07:30-08:00,1.0,1,0.0,,0.0,0.0,False,False,,,,,,,,,,,,,,,,False,,,,,,,
Education | r23_c16 | Wednesday,Education,r23_c16,Wednesday,1,1,False,15:00-15:30,1.0,1,0.0,,0.0,0.0,False,False,,,,,,,,,,,,,,,,False,,,,,,,
Education | r23_c9 | Friday,Education,r23_c9,Friday,1,1,False,12:00-12:30,1.0,1,0.0,,0.0,0.0,False,False,,,,,,,,,,,,,,,,False,,,,,,,
Education | r23_c9 | Monday,Education,r23_c9,Monday,32,16,False,12:00-12:30,0.53125,4,0.46875,32.0,15.0,0.125,True,False,,,,,,,,,,,,,,,,False,,,,,,,
Education | r23_c9 | Thursday,Education,r23_c9,Thursday,34,23,False,12:30-13:00,0.47058823529411764,3,0.5294117647058824,30.0,15.882352941176471,0.1323529411764706,True,False,,,,,,,,,,,,,,,,False,,,,,,,
Education | r23_c9 | Tuesday,Education,r23_c9,Tuesday,33,21,False,12:00-12:30,0.5757575757575758,3,0.4242424242424242,32.142857142857146,13.636363636363637,0.11363636363636363,True,False,,,,,,,,,,,,,,,,False,,,,,,,
Education | r23_c9 | Wednesday,Education,r23_c9,Wednesday,22,17,False,12:00-12:30,0.7727272727272727,3,0.2272727272727273,36.00000000000001,8.181818181818183,0.06818181818181818,True,False,,,,,,,,,,,,,,,,False,,,,,,,
Education | r24_c14 | Monday,Education,r24_c14,Monday,5,1,False,15:00-15:30,0.6,2,0.4,30.0,12.0,0.1,False,False,,,,,,,,,,,,,,,,False,,,,,,,
Education | r24_c14 | Tuesday,Education,r24_c14,Tuesday,1,1,False,15:00-15:30,1.0,1,0.0,,0.0,0.0,False,False,,,,,,,,,,,,,,,,False,,,,,,,
Education | r24_c16 | Friday,Education,r24_c16,Friday,1,1,False,07:30-08:00,1.0,1,0.0,,0.0,0.0,False,False,,,,,,,,,,,,,,,,False,,,,,,,
Education | r24_c16 | Monday,Education,r24_c16,Monday,1,1,False,07:30-08:00,1.0,1,0.0,,0.0,0.0,False,False,,,,,,,,,,,,,,,,False,,,,,,,
Education | r24_c16 | Thursday,Education,r24_c16,Thursday,66,44,False,07:30-08:00,0.7272727272727273,3,0.2727272727272727,30.0,8.181818181818182,0.06818181818181818,True,False,,,,,,,,,,,,,,,,False,,,,,,,
Education | r24_c16 | Tuesday,Education,r24_c16,Tuesday,64,43,False,07:30-08:00,0.734375,2,0.265625,30.0,7.96875,0.06640625,True,False,,,,,,,,,,,,,,,,False,,,,,,,
Education | r24_c16 | Wednesday,Education,r24_c16,Wednesday,1,1,False,07:30-08:00,1.0,1,0.0,,0.0,0.0,False,False,,,,,,,,,,,,,,,,False,,,,,,,
Education | r24_c20 | Thursday,Education,r24_c20,Thursday,12,10,False,07:30-08:00,1.0,1,0.0,,0.0,0.0,True,False,,,,,,,,,,,,,,,,False,,,,,,,
Education | r24_c20 | Tuesday,Education,r24_c20,Tuesday,14,10,False,07:30-08:00,0.9285714285714286,2,0.0714285714285714,30.000000000000014,2.142857142857143,0.017857142857142856,True,False,,,,,,,,,,,,,,,,False,,,,,,,
Education | r24_c9 | Thursday,Education,r24_c9,Thursday,4,1,False,10:00-10:30,0.25,4,0.75,90.0,67.5,0.5625,False,False,,,,,,,,,,,,,,,,False,,,,,,,
Education | r25_c14 | Friday,Education,r25_c14,Friday,7,6,False,14:00-14:30,1.0,1,0.0,,0.0,0.0,False,False,,,,,,,,,,,,,,,,False,,,,,,,
Education | r25_c14 | Monday,Education,r25_c14,Monday,5,5,False,14:00-14:30,1.0,1,0.0,,0.0,0.0,False,False,,,,,,,,,,,,,,,,False,,,,,,,
Education | r25_c14 | Thursday,Education,r25_c14,Thursday,33,22,False,14:00-14:30,0.9090909090909091,4,0.09090909090909094,119.99999999999997,10.90909090909091,0.06818181818181819,True,False,,,,,,,,,,,,,,,,False,,,,,,,
Education | r25_c14 | Tuesday,Education,r25_c14,Tuesday,29,20,False,14:00-14:30,0.896551724137931,2,0.10344827586206895,30.000000000000004,3.103448275862069,0.02586206896551724,True,False,,,,,,,,,,,,,,,,False,,,,,,,
Education | r25_c21 | Thursday,Education,r25_c21,Thursday,4,3,False,07:00-07:30,0.75,2,0.25,30.0,7.5,0.0625,False,False,,,,,,,,,,,,,,,,False,,,,,,,
Education | r25_c21 | Tuesday,Education,r25_c21,Tuesday,11,2,False,07:00-07:30,0.7272727272727273,3,0.2727272727272727,40.00000000000001,10.90909090909091,0.09090909090909091,False,False,,,,,,,,,,,,,,,,False,,,,,,,
Education | r26_c13 | Friday,Education,r26_c13,Friday,1,1,False,14:00-14:30,1.0,1,0.0,,0.0,0.0,False,False,,,,,,,,,,,,,,,,False,,,,,,,
Education | r26_c13 | Monday,Education,r26_c13,Monday,12,6,False,11:30-12:00,0.3333333333333333,7,0.6666666666666667,67.49999999999999,45.0,0.35416666666666663,True,False,,,,,,,,,,,,,,,,False,,,,,,,
Education | r26_c13 | Tuesday,Education,r26_c13,Tuesday,7,1,False,12:00-12:30,0.14285714285714285,7,0.8571428571428572,104.99999999999999,90.0,0.6428571428571428,False,False,,,,,,,,,,,,,,,,False,,,,,,,
Education | r26_c13 | Wednesday,Education,r26_c13,Wednesday,5,4,False,11:30-12:00,0.8,2,0.19999999999999996,90.00000000000001,18.0,0.15,False,False,,,,,,,,,,,,,,,,False,,,,,,,
Education | r26_c14 | Thursday,Education,r26_c14,Thursday,9,2,False,13:30-14:00,0.2222222222222222,5,0.7777777777777778,64.28571428571428,50.0,0.41666666666666663,False,False,,,,,,,,,,,,,,,,False,,,,,,,
Education | r26_c17 | Friday,Education,r26_c17,Friday,28,20,False,14:30-15:00,0.7142857142857143,2,0.2857142857142857,30.0,8.571428571428571,0.07142857142857142,True,False,,,,,,,,,,,,,,,,False,,,,,,,
Education | r26_c17 | Monday,Education,r26_c17,Monday,24,18,False,14:30-15:00,0.625,4,0.375,40.0,15.0,0.125,True,False,,,,,,,,,,,,,,,,False,,,,,,,
Education | r26_c17 | Wednesday,Education,r26_c17,Wednesday,25,22,False,14:30-15:00,0.56,2,0.43999999999999995,30.000000000000004,13.2,0.11,True,False,,,,,,,,,,,,,,,,False,,,,,,,
Education | r26_c23 | Wednesday,Education,r26_c23,Wednesday,2,1,False,10:00-10:30,0.5,2,0.5,150.0,75.0,0.5,False,False,,,,,,,,,,,,,,,,False,,,,,,,
Education | r27_c15 | Monday,Education,r27_c15,Monday,1,1,False,11:30-12:00,1.0,1,0.0,,0.0,0.0,False,False,,,,,,,,,,,,,,,,False,,,,,,,
Education | r27_c17 | Friday,Education,r27_c17,Friday,2,2,False,14:00-14:30,1.0,1,0.0,,0.0,0.0,False,False,,,,,,,,,,,,,,,,False,,,,,,,
Education | r27_c17 | Monday,Education,r27_c17,Monday,2,2,False,09:30-10:00,0.5,2,0.5,270.0,135.0,0.5,False,False,,,,,,,,,,,,,,,,False,,,,,,,
Education | r27_c17 | Thursday,Education,r27_c17,Thursday,104,45,False,14:00-14:30,0.9134615384615384,4,0.08653846153846156,56.66666666666666,4.903846153846154,0.04086538461538462,True,False,,,,,,,,,,,,,,,,False,,,,,,,
Education | r27_c17 | Tuesday,Education,r27_c17,Tuesday,106,45,False,14:00-14:30,0.9150943396226415,5,0.08490566037735847,56.66666666666667,4.811320754716981,0.04009433962264151,True,False,,,,,,,,,,,,,,,,False,,,,,,,
Education | r27_c17 | Wednesday,Education,r27_c17,Wednesday,1,1,False,14:00-14:30,1.0,1,0.0,,0.0,0.0,False,False,,,,,,,,,,,,,,,,False,,,,,,,
Education | r27_c19 | Monday,Education,r27_c19,Monday,2,1,False,08:00-08:30,1.0,1,0.0,,0.0,0.0,False,False,,,,,,,,,,,,,,,,False,,,,,,,
Education | r28_c12 | Thursday,Education,r28_c12,Thursday,1,1,False,12:30-13:00,1.0,1,0.0,,0.0,0.0,False,False,,,,,,,,,,,,,,,,False,,,,,,,
Education | r28_c17 | Friday,Education,r28_c17,Friday,1,1,False,09:30-10:00,1.0,1,0.0,,0.0,0.0,False,False,,,,,,,,,,,,,,,,False,,,,,,,
Education | r28_c17 | Thursday,Education,r28_c17,Thursday,7,2,False,09:30-10:00,0.7142857142857143,3,0.2857142857142857,150.0,42.857142857142854,0.21428571428571427,False,False,,,,,,,,,,,,,,,,False,,,,,,,
Education | r28_c17 | Tuesday,Education,r28_c17,Tuesday,1,1,False,11:30-12:00,1.0,1,0.0,,0.0,0.0,False,False,,,,,,,,,,,,,,,,False,,,,,,,
Education | r29_c15 | Thursday,Education,r29_c15,Thursday,54,41,False,15:00-15:30,0.5,4,0.5,48.88888888888888,24.44444444444444,0.20370370370370372,True,False,,,,,,,,,,,,,,,,False,,,,,,,
Education | r29_c15 | Tuesday,Education,r29_c15,Tuesday,54,40,False,15:00-15:30,0.5185185185185185,4,0.4814814814814815,47.30769230769231,22.77777777777778,0.18981481481481483,True,False,,,,,,,,,,,,,,,,False,,,,,,,
Education | r29_c16 | Friday,Education,r29_c16,Friday,1,1,False,13:30-14:00,1.0,1,0.0,,0.0,0.0,False,False,,,,,,,,,,,,,,,,False,,,,,,,
Education | r29_c16 | Monday,Education,r29_c16,Monday,1,1,False,13:30-14:00,1.0,1,0.0,,0.0,0.0,False,False,,,,,,,,,,,,,,,,False,,,,,,,
Education | r29_c16 | Thursday,Education,r29_c16,Thursday,7,4,False,12:30-13:00,0.5714285714285714,2,0.4285714285714286,59.99999999999999,25.71428571428571,0.21428571428571427,False,False,,,,,,,,,,,,,,,,False,,,,,,,
Education | r29_c16 | Tuesday,Education,r29_c16,Tuesday,1,1,False,13:30-14:00,1.0,1,0.0,,0.0,0.0,False,False,,,,,,,,,,,,,,,,False,,,,,,,
Education | r29_c16 | Wednesday,Education,r29_c16,Wednesday,7,4,False,12:30-13:00,0.42857142857142855,3,0.5714285714285714,67.5,38.57142857142857,0.3214285714285714,False,False,,,,,,,,,,,,,,,,False,,,,,,,
Education | r29_c17 | Friday,Education,r29_c17,Friday,2,1,False,11:00-11:30,0.5,2,0.5,30.0,15.0,0.125,False,False,,,,,,,,,,,,,,,,False,,,,,,,
Education | r29_c17 | Monday,Education,r29_c17,Monday,15,14,False,12:30-13:00,0.8,3,0.19999999999999996,30.000000000000007,6.0,0.05,True,False,,,,,,,,,,,,,,,,False,,,,,,,
Education | r29_c17 | Wednesday,Education,r29_c17,Wednesday,23,16,False,12:30-13:00,0.7391304347826086,2,0.26086956521739135,29.999999999999996,7.826086956521739,0.06521739130434782,True,False,,,,,,,,,,,,,,,,False,,,,,,,
Education | r30_c18 | Thursday,Education,r30_c18,Thursday,2,1,False,11:00-11:30,1.0,1,0.0,,0.0,0.0,False,False,,,,,,,,,,,,,,,,False,,,,,,,
Education | r30_c19 | Monday,Education,r30_c19,Monday,20,13,False,14:30-15:00,0.65,3,0.35,30.000000000000004,10.5,0.0875,True,False,,,,,,,,,,,,,,,,False,,,,,,,
Education | r30_c19 | Tuesday,Education,r30_c19,Tuesday,1,1,False,14:30-15:00,1.0,1,0.0,,0.0,0.0,False,False,,,,,,,,,,,,,,,,False,,,,,,,
Education | r30_c19 | Wednesday,Education,r30_c19,Wednesday,2,2,False,14:30-15:00,1.0,1,0.0,,0.0,0.0,False,False,,,,,,,,,,,,,,,,False,,,,,,,
Education | r30_c21 | Friday,Education,r30_c21,Friday,1,1,False,11:00-11:30,1.0,1,0.0,,0.0,0.0,False,False,,,,,,,,,,,,,,,,False,,,,,,,
Education | r30_c21 | Monday,Education,r30_c21,Monday,9,6,False,07:00-07:30,0.4444444444444444,3,0.5555555555555556,36.0,20.0,0.16666666666666666,False,False,,,,,,,,,,,,,,,,False,,,,,,,
Education | r30_c21 | Tuesday,Education,r30_c21,Tuesday,5,2,False,07:00-07:30,0.4,4,0.6,110.0,66.0,0.45,False,False,,,,,,,,,,,,,,,,False,,,,,,,
Education | r30_c21 | Wednesday,Education,r30_c21,Wednesday,8,4,False,07:30-08:00,0.875,2,0.125,30.0,3.75,0.03125,False,False,,,,,,,,,,,,,,,,False,,,,,,,
Education | r31_c19 | Friday,Education,r31_c19,Friday,1,1,False,12:00-12:30,1.0,1,0.0,,0.0,0.0,False,False,,,,,,,,,,,,,,,,False,,,,,,,
Education | r32_c13 | Friday,Education,r32_c13,Friday,2,2,False,07:00-07:30,1.0,1,0.0,,0.0,0.0,False,False,,,,,,,,,,,,,,,,False,,,,,,,
Education | r32_c13 | Monday,Education,r32_c13,Monday,23,16,False,07:00-07:30,1.0,1,0.0,,0.0,0.0,True,False,,,,,,,,,,,,,,,,False,,,,,,,
Education | r32_c13 | Thursday,Education,r32_c13,Thursday,33,23,False,07:00-07:30,0.9696969696969697,2,0.030303030303030276,30.00000000000003,0.9090909090909092,0.007575757575757577,True,False,,,,,,,,,,,,,,,,False,,,,,,,
Education | r32_c13 | Tuesday,Education,r32_c13,Tuesday,38,21,False,07:00-07:30,1.0,1,0.0,,0.0,0.0,True,False,,,,,,,,,,,,,,,,False,,,,,,,
Education | r32_c13 | Wednesday,Education,r32_c13,Wednesday,25,19,False,07:00-07:30,1.0,1,0.0,,0.0,0.0,True,False,,,,,,,,,,,,,,,,False,,,,,,,
Education | r32_c21 | Thursday,Education,r32_c21,Thursday,3,1,False,12:00-12:30,1.0,1,0.0,,0.0,0.0,False,False,,,,,,,,,,,,,,,,False,,,,,,,
Education | r33_c13 | Thursday,Education,r33_c13,Thursday,2,2,False,09:30-10:00,1.0,1,0.0,,0.0,0.0,False,False,,,,,,,,,,,,,,,,False,,,,,,,
Education | r33_c13 | Tuesday,Education,r33_c13,Tuesday,1,1,False,09:30-10:00,1.0,1,0.0,,0.0,0.0,False,False,,,,,,,,,,,,,,,,False,,,,,,,
Education | r33_c16 | Thursday,Education,r33_c16,Thursday,64,42,False,09:00-09:30,0.65625,5,0.34375,66.81818181818181,22.96875,0.12890625,True,False,,,,,,,,,,,,,,,,False,,,,,,,
Education | r33_c16 | Tuesday,Education,r33_c16,Tuesday,56,40,False,09:00-09:30,0.7321428571428571,4,0.2678571428571429,81.99999999999999,21.964285714285715,0.11160714285714286,True,False,,,,,,,,,,,,,,,,False,,,,,,,
Education | r33_c24 | Tuesday,Education,r33_c24,Tuesday,4,1,False,07:00-07:30,0.5,3,0.5,45.0,22.5,0.1875,False,False,,,,,,,,,,,,,,,,False,,,,,,,
Education | r33_c24 | Wednesday,Education,r33_c24,Wednesday,2,1,False,07:00-07:30,0.5,2,0.5,60.0,30.0,0.25,False,False,,,,,,,,,,,,,,,,False,,,,,,,
Education | r34_c18 | Monday,Education,r34_c18,Monday,1,1,False,09:00-09:30,1.0,1,0.0,,0.0,0.0,False,False,,,,,,,,,,,,,,,,False,,,,,,,
Education | r34_c18 | Wednesday,Education,r34_c18,Wednesday,2,1,False,09:00-09:30,1.0,1,0.0,,0.0,0.0,False,False,,,,,,,,,,,,,,,,False,,,,,,,
Education | r34_c19 | Thursday,Education,r34_c19,Thursday,1,1,False,09:00-09:30,1.0,1,0.0,,0.0,0.0,False,False,,,,,,,,,,,,,,,,False,,,,,,,
Education | r34_c19 | Tuesday,Education,r34_c19,Tuesday,8,4,False,10:30-11:00,0.375,4,0.625,48.0,30.0,0.25,False,False,,,,,,,,,,,,,,,,False,,,,,,,
Education | r35_c19 | Friday,Education,r35_c19,Friday,1,1,False,08:00-08:30,1.0,1,0.0,,0.0,0.0,False,False,,,,,,,,,,,,,,,,False,,,,,,,
Education | r35_c20 | Thursday,Education,r35_c20,Thursday,1,1,False,15:30-16:00,1.0,1,0.0,,0.0,0.0,False,False,,,,,,,,,,,,,,,,False,,,,,,,
Education | r35_c20 | Tuesday,Education,r35_c20,Tuesday,7,6,False,15:00-15:30,0.42857142857142855,3,0.5714285714285714,30.0,17.142857142857142,0.14285714285714285,False,False,,,,,,,,,,,,,,,,False,,,,,,,
Education | r35_c20 | Wednesday,Education,r35_c20,Wednesday,1,1,False,12:30-13:00,1.0,1,0.0,,0.0,0.0,False,False,,,,,,,,,,,,,,,,False,,,,,,,
Education | r35_c23 | Friday,Education,r35_c23,Friday,7,1,False,11:30-12:00,0.42857142857142855,4,0.5714285714285714,37.50000000000001,21.42857142857143,0.17857142857142855,False,False,,,,,,,,,,,,,,,,False,,,,,,,
Education | r35_c26 | Thursday,Education,r35_c26,Thursday,12,10,False,07:30-08:00,0.5833333333333334,3,0.41666666666666663,36.0,15.0,0.125,True,False,,,,,,,,,,,,,,,,False,,,,,,,
Education | r35_c26 | Tuesday,Education,r35_c26,Tuesday,2,2,False,07:00-07:30,0.5,2,0.5,30.0,15.0,0.125,False,False,,,,,,,,,,,,,,,,False,,,,,,,
Education | r37_c16 | Friday,Education,r37_c16,Friday,27,20,False,08:00-08:30,0.8518518518518519,4,0.14814814814814814,45.0,6.666666666666666,0.05555555555555556,True,False,,,,,,,,,,,,,,,,False,,,,,,,
Education | r37_c16 | Monday,Education,r37_c16,Monday,27,19,False,08:00-08:30,0.7777777777777778,3,0.2222222222222222,30.0,6.666666666666666,0.05555555555555555,True,False,,,,,,,,,,,,,,,,False,,,,,,,
Education | r37_c16 | Wednesday,Education,r37_c16,Wednesday,33,22,False,08:00-08:30,0.7878787878787878,2,0.21212121212121215,29.999999999999996,6.363636363636364,0.05303030303030303,True,False,,,,,,,,,,,,,,,,False,,,,,,,
Education | r41_c21 | Thursday,Education,r41_c21,Thursday,3,1,False,08:00-08:30,0.6666666666666666,2,0.33333333333333337,29.999999999999996,10.0,0.08333333333333333,False,False,,,,,,,,,,,,,,,,False,,,,,,,
Employment | r10_c15 | Friday,Employment,r10_c15,Friday,13,11,False,09:00-09:30,0.8461538461538461,3,0.15384615384615385,45.0,6.923076923076923,0.057692307692307696,True,False,,,,,,,,,,,,,,,,False,,,,,,,
Employment | r10_c15 | Monday,Employment,r10_c15,Monday,8,6,False,09:00-09:30,0.625,3,0.375,40.0,15.0,0.125,False,False,,,,,,,,,,,,,,,,False,,,,,,,
Employment | r10_c15 | Thursday,Employment,r10_c15,Thursday,4,4,False,09:00-09:30,1.0,1,0.0,,0.0,0.0,False,False,,,,,,,,,,,,,,,,False,,,,,,,
Employment | r10_c15 | Tuesday,Employment,r10_c15,Tuesday,8,5,False,09:00-09:30,0.75,2,0.25,30.0,7.5,0.0625,False,False,,,,,,,,,,,,,,,,False,,,,,,,
Employment | r10_c15 | Wednesday,Employment,r10_c15,Wednesday,11,11,False,09:00-09:30,0.7272727272727273,4,0.2727272727272727,130.0,35.45454545454545,0.13636363636363635,True,False,,,,,,,,,,,,,,,,False,,,,,,,
Employment | r10_c18 | Friday,Employment,r10_c18,Friday,1,1,False,12:30-13:00,1.0,1,0.0,,0.0,0.0,False,False,,,,,,,,,,,,,,,,False,,,,,,,
Employment | r10_c18 | Monday,Employment,r10_c18,Monday,13,9,False,10:00-10:30,0.46153846153846156,5,0.5384615384615384,38.57142857142858,20.76923076923077,0.1730769230769231,True,False,,,,,,,,,,,,,,,,False,,,,,,,
Employment | r10_c18 | Thursday,Employment,r10_c18,Thursday,11,11,False,10:00-10:30,0.45454545454545453,4,0.5454545454545454,60.000000000000014,32.727272727272734,0.25,True,False,,,,,,,,,,,,,,,,False,,,,,,,
Employment | r10_c18 | Tuesday,Employment,r10_c18,Tuesday,17,13,False,10:00-10:30,0.5294117647058824,4,0.47058823529411764,60.00000000000001,28.23529411764706,0.22058823529411764,True,False,,,,,,,,,,,,,,,,False,,,,,,,
Employment | r10_c18 | Wednesday,Employment,r10_c18,Wednesday,13,11,False,09:30-10:00,0.6153846153846154,2,0.3846153846153846,30.000000000000004,11.538461538461538,0.09615384615384616,True,False,,,,,,,,,,,,,,,,False,,,,,,,
Employment | r11_c14 | Thursday,Employment,r11_c14,Thursday,2,1,False,10:00-10:30,1.0,1,0.0,,0.0,0.0,False,False,,,,,,,,,,,,,,,,False,,,,,,,
Employment | r12_c16 | Friday,Employment,r12_c16,Friday,21,17,False,09:30-10:00,0.9047619047619048,3,0.09523809523809523,44.99999999999999,4.285714285714285,0.035714285714285705,True,False,,,,,,,,,,,,,,,,False,,,,,,,
Employment | r12_c16 | Monday,Employment,r12_c16,Monday,1,1,False,09:30-10:00,1.0,1,0.0,,0.0,0.0,False,False,,,,,,,,,,,,,,,,False,,,,,,,
Employment | r12_c16 | Thursday,Employment,r12_c16,Thursday,6,6,False,09:30-10:00,1.0,1,0.0,,0.0,0.0,False,False,,,,,,,,,,,,,,,,False,,,,,,,
Employment | r12_c16 | Tuesday,Employment,r12_c16,Tuesday,56,43,False,09:30-10:00,0.5178571428571429,4,0.4821428571428571,58.88888888888889,28.392857142857142,0.1607142857142857,True,False,,,,,,,,,,,,,,,,False,,,,,,,
Employment | r12_c16 | Wednesday,Employment,r12_c16,Wednesday,62,43,False,09:00-09:30,0.532258064516129,3,0.467741935483871,32.06896551724138,15.0,0.125,True,False,,,,,,,,,,,,,,,,False,,,,,,,
Employment | r13_c16 | Friday,Employment,r13_c16,Friday,63,53,False,09:30-10:00,0.9841269841269841,2,0.015873015873015928,29.999999999999893,0.47619047619047616,0.003968253968253968,True,False,,,,,,,,,,,,,,,,False,,,,,,,
Employment | r13_c16 | Monday,Employment,r13_c16,Monday,61,52,False,09:30-10:00,0.8852459016393442,5,0.11475409836065575,77.14285714285714,8.852459016393443,0.06147540983606557,True,False,,,,,,,,,,,,,,,,False,,,,,,,
Employment | r13_c16 | Tuesday,Employment,r13_c16,Tuesday,57,52,False,09:30-10:00,0.9649122807017544,3,0.03508771929824561,75.00000000000001,2.6315789473684212,0.021929824561403508,True,False,,,,,,,,,,,,,,,,False,,,,,,,
Employment | r13_c22 | Friday,Employment,r13_c22,Friday,2,1,False,08:00-08:30,0.5,2,0.5,60.0,30.0,0.25,False,False,,,,,,,,,,,,,,,,False,,,,,,,
Employment | r14_c24 | Monday,Employment,r14_c24,Monday,1,1,False,09:30-10:00,1.0,1,0.0,,0.0,0.0,False,False,,,,,,,,,,,,,,,,False,,,,,,,
Employment | r15_c15 | Thursday,Employment,r15_c15,Thursday,14,8,False,14:00-14:30,0.42857142857142855,4,0.5714285714285714,63.75000000000001,36.42857142857143,0.30357142857142855,True,False,,,,,,,,,,,,,,,,False,,,,,,,
Employment | r16_c16 | Friday,Employment,r16_c16,Friday,82,48,False,11:00-11:30,0.43902439024390244,10,0.5609756097560976,156.52173913043475,87.80487804878048,0.40853658536585363,True,False,,,,,,,,,,,,,,,,False,,,,,,,
Employment | r16_c16 | Monday,Employment,r16_c16,Monday,60,40,False,11:00-11:30,0.6,5,0.4,42.5,17.0,0.125,True,False,,,,,,,,,,,,,,,,False,,,,,,,
Employment | r16_c16 | Thursday,Employment,r16_c16,Thursday,12,9,False,15:00-15:30,0.6666666666666666,4,0.33333333333333337,119.99999999999999,40.0,0.29166666666666663,True,False,,,,,,,,,,,,,,,,False,,,,,,,
Employment | r16_c16 | Tuesday,Employment,r16_c16,Tuesday,64,44,False,15:00-15:30,0.859375,5,0.140625,56.666666666666664,7.96875,0.05078125,True,False,,,,,,,,,,,,,,,,False,,,,,,,
Employment | r16_c16 | Wednesday,Employment,r16_c16,Wednesday,91,44,False,15:00-15:30,0.5714285714285714,8,0.4285714285714286,198.46153846153842,85.05494505494505,0.37912087912087916,True,False,,,,,,,,,,,,,,,,False,,,,,,,
Employment | r16_c29 | Monday,Employment,r16_c29,Monday,3,1,False,12:30-13:00,0.6666666666666666,2,0.33333333333333337,29.999999999999996,10.0,0.08333333333333333,False,False,,,,,,,,,,,,,,,,False,,,,,,,
Employment | r17_c16 | Friday,Employment,r17_c16,Friday,166,53,False,14:00-14:30,0.6746987951807228,5,0.32530120481927716,33.88888888888888,11.024096385542167,0.09186746987951808,True,False,,,,,,,,,,,,,,,,False,,,,,,,
Employment | r17_c16 | Monday,Employment,r17_c16,Monday,94,51,False,14:00-14:30,0.648936170212766,3,0.35106382978723405,30.90909090909091,10.851063829787234,0.09042553191489361,True,False,,,,,,,,,,,,,,,,False,,,,,,,
Employment | r17_c16 | Thursday,Employment,r17_c16,Thursday,118,52,False,14:00-14:30,0.5508474576271186,5,0.4491525423728814,32.264150943396224,14.491525423728813,0.12076271186440678,True,False,,,,,,,,,,,,,,,,False,,,,,,,
Employment | r17_c16 | Tuesday,Employment,r17_c16,Tuesday,88,52,False,14:00-14:30,0.625,4,0.375,33.63636363636364,12.613636363636365,0.10511363636363635,True,False,,,,,,,,,,,,,,,,False,,,,,,,
Employment | r17_c16 | Wednesday,Employment,r17_c16,Wednesday,135,52,False,14:00-14:30,0.5185185185185185,8,0.4814814814814815,100.15384615384615,48.22222222222222,0.39814814814814814,True,False,,,,,,,,,,,,,,,,False,,,,,,,
Employment | r17_c18 | Friday,Employment,r17_c18,Friday,4,3,False,07:30-08:00,0.25,4,0.75,60.0,45.0,0.375,False,False,,,,,,,,,,,,,,,,False,,,,,,,
Employment | r17_c18 | Thursday,Employment,r17_c18,Thursday,29,10,False,08:00-08:30,0.4827586206896552,6,0.5172413793103448,72.0,37.241379310344826,0.1896551724137931,True,False,,,,,,,,,,,,,,,,False,,,,,,,
Employment | r17_c18 | Tuesday,Employment,r17_c18,Tuesday,17,7,False,08:00-08:30,0.29411764705882354,5,0.7058823529411764,50.00000000000001,35.294117647058826,0.29411764705882354,True,False,,,,,,,,,,,,,,,,False,,,,,,,
Employment | r17_c18 | Wednesday,Employment,r17_c18,Wednesday,13,9,False,07:30-08:00,0.46153846153846156,3,0.5384615384615384,30.0,16.153846153846153,0.13461538461538464,True,False,,,,,,,,,,,,,,,,False,,,,,,,
Employment | r17_c19 | Friday,Employment,r17_c19,Friday,66,53,False,08:00-08:30,0.9545454545454546,2,0.045454545454545414,30.00000000000003,1.3636363636363638,0.011363636363636364,True,False,,,,,,,,,,,,,,,,False,,,,,,,
Employment | r17_c19 | Monday,Employment,r17_c19,Monday,9,8,False,08:00-08:30,0.8888888888888888,2,0.11111111111111116,29.999999999999986,3.333333333333333,0.027777777777777776,False,False,,,,,,,,,,,,,,,,False,,,,,,,
Employment | r17_c19 | Wednesday,Employment,r17_c19,Wednesday,78,52,False,08:00-08:30,0.9230769230769231,4,0.07692307692307687,35.00000000000003,2.6923076923076925,0.022435897435897433,True,False,,,,,,,,,,,,,,,,False,,,,,,,
Employment | r18_c17 | Friday,Employment,r18_c17,Friday,31,18,False,09:00-09:30,0.5161290322580645,9,0.4838709677419355,68.0,32.903225806451616,0.24193548387096775,True,False,,,,,,,,,,,,,,,,False,,,,,,,
Employment | r18_c17 | Monday,Employment,r18_c17,Monday,15,9,False,10:00-10:30,0.3333333333333333,6,0.6666666666666667,50.99999999999999,34.0,0.2833333333333333,True,False,,,,,,,,,,,,,,,,False,,,,,,,
Employment | r18_c17 | Wednesday,Employment,r18_c17,Wednesday,28,18,False,09:00-09:30,0.5,6,0.5,49.28571428571429,24.642857142857146,0.20535714285714282,True,False,,,,,,,,,,,,,,,,False,,,,,,,
Employment | r19_c12 | Thursday,Employment,r19_c12,Thursday,67,51,False,10:00-10:30,0.8805970149253731,4,0.11940298507462688,63.749999999999986,7.611940298507462,0.055970149253731345,True,False,,,,,,,,,,,,,,,,False,,,,,,,
Employment | r19_c12 | Tuesday,Employment,r19_c12,Tuesday,64,52,False,10:00-10:30,0.9375,3,0.0625,60.0,3.75,0.02734375,True,False,,,,,,,,,,,,,,,,False,,,,,,,
Employment | r19_c16 | Tuesday,Employment,r19_c16,Tuesday,3,1,False,12:30-13:00,0.6666666666666666,2,0.33333333333333337,89.99999999999999,30.0,0.25,False,False,,,,,,,,,,,,,,,,False,,,,,,,
Employment | r19_c16 | Wednesday,Employment,r19_c16,Wednesday,1,1,False,12:00-12:30,1.0,1,0.0,,0.0,0.0,False,False,,,,,,,,,,,,,,,,False,,,,,,,
Employment | r20_c16 | Friday,Employment,r20_c16,Friday,14,13,False,07:30-08:00,1.0,1,0.0,,0.0,0.0,True,False,,,,,,,,,,,,,,,,False,,,,,,,
Employment | r20_c16 | Monday,Employment,r20_c16,Monday,16,11,False,07:30-08:00,0.8125,2,0.1875,30.0,5.625,0.046875,True,False,,,,,,,,,,,,,,,,False,,,,,,,
Employment | r20_c16 | Thursday,Employment,r20_c16,Thursday,25,24,False,07:30-08:00,1.0,1,0.0,,0.0,0.0,True,False,,,,,,,,,,,,,,,,False,,,,,,,
Employment | r20_c16 | Tuesday,Employment,r20_c16,Tuesday,35,31,False,07:30-08:00,0.8857142857142857,2,0.11428571428571432,29.99999999999999,3.4285714285714284,0.02857142857142857,True,False,,,,,,,,,,,,,,,,False,,,,,,,
Employment | r20_c16 | Wednesday,Employment,r20_c16,Wednesday,23,21,False,07:30-08:00,0.9565217391304348,2,0.04347826086956519,30.00000000000002,1.3043478260869565,0.010869565217391304,True,False,,,,,,,,,,,,,,,,False,,,,,,,
Employment | r20_c17 | Friday,Employment,r20_c17,Friday,11,9,False,12:30-13:00,0.2727272727272727,5,0.7272727272727273,56.24999999999999,40.90909090909091,0.34090909090909094,True,False,,,,,,,,,,,,,,,,False,,,,,,,
Employment | r20_c17 | Monday,Employment,r20_c17,Monday,9,5,False,14:00-14:30,0.4444444444444444,4,0.5555555555555556,72.0,40.0,0.3333333333333333,False,False,,,,,,,,,,,,,,,,False,,,,,,,
Employment | r20_c17 | Thursday,Employment,r20_c17,Thursday,5,3,False,13:30-14:00,0.6,3,0.4,45.0,18.0,0.15000000000000002,False,False,,,,,,,,,,,,,,,,False,,,,,,,
Employment | r20_c17 | Tuesday,Employment,r20_c17,Tuesday,11,3,False,13:30-14:00,0.2727272727272727,5,0.7272727272727273,45.0,32.72727272727273,0.2727272727272727,True,False,,,,,,,,,,,,,,,,False,,,,,,,
Employment | r20_c17 | Wednesday,Employment,r20_c17,Wednesday,13,8,False,14:00-14:30,0.38461538461538464,5,0.6153846153846154,86.25,53.07692307692308,0.4423076923076923,True,False,,,,,,,,,,,,,,,,False,,,,,,,
Employment | r20_c22 | Monday,Employment,r20_c22,Monday,63,43,False,10:00-10:30,0.9682539682539683,3,0.031746031746031744,120.0,3.8095238095238093,0.023809523809523808,True,False,,,,,,,,,,,,,,,,False,,,,,,,
Employment | r20_c22 | Thursday,Employment,r20_c22,Thursday,3,1,False,07:00-07:30,0.3333333333333333,3,0.6666666666666667,164.99999999999997,110.0,0.6666666666666666,False,False,,,,,,,,,,,,,,,,False,,,,,,,
Employment | r20_c22 | Tuesday,Employment,r20_c22,Tuesday,2,2,False,10:00-10:30,1.0,1,0.0,,0.0,0.0,False,False,,,,,,,,,,,,,,,,False,,,,,,,
Employment | r20_c22 | Wednesday,Employment,r20_c22,Wednesday,67,46,False,10:00-10:30,1.0,1,0.0,,0.0,0.0,True,False,,,,,,,,,,,,,,,,False,,,,,,,
Employment | r21_c15 | Friday,Employment,r21_c15,Friday,1,1,False,09:00-09:30,1.0,1,0.0,,0.0,0.0,False,False,,,,,,,,,,,,,,,,False,,,,,,,
Employment | r21_c15 | Thursday,Employment,r21_c15,Thursday,5,5,False,09:00-09:30,0.6,2,0.4,60.0,24.0,0.2,False,False,,,,,,,,,,,,,,,,False,,,,,,,
Employment | r21_c15 | Wednesday,Employment,r21_c15,Wednesday,4,3,False,10:00-10:30,1.0,1,0.0,,0.0,0.0,False,False,,,,,,,,,,,,,,,,False,,,,,,,
Employment | r21_c17 | Friday,Employment,r21_c17,Friday,14,12,False,13:30-14:00,0.8571428571428571,2,0.1428571428571429,29.99999999999999,4.285714285714286,0.03571428571428571,True,False,,,,,,,,,,,,,,,,False,,,,,,,
Employment | r21_c17 | Monday,Employment,r21_c17,Monday,24,13,False,15:00-15:30,0.625,4,0.375,33.333333333333336,12.5,0.10416666666666667,True,False,,,,,,,,,,,,,,,,False,,,,,,,
Employment | r21_c17 | Thursday,Employment,r21_c17,Thursday,134,51,False,13:00-13:30,0.417910447761194,7,0.582089552238806,63.46153846153846,36.940298507462686,0.2966417910447761,True,False,,,,,,,,,,,,,,,,False,,,,,,,
Employment | r21_c17 | Tuesday,Employment,r21_c17,Tuesday,173,51,False,13:00-13:30,0.37572254335260113,7,0.6242774566473989,73.05555555555557,45.60693641618498,0.3569364161849711,True,False,,,,,,,,,,,,,,,,False,,,,,,,
Employment | r21_c17 | Wednesday,Employment,r21_c17,Wednesday,58,30,False,15:00-15:30,0.3793103448275862,7,0.6206896551724138,68.33333333333333,42.41379310344828,0.3232758620689655,True,False,,,,,,,,,,,,,,,,False,,,,,,,
Employment | r21_c23 | Monday,Employment,r21_c23,Monday,58,42,False,15:30-16:00,0.7931034482758621,2,0.2068965517241379,30.000000000000004,6.206896551724138,0.05172413793103448,True,False,,,,,,,,,,,,,,,,False,,,,,,,
Employment | r21_c23 | Tuesday,Employment,r21_c23,Tuesday,2,2,False,15:30-16:00,1.0,1,0.0,,0.0,0.0,False,False,,,,,,,,,,,,,,,,False,,,,,,,
Employment | r21_c23 | Wednesday,Employment,r21_c23,Wednesday,69,45,False,15:30-16:00,0.7681159420289855,4,0.23188405797101452,33.74999999999999,7.826086956521739,0.06521739130434782,True,False,,,,,,,,,,,,,,,,False,,,,,,,
Employment | r21_c9 | Friday,Employment,r21_c9,Friday,7,4,False,15:30-16:00,0.42857142857142855,4,0.5714285714285714,37.5,21.428571428571427,0.17857142857142855,False,False,,,,,,,,,,,,,,,,False,,,,,,,
Employment | r21_c9 | Monday,Employment,r21_c9,Monday,13,9,False,14:30-15:00,0.7692307692307693,4,0.23076923076923073,60.000000000000014,13.846153846153847,0.11538461538461539,True,False,,,,,,,,,,,,,,,,False,,,,,,,
Employment | r21_c9 | Thursday,Employment,r21_c9,Thursday,64,23,False,15:30-16:00,0.5,7,0.5,51.5625,25.78125,0.19140625,True,False,,,,,,,,,,,,,,,,False,,,,,,,
Employment | r21_c9 | Tuesday,Employment,r21_c9,Tuesday,41,24,False,15:30-16:00,0.7073170731707317,4,0.29268292682926833,39.99999999999999,11.707317073170731,0.0975609756097561,True,False,,,,,,,,,,,,,,,,False,,,,,,,
Employment | r21_c9 | Wednesday,Employment,r21_c9,Wednesday,31,14,False,15:30-16:00,0.6129032258064516,6,0.3870967741935484,47.50000000000001,18.38709677419355,0.15322580645161288,True,False,,,,,,,,,,,,,,,,False,,,,,,,
Employment | r22_c14 | Friday,Employment,r22_c14,Friday,9,6,False,15:30-16:00,0.5555555555555556,4,0.4444444444444444,195.0,86.66666666666666,0.2777777777777778,False,False,,,,,,,,,,,,,,,,False,,,,,,,
Employment | r22_c14 | Monday,Employment,r22_c14,Monday,5,4,False,15:30-16:00,0.8,2,0.19999999999999996,30.000000000000007,6.0,0.05,False,False,,,,,,,,,,,,,,,,False,,,,,,,
Employment | r22_c14 | Thursday,Employment,r22_c14,Thursday,5,5,False,15:30-16:00,1.0,1,0.0,,0.0,0.0,False,False,,,,,,,,,,,,,,,,False,,,,,,,
Employment | r22_c14 | Tuesday,Employment,r22_c14,Tuesday,8,6,False,15:30-16:00,1.0,1,0.0,,0.0,0.0,False,False,,,,,,,,,,,,,,,,False,,,,,,,
Employment | r22_c14 | Wednesday,Employment,r22_c14,Wednesday,3,1,False,12:30-13:00,0.6666666666666666,2,0.33333333333333337,29.999999999999996,10.0,0.08333333333333333,False,False,,,,,,,,,,,,,,,,False,,,,,,,
Employment | r22_c15 | Friday,Employment,r22_c15,Friday,74,50,False,15:00-15:30,0.5675675675675675,4,0.43243243243243246,30.9375,13.378378378378379,0.11148648648648649,True,False,,,,,,,,,,,,,,,,False,,,,,,,
Employment | r22_c15 | Monday,Employment,r22_c15,Monday,66,46,False,14:30-15:00,0.45454545454545453,5,0.5454545454545454,38.333333333333336,20.90909090909091,0.17424242424242425,True,False,,,,,,,,,,,,,,,,False,,,,,,,
Employment | r22_c15 | Thursday,Employment,r22_c15,Thursday,77,50,False,15:00-15:30,0.4805194805194805,6,0.5194805194805194,37.5,19.48051948051948,0.14610389610389612,True,False,,,,,,,,,,,,,,,,False,,,,,,,
Employment | r22_c15 | Tuesday,Employment,r22_c15,Tuesday,73,47,False,15:00-15:30,0.4794520547945205,5,0.5205479452054795,33.94736842105263,17.67123287671233,0.14726027397260275,True,False,,,,,,,,,,,,,,,,False,,,,,,,
Employment | r22_c15 | Wednesday,Employment,r22_c15,Wednesday,21,18,False,15:00-15:30,0.6666666666666666,3,0.33333333333333337,34.28571428571428,11.428571428571427,0.09523809523809523,True,False,,,,,,,,,,,,,,,,False,,,,,,,
Employment | r22_c16 | Friday,Employment,r22_c16,Friday,1,1,False,13:00-13:30,1.0,1,0.0,,0.0,0.0,False,False,,,,,,,,,,,,,,,,False,,,,,,,
Employment | r22_c16 | Monday,Employment,r22_c16,Monday,1,1,False,14:00-14:30,1.0,1,0.0,,0.0,0.0,False,False,,,,,,,,,,,,,,,,False,,,,,,,
Employment | r22_c16 | Thursday,Employment,r22_c16,Thursday,1,1,False,11:30-12:00,1.0,1,0.0,,0.0,0.0,False,False,,,,,,,,,,,,,,,,False,,,,,,,
Employment | r22_c16 | Tuesday,Employment,r22_c16,Tuesday,1,1,False,13:00-13:30,1.0,1,0.0,,0.0,0.0,False,False,,,,,,,,,,,,,,,,False,,,,,,,
Employment | r22_c16 | Wednesday,Employment,r22_c16,Wednesday,6,3,False,13:00-13:30,0.3333333333333333,4,0.6666666666666667,52.49999999999999,35.0,0.2916666666666667,False,False,,,,,,,,,,,,,,,,False,,,,,,,
Employment | r22_c17 | Friday,Employment,r22_c17,Friday,18,16,False,15:00-15:30,0.9444444444444444,2,0.05555555555555558,479.9999999999998,26.666666666666664,0.05555555555555555,True,False,,,,,,,,,,,,,,,,False,,,,,,,
Employment | r22_c17 | Monday,Employment,r22_c17,Monday,7,6,False,15:00-15:30,0.5714285714285714,3,0.4285714285714286,459.99999999999994,197.14285714285714,0.42857142857142855,False,False,,,,,,,,,,,,,,,,False,,,,,,,
Employment | r22_c17 | Thursday,Employment,r22_c17,Thursday,12,10,False,15:00-15:30,1.0,1,0.0,,0.0,0.0,True,False,,,,,,,,,,,,,,,,False,,,,,,,
Employment | r22_c17 | Tuesday,Employment,r22_c17,Tuesday,10,7,False,15:00-15:30,1.0,1,0.0,,0.0,0.0,True,False,,,,,,,,,,,,,,,,False,,,,,,,
Employment | r22_c17 | Wednesday,Employment,r22_c17,Wednesday,10,8,False,15:00-15:30,1.0,1,0.0,,0.0,0.0,True,False,,,,,,,,,,,,,,,,False,,,,,,,
Employment | r22_c26 | Friday,Employment,r22_c26,Friday,1,1,False,14:30-15:00,1.0,1,0.0,,0.0,0.0,False,False,,,,,,,,,,,,,,,,False,,,,,,,
Employment | r22_c26 | Monday,Employment,r22_c26,Monday,3,2,False,14:30-15:00,1.0,1,0.0,,0.0,0.0,False,False,,,,,,,,,,,,,,,,False,,,,,,,
Employment | r22_c26 | Thursday,Employment,r22_c26,Thursday,1,1,False,14:30-15:00,1.0,1,0.0,,0.0,0.0,False,False,,,,,,,,,,,,,,,,False,,,,,,,
Employment | r22_c26 | Tuesday,Employment,r22_c26,Tuesday,3,2,False,14:30-15:00,1.0,1,0.0,,0.0,0.0,False,False,,,,,,,,,,,,,,,,False,,,,,,,
Employment | r22_c9 | Friday,Employment,r22_c9,Friday,9,5,False,08:30-09:00,0.7777777777777778,3,0.2222222222222222,30.0,6.666666666666666,0.05555555555555555,False,False,,,,,,,,,,,,,,,,False,,,,,,,
Employment | r22_c9 | Monday,Employment,r22_c9,Monday,1,1,False,08:00-08:30,1.0,1,0.0,,0.0,0.0,False,False,,,,,,,,,,,,,,,,False,,,,,,,
Employment | r22_c9 | Thursday,Employment,r22_c9,Thursday,31,23,False,08:00-08:30,0.3548387096774194,4,0.6451612903225806,34.5,22.258064516129032,0.18548387096774194,True,False,,,,,,,,,,,,,,,,False,,,,,,,
Employment | r22_c9 | Tuesday,Employment,r22_c9,Tuesday,54,23,False,08:30-09:00,0.3888888888888889,6,0.6111111111111112,43.63636363636363,26.666666666666668,0.22222222222222224,True,False,,,,,,,,,,,,,,,,False,,,,,,,
Employment | r22_c9 | Wednesday,Employment,r22_c9,Wednesday,16,14,False,08:30-09:00,0.4375,5,0.5625,50.0,28.125,0.234375,True,False,,,,,,,,,,,,,,,,False,,,,,,,
Employment | r23_c13 | Friday,Employment,r23_c13,Friday,40,34,False,07:00-07:30,0.725,5,0.275,239.99999999999997,66.0,0.27499999999999997,True,False,,,,,,,,,,,,,,,,False,,,,,,,
Employment | r23_c13 | Monday,Employment,r23_c13,Monday,36,32,False,07:00-07:30,0.8333333333333334,2,0.16666666666666663,120.00000000000003,20.0,0.16666666666666666,True,False,,,,,,,,,,,,,,,,False,,,,,,,
Employment | r23_c13 | Thursday,Employment,r23_c13,Thursday,37,33,False,07:00-07:30,0.7837837837837838,2,0.21621621621621623,120.0,25.945945945945947,0.21621621621621623,True,False,,,,,,,,,,,,,,,,False,,,,,,,
Employment | r23_c13 | Tuesday,Employment,r23_c13,Tuesday,38,35,False,07:00-07:30,0.8157894736842105,2,0.1842105263157895,119.99999999999999,22.105263157894736,0.18421052631578946,True,False,,,,,,,,,,,,,,,,False,,,,,,,
Employment | r23_c16 | Friday,Employment,r23_c16,Friday,3,2,False,14:00-14:30,0.6666666666666666,2,0.33333333333333337,29.999999999999996,10.0,0.08333333333333333,False,False,,,,,,,,,,,,,,,,False,,,,,,,
Employment | r23_c16 | Monday,Employment,r23_c16,Monday,4,2,False,15:00-15:30,0.75,2,0.25,60.0,15.0,0.125,False,False,,,,,,,,,,,,,,,,False,,,,,,,
Employment | r23_c16 | Thursday,Employment,r23_c16,Thursday,4,1,False,14:00-14:30,0.5,3,0.5,30.0,15.0,0.125,False,False,,,,,,,,,,,,,,,,False,,,,,,,
Employment | r23_c16 | Tuesday,Employment,r23_c16,Tuesday,5,2,False,14:00-14:30,0.6,3,0.4,30.0,12.0,0.1,False,False,,,,,,,,,,,,,,,,False,,,,,,,
Employment | r23_c16 | Wednesday,Employment,r23_c16,Wednesday,1,1,False,14:00-14:30,1.0,1,0.0,,0.0,0.0,False,False,,,,,,,,,,,,,,,,False,,,,,,,
Employment | r23_c17 | Friday,Employment,r23_c17,Friday,11,9,False,07:00-07:30,0.6363636363636364,5,0.36363636363636365,60.00000000000001,21.81818181818182,0.18181818181818182,True,False,,,,,,,,,,,,,,,,False,,,,,,,
Employment | r23_c17 | Monday,Employment,r23_c17,Monday,6,5,False,07:00-07:30,0.8333333333333334,2,0.16666666666666663,30.000000000000007,5.0,0.041666666666666664,False,False,,,,,,,,,,,,,,,,False,,,,,,,
Employment | r23_c17 | Thursday,Employment,r23_c17,Thursday,9,7,False,07:00-07:30,0.5555555555555556,3,0.4444444444444444,45.0,20.0,0.16666666666666666,False,False,,,,,,,,,,,,,,,,False,,,,,,,
Employment | r23_c17 | Tuesday,Employment,r23_c17,Tuesday,6,6,False,07:00-07:30,0.6666666666666666,3,0.33333333333333337,44.99999999999999,15.0,0.125,False,False,,,,,,,,,,,,,,,,False,,,,,,,
Employment | r23_c17 | Wednesday,Employment,r23_c17,Wednesday,5,4,False,06:30-07:00,0.4,3,0.6,70.0,42.0,0.35,False,False,,,,,,,,,,,,,,,,False,,,,,,,
Employment | r23_c23 | Friday,Employment,r23_c23,Friday,1,1,False,09:00-09:30,1.0,1,0.0,,0.0,0.0,False,False,,,,,,,,,,,,,,,,False,,,,,,,
Employment | r23_c23 | Saturday,Employment,r23_c23,Saturday,1,1,False,09:00-09:30,1.0,1,0.0,,0.0,0.0,False,False,,,,,,,,,,,,,,,,False,,,,,,,
Employment | r23_c23 | Thursday,Employment,r23_c23,Thursday,63,49,False,09:00-09:30,0.9682539682539683,3,0.031746031746031744,30.0,0.9523809523809523,0.007936507936507936,True,False,,,,,,,,,,,,,,,,False,,,,,,,
Employment | r23_c23 | Tuesday,Employment,r23_c23,Tuesday,66,49,False,09:00-09:30,0.9545454545454546,3,0.045454545454545414,30.00000000000003,1.3636363636363638,0.011363636363636366,True,False,,,,,,,,,,,,,,,,False,,,,,,,
Employment | r23_c9 | Friday,Employment,r23_c9,Friday,5,4,False,10:00-10:30,0.6,2,0.4,60.0,24.0,0.2,False,False,,,,,,,,,,,,,,,,False,,,,,,,
Employment | r23_c9 | Monday,Employment,r23_c9,Monday,5,2,False,13:30-14:00,0.6,3,0.4,30.0,12.0,0.1,False,False,,,,,,,,,,,,,,,,False,,,,,,,
Employment | r23_c9 | Thursday,Employment,r23_c9,Thursday,8,5,False,13:00-13:30,0.5,4,0.5,150.0,75.0,0.40625,False,False,,,,,,,,,,,,,,,,False,,,,,,,
Employment | r23_c9 | Tuesday,Employment,r23_c9,Tuesday,13,3,False,09:00-09:30,0.3076923076923077,7,0.6923076923076923,106.66666666666669,73.84615384615385,0.5192307692307693,True,False,,,,,,,,,,,,,,,,False,,,,,,,
Employment | r23_c9 | Wednesday,Employment,r23_c9,Wednesday,2,1,False,08:30-09:00,1.0,1,0.0,,0.0,0.0,False,False,,,,,,,,,,,,,,,,False,,,,,,,
Employment | r24_c11 | Wednesday,Employment,r24_c11,Wednesday,1,1,False,10:00-10:30,1.0,1,0.0,,0.0,0.0,False,False,,,,,,,,,,,,,,,,False,,,,,,,
Employment | r24_c14 | Friday,Employment,r24_c14,Friday,57,31,False,15:00-15:30,0.7017543859649122,4,0.29824561403508776,40.58823529411764,12.105263157894736,0.09649122807017543,True,False,,,,,,,,,,,,,,,,False,,,,,,,
Employment | r24_c14 | Monday,Employment,r24_c14,Monday,49,32,False,15:00-15:30,0.7755102040816326,4,0.22448979591836737,32.72727272727273,7.346938775510204,0.061224489795918366,True,False,,,,,,,,,,,,,,,,False,,,,,,,
Employment | r24_c14 | Thursday,Employment,r24_c14,Thursday,48,29,False,15:00-15:30,0.8125,3,0.1875,30.0,5.625,0.046875,True,False,,,,,,,,,,,,,,,,False,,,,,,,
Employment | r24_c14 | Tuesday,Employment,r24_c14,Tuesday,53,36,False,15:00-15:30,0.9622641509433962,2,0.037735849056603765,30.000000000000007,1.1320754716981132,0.009433962264150943,True,False,,,,,,,,,,,,,,,,False,,,,,,,
Employment | r24_c14 | Wednesday,Employment,r24_c14,Wednesday,43,34,False,15:00-15:30,0.9302325581395349,2,0.06976744186046513,29.999999999999996,2.0930232558139537,0.01744186046511628,True,False,,,,,,,,,,,,,,,,False,,,,,,,
Employment | r24_c16 | Friday,Employment,r24_c16,Friday,1,1,False,15:00-15:30,1.0,1,0.0,,0.0,0.0,False,False,,,,,,,,,,,,,,,,False,,,,,,,
Employment | r24_c16 | Monday,Employment,r24_c16,Monday,4,2,False,15:00-15:30,0.5,2,0.5,30.0,15.0,0.125,False,False,,,,,,,,,,,,,,,,False,,,,,,,
Employment | r24_c16 | Thursday,Employment,r24_c16,Thursday,1,1,False,15:00-15:30,1.0,1,0.0,,0.0,0.0,False,False,,,,,,,,,,,,,,,,False,,,,,,,
Employment | r24_c16 | Tuesday,Employment,r24_c16,Tuesday,5,2,False,15:00-15:30,0.8,2,0.19999999999999996,30.000000000000007,6.0,0.05,False,False,,,,,,,,,,,,,,,,False,,,,,,,
Employment | r24_c16 | Wednesday,Employment,r24_c16,Wednesday,1,1,False,15:00-15:30,1.0,1,0.0,,0.0,0.0,False,False,,,,,,,,,,,,,,,,False,,,,,,,
Employment | r24_c17 | Friday,Employment,r24_c17,Friday,87,53,False,08:00-08:30,0.7011494252873564,7,0.29885057471264365,65.76923076923077,19.655172413793103,0.15229885057471268,True,False,,,,,,,,,,,,,,,,False,,,,,,,
Employment | r24_c17 | Monday,Employment,r24_c17,Monday,61,26,False,09:00-09:30,0.6065573770491803,10,0.39344262295081966,90.0,35.40983606557377,0.21721311475409835,True,False,,,,,,,,,,,,,,,,False,,,,,,,
Employment | r24_c17 | Thursday,Employment,r24_c17,Thursday,46,26,False,08:00-08:30,0.5217391304347826,6,0.4782608695652174,53.18181818181817,25.43478260869565,0.2119565217391304,True,False,,,,,,,,,,,,,,,,False,,,,,,,
Employment | r24_c17 | Tuesday,Employment,r24_c17,Tuesday,37,21,False,09:00-09:30,0.4864864864864865,5,0.5135135135135135,63.15789473684212,32.432432432432435,0.2702702702702703,True,False,,,,,,,,,,,,,,,,False,,,,,,,
Employment | r24_c17 | Wednesday,Employment,r24_c17,Wednesday,41,23,False,08:00-08:30,0.5121951219512195,7,0.4878048780487805,72.00000000000001,35.1219512195122,0.2378048780487805,True,False,,,,,,,,,,,,,,,,False,,,,,,,
Employment | r24_c22 | Friday,Employment,r24_c22,Friday,8,5,False,12:00-12:30,0.75,2,0.25,30.0,7.5,0.0625,False,False,,,,,,,,,,,,,,,,False,,,,,,,
Employment | r24_c22 | Monday,Employment,r24_c22,Monday,3,3,False,12:00-12:30,0.6666666666666666,2,0.33333333333333337,149.99999999999997,50.0,0.3333333333333333,False,False,,,,,,,,,,,,,,,,False,,,,,,,
Employment | r24_c22 | Thursday,Employment,r24_c22,Thursday,57,46,False,14:30-15:00,0.7719298245614035,8,0.22807017543859653,94.61538461538463,21.57894736842106,0.14473684210526314,True,False,,,,,,,,,,,,,,,,False,,,,,,,
Employment | r24_c22 | Tuesday,Employment,r24_c22,Tuesday,76,46,False,14:30-15:00,0.7763157894736842,6,0.22368421052631582,91.76470588235293,20.526315789473685,0.15460526315789472,True,False,,,,,,,,,,,,,,,,False,,,,,,,
Employment | r24_c22 | Wednesday,Employment,r24_c22,Wednesday,5,3,False,12:00-12:30,0.6,3,0.4,75.0,30.0,0.25,False,False,,,,,,,,,,,,,,,,False,,,,,,,
Employment | r25_c14 | Friday,Employment,r25_c14,Friday,14,11,False,14:00-14:30,0.5,2,0.5,30.0,15.0,0.125,True,False,,,,,,,,,,,,,,,,False,,,,,,,
Employment | r25_c14 | Monday,Employment,r25_c14,Monday,10,9,False,14:00-14:30,0.6,2,0.4,30.0,12.0,0.1,True,False,,,,,,,,,,,,,,,,False,,,,,,,
Employment | r25_c14 | Thursday,Employment,r25_c14,Thursday,33,22,False,14:00-14:30,0.8181818181818182,3,0.18181818181818177,40.000000000000014,7.272727272727273,0.06060606060606061,True,False,,,,,,,,,,,,,,,,False,,,,,,,
Employment | r25_c14 | Tuesday,Employment,r25_c14,Tuesday,33,21,False,14:00-14:30,0.7878787878787878,3,0.21212121212121215,34.285714285714285,7.272727272727273,0.06060606060606061,True,False,,,,,,,,,,,,,,,,False,,,,,,,
Employment | r25_c14 | Wednesday,Employment,r25_c14,Wednesday,1,1,False,14:00-14:30,1.0,1,0.0,,0.0,0.0,False,False,,,,,,,,,,,,,,,,False,,,,,,,
Employment | r25_c15 | Thursday,Employment,r25_c15,Thursday,1,1,False,14:00-14:30,1.0,1,0.0,,0.0,0.0,False,False,,,,,,,,,,,,,,,,False,,,,,,,
Employment | r25_c17 | Friday,Employment,r25_c17,Friday,60,44,False,11:00-11:30,0.9333333333333333,3,0.06666666666666665,45.00000000000001,3.0,0.025,True,False,,,,,,,,,,,,,,,,False,,,,,,,
Employment | r25_c17 | Monday,Employment,r25_c17,Monday,46,42,False,11:00-11:30,0.8913043478260869,3,0.10869565217391308,41.999999999999986,4.565217391304348,0.03804347826086957,True,False,,,,,,,,,,,,,,,,False,,,,,,,
Employment | r25_c17 | Saturday,Employment,r25_c17,Saturday,1,1,False,11:00-11:30,1.0,1,0.0,,0.0,0.0,False,False,,,,,,,,,,,,,,,,False,,,,,,,
Employment | r25_c17 | Thursday,Employment,r25_c17,Thursday,55,45,False,11:00-11:30,0.9454545454545454,3,0.054545454545454564,49.99999999999998,2.727272727272727,0.022727272727272728,True,False,,,,,,,,,,,,,,,,False,,,,,,,
Employment | r25_c17 | Tuesday,Employment,r25_c17,Tuesday,53,44,False,11:00-11:30,0.9622641509433962,2,0.037735849056603765,60.000000000000014,2.2641509433962264,0.018867924528301886,True,False,,,,,,,,,,,,,,,,False,,,,,,,
Employment | r25_c17 | Wednesday,Employment,r25_c17,Wednesday,59,45,False,11:00-11:30,0.9322033898305084,3,0.06779661016949157,44.99999999999997,3.0508474576271185,0.025423728813559324,True,False,,,,,,,,,,,,,,,,False,,,,,,,
Employment | r25_c22 | Friday,Employment,r25_c22,Friday,11,11,False,14:30-15:00,0.5454545454545454,2,0.4545454545454546,29.999999999999996,13.636363636363637,0.11363636363636363,True,False,,,,,,,,,,,,,,,,False,,,,,,,
Employment | r25_c22 | Monday,Employment,r25_c22,Monday,25,16,False,14:00-14:30,0.4,4,0.6,44.0,26.4,0.22,True,False,,,,,,,,,,,,,,,,False,,,,,,,
Employment | r25_c22 | Thursday,Employment,r25_c22,Thursday,20,17,False,14:30-15:00,0.6,2,0.4,30.0,12.0,0.1,True,False,,,,,,,,,,,,,,,,False,,,,,,,
Employment | r25_c22 | Tuesday,Employment,r25_c22,Tuesday,22,19,False,14:30-15:00,0.5,3,0.5,30.0,15.0,0.125,True,False,,,,,,,,,,,,,,,,False,,,,,,,
Employment | r25_c22 | Wednesday,Employment,r25_c22,Wednesday,2,2,False,14:30-15:00,1.0,1,0.0,,0.0,0.0,False,False,,,,,,,,,,,,,,,,False,,,,,,,
Employment | r25_c8 | Thursday,Employment,r25_c8,Thursday,49,39,False,09:00-09:30,0.9795918367346939,2,0.020408163265306145,329.9999999999996,6.7346938775510194,0.02040816326530612,True,False,,,,,,,,,,,,,,,,False,,,,,,,
Employment | r25_c8 | Tuesday,Employment,r25_c8,Tuesday,45,39,False,09:00-09:30,1.0,1,0.0,,0.0,0.0,True,False,,,,,,,,,,,,,,,,False,,,,,,,
Employment | r25_c8 | Wednesday,Employment,r25_c8,Wednesday,78,41,False,09:00-09:30,0.9871794871794872,2,0.012820512820512775,330.0000000000012,4.230769230769231,0.01282051282051282,True,False,,,,,,,,,,,,,,,,False,,,,,,,
Employment | r26_c10 | Friday,Employment,r26_c10,Friday,51,37,False,15:00-15:30,0.6470588235294118,12,0.3529411764705882,201.66666666666663,71.17647058823528,0.30392156862745096,True,False,,,,,,,,,,,,,,,,False,,,,,,,
Employment | r26_c10 | Monday,Employment,r26_c10,Monday,29,22,False,15:00-15:30,0.8620689655172413,3,0.13793103448275867,44.999999999999986,6.206896551724139,0.05172413793103448,True,False,,,,,,,,,,,,,,,,False,,,,,,,
Employment | r26_c10 | Thursday,Employment,r26_c10,Thursday,64,38,False,14:00-14:30,0.59375,6,0.40625,48.46153846153846,19.6875,0.1640625,True,False,,,,,,,,,,,,,,,,False,,,,,,,
Employment | r26_c10 | Tuesday,Employment,r26_c10,Tuesday,66,42,False,14:00-14:30,0.5454545454545454,6,0.4545454545454546,49.99999999999999,22.727272727272727,0.18939393939393942,True,False,,,,,,,,,,,,,,,,False,,,,,,,
Employment | r26_c10 | Wednesday,Employment,r26_c10,Wednesday,90,47,False,14:00-14:30,0.3888888888888889,7,0.6111111111111112,53.45454545454546,32.66666666666667,0.2722222222222222,True,False,,,,,,,,,,,,,,,,False,,,,,,,
Employment | r26_c11 | Tuesday,Employment,r26_c11,Tuesday,2,1,False,09:00-09:30,1.0,1,0.0,,0.0,0.0,False,False,,,,,,,,,,,,,,,,False,,,,,,,
Employment | r26_c11 | Wednesday,Employment,r26_c11,Wednesday,2,1,False,10:00-10:30,0.5,2,0.5,60.0,30.0,0.25,False,False,,,,,,,,,,,,,,,,False,,,,,,,
Employment | r26_c12 | Monday,Employment,r26_c12,Monday,12,8,False,09:30-10:00,1.0,1,0.0,,0.0,0.0,True,False,,,,,,,,,,,,,,,,False,,,,,,,
Employment | r26_c16 | Friday,Employment,r26_c16,Friday,27,21,False,09:00-09:30,0.8148148148148148,3,0.18518518518518523,191.99999999999991,35.55555555555555,0.12962962962962962,True,False,,,,,,,,,,,,,,,,False,,,,,,,
Employment | r26_c16 | Monday,Employment,r26_c16,Monday,18,18,False,09:00-09:30,1.0,1,0.0,,0.0,0.0,True,False,,,,,,,,,,,,,,,,False,,,,,,,
Employment | r26_c16 | Thursday,Employment,r26_c16,Thursday,21,21,False,09:00-09:30,1.0,1,0.0,,0.0,0.0,True,False,,,,,,,,,,,,,,,,False,,,,,,,
Employment | r26_c16 | Tuesday,Employment,r26_c16,Tuesday,20,19,False,09:00-09:30,1.0,1,0.0,,0.0,0.0,True,False,,,,,,,,,,,,,,,,False,,,,,,,
Employment | r26_c16 | Wednesday,Employment,r26_c16,Wednesday,12,11,False,09:00-09:30,0.9166666666666666,2,0.08333333333333337,329.99999999999983,27.5,0.08333333333333333,True,False,,,,,,,,,,,,,,,,False,,,,,,,
Employment | r27_c11 | Friday,Employment,r27_c11,Friday,17,11,False,07:00-07:30,0.5294117647058824,5,0.47058823529411764,41.25000000000001,19.411764705882355,0.16176470588235292,True,False,,,,,,,,,,,,,,,,False,,,,,,,
Employment | r27_c11 | Monday,Employment,r27_c11,Monday,15,10,False,07:00-07:30,0.6666666666666666,3,0.33333333333333337,29.999999999999996,10.0,0.08333333333333334,True,False,,,,,,,,,,,,,,,,False,,,,,,,
Employment | r27_c11 | Thursday,Employment,r27_c11,Thursday,1,1,False,06:30-07:00,1.0,1,0.0,,0.0,0.0,False,False,,,,,,,,,,,,,,,,False,,,,,,,
Employment | r27_c11 | Tuesday,Employment,r27_c11,Tuesday,2,2,False,07:00-07:30,1.0,1,0.0,,0.0,0.0,False,False,,,,,,,,,,,,,,,,False,,,,,,,
Employment | r27_c13 | Friday,Employment,r27_c13,Friday,91,53,False,15:30-16:00,0.8461538461538461,4,0.15384615384615385,184.28571428571428,28.35164835164835,0.08791208791208792,True,False,,,,,,,,,,,,,,,,False,,,,,,,
Employment | r27_c13 | Monday,Employment,r27_c13,Monday,7,7,False,09:00-09:30,1.0,1,0.0,,0.0,0.0,False,False,,,,,,,,,,,,,,,,False,,,,,,,
Employment | r27_c13 | Thursday,Employment,r27_c13,Thursday,102,52,False,15:30-16:00,0.7450980392156863,8,0.2549019607843137,137.30769230769232,35.0,0.12990196078431374,True,False,,,,,,,,,,,,,,,,False,,,,,,,
Employment | r27_c13 | Tuesday,Employment,r27_c13,Tuesday,83,52,False,15:30-16:00,0.9036144578313253,5,0.09638554216867468,258.75000000000006,24.939759036144576,0.06927710843373494,True,False,,,,,,,,,,,,,,,,False,,,,,,,
Employment | r27_c13 | Wednesday,Employment,r27_c13,Wednesday,78,52,False,15:30-16:00,0.8589743589743589,4,0.14102564102564108,193.63636363636354,27.307692307692303,0.08333333333333333,True,False,,,,,,,,,,,,,,,,False,,,,,,,
Employment | r27_c15 | Thursday,Employment,r27_c15,Thursday,1,1,False,15:30-16:00,1.0,1,0.0,,0.0,0.0,False,False,,,,,,,,,,,,,,,,False,,,,,,,
Employment | r27_c16 | Friday,Employment,r27_c16,Friday,65,53,False,14:00-14:30,0.9230769230769231,4,0.07692307692307687,60.000000000000036,4.615384615384615,0.03846153846153846,True,False,,,,,,,,,,,,,,,,False,,,,,,,
Employment | r27_c16 | Monday,Employment,r27_c16,Monday,56,51,False,15:00-15:30,0.9821428571428571,2,0.017857142857142905,29.99999999999992,0.5357142857142857,0.004464285714285714,True,False,,,,,,,,,,,,,,,,False,,,,,,,
Employment | r27_c16 | Thursday,Employment,r27_c16,Thursday,156,52,False,15:00-15:30,0.75,4,0.25,33.07692307692307,8.269230769230768,0.0689102564102564,True,False,,,,,,,,,,,,,,,,False,,,,,,,
Employment | r27_c16 | Tuesday,Employment,r27_c16,Tuesday,169,52,False,15:00-15:30,0.727810650887574,5,0.272189349112426,31.95652173913044,8.698224852071005,0.07248520710059173,True,False,,,,,,,,,,,,,,,,False,,,,,,,
Employment | r27_c16 | Wednesday,Employment,r27_c16,Wednesday,145,52,False,15:00-15:30,0.7517241379310344,5,0.24827586206896557,35.83333333333332,8.89655172413793,0.07413793103448277,True,False,,,,,,,,,,,,,,,,False,,,,,,,
Employment | r27_c17 | Friday,Employment,r27_c17,Friday,77,52,False,07:00-07:30,0.8441558441558441,5,0.1558441558441559,474.99999999999983,74.02597402597402,0.15584415584415587,True,False,,,,,,,,,,,,,,,,False,,,,,,,
Employment | r27_c17 | Monday,Employment,r27_c17,Monday,75,51,False,07:00-07:30,0.7466666666666667,4,0.2533333333333333,508.4210526315791,128.8,0.25333333333333335,True,False,,,,,,,,,,,,,,,,False,,,,,,,
Employment | r27_c17 | Thursday,Employment,r27_c17,Thursday,85,51,False,07:00-07:30,0.7529411764705882,4,0.24705882352941178,510.0,126.0,0.24705882352941178,True,False,,,,,,,,,,,,,,,,False,,,,,,,
Employment | r27_c17 | Tuesday,Employment,r27_c17,Tuesday,82,52,False,07:00-07:30,0.7560975609756098,6,0.24390243902439024,484.5,118.17073170731707,0.24390243902439027,True,False,,,,,,,,,,,,,,,,False,,,,,,,
Employment | r27_c17 | Wednesday,Employment,r27_c17,Wednesday,77,52,False,07:00-07:30,0.7142857142857143,7,0.2857142857142857,482.7272727272728,137.92207792207793,0.28571428571428575,True,False,,,,,,,,,,,,,,,,False,,,,,,,
Employment | r27_c9 | Friday,Employment,r27_c9,Friday,2,2,False,06:30-07:00,1.0,1,0.0,,0.0,0.0,False,False,,,,,,,,,,,,,,,,False,,,,,,,
Employment | r27_c9 | Monday,Employment,r27_c9,Monday,50,30,False,06:30-07:00,0.6,3,0.4,31.499999999999996,12.6,0.105,True,False,,,,,,,,,,,,,,,,False,,,,,,,
Employment | r27_c9 | Saturday,Employment,r27_c9,Saturday,3,2,False,06:30-07:00,1.0,1,0.0,,0.0,0.0,False,False,,,,,,,,,,,,,,,,False,,,,,,,
Employment | r27_c9 | Sunday,Employment,r27_c9,Sunday,3,2,False,06:30-07:00,1.0,1,0.0,,0.0,0.0,False,False,,,,,,,,,,,,,,,,False,,,,,,,
Employment | r27_c9 | Thursday,Employment,r27_c9,Thursday,2,2,False,06:30-07:00,1.0,1,0.0,,0.0,0.0,False,False,,,,,,,,,,,,,,,,False,,,,,,,
Employment | r27_c9 | Tuesday,Employment,r27_c9,Tuesday,2,2,False,06:30-07:00,1.0,1,0.0,,0.0,0.0,False,False,,,,,,,,,,,,,,,,False,,,,,,,
Employment | r27_c9 | Wednesday,Employment,r27_c9,Wednesday,52,30,False,06:30-07:00,0.6346153846153846,4,0.3653846153846154,50.52631578947368,18.46153846153846,0.1346153846153846,True,False,,,,,,,,,,,,,,,,False,,,,,,,
Employment | r28_c10 | Friday,Employment,r28_c10,Friday,1,1,False,09:30-10:00,1.0,1,0.0,,0.0,0.0,False,False,,,,,,,,,,,,,,,,False,,,,,,,
Employment | r28_c12 | Friday,Employment,r28_c12,Friday,6,5,False,13:30-14:00,1.0,1,0.0,,0.0,0.0,False,False,,,,,,,,,,,,,,,,False,,,,,,,
Employment | r28_c13 | Friday,Employment,r28_c13,Friday,5,5,False,09:30-10:00,1.0,1,0.0,,0.0,0.0,False,False,,,,,,,,,,,,,,,,False,,,,,,,
Employment | r28_c13 | Monday,Employment,r28_c13,Monday,9,7,False,09:30-10:00,0.8888888888888888,2,0.11111111111111116,29.999999999999986,3.333333333333333,0.027777777777777776,False,False,,,,,,,,,,,,,,,,False,,,,,,,
Employment | r28_c13 | Thursday,Employment,r28_c13,Thursday,6,5,False,09:30-10:00,0.6666666666666666,2,0.33333333333333337,29.999999999999996,10.0,0.08333333333333333,False,False,,,,,,,,,,,,,,,,False,,,,,,,
Employment | r28_c13 | Tuesday,Employment,r28_c13,Tuesday,5,4,False,09:30-10:00,0.8,2,0.19999999999999996,30.000000000000007,6.0,0.05,False,False,,,,,,,,,,,,,,,,False,,,,,,,
Employment | r28_c13 | Wednesday,Employment,r28_c13,Wednesday,4,4,False,09:30-10:00,0.75,2,0.25,30.0,7.5,0.0625,False,False,,,,,,,,,,,,,,,,False,,,,,,,
Employment | r28_c15 | Monday,Employment,r28_c15,Monday,1,1,False,16:00-16:30,1.0,1,0.0,,0.0,0.0,False,False,,,,,,,,,,,,,,,,False,,,,,,,
Employment | r28_c16 | Thursday,Employment,r28_c16,Thursday,1,1,False,14:30-15:00,1.0,1,0.0,,0.0,0.0,False,False,,,,,,,,,,,,,,,,False,,,,,,,
Employment | r28_c16 | Tuesday,Employment,r28_c16,Tuesday,3,1,False,15:30-16:00,0.6666666666666666,2,0.33333333333333337,29.999999999999996,10.0,0.08333333333333333,False,False,,,,,,,,,,,,,,,,False,,,,,,,
Employment | r28_c17 | Friday,Employment,r28_c17,Friday,3,1,False,11:30-12:00,0.3333333333333333,3,0.6666666666666667,74.99999999999999,50.0,0.41666666666666663,False,False,,,,,,,,,,,,,,,,False,,,,,,,
Employment | r28_c17 | Wednesday,Employment,r28_c17,Wednesday,4,2,False,12:00-12:30,0.25,4,0.75,210.0,157.5,0.75,False,False,,,,,,,,,,,,,,,,False,,,,,,,
Employment | r28_c18 | Friday,Employment,r28_c18,Friday,68,53,False,11:00-11:30,1.0,1,0.0,,0.0,0.0,True,False,,,,,,,,,,,,,,,,False,,,,,,,
Employment | r28_c18 | Monday,Employment,r28_c18,Monday,58,52,False,11:00-11:30,1.0,1,0.0,,0.0,0.0,True,False,,,,,,,,,,,,,,,,False,,,,,,,
Employment | r28_c18 | Thursday,Employment,r28_c18,Thursday,54,51,False,11:00-11:30,1.0,1,0.0,,0.0,0.0,True,False,,,,,,,,,,,,,,,,False,,,,,,,
Employment | r28_c18 | Tuesday,Employment,r28_c18,Tuesday,58,52,False,11:00-11:30,1.0,1,0.0,,0.0,0.0,True,False,,,,,,,,,,,,,,,,False,,,,,,,
Employment | r28_c18 | Wednesday,Employment,r28_c18,Wednesday,62,52,False,11:00-11:30,1.0,1,0.0,,0.0,0.0,True,False,,,,,,,,,,,,,,,,False,,,,,,,
Employment | r28_c19 | Monday,Employment,r28_c19,Monday,2,2,False,12:00-12:30,0.5,2,0.5,90.0,45.0,0.375,False,False,,,,,,,,,,,,,,,,False,,,,,,,
Employment | r28_c19 | Tuesday,Employment,r28_c19,Tuesday,89,51,False,12:00-12:30,0.6067415730337079,5,0.3932584269662921,62.57142857142857,24.606741573033705,0.2050561797752809,True,False,,,,,,,,,,,,,,,,False,,,,,,,
Employment | r28_c19 | Wednesday,Employment,r28_c19,Wednesday,60,52,False,13:30-14:00,0.95,4,0.050000000000000044,59.99999999999995,3.0,0.025,True,False,,,,,,,,,,,,,,,,False,,,,,,,
Employment | r28_c20 | Friday,Employment,r28_c20,Friday,2,1,False,15:30-16:00,1.0,1,0.0,,0.0,0.0,False,False,,,,,,,,,,,,,,,,False,,,,,,,
Employment | r28_c20 | Monday,Employment,r28_c20,Monday,1,1,False,15:30-16:00,1.0,1,0.0,,0.0,0.0,False,False,,,,,,,,,,,,,,,,False,,,,,,,
Employment | r28_c20 | Thursday,Employment,r28_c20,Thursday,1,1,False,15:30-16:00,1.0,1,0.0,,0.0,0.0,False,False,,,,,,,,,,,,,,,,False,,,,,,,
Employment | r28_c20 | Tuesday,Employment,r28_c20,Tuesday,1,1,False,15:30-16:00,1.0,1,0.0,,0.0,0.0,False,False,,,,,,,,,,,,,,,,False,,,,,,,
Employment | r28_c20 | Wednesday,Employment,r28_c20,Wednesday,1,1,False,15:30-16:00,1.0,1,0.0,,0.0,0.0,False,False,,,,,,,,,,,,,,,,False,,,,,,,
Employment | r29_c11 | Friday,Employment,r29_c11,Friday,25,12,False,08:00-08:30,0.96,2,0.040000000000000036,59.99999999999994,2.4,0.02,True,False,,,,,,,,,,,,,,,,False,,,,,,,
Employment | r29_c11 | Monday,Employment,r29_c11,Monday,68,44,False,08:00-08:30,0.8235294117647058,5,0.17647058823529416,54.99999999999999,9.705882352941178,0.08088235294117647,True,False,,,,,,,,,,,,,,,,False,,,,,,,
Employment | r29_c11 | Thursday,Employment,r29_c11,Thursday,5,1,False,09:00-09:30,0.4,4,0.6,40.0,24.0,0.2,False,False,,,,,,,,,,,,,,,,False,,,,,,,
Employment | r29_c11 | Tuesday,Employment,r29_c11,Tuesday,2,2,False,07:30-08:00,0.5,2,0.5,30.0,15.0,0.125,False,False,,,,,,,,,,,,,,,,False,,,,,,,
Employment | r29_c11 | Wednesday,Employment,r29_c11,Wednesday,65,49,False,08:00-08:30,0.7538461538461538,6,0.24615384615384617,58.12500000000001,14.30769230769231,0.11923076923076924,True,False,,,,,,,,,,,,,,,,False,,,,,,,
Employment | r29_c16 | Friday,Employment,r29_c16,Friday,120,52,False,16:30-17:00,0.75,8,0.25,85.0,21.25,0.16041666666666668,True,False,,,,,,,,,,,,,,,,False,,,,,,,
Employment | r29_c16 | Monday,Employment,r29_c16,Monday,97,51,False,16:30-17:00,0.7628865979381443,5,0.23711340206185572,83.4782608695652,19.79381443298969,0.16494845360824742,True,False,,,,,,,,,,,,,,,,False,,,,,,,
Employment | r29_c16 | Thursday,Employment,r29_c16,Thursday,110,51,False,16:30-17:00,0.8727272727272727,8,0.12727272727272732,115.71428571428568,14.727272727272728,0.06818181818181819,True,False,,,,,,,,,,,,,,,,False,,,,,,,
Employment | r29_c16 | Tuesday,Employment,r29_c16,Tuesday,126,52,False,16:30-17:00,0.6746031746031746,8,0.32539682539682535,144.14634146341461,46.90476190476189,0.27579365079365076,True,False,,,,,,,,,,,,,,,,False,,,,,,,
Employment | r29_c16 | Wednesday,Employment,r29_c16,Wednesday,158,52,False,16:30-17:00,0.5949367088607594,9,0.40506329113924056,113.43749999999999,45.949367088607595,0.28955696202531644,True,False,,,,,,,,,,,,,,,,False,,,,,,,
Employment | r29_c17 | Friday,Employment,r29_c17,Friday,346,53,False,16:00-16:30,0.35260115606936415,10,0.6473988439306358,131.51785714285714,85.14450867052022,0.36632947976878616,True,False,,,,,,,,,,,,,,,,False,,,,,,,
Employment | r29_c17 | Monday,Employment,r29_c17,Monday,397,52,False,16:00-16:30,0.3954659949622166,12,0.6045340050377834,125.24999999999997,75.71788413098236,0.3369017632241814,True,False,,,,,,,,,,,,,,,,False,,,,,,,
Employment | r29_c17 | Saturday,Employment,r29_c17,Saturday,1,1,False,16:00-16:30,1.0,1,0.0,,0.0,0.0,False,False,,,,,,,,,,,,,,,,False,,,,,,,
Employment | r29_c17 | Sunday,Employment,r29_c17,Sunday,1,1,False,16:00-16:30,1.0,1,0.0,,0.0,0.0,False,False,,,,,,,,,,,,,,,,False,,,,,,,
Employment | r29_c17 | Thursday,Employment,r29_c17,Thursday,325,52,False,15:30-16:00,0.36,11,0.64,68.50961538461537,43.84615384615384,0.3169230769230769,True,False,,,,,,,,,,,,,,,,False,,,,,,,
Employment | r29_c17 | Tuesday,Employment,r29_c17,Tuesday,339,52,False,15:30-16:00,0.3333333333333333,13,0.6666666666666667,113.36283185840708,75.57522123893806,0.3672566371681416,True,False,,,,,,,,,,,,,,,,False,,,,,,,
Employment | r29_c17 | Wednesday,Employment,r29_c17,Wednesday,359,52,False,16:00-16:30,0.4428969359331476,8,0.5571030640668524,73.35,40.86350974930362,0.2743732590529248,True,False,,,,,,,,,,,,,,,,False,,,,,,,
Employment | r29_c19 | Thursday,Employment,r29_c19,Thursday,3,2,False,12:30-13:00,0.3333333333333333,3,0.6666666666666667,59.99999999999999,40.0,0.3333333333333333,False,False,,,,,,,,,,,,,,,,False,,,,,,,
Employment | r29_c20 | Friday,Employment,r29_c20,Friday,74,53,False,14:30-15:00,0.8783783783783784,4,0.1216216216216216,323.3333333333334,39.32432432432433,0.09121621621621623,True,False,,,,,,,,,,,,,,,,False,,,,,,,
Employment | r29_c20 | Monday,Employment,r29_c20,Monday,1,1,False,08:00-08:30,1.0,1,0.0,,0.0,0.0,False,False,,,,,,,,,,,,,,,,False,,,,,,,
Employment | r29_c20 | Tuesday,Employment,r29_c20,Tuesday,69,52,False,14:30-15:00,0.8985507246376812,5,0.10144927536231885,304.2857142857143,30.869565217391305,0.07246376811594203,True,False,,,,,,,,,,,,,,,,False,,,,,,,
Employment | r29_c20 | Wednesday,Employment,r29_c20,Wednesday,3,2,False,09:00-09:30,0.6666666666666666,2,0.33333333333333337,59.99999999999999,20.0,0.16666666666666666,False,False,,,,,,,,,,,,,,,,False,,,,,,,
Employment | r30_c18 | Friday,Employment,r30_c18,Friday,58,38,False,06:30-07:00,0.5,7,0.5,124.13793103448278,62.06896551724139,0.2241379310344827,True,False,,,,,,,,,,,,,,,,False,,,,,,,
Employment | r30_c18 | Monday,Employment,r30_c18,Monday,52,35,False,06:30-07:00,0.4807692307692308,8,0.5192307692307692,98.8888888888889,51.34615384615385,0.22596153846153844,True,False,,,,,,,,,,,,,,,,False,,,,,,,
Employment | r30_c18 | Saturday,Employment,r30_c18,Saturday,1,1,False,06:00-06:30,1.0,1,0.0,,0.0,0.0,False,False,,,,,,,,,,,,,,,,False,,,,,,,
Employment | r30_c18 | Thursday,Employment,r30_c18,Thursday,58,38,False,06:30-07:00,0.43103448275862066,7,0.5689655172413793,86.36363636363636,49.13793103448276,0.2370689655172414,True,False,,,,,,,,,,,,,,,,False,,,,,,,
Employment | r30_c18 | Tuesday,Employment,r30_c18,Tuesday,54,37,False,06:30-07:00,0.48148148148148145,7,0.5185185185185186,101.78571428571426,52.77777777777777,0.2175925925925926,True,False,,,,,,,,,,,,,,,,False,,,,,,,
Employment | r30_c18 | Wednesday,Employment,r30_c18,Wednesday,59,38,False,06:30-07:00,0.4745762711864407,6,0.5254237288135593,48.38709677419355,25.423728813559322,0.17796610169491528,True,False,,,,,,,,,,,,,,,,False,,,,,,,
Employment | r30_c20 | Friday,Employment,r30_c20,Friday,6,6,False,06:00-06:30,0.5,3,0.5,160.0,80.0,0.25,False,False,,,,,,,,,,,,,,,,False,,,,,,,
Employment | r30_c20 | Monday,Employment,r30_c20,Monday,7,5,False,06:00-06:30,1.0,1,0.0,,0.0,0.0,False,False,,,,,,,,,,,,,,,,False,,,,,,,
Employment | r30_c20 | Thursday,Employment,r30_c20,Thursday,6,6,False,06:00-06:30,0.3333333333333333,4,0.6666666666666667,127.49999999999999,85.0,0.29166666666666663,False,False,,,,,,,,,,,,,,,,False,,,,,,,
Employment | r30_c20 | Tuesday,Employment,r30_c20,Tuesday,6,5,False,06:00-06:30,0.6666666666666666,2,0.33333333333333337,29.999999999999996,10.0,0.08333333333333333,False,False,,,,,,,,,,,,,,,,False,,,,,,,
Employment | r30_c20 | Wednesday,Employment,r30_c20,Wednesday,6,6,False,06:00-06:30,0.8333333333333334,2,0.16666666666666663,420.0000000000001,70.0,0.16666666666666666,False,False,,,,,,,,,,,,,,,,False,,,,,,,
Employment | r31_c14 | Wednesday,Employment,r31_c14,Wednesday,1,1,False,08:30-09:00,1.0,1,0.0,,0.0,0.0,False,False,,,,,,,,,,,,,,,,False,,,,,,,
Employment | r31_c16 | Monday,Employment,r31_c16,Monday,2,2,False,13:00-13:30,1.0,1,0.0,,0.0,0.0,False,False,,,,,,,,,,,,,,,,False,,,,,,,
Employment | r31_c16 | Tuesday,Employment,r31_c16,Tuesday,1,1,False,13:00-13:30,1.0,1,0.0,,0.0,0.0,False,False,,,,,,,,,,,,,,,,False,,,,,,,
Employment | r32_c13 | Friday,Employment,r32_c13,Friday,8,5,False,15:30-16:00,0.875,2,0.125,30.0,3.75,0.03125,False,False,,,,,,,,,,,,,,,,False,,,,,,,
Employment | r32_c13 | Monday,Employment,r32_c13,Monday,13,7,False,15:30-16:00,0.6923076923076923,2,0.3076923076923077,30.0,9.230769230769232,0.07692307692307693,True,False,,,,,,,,,,,,,,,,False,,,,,,,
Employment | r32_c13 | Thursday,Employment,r32_c13,Thursday,12,5,False,15:30-16:00,0.5,3,0.5,30.0,15.0,0.125,True,False,,,,,,,,,,,,,,,,False,,,,,,,
Employment | r32_c13 | Tuesday,Employment,r32_c13,Tuesday,6,4,False,15:30-16:00,0.6666666666666666,2,0.33333333333333337,29.999999999999996,10.0,0.08333333333333333,False,False,,,,,,,,,,,,,,,,False,,,,,,,
Employment | r32_c13 | Wednesday,Employment,r32_c13,Wednesday,4,4,False,15:00-15:30,0.5,2,0.5,30.0,15.0,0.125,False,False,,,,,,,,,,,,,,,,False,,,,,,,
Employment | r32_c21 | Thursday,Employment,r32_c21,Thursday,1,1,False,10:00-10:30,1.0,1,0.0,,0.0,0.0,False,False,,,,,,,,,,,,,,,,False,,,,,,,
Employment | r32_c21 | Tuesday,Employment,r32_c21,Tuesday,1,1,False,11:00-11:30,1.0,1,0.0,,0.0,0.0,False,False,,,,,,,,,,,,,,,,False,,,,,,,
Employment | r32_c21 | Wednesday,Employment,r32_c21,Wednesday,3,2,False,11:30-12:00,0.3333333333333333,3,0.6666666666666667,59.99999999999999,40.0,0.3333333333333333,False,False,,,,,,,,,,,,,,,,False,,,,,,,
Employment | r33_c11 | Monday,Employment,r33_c11,Monday,3,2,False,09:00-09:30,1.0,1,0.0,,0.0,0.0,False,False,,,,,,,,,,,,,,,,False,,,,,,,
Employment | r33_c17 | Friday,Employment,r33_c17,Friday,125,52,False,06:30-07:00,0.624,4,0.376,447.4468085106382,168.23999999999998,0.376,True,False,,,,,,,,,,,,,,,,False,,,,,,,
Employment | r33_c17 | Monday,Employment,r33_c17,Monday,108,51,False,06:30-07:00,0.6388888888888888,5,0.36111111111111116,436.1538461538461,157.5,0.3564814814814815,True,False,,,,,,,,,,,,,,,,False,,,,,,,
Employment | r33_c17 | Thursday,Employment,r33_c17,Thursday,73,51,False,06:30-07:00,0.9863013698630136,2,0.013698630136986356,29.99999999999988,0.410958904109589,0.003424657534246575,True,False,,,,,,,,,,,,,,,,False,,,,,,,
Employment | r33_c17 | Tuesday,Employment,r33_c17,Tuesday,112,52,False,06:30-07:00,0.6339285714285714,6,0.3660714285714286,435.36585365853654,159.375,0.3660714285714286,True,False,,,,,,,,,,,,,,,,False,,,,,,,
Employment | r33_c17 | Wednesday,Employment,r33_c17,Wednesday,75,52,False,06:30-07:00,0.9866666666666667,2,0.013333333333333308,330.0000000000006,4.4,0.013333333333333334,True,False,,,,,,,,,,,,,,,,False,,,,,,,
Employment | r33_c20 | Friday,Employment,r33_c20,Friday,55,52,False,05:30-06:00,0.9818181818181818,2,0.018181818181818188,29.99999999999999,0.5454545454545454,0.004545454545454545,True,False,,,,,,,,,,,,,,,,False,,,,,,,
Employment | r33_c20 | Monday,Employment,r33_c20,Monday,53,51,False,05:30-06:00,1.0,1,0.0,,0.0,0.0,True,False,,,,,,,,,,,,,,,,False,,,,,,,
Employment | r33_c20 | Thursday,Employment,r33_c20,Thursday,55,52,False,05:30-06:00,1.0,1,0.0,,0.0,0.0,True,False,,,,,,,,,,,,,,,,False,,,,,,,
Employment | r33_c20 | Tuesday,Employment,r33_c20,Tuesday,57,52,False,05:30-06:00,1.0,1,0.0,,0.0,0.0,True,False,,,,,,,,,,,,,,,,False,,,,,,,
Employment | r33_c20 | Wednesday,Employment,r33_c20,Wednesday,55,52,False,05:30-06:00,0.9818181818181818,2,0.018181818181818188,599.9999999999998,10.909090909090908,0.01818181818181818,True,False,,,,,,,,,,,,,,,,False,,,,,,,
Employment | r33_c21 | Friday,Employment,r33_c21,Friday,2,1,False,11:00-11:30,0.5,2,0.5,60.0,30.0,0.25,False,False,,,,,,,,,,,,,,,,False,,,,,,,
Employment | r33_c21 | Monday,Employment,r33_c21,Monday,32,29,False,09:00-09:30,1.0,1,0.0,,0.0,0.0,True,False,,,,,,,,,,,,,,,,False,,,,,,,
Employment | r33_c21 | Tuesday,Employment,r33_c21,Tuesday,32,29,False,09:00-09:30,1.0,1,0.0,,0.0,0.0,True,False,,,,,,,,,,,,,,,,False,,,,,,,
Employment | r33_c22 | Friday,Employment,r33_c22,Friday,104,51,False,09:30-10:00,0.5,12,0.5,274.6153846153846,137.3076923076923,0.4711538461538462,True,False,,,,,,,,,,,,,,,,False,,,,,,,
Employment | r33_c22 | Monday,Employment,r33_c22,Monday,76,52,False,15:00-15:30,0.8157894736842105,6,0.1842105263157895,66.42857142857142,12.236842105263158,0.09539473684210527,True,False,,,,,,,,,,,,,,,,False,,,,,,,
Employment | r33_c22 | Thursday,Employment,r33_c22,Thursday,151,52,False,15:00-15:30,0.40397350993377484,14,0.5960264900662251,242.33333333333334,144.43708609271522,0.5182119205298014,True,False,,,,,,,,,,,,,,,,False,,,,,,,
Employment | r33_c22 | Tuesday,Employment,r33_c22,Tuesday,87,52,False,15:00-15:30,0.7816091954022989,7,0.2183908045977011,85.26315789473685,18.620689655172413,0.1149425287356322,True,False,,,,,,,,,,,,,,,,False,,,,,,,
Employment | r33_c22 | Wednesday,Employment,r33_c22,Wednesday,5,2,False,09:30-10:00,0.6,3,0.4,180.0,72.0,0.25,False,False,,,,,,,,,,,,,,,,False,,,,,,,
Employment | r33_c23 | Friday,Employment,r33_c23,Friday,51,48,False,15:00-15:30,0.9607843137254902,3,0.039215686274509776,45.00000000000003,1.7647058823529411,0.014705882352941176,True,False,,,,,,,,,,,,,,,,False,,,,,,,
Employment | r33_c23 | Thursday,Employment,r33_c23,Thursday,49,45,False,15:00-15:30,0.9591836734693877,3,0.04081632653061229,149.99999999999983,6.122448979591836,0.02551020408163265,True,False,,,,,,,,,,,,,,,,False,,,,,,,
Employment | r33_c23 | Tuesday,Employment,r33_c23,Tuesday,1,1,False,15:00-15:30,1.0,1,0.0,,0.0,0.0,False,False,,,,,,,,,,,,,,,,False,,,,,,,
Employment | r33_c23 | Wednesday,Employment,r33_c23,Wednesday,1,1,False,15:00-15:30,1.0,1,0.0,,0.0,0.0,False,False,,,,,,,,,,,,,,,,False,,,,,,,
Employment | r34_c17 | Friday,Employment,r34_c17,Friday,2,2,False,15:30-16:00,1.0,1,0.0,,0.0,0.0,False,False,,,,,,,,,,,,,,,,False,,,,,,,
Employment | r34_c17 | Monday,Employment,r34_c17,Monday,36,29,False,16:00-16:30,0.8333333333333334,4,0.16666666666666663,40.00000000000001,6.666666666666666,0.05555555555555555,True,False,,,,,,,,,,,,,,,,False,,,,,,,
Employment | r34_c17 | Thursday,Employment,r34_c17,Thursday,60,37,False,15:30-16:00,0.9666666666666667,3,0.033333333333333326,30.000000000000007,1.0,0.008333333333333333,True,False,,,,,,,,,,,,,,,,False,,,,,,,
Employment | r34_c17 | Tuesday,Employment,r34_c17,Tuesday,33,29,False,16:00-16:30,0.9090909090909091,3,0.09090909090909094,39.99999999999999,3.6363636363636367,0.030303030303030307,True,False,,,,,,,,,,,,,,,,False,,,,,,,
Employment | r34_c17 | Wednesday,Employment,r34_c17,Wednesday,63,38,False,15:30-16:00,0.8571428571428571,4,0.1428571428571429,33.33333333333332,4.761904761904762,0.03968253968253968,True,False,,,,,,,,,,,,,,,,False,,,,,,,
Employment | r34_c18 | Friday,Employment,r34_c18,Friday,1,1,False,08:30-09:00,1.0,1,0.0,,0.0,0.0,False,False,,,,,,,,,,,,,,,,False,,,,,,,
Employment | r34_c20 | Thursday,Employment,r34_c20,Thursday,30,22,False,07:00-07:30,0.7666666666666667,2,0.23333333333333328,30.000000000000007,7.0,0.058333333333333334,True,False,,,,,,,,,,,,,,,,False,,,,,,,
Employment | r34_c20 | Tuesday,Employment,r34_c20,Tuesday,34,21,False,07:00-07:30,0.8235294117647058,3,0.17647058823529416,34.99999999999999,6.176470588235294,0.051470588235294115,True,False,,,,,,,,,,,,,,,,False,,,,,,,
Employment | r34_c21 | Monday,Employment,r34_c21,Monday,3,2,False,07:30-08:00,1.0,1,0.0,,0.0,0.0,False,False,,,,,,,,,,,,,,,,False,,,,,,,
Employment | r34_c21 | Tuesday,Employment,r34_c21,Tuesday,113,51,False,07:30-08:00,0.4690265486725664,5,0.5309734513274336,38.50000000000001,20.442477876106196,0.17035398230088494,True,False,,,,,,,,,,,,,,,,False,,,,,,,
Employment | r34_c21 | Wednesday,Employment,r34_c21,Wednesday,61,52,False,07:30-08:00,0.9672131147540983,3,0.032786885245901676,44.99999999999995,1.4754098360655739,0.012295081967213115,True,False,,,,,,,,,,,,,,,,False,,,,,,,
Employment | r35_c14 | Friday,Employment,r35_c14,Friday,5,5,False,09:00-09:30,0.4,3,0.6,70.0,42.0,0.35,False,False,,,,,,,,,,,,,,,,False,,,,,,,
Employment | r35_c14 | Monday,Employment,r35_c14,Monday,4,1,False,09:00-09:30,0.75,2,0.25,30.0,7.5,0.0625,False,False,,,,,,,,,,,,,,,,False,,,,,,,
Employment | r35_c14 | Thursday,Employment,r35_c14,Thursday,84,49,False,09:00-09:30,0.7142857142857143,6,0.2857142857142857,43.74999999999999,12.499999999999998,0.10416666666666664,True,False,,,,,,,,,,,,,,,,False,,,,,,,
Employment | r35_c14 | Tuesday,Employment,r35_c14,Tuesday,94,48,False,09:00-09:30,0.6170212765957447,7,0.3829787234042553,40.83333333333333,15.638297872340424,0.125,True,False,,,,,,,,,,,,,,,,False,,,,,,,
Employment | r35_c14 | Wednesday,Employment,r35_c14,Wednesday,74,49,False,09:00-09:30,0.7567567567567568,6,0.2432432432432432,51.66666666666668,12.567567567567568,0.10135135135135136,True,False,,,,,,,,,,,,,,,,False,,,,,,,
Employment | r35_c17 | Friday,Employment,r35_c17,Friday,25,21,False,09:30-10:00,0.84,3,0.16000000000000003,29.999999999999993,4.8,0.04,True,False,,,,,,,,,,,,,,,,False,,,,,,,
Employment | r35_c17 | Monday,Employment,r35_c17,Monday,18,16,False,09:30-10:00,1.0,1,0.0,,0.0,0.0,True,False,,,,,,,,,,,,,,,,False,,,,,,,
Employment | r35_c17 | Thursday,Employment,r35_c17,Thursday,14,11,False,09:30-10:00,0.9285714285714286,2,0.0714285714285714,30.000000000000014,2.142857142857143,0.017857142857142856,True,False,,,,,,,,,,,,,,,,False,,,,,,,
Employment | r35_c17 | Tuesday,Employment,r35_c17,Tuesday,16,16,False,09:30-10:00,1.0,1,0.0,,0.0,0.0,True,False,,,,,,,,,,,,,,,,False,,,,,,,
Employment | r35_c17 | Wednesday,Employment,r35_c17,Wednesday,34,27,False,09:30-10:00,0.7352941176470589,5,0.2647058823529411,70.00000000000001,18.529411764705884,0.09558823529411764,True,False,,,,,,,,,,,,,,,,False,,,,,,,
Employment | r35_c22 | Friday,Employment,r35_c22,Friday,12,11,False,09:00-09:30,0.3333333333333333,6,0.6666666666666667,59.99999999999999,40.0,0.3333333333333333,True,False,,,,,,,,,,,,,,,,False,,,,,,,
Employment | r35_c22 | Monday,Employment,r35_c22,Monday,12,11,False,09:00-09:30,0.4166666666666667,5,0.5833333333333333,51.42857142857144,30.0,0.25,True,False,,,,,,,,,,,,,,,,False,,,,,,,
Employment | r35_c22 | Thursday,Employment,r35_c22,Thursday,12,12,False,09:00-09:30,0.3333333333333333,5,0.6666666666666667,67.49999999999999,45.0,0.375,True,False,,,,,,,,,,,,,,,,False,,,,,,,
Employment | r35_c22 | Tuesday,Employment,r35_c22,Tuesday,18,12,False,10:00-10:30,0.2777777777777778,5,0.7222222222222222,87.6923076923077,63.333333333333336,0.5277777777777777,True,False,,,,,,,,,,,,,,,,False,,,,,,,
Employment | r35_c23 | Friday,Employment,r35_c23,Friday,21,14,False,06:00-06:30,0.6666666666666666,6,0.33333333333333337,98.57142857142856,32.857142857142854,0.24999999999999994,True,False,,,,,,,,,,,,,,,,False,,,,,,,
Employment | r35_c23 | Monday,Employment,r35_c23,Monday,22,15,False,06:00-06:30,0.6363636363636364,3,0.36363636363636365,60.00000000000001,21.81818181818182,0.18181818181818182,True,False,,,,,,,,,,,,,,,,False,,,,,,,
Employment | r35_c23 | Thursday,Employment,r35_c23,Thursday,8,8,False,06:00-06:30,0.75,3,0.25,105.0,26.25,0.15625,False,False,,,,,,,,,,,,,,,,False,,,,,,,
Employment | r35_c23 | Tuesday,Employment,r35_c23,Tuesday,19,12,False,06:00-06:30,0.8421052631578947,3,0.1578947368421053,79.99999999999997,12.631578947368421,0.10526315789473684,True,False,,,,,,,,,,,,,,,,False,,,,,,,
Employment | r35_c23 | Wednesday,Employment,r35_c23,Wednesday,64,30,False,06:00-06:30,0.546875,8,0.453125,69.3103448275862,31.40625,0.2265625,True,False,,,,,,,,,,,,,,,,False,,,,,,,
Employment | r36_c16 | Friday,Employment,r36_c16,Friday,33,24,False,15:30-16:00,0.6666666666666666,4,0.33333333333333337,54.54545454545455,18.181818181818183,0.10606060606060606,True,False,,,,,,,,,,,,,,,,False,,,,,,,
Employment | r36_c16 | Monday,Employment,r36_c16,Monday,24,17,False,15:30-16:00,0.5833333333333334,3,0.41666666666666663,30.000000000000004,12.5,0.10416666666666667,True,False,,,,,,,,,,,,,,,,False,,,,,,,
Employment | r36_c16 | Thursday,Employment,r36_c16,Thursday,19,14,False,15:00-15:30,0.5263157894736842,4,0.4736842105263158,56.666666666666664,26.842105263157894,0.17105263157894737,True,False,,,,,,,,,,,,,,,,False,,,,,,,
Employment | r36_c16 | Tuesday,Employment,r36_c16,Tuesday,18,16,False,15:30-16:00,0.5,4,0.5,56.666666666666664,28.333333333333332,0.16666666666666669,True,False,,,,,,,,,,,,,,,,False,,,,,,,
Employment | r36_c16 | Wednesday,Employment,r36_c16,Wednesday,29,25,False,15:30-16:00,0.7586206896551724,3,0.24137931034482762,64.28571428571428,15.517241379310345,0.08620689655172414,True,False,,,,,,,,,,,,,,,,False,,,,,,,
Employment | r36_c21 | Friday,Employment,r36_c21,Friday,24,21,False,09:00-09:30,0.9583333333333334,2,0.04166666666666663,30.00000000000003,1.25,0.010416666666666666,True,False,,,,,,,,,,,,,,,,False,,,,,,,
Employment | r36_c21 | Monday,Employment,r36_c21,Monday,60,52,False,09:00-09:30,1.0,1,0.0,,0.0,0.0,True,False,,,,,,,,,,,,,,,,False,,,,,,,
Employment | r36_c21 | Thursday,Employment,r36_c21,Thursday,67,52,False,09:00-09:30,0.9552238805970149,4,0.04477611940298509,49.99999999999998,2.2388059701492535,0.018656716417910446,True,False,,,,,,,,,,,,,,,,False,,,,,,,
Employment | r36_c21 | Tuesday,Employment,r36_c21,Tuesday,63,52,False,09:00-09:30,1.0,1,0.0,,0.0,0.0,True,False,,,,,,,,,,,,,,,,False,,,,,,,
Employment | r37_c16 | Monday,Employment,r37_c16,Monday,1,1,False,08:00-08:30,1.0,1,0.0,,0.0,0.0,False,False,,,,,,,,,,,,,,,,False,,,,,,,
Employment | r37_c17 | Friday,Employment,r37_c17,Friday,45,31,False,06:30-07:00,1.0,1,0.0,,0.0,0.0,True,False,,,,,,,,,,,,,,,,False,,,,,,,
Employment | r37_c17 | Monday,Employment,r37_c17,Monday,38,30,False,06:30-07:00,1.0,1,0.0,,0.0,0.0,True,False,,,,,,,,,,,,,,,,False,,,,,,,
Employment | r37_c17 | Thursday,Employment,r37_c17,Thursday,38,30,False,06:30-07:00,1.0,1,0.0,,0.0,0.0,True,False,,,,,,,,,,,,,,,,False,,,,,,,
Employment | r37_c17 | Tuesday,Employment,r37_c17,Tuesday,38,30,False,06:30-07:00,0.9736842105263158,2,0.02631578947368418,30.000000000000036,0.7894736842105263,0.006578947368421053,True,False,,,,,,,,,,,,,,,,False,,,,,,,
Employment | r37_c17 | Wednesday,Employment,r37_c17,Wednesday,39,31,False,06:30-07:00,0.9487179487179487,2,0.05128205128205132,29.999999999999975,1.5384615384615383,0.01282051282051282,True,False,,,,,,,,,,,,,,,,False,,,,,,,
Employment | r37_c23 | Friday,Employment,r37_c23,Friday,63,53,False,07:00-07:30,0.9047619047619048,5,0.09523809523809523,85.0,8.095238095238095,0.06349206349206349,True,False,,,,,,,,,,,,,,,,False,,,,,,,
Employment | r37_c23 | Monday,Employment,r37_c23,Monday,1,1,False,07:00-07:30,1.0,1,0.0,,0.0,0.0,False,False,,,,,,,,,,,,,,,,False,,,,,,,
Employment | r37_c23 | Thursday,Employment,r37_c23,Thursday,72,52,False,07:00-07:30,0.9583333333333334,4,0.04166666666666663,70.00000000000006,2.9166666666666665,0.024305555555555552,True,False,,,,,,,,,,,,,,,,False,,,,,,,
Employment | r37_c23 | Tuesday,Employment,r37_c23,Tuesday,72,52,False,07:00-07:30,0.9305555555555556,2,0.06944444444444442,30.000000000000014,2.0833333333333335,0.017361111111111112,True,False,,,,,,,,,,,,,,,,False,,,,,,,
Employment | r37_c23 | Wednesday,Employment,r37_c23,Wednesday,65,52,False,07:00-07:30,0.9384615384615385,3,0.06153846153846154,30.0,1.8461538461538463,0.015384615384615384,True,False,,,,,,,,,,,,,,,,False,,,,,,,
Employment | r43_c19 | Friday,Employment,r43_c19,Friday,1,1,False,08:30-09:00,1.0,1,0.0,,0.0,0.0,False,False,,,,,,,,,,,,,,,,False,,,,,,,
Employment | r43_c19 | Thursday,Employment,r43_c19,Thursday,3,1,False,08:30-09:00,0.6666666666666666,2,0.33333333333333337,29.999999999999996,10.0,0.08333333333333333,False,False,,,,,,,,,,,,,,,,False,,,,,,,
Medical | r10_c14 | Friday,Medical,r10_c14,Friday,12,6,False,09:00-09:30,0.3333333333333333,5,0.6666666666666667,123.74999999999999,82.5,0.35416666666666663,True,False,,,,,,,,,,,,,,,,False,,,,,,,
Medical | r10_c14 | Monday,Medical,r10_c14,Monday,8,4,False,09:00-09:30,0.375,5,0.625,66.0,41.25,0.28125,False,False,,,,,,,,,,,,,,,,False,,,,,,,
Medical | r10_c14 | Saturday,Medical,r10_c14,Saturday,1,1,False,09:00-09:30,1.0,1,0.0,,0.0,0.0,False,False,,,,,,,,,,,,,,,,False,,,,,,,
Medical | r10_c14 | Thursday,Medical,r10_c14,Thursday,22,11,False,09:00-09:30,0.45454545454545453,5,0.5454545454545454,272.50000000000006,148.63636363636365,0.4772727272727273,True,False,,,,,,,,,,,,,,,,False,,,,,,,
Medical | r10_c14 | Tuesday,Medical,r10_c14,Tuesday,29,11,False,09:00-09:30,0.3103448275862069,11,0.6896551724137931,165.0,113.79310344827587,0.5603448275862069,True,False,,,,,,,,,,,,,,,,False,,,,,,,
Medical | r10_c14 | Wednesday,Medical,r10_c14,Wednesday,18,7,False,11:00-11:30,0.16666666666666666,11,0.8333333333333334,122.0,101.66666666666667,0.6388888888888888,True,False,,,,,,,,,,,,,,,,False,,,,,,,
Medical | r10_c15 | Friday,Medical,r10_c15,Friday,76,43,False,09:00-09:30,0.5657894736842105,13,0.4342105263157895,180.9090909090909,78.55263157894737,0.38815789473684204,True,False,,,,,,,,,,,,,,,,False,,,,,,,
Medical | r10_c15 | Monday,Medical,r10_c15,Monday,7,5,False,08:30-09:00,0.2857142857142857,4,0.7142857142857143,53.99999999999999,38.57142857142857,0.3214285714285714,False,False,,,,,,,,,,,,,,,,False,,,,,,,
Medical | r10_c15 | Thursday,Medical,r10_c15,Thursday,87,42,False,09:00-09:30,0.5747126436781609,13,0.4252873563218391,89.1891891891892,37.931034482758626,0.2557471264367816,True,False,,,,,,,,,,,,,,,,False,,,,,,,
Medical | r10_c15 | Tuesday,Medical,r10_c15,Tuesday,71,46,False,09:00-09:30,0.6619718309859155,6,0.3380281690140845,48.75,16.47887323943662,0.13732394366197184,True,False,,,,,,,,,,,,,,,,False,,,,,,,
Medical | r10_c15 | Wednesday,Medical,r10_c15,Wednesday,11,5,False,10:00-10:30,0.36363636363636365,5,0.6363636363636364,55.714285714285715,35.45454545454545,0.29545454545454547,True,False,,,,,,,,,,,,,,,,False,,,,,,,
Medical | r10_c18 | Friday,Medical,r10_c18,Friday,11,7,False,08:30-09:00,0.6363636363636364,3,0.36363636363636365,60.00000000000001,21.81818181818182,0.18181818181818182,True,False,,,,,,,,,,,,,,,,False,,,,,,,
Medical | r10_c18 | Monday,Medical,r10_c18,Monday,11,5,False,09:30-10:00,0.45454545454545453,3,0.5454545454545454,45.00000000000001,24.545454545454547,0.20454545454545453,True,False,,,,,,,,,,,,,,,,False,,,,,,,
Medical | r10_c18 | Thursday,Medical,r10_c18,Thursday,18,11,False,08:30-09:00,0.3888888888888889,5,0.6111111111111112,57.272727272727266,35.0,0.29166666666666663,True,False,,,,,,,,,,,,,,,,False,,,,,,,
Medical | r10_c18 | Tuesday,Medical,r10_c18,Tuesday,21,7,False,09:00-09:30,0.2857142857142857,9,0.7142857142857143,137.99999999999997,98.57142857142856,0.49999999999999994,True,False,,,,,,,,,,,,,,,,False,,,,,,,
Medical | r10_c18 | Wednesday,Medical,r10_c18,Wednesday,11,8,False,09:00-09:30,0.2727272727272727,5,0.7272727272727273,45.0,32.72727272727273,0.2727272727272727,True,False,,,,,,,,,,,,,,,,False,,,,,,,
Medical | r10_c19 | Friday,Medical,r10_c19,Friday,2,1,False,11:00-11:30,0.5,2,0.5,30.0,15.0,0.125,False,False,,,,,,,,,,,,,,,,False,,,,,,,
Medical | r10_c19 | Monday,Medical,r10_c19,Monday,7,4,False,12:30-13:00,0.42857142857142855,5,0.5714285714285714,135.0,77.14285714285714,0.3928571428571428,False,False,,,,,,,,,,,,,,,,False,,,,,,,
Medical | r10_c19 | Thursday,Medical,r10_c19,Thursday,10,5,False,08:30-09:00,0.2,7,0.8,172.5,138.0,0.675,True,False,,,,,,,,,,,,,,,,False,,,,,,,
Medical | r10_c19 | Tuesday,Medical,r10_c19,Tuesday,12,5,False,12:00-12:30,0.4166666666666667,6,0.5833333333333333,55.71428571428572,32.5,0.2708333333333333,True,False,,,,,,,,,,,,,,,,False,,,,,,,
Medical | r10_c19 | Wednesday,Medical,r10_c19,Wednesday,6,3,False,12:30-13:00,0.3333333333333333,5,0.6666666666666667,142.49999999999997,95.0,0.5416666666666666,False,False,,,,,,,,,,,,,,,,False,,,,,,,
Medical | r10_c20 | Tuesday,Medical,r10_c20,Tuesday,3,2,False,09:30-10:00,1.0,1,0.0,,0.0,0.0,False,False,,,,,,,,,,,,,,,,False,,,,,,,
Medical | r10_c24 | Monday,Medical,r10_c24,Monday,2,2,False,08:00-08:30,0.5,2,0.5,30.0,15.0,0.125,False,False,,,,,,,,,,,,,,,,False,,,,,,,
Medical | r10_c24 | Thursday,Medical,r10_c24,Thursday,10,3,False,08:30-09:00,0.4,5,0.6,50.0,30.0,0.25,True,False,,,,,,,,,,,,,,,,False,,,,,,,
Medical | r10_c24 | Tuesday,Medical,r10_c24,Tuesday,18,7,False,08:30-09:00,0.5555555555555556,4,0.4444444444444444,37.50000000000001,16.666666666666668,0.1388888888888889,True,False,,,,,,,,,,,,,,,,False,,,,,,,
Medical | r10_c24 | Wednesday,Medical,r10_c24,Wednesday,4,2,False,07:30-08:00,0.5,2,0.5,240.0,120.0,0.5,False,False,,,,,,,,,,,,,,,,False,,,,,,,
Medical | r11_c13 | Friday,Medical,r11_c13,Friday,1,1,False,11:00-11:30,1.0,1,0.0,,0.0,0.0,False,False,,,,,,,,,,,,,,,,False,,,,,,,
Medical | r11_c13 | Monday,Medical,r11_c13,Monday,1,1,False,10:00-10:30,1.0,1,0.0,,0.0,0.0,False,False,,,,,,,,,,,,,,,,False,,,,,,,
Medical | r11_c13 | Thursday,Medical,r11_c13,Thursday,2,1,False,10:30-11:00,0.5,2,0.5,120.0,60.0,0.5,False,False,,,,,,,,,,,,,,,,False,,,,,,,
Medical | r11_c14 | Friday,Medical,r11_c14,Friday,2,2,False,09:00-09:30,0.5,2,0.5,60.0,30.0,0.25,False,False,,,,,,,,,,,,,,,,False,,,,,,,
Medical | r11_c14 | Monday,Medical,r11_c14,Monday,7,6,False,08:30-09:00,0.2857142857142857,4,0.7142857142857143,89.99999999999999,64.28571428571428,0.49999999999999994,False,False,,,,,,,,,,,,,,,,False,,,,,,,
Medical | r11_c14 | Thursday,Medical,r11_c14,Thursday,21,7,False,12:00-12:30,0.19047619047619047,11,0.8095238095238095,123.52941176470588,100.0,0.6190476190476188,True,False,,,,,,,,,,,,,,,,False,,,,,,,
Medical | r11_c14 | Tuesday,Medical,r11_c14,Tuesday,14,5,False,09:00-09:30,0.42857142857142855,5,0.5714285714285714,56.24999999999999,32.14285714285714,0.26785714285714285,True,False,,,,,,,,,,,,,,,,False,,,,,,,
Medical | r11_c14 | Wednesday,Medical,r11_c14,Wednesday,19,7,False,09:00-09:30,0.15789473684210525,10,0.8421052631578947,105.0,88.42105263157895,0.5789473684210528,True,False,,,,,,,,,,,,,,,,False,,,,,,,
Medical | r11_c15 | Friday,Medical,r11_c15,Friday,19,14,False,09:00-09:30,0.631578947368421,5,0.368421052631579,55.71428571428571,20.526315789473685,0.17105263157894737,True,False,,,,,,,,,,,,,,,,False,,,,,,,
Medical | r11_c15 | Monday,Medical,r11_c15,Monday,51,24,False,09:00-09:30,0.3333333333333333,9,0.6666666666666667,62.647058823529406,41.76470588235294,0.3284313725490196,True,False,,,,,,,,,,,,,,,,False,,,,,,,
Medical | r11_c15 | Thursday,Medical,r11_c15,Thursday,34,17,False,09:00-09:30,0.38235294117647056,11,0.6176470588235294,109.99999999999999,67.94117647058823,0.4117647058823529,True,False,,,,,,,,,,,,,,,,False,,,,,,,
Medical | r11_c15 | Tuesday,Medical,r11_c15,Tuesday,31,19,False,09:00-09:30,0.45161290322580644,8,0.5483870967741935,58.235294117647065,31.935483870967744,0.25806451612903225,True,False,,,,,,,,,,,,,,,,False,,,,,,,
Medical | r11_c15 | Wednesday,Medical,r11_c15,Wednesday,22,10,False,09:00-09:30,0.4090909090909091,5,0.5909090909090908,41.53846153846155,24.545454545454547,0.20454545454545459,True,False,,,,,,,,,,,,,,,,False,,,,,,,
Medical | r11_c18 | Friday,Medical,r11_c18,Friday,1,1,False,10:30-11:00,1.0,1,0.0,,0.0,0.0,False,False,,,,,,,,,,,,,,,,False,,,,,,,
Medical | r11_c18 | Monday,Medical,r11_c18,Monday,17,6,False,09:00-09:30,0.23529411764705882,8,0.7647058823529411,99.23076923076924,75.88235294117648,0.5735294117647058,True,False,,,,,,,,,,,,,,,,False,,,,,,,
Medical | r11_c18 | Thursday,Medical,r11_c18,Thursday,17,7,False,09:00-09:30,0.35294117647058826,8,0.6470588235294117,117.2727272727273,75.88235294117648,0.411764705882353,True,False,,,,,,,,,,,,,,,,False,,,,,,,
Medical | r11_c18 | Tuesday,Medical,r11_c18,Tuesday,4,4,False,09:30-10:00,0.75,2,0.25,30.0,7.5,0.0625,False,False,,,,,,,,,,,,,,,,False,,,,,,,
Medical | r11_c18 | Wednesday,Medical,r11_c18,Wednesday,18,8,False,10:00-10:30,0.3333333333333333,7,0.6666666666666667,59.99999999999999,40.0,0.3055555555555555,True,False,,,,,,,,,,,,,,,,False,,,,,,,
Medical | r11_c19 | Wednesday,Medical,r11_c19,Wednesday,1,1,False,10:00-10:30,1.0,1,0.0,,0.0,0.0,False,False,,,,,,,,,,,,,,,,False,,,,,,,
Medical | r11_c23 | Wednesday,Medical,r11_c23,Wednesday,1,1,False,13:30-14:00,1.0,1,0.0,,0.0,0.0,False,False,,,,,,,,,,,,,,,,False,,,,,,,
Medical | r12_c17 | Monday,Medical,r12_c17,Monday,3,3,False,08:30-09:00,0.3333333333333333,3,0.6666666666666667,104.99999999999999,70.0,0.5833333333333333,False,False,,,,,,,,,,,,,,,,False,,,,,,,
Medical | r12_c17 | Wednesday,Medical,r12_c17,Wednesday,2,1,False,09:30-10:00,0.5,2,0.5,90.0,45.0,0.375,False,False,,,,,,,,,,,,,,,,False,,,,,,,
Medical | r12_c18 | Thursday,Medical,r12_c18,Thursday,1,1,False,09:30-10:00,1.0,1,0.0,,0.0,0.0,False,False,,,,,,,,,,,,,,,,False,,,,,,,
Medical | r12_c21 | Friday,Medical,r12_c21,Friday,5,1,False,09:30-10:00,1.0,1,0.0,,0.0,0.0,False,False,,,,,,,,,,,,,,,,False,,,,,,,
Medical | r12_c21 | Monday,Medical,r12_c21,Monday,3,2,False,09:30-10:00,0.6666666666666666,2,0.33333333333333337,29.999999999999996,10.0,0.08333333333333333,False,False,,,,,,,,,,,,,,,,False,,,,,,,
Medical | r12_c21 | Thursday,Medical,r12_c21,Thursday,11,5,False,09:30-10:00,0.45454545454545453,3,0.5454545454545454,30.000000000000007,16.363636363636367,0.13636363636363635,True,False,,,,,,,,,,,,,,,,False,,,,,,,
Medical | r12_c21 | Tuesday,Medical,r12_c21,Tuesday,11,6,False,09:30-10:00,0.5454545454545454,4,0.4545454545454546,54.0,24.545454545454547,0.18181818181818182,True,False,,,,,,,,,,,,,,,,False,,,,,,,
Medical | r12_c21 | Wednesday,Medical,r12_c21,Wednesday,7,3,False,09:00-09:30,0.42857142857142855,3,0.5714285714285714,37.5,21.428571428571427,0.17857142857142855,False,False,,,,,,,,,,,,,,,,False,,,,,,,
Medical | r12_c25 | Friday,Medical,r12_c25,Friday,22,3,False,09:00-09:30,0.5,5,0.5,40.90909090909091,20.454545454545453,0.17045454545454544,True,False,,,,,,,,,,,,,,,,False,,,,,,,
Medical | r12_c25 | Monday,Medical,r12_c25,Monday,11,4,False,09:30-10:00,0.2727272727272727,7,0.7272727272727273,60.00000000000001,43.63636363636364,0.36363636363636365,True,False,,,,,,,,,,,,,,,,False,,,,,,,
Medical | r12_c25 | Thursday,Medical,r12_c25,Thursday,9,7,False,09:00-09:30,0.3333333333333333,5,0.6666666666666667,64.99999999999999,43.33333333333333,0.36111111111111116,False,False,,,,,,,,,,,,,,,,False,,,,,,,
Medical | r12_c25 | Tuesday,Medical,r12_c25,Tuesday,4,4,False,09:00-09:30,0.5,2,0.5,30.0,15.0,0.125,False,False,,,,,,,,,,,,,,,,False,,,,,,,
Medical | r12_c25 | Wednesday,Medical,r12_c25,Wednesday,21,6,False,08:30-09:00,0.2857142857142857,9,0.7142857142857143,77.99999999999999,55.71428571428571,0.3928571428571428,True,False,,,,,,,,,,,,,,,,False,,,,,,,
Medical | r13_c16 | Friday,Medical,r13_c16,Friday,2,1,False,10:00-10:30,1.0,1,0.0,,0.0,0.0,False,False,,,,,,,,,,,,,,,,False,,,,,,,
Medical | r13_c16 | Monday,Medical,r13_c16,Monday,4,3,False,08:00-08:30,0.25,4,0.75,90.0,67.5,0.5625,False,False,,,,,,,,,,,,,,,,False,,,,,,,
Medical | r13_c16 | Saturday,Medical,r13_c16,Saturday,12,1,False,09:30-10:00,0.3333333333333333,6,0.6666666666666667,44.99999999999999,30.0,0.24999999999999997,False,False,,,,,,,,,,,,,,,,False,,,,,,,
Medical | r13_c16 | Thursday,Medical,r13_c16,Thursday,3,3,False,09:30-10:00,0.6666666666666666,2,0.33333333333333337,209.99999999999997,70.0,0.3333333333333333,False,False,,,,,,,,,,,,,,,,False,,,,,,,
Medical | r13_c16 | Tuesday,Medical,r13_c16,Tuesday,11,9,False,09:00-09:30,0.5454545454545454,3,0.4545454545454546,48.0,21.81818181818182,0.18181818181818182,True,False,,,,,,,,,,,,,,,,False,,,,,,,
Medical | r13_c16 | Wednesday,Medical,r13_c16,Wednesday,36,13,False,09:00-09:30,0.25,8,0.75,77.77777777777776,58.33333333333332,0.41666666666666674,True,False,,,,,,,,,,,,,,,,False,,,,,,,
Medical | r13_c17 | Friday,Medical,r13_c17,Friday,6,4,False,11:00-11:30,0.3333333333333333,5,0.6666666666666667,157.49999999999997,105.0,0.5833333333333334,False,False,,,,,,,,,,,,,,,,False,,,,,,,
Medical | r13_c17 | Thursday,Medical,r13_c17,Thursday,3,3,False,07:30-08:00,0.3333333333333333,3,0.6666666666666667,254.99999999999997,170.0,0.6666666666666666,False,False,,,,,,,,,,,,,,,,False,,,,,,,
Medical | r13_c18 | Friday,Medical,r13_c18,Friday,2,1,False,12:30-13:00,0.5,2,0.5,30.0,15.0,0.125,False,False,,,,,,,,,,,,,,,,False,,,,,,,
Medical | r13_c18 | Thursday,Medical,r13_c18,Thursday,5,4,False,12:30-13:00,0.2,5,0.8,75.0,60.0,0.5,False,False,,,,,,,,,,,,,,,,False,,,,,,,
Medical | r13_c18 | Tuesday,Medical,r13_c18,Tuesday,9,6,False,12:00-12:30,0.3333333333333333,6,0.6666666666666667,74.99999999999999,50.0,0.4166666666666667,False,False,,,,,,,,,,,,,,,,False,,,,,,,
Medical | r13_c19 | Friday,Medical,r13_c19,Friday,9,2,False,09:30-10:00,0.3333333333333333,6,0.6666666666666667,104.99999999999999,70.0,0.4444444444444445,False,False,,,,,,,,,,,,,,,,False,,,,,,,
Medical | r13_c19 | Monday,Medical,r13_c19,Monday,10,5,False,09:30-10:00,0.5,4,0.5,84.0,42.0,0.35000000000000003,True,False,,,,,,,,,,,,,,,,False,,,,,,,
Medical | r13_c19 | Thursday,Medical,r13_c19,Thursday,12,6,False,09:00-09:30,0.3333333333333333,5,0.6666666666666667,63.74999999999999,42.5,0.35416666666666663,True,False,,,,,,,,,,,,,,,,False,,,,,,,
Medical | r13_c19 | Tuesday,Medical,r13_c19,Tuesday,7,5,False,09:00-09:30,0.42857142857142855,5,0.5714285714285714,105.0,60.0,0.3214285714285714,False,False,,,,,,,,,,,,,,,,False,,,,,,,
Medical | r13_c19 | Wednesday,Medical,r13_c19,Wednesday,3,3,False,09:00-09:30,0.3333333333333333,3,0.6666666666666667,44.99999999999999,30.0,0.25,False,False,,,,,,,,,,,,,,,,False,,,,,,,
Medical | r13_c22 | Monday,Medical,r13_c22,Monday,9,3,False,10:30-11:00,0.3333333333333333,6,0.6666666666666667,94.99999999999999,63.33333333333333,0.47222222222222227,False,False,,,,,,,,,,,,,,,,False,,,,,,,
Medical | r13_c22 | Tuesday,Medical,r13_c22,Tuesday,2,1,False,10:30-11:00,1.0,1,0.0,,0.0,0.0,False,False,,,,,,,,,,,,,,,,False,,,,,,,
Medical | r13_c22 | Wednesday,Medical,r13_c22,Wednesday,3,2,False,09:30-10:00,1.0,1,0.0,,0.0,0.0,False,False,,,,,,,,,,,,,,,,False,,,,,,,
Medical | r13_c24 | Friday,Medical,r13_c24,Friday,2,1,False,09:00-09:30,1.0,1,0.0,,0.0,0.0,False,False,,,,,,,,,,,,,,,,False,,,,,,,
Medical | r13_c24 | Thursday,Medical,r13_c24,Thursday,5,2,False,09:30-10:00,1.0,1,0.0,,0.0,0.0,False,False,,,,,,,,,,,,,,,,False,,,,,,,
Medical | r13_c24 | Tuesday,Medical,r13_c24,Tuesday,10,4,False,09:30-10:00,0.9,2,0.09999999999999998,30.000000000000007,3.0,0.025,True,False,,,,,,,,,,,,,,,,False,,,,,,,
Medical | r13_c24 | Wednesday,Medical,r13_c24,Wednesday,4,1,False,09:00-09:30,0.75,2,0.25,30.0,7.5,0.0625,False,False,,,,,,,,,,,,,,,,False,,,,,,,
Medical | r14_c16 | Friday,Medical,r14_c16,Friday,9,7,False,10:00-10:30,1.0,1,0.0,,0.0,0.0,False,False,,,,,,,,,,,,,,,,False,,,,,,,
Medical | r14_c16 | Monday,Medical,r14_c16,Monday,7,4,False,10:00-10:30,0.5714285714285714,4,0.4285714285714286,179.99999999999997,77.14285714285714,0.42857142857142855,False,False,,,,,,,,,,,,,,,,False,,,,,,,
Medical | r14_c16 | Thursday,Medical,r14_c16,Thursday,12,6,False,10:00-10:30,0.25,7,0.75,70.0,52.5,0.3958333333333333,True,False,,,,,,,,,,,,,,,,False,,,,,,,
Medical | r14_c16 | Tuesday,Medical,r14_c16,Tuesday,5,4,False,07:00-07:30,0.4,4,0.6,120.0,72.0,0.45,False,False,,,,,,,,,,,,,,,,False,,,,,,,
Medical | r14_c16 | Wednesday,Medical,r14_c16,Wednesday,12,9,False,10:00-10:30,0.8333333333333334,2,0.16666666666666663,30.000000000000007,5.0,0.041666666666666664,True,False,,,,,,,,,,,,,,,,False,,,,,,,
Medical | r14_c23 | Friday,Medical,r14_c23,Friday,8,3,False,10:30-11:00,0.375,5,0.625,60.0,37.5,0.3125,False,False,,,,,,,,,,,,,,,,False,,,,,,,
Medical | r14_c23 | Thursday,Medical,r14_c23,Thursday,4,1,False,10:30-11:00,0.5,3,0.5,45.0,22.5,0.1875,False,False,,,,,,,,,,,,,,,,False,,,,,,,
Medical | r14_c23 | Tuesday,Medical,r14_c23,Tuesday,2,2,False,07:30-08:00,0.5,2,0.5,180.0,90.0,0.5,False,False,,,,,,,,,,,,,,,,False,,,,,,,
Medical | r14_c23 | Wednesday,Medical,r14_c23,Wednesday,8,1,False,09:00-09:30,0.375,5,0.625,48.0,30.0,0.25,False,False,,,,,,,,,,,,,,,,False,,,,,,,
Medical | r14_c24 | Friday,Medical,r14_c24,Friday,11,9,False,09:00-09:30,0.36363636363636365,5,0.6363636363636364,77.14285714285715,49.09090909090909,0.38636363636363635,True,False,,,,,,,,,,,,,,,,False,,,,,,,
Medical | r14_c24 | Monday,Medical,r14_c24,Monday,14,8,False,09:00-09:30,0.21428571428571427,9,0.7857142857142857,90.0,70.71428571428571,0.5,True,False,,,,,,,,,,,,,,,,False,,,,,,,
Medical | r14_c24 | Thursday,Medical,r14_c24,Thursday,33,15,False,09:00-09:30,0.30303030303030304,12,0.696969696969697,194.34782608695653,135.45454545454547,0.553030303030303,True,False,,,,,,,,,,,,,,,,False,,,,,,,
Medical | r14_c24 | Tuesday,Medical,r14_c24,Tuesday,40,18,False,09:00-09:30,0.4,13,0.6,173.75,104.25,0.4625,True,False,,,,,,,,,,,,,,,,False,,,,,,,
Medical | r14_c24 | Wednesday,Medical,r14_c24,Wednesday,31,16,False,09:30-10:00,0.2903225806451613,9,0.7096774193548387,80.45454545454545,57.096774193548384,0.41129032258064513,True,False,,,,,,,,,,,,,,,,False,,,,,,,
Medical | r14_c25 | Monday,Medical,r14_c25,Monday,7,1,False,09:00-09:30,0.2857142857142857,4,0.7142857142857143,180.0,128.57142857142858,0.7142857142857142,False,False,,,,,,,,,,,,,,,,False,,,,,,,
Medical | r14_c25 | Tuesday,Medical,r14_c25,Tuesday,4,3,False,14:00-14:30,0.5,3,0.5,75.0,37.5,0.3125,False,False,,,,,,,,,,,,,,,,False,,,,,,,
Medical | r14_c25 | Wednesday,Medical,r14_c25,Wednesday,3,1,False,11:30-12:00,0.3333333333333333,3,0.6666666666666667,194.99999999999997,130.0,0.6666666666666666,False,False,,,,,,,,,,,,,,,,False,,,,,,,
Medical | r14_c28 | Friday,Medical,r14_c28,Friday,5,1,False,14:00-14:30,0.4,3,0.6,30.0,18.0,0.15000000000000002,False,False,,,,,,,,,,,,,,,,False,,,,,,,
Medical | r15_c15 | Monday,Medical,r15_c15,Monday,1,1,False,08:00-08:30,1.0,1,0.0,,0.0,0.0,False,False,,,,,,,,,,,,,,,,False,,,,,,,
Medical | r15_c15 | Thursday,Medical,r15_c15,Thursday,3,2,False,12:30-13:00,0.3333333333333333,3,0.6666666666666667,59.99999999999999,40.0,0.3333333333333333,False,False,,,,,,,,,,,,,,,,False,,,,,,,
Medical | r15_c15 | Wednesday,Medical,r15_c15,Wednesday,1,1,False,08:00-08:30,1.0,1,0.0,,0.0,0.0,False,False,,,,,,,,,,,,,,,,False,,,,,,,
Medical | r15_c16 | Friday,Medical,r15_c16,Friday,2,2,False,12:00-12:30,0.5,2,0.5,30.0,15.0,0.125,False,False,,,,,,,,,,,,,,,,False,,,,,,,
Medical | r15_c16 | Monday,Medical,r15_c16,Monday,9,4,False,09:00-09:30,0.4444444444444444,5,0.5555555555555556,59.999999999999986,33.33333333333333,0.27777777777777773,False,False,,,,,,,,,,,,,,,,False,,,,,,,
Medical | r15_c16 | Thursday,Medical,r15_c16,Thursday,1,1,False,11:00-11:30,1.0,1,0.0,,0.0,0.0,False,False,,,,,,,,,,,,,,,,False,,,,,,,
Medical | r15_c16 | Tuesday,Medical,r15_c16,Tuesday,8,5,False,11:00-11:30,0.25,7,0.75,105.0,78.75,0.5,False,False,,,,,,,,,,,,,,,,False,,,,,,,
Medical | r15_c16 | Wednesday,Medical,r15_c16,Wednesday,24,7,False,12:30-13:00,0.20833333333333334,10,0.7916666666666666,120.0,95.0,0.5520833333333334,True,False,,,,,,,,,,,,,,,,False,,,,,,,
Medical | r16_c14 | Friday,Medical,r16_c14,Friday,13,3,False,09:00-09:30,0.3076923076923077,5,0.6923076923076923,43.33333333333334,30.000000000000004,0.25,True,False,,,,,,,,,,,,,,,,False,,,,,,,
Medical | r16_c14 | Monday,Medical,r16_c14,Monday,5,2,False,13:30-14:00,0.6,3,0.4,60.0,24.0,0.2,False,False,,,,,,,,,,,,,,,,False,,,,,,,
Medical | r16_c14 | Tuesday,Medical,r16_c14,Tuesday,8,4,False,09:30-10:00,0.25,6,0.75,80.0,60.0,0.46875,False,False,,,,,,,,,,,,,,,,False,,,,,,,
Medical | r16_c14 | Wednesday,Medical,r16_c14,Wednesday,1,1,False,14:00-14:30,1.0,1,0.0,,0.0,0.0,False,False,,,,,,,,,,,,,,,,False,,,,,,,
Medical | r16_c15 | Friday,Medical,r16_c15,Friday,2,2,False,09:00-09:30,0.5,2,0.5,30.0,15.0,0.125,False,False,,,,,,,,,,,,,,,,False,,,,,,,
Medical | r16_c15 | Monday,Medical,r16_c15,Monday,4,2,False,08:30-09:00,0.25,4,0.75,180.0,135.0,0.75,False,False,,,,,,,,,,,,,,,,False,,,,,,,
Medical | r16_c15 | Thursday,Medical,r16_c15,Thursday,2,1,False,09:00-09:30,1.0,1,0.0,,0.0,0.0,False,False,,,,,,,,,,,,,,,,False,,,,,,,
Medical | r16_c15 | Tuesday,Medical,r16_c15,Tuesday,3,2,False,08:30-09:00,0.6666666666666666,2,0.33333333333333337,29.999999999999996,10.0,0.08333333333333333,False,False,,,,,,,,,,,,,,,,False,,,,,,,
Medical | r16_c15 | Wednesday,Medical,r16_c15,Wednesday,2,1,False,09:00-09:30,1.0,1,0.0,,0.0,0.0,False,False,,,,,,,,,,,,,,,,False,,,,,,,
Medical | r16_c16 | Friday,Medical,r16_c16,Friday,31,14,False,09:00-09:30,0.2903225806451613,11,0.7096774193548387,151.36363636363635,107.41935483870967,0.564516129032258,True,False,,,,,,,,,,,,,,,,False,,,,,,,
Medical | r16_c16 | Monday,Medical,r16_c16,Monday,14,11,False,10:30-11:00,0.42857142857142855,6,0.5714285714285714,75.0,42.857142857142854,0.3214285714285714,True,False,,,,,,,,,,,,,,,,False,,,,,,,
Medical | r16_c16 | Thursday,Medical,r16_c16,Thursday,12,6,False,14:00-14:30,0.25,8,0.75,103.33333333333333,77.5,0.47916666666666663,True,False,,,,,,,,,,,,,,,,False,,,,,,,
Medical | r16_c16 | Tuesday,Medical,r16_c16,Tuesday,16,5,False,09:30-10:00,0.25,10,0.75,165.0,123.75,0.578125,True,False,,,,,,,,,,,,,,,,False,,,,,,,
Medical | r16_c16 | Wednesday,Medical,r16_c16,Wednesday,16,10,False,10:30-11:00,0.5,5,0.5,71.25,35.625,0.234375,True,False,,,,,,,,,,,,,,,,False,,,,,,,
Medical | r16_c17 | Friday,Medical,r16_c17,Friday,4,2,False,12:30-13:00,0.25,4,0.75,70.0,52.5,0.4375,False,False,,,,,,,,,,,,,,,,False,,,,,,,
Medical | r16_c17 | Monday,Medical,r16_c17,Monday,1,1,False,12:00-12:30,1.0,1,0.0,,0.0,0.0,False,False,,,,,,,,,,,,,,,,False,,,,,,,
Medical | r16_c17 | Thursday,Medical,r16_c17,Thursday,9,2,False,13:00-13:30,0.2222222222222222,7,0.7777777777777778,64.28571428571428,50.0,0.41666666666666663,False,False,,,,,,,,,,,,,,,,False,,,,,,,
Medical | r16_c17 | Tuesday,Medical,r16_c17,Tuesday,1,1,False,11:30-12:00,1.0,1,0.0,,0.0,0.0,False,False,,,,,,,,,,,,,,,,False,,,,,,,
Medical | r16_c17 | Wednesday,Medical,r16_c17,Wednesday,3,2,False,11:30-12:00,0.3333333333333333,3,0.6666666666666667,104.99999999999999,70.0,0.41666666666666663,False,False,,,,,,,,,,,,,,,,False,,,,,,,
Medical | r16_c29 | Friday,Medical,r16_c29,Friday,1,1,False,09:30-10:00,1.0,1,0.0,,0.0,0.0,False,False,,,,,,,,,,,,,,,,False,,,,,,,
Medical | r16_c29 | Monday,Medical,r16_c29,Monday,7,1,False,09:30-10:00,0.7142857142857143,3,0.2857142857142857,30.0,8.571428571428571,0.07142857142857142,False,False,,,,,,,,,,,,,,,,False,,,,,,,
Medical | r16_c29 | Thursday,Medical,r16_c29,Thursday,5,1,False,09:00-09:30,0.4,3,0.6,40.0,24.0,0.2,False,False,,,,,,,,,,,,,,,,False,,,,,,,
Medical | r16_c29 | Tuesday,Medical,r16_c29,Tuesday,22,5,False,09:00-09:30,0.18181818181818182,10,0.8181818181818181,101.66666666666669,83.18181818181819,0.5795454545454545,True,False,,,,,,,,,,,,,,,,False,,,,,,,
Medical | r16_c29 | Wednesday,Medical,r16_c29,Wednesday,5,1,False,08:30-09:00,0.4,3,0.6,40.0,24.0,0.2,False,False,,,,,,,,,,,,,,,,False,,,,,,,
Medical | r17_c11 | Thursday,Medical,r17_c11,Thursday,5,1,False,08:00-08:30,0.4,4,0.6,60.0,36.0,0.30000000000000004,False,False,,,,,,,,,,,,,,,,False,,,,,,,
Medical | r17_c15 | Friday,Medical,r17_c15,Friday,6,2,False,09:00-09:30,0.3333333333333333,3,0.6666666666666667,44.99999999999999,30.0,0.25,False,False,,,,,,,,,,,,,,,,False,,,,,,,
Medical | r17_c15 | Monday,Medical,r17_c15,Monday,3,2,False,11:30-12:00,0.6666666666666666,2,0.33333333333333337,59.99999999999999,20.0,0.16666666666666666,False,False,,,,,,,,,,,,,,,,False,,,,,,,
Medical | r17_c15 | Thursday,Medical,r17_c15,Thursday,11,2,False,08:30-09:00,0.45454545454545453,7,0.5454545454545454,345.00000000000006,188.1818181818182,0.5454545454545455,False,False,,,,,,,,,,,,,,,,False,,,,,,,
Medical | r17_c15 | Tuesday,Medical,r17_c15,Tuesday,9,4,False,09:00-09:30,0.2222222222222222,7,0.7777777777777778,239.99999999999997,186.66666666666666,0.7222222222222223,False,False,,,,,,,,,,,,,,,,False,,,,,,,
Medical | r17_c15 | Wednesday,Medical,r17_c15,Wednesday,2,1,False,11:30-12:00,0.5,2,0.5,30.0,15.0,0.125,False,False,,,,,,,,,,,,,,,,False,,,,,,,
Medical | r17_c16 | Friday,Medical,r17_c16,Friday,96,31,False,12:00-12:30,0.17708333333333334,15,0.8229166666666666,88.86075949367088,73.125,0.5078125,True,False,,,,,,,,,,,,,,,,False,,,,,,,
Medical | r17_c16 | Monday,Medical,r17_c16,Monday,94,17,False,13:00-13:30,0.2127659574468085,12,0.7872340425531915,68.10810810810811,53.61702127659575,0.425531914893617,True,False,,,,,,,,,,,,,,,,False,,,,,,,
Medical | r17_c16 | Thursday,Medical,r17_c16,Thursday,157,34,False,13:30-14:00,0.17197452229299362,15,0.8280254777070064,79.61538461538461,65.92356687898089,0.48089171974522293,True,False,,,,,,,,,,,,,,,,False,,,,,,,
Medical | r17_c16 | Tuesday,Medical,r17_c16,Tuesday,81,32,False,12:00-12:30,0.20987654320987653,14,0.7901234567901234,91.40625,72.22222222222221,0.5185185185185186,True,False,,,,,,,,,,,,,,,,False,,,,,,,
Medical | r17_c16 | Wednesday,Medical,r17_c16,Wednesday,65,24,False,13:30-14:00,0.2153846153846154,11,0.7846153846153846,90.0,70.61538461538461,0.49615384615384617,True,False,,,,,,,,,,,,,,,,False,,,,,,,
Medical | r17_c17 | Friday,Medical,r17_c17,Friday,6,4,False,09:30-10:00,0.3333333333333333,4,0.6666666666666667,82.49999999999999,55.0,0.45833333333333337,False,False,,,,,,,,,,,,,,,,False,,,,,,,
Medical | r17_c17 | Monday,Medical,r17_c17,Monday,3,2,False,09:00-09:30,0.3333333333333333,3,0.6666666666666667,74.99999999999999,50.0,0.41666666666666663,False,False,,,,,,,,,,,,,,,,False,,,,,,,
Medical | r17_c17 | Thursday,Medical,r17_c17,Thursday,3,3,False,09:30-10:00,0.3333333333333333,3,0.6666666666666667,194.99999999999997,130.0,0.5833333333333333,False,False,,,,,,,,,,,,,,,,False,,,,,,,
Medical | r17_c17 | Tuesday,Medical,r17_c17,Tuesday,4,2,False,10:30-11:00,0.75,2,0.25,60.0,15.0,0.125,False,False,,,,,,,,,,,,,,,,False,,,,,,,
Medical | r17_c17 | Wednesday,Medical,r17_c17,Wednesday,19,7,False,09:30-10:00,0.2631578947368421,11,0.736842105263158,154.28571428571425,113.68421052631578,0.5657894736842106,True,False,,,,,,,,,,,,,,,,False,,,,,,,
Medical | r17_c18 | Monday,Medical,r17_c18,Monday,1,1,False,08:00-08:30,1.0,1,0.0,,0.0,0.0,False,False,,,,,,,,,,,,,,,,False,,,,,,,
Medical | r17_c26 | Monday,Medical,r17_c26,Monday,5,1,False,09:00-09:30,0.2,5,0.8,112.5,90.0,0.65,False,False,,,,,,,,,,,,,,,,False,,,,,,,
Medical | r17_c9 | Thursday,Medical,r17_c9,Thursday,4,1,False,08:30-09:00,0.75,2,0.25,90.0,22.5,0.1875,False,False,,,,,,,,,,,,,,,,False,,,,,,,
Medical | r18_c13 | Monday,Medical,r18_c13,Monday,1,1,False,13:30-14:00,1.0,1,0.0,,0.0,0.0,False,False,,,,,,,,,,,,,,,,False,,,,,,,
Medical | r18_c13 | Thursday,Medical,r18_c13,Thursday,2,1,False,10:30-11:00,0.5,2,0.5,120.0,60.0,0.5,False,False,,,,,,,,,,,,,,,,False,,,,,,,
Medical | r18_c14 | Thursday,Medical,r18_c14,Thursday,3,1,False,12:30-13:00,0.3333333333333333,3,0.6666666666666667,44.99999999999999,30.0,0.25,False,False,,,,,,,,,,,,,,,,False,,,,,,,
Medical | r18_c14 | Tuesday,Medical,r18_c14,Tuesday,2,1,False,09:00-09:30,0.5,2,0.5,60.0,30.0,0.25,False,False,,,,,,,,,,,,,,,,False,,,,,,,
Medical | r18_c15 | Friday,Medical,r18_c15,Friday,34,9,False,10:00-10:30,0.4117647058823529,10,0.5882352941176471,85.5,50.294117647058826,0.3161764705882353,True,False,,,,,,,,,,,,,,,,False,,,,,,,
Medical | r18_c15 | Monday,Medical,r18_c15,Monday,53,17,False,11:00-11:30,0.32075471698113206,9,0.679245283018868,73.33333333333333,49.81132075471698,0.410377358490566,True,False,,,,,,,,,,,,,,,,False,,,,,,,
Medical | r18_c15 | Thursday,Medical,r18_c15,Thursday,56,23,False,09:30-10:00,0.25,9,0.75,85.0,63.75,0.4464285714285715,True,False,,,,,,,,,,,,,,,,False,,,,,,,
Medical | r18_c15 | Tuesday,Medical,r18_c15,Tuesday,72,26,False,11:00-11:30,0.2361111111111111,10,0.7638888888888888,71.45454545454547,54.583333333333336,0.44791666666666663,True,False,,,,,,,,,,,,,,,,False,,,,,,,
Medical | r18_c15 | Wednesday,Medical,r18_c15,Wednesday,50,23,False,12:30-13:00,0.2,11,0.8,127.5,102.0,0.675,True,False,,,,,,,,,,,,,,,,False,,,,,,,
Medical | r18_c16 | Friday,Medical,r18_c16,Friday,10,7,False,09:00-09:30,0.2,7,0.8,165.0,132.0,0.65,True,False,,,,,,,,,,,,,,,,False,,,,,,,
Medical | r18_c16 | Monday,Medical,r18_c16,Monday,8,4,False,10:00-10:30,0.25,6,0.75,85.0,63.75,0.40625,False,False,,,,,,,,,,,,,,,,False,,,,,,,
Medical | r18_c16 | Thursday,Medical,r18_c16,Thursday,31,9,False,14:00-14:30,0.16129032258064516,13,0.8387096774193549,135.0,113.2258064516129,0.6048387096774193,True,False,,,,,,,,,,,,,,,,False,,,,,,,
Medical | r18_c16 | Tuesday,Medical,r18_c16,Tuesday,26,10,False,09:30-10:00,0.38461538461538464,9,0.6153846153846154,118.12499999999997,72.69230769230768,0.42307692307692313,True,False,,,,,,,,,,,,,,,,False,,,,,,,
Medical | r18_c16 | Wednesday,Medical,r18_c16,Wednesday,38,19,False,12:00-12:30,0.15789473684210525,14,0.8421052631578947,127.49999999999999,107.36842105263156,0.6710526315789473,True,False,,,,,,,,,,,,,,,,False,,,,,,,
Medical | r18_c17 | Friday,Medical,r18_c17,Friday,53,17,False,12:00-12:30,0.20754716981132076,10,0.7924528301886793,96.42857142857142,76.41509433962264,0.5566037735849056,True,False,,,,,,,,,,,,,,,,False,,,,,,,
Medical | r18_c17 | Monday,Medical,r18_c17,Monday,28,10,False,13:00-13:30,0.25,8,0.75,68.57142857142857,51.42857142857142,0.4017857142857143,True,False,,,,,,,,,,,,,,,,False,,,,,,,
Medical | r18_c17 | Thursday,Medical,r18_c17,Thursday,67,26,False,13:30-14:00,0.208955223880597,12,0.791044776119403,79.24528301886791,62.686567164179095,0.48880597014925364,True,False,,,,,,,,,,,,,,,,False,,,,,,,
Medical | r18_c17 | Tuesday,Medical,r18_c17,Tuesday,43,17,False,12:00-12:30,0.20930232558139536,11,0.7906976744186046,84.70588235294119,66.97674418604652,0.4651162790697674,True,False,,,,,,,,,,,,,,,,False,,,,,,,
Medical | r18_c17 | Wednesday,Medical,r18_c17,Wednesday,56,18,False,15:00-15:30,0.25,11,0.75,110.0,82.5,0.5178571428571428,True,False,,,,,,,,,,,,,,,,False,,,,,,,
Medical | r18_c19 | Friday,Medical,r18_c19,Friday,4,1,False,08:30-09:00,0.25,4,0.75,60.0,45.0,0.375,False,False,,,,,,,,,,,,,,,,False,,,,,,,
Medical | r18_c19 | Thursday,Medical,r18_c19,Thursday,6,1,False,08:30-09:00,0.3333333333333333,4,0.6666666666666667,52.49999999999999,35.0,0.29166666666666663,False,False,,,,,,,,,,,,,,,,False,,,,,,,
Medical | r18_c8 | Friday,Medical,r18_c8,Friday,2,1,False,08:30-09:00,0.5,2,0.5,30.0,15.0,0.125,False,False,,,,,,,,,,,,,,,,False,,,,,,,
Medical | r18_c8 | Monday,Medical,r18_c8,Monday,2,1,False,10:00-10:30,1.0,1,0.0,,0.0,0.0,False,False,,,,,,,,,,,,,,,,False,,,,,,,
Medical | r18_c8 | Thursday,Medical,r18_c8,Thursday,2,1,False,09:30-10:00,1.0,1,0.0,,0.0,0.0,False,False,,,,,,,,,,,,,,,,False,,,,,,,
Medical | r19_c10 | Thursday,Medical,r19_c10,Thursday,1,1,False,08:30-09:00,1.0,1,0.0,,0.0,0.0,False,False,,,,,,,,,,,,,,,,False,,,,,,,
Medical | r19_c12 | Tuesday,Medical,r19_c12,Tuesday,2,1,False,10:00-10:30,0.5,2,0.5,120.0,60.0,0.5,False,False,,,,,,,,,,,,,,,,False,,,,,,,
Medical | r19_c13 | Thursday,Medical,r19_c13,Thursday,3,1,False,10:00-10:30,0.6666666666666666,2,0.33333333333333337,89.99999999999999,30.0,0.25,False,False,,,,,,,,,,,,,,,,False,,,,,,,
Medical | r19_c14 | Friday,Medical,r19_c14,Friday,2,2,False,10:00-10:30,0.5,2,0.5,180.0,90.0,0.5,False,False,,,,,,,,,,,,,,,,False,,,,,,,
Medical | r19_c14 | Monday,Medical,r19_c14,Monday,1,1,False,11:00-11:30,1.0,1,0.0,,0.0,0.0,False,False,,,,,,,,,,,,,,,,False,,,,,,,
Medical | r19_c14 | Thursday,Medical,r19_c14,Thursday,17,5,False,10:00-10:30,0.17647058823529413,9,0.8235294117647058,171.42857142857144,141.1764705882353,0.7205882352941176,True,False,,,,,,,,,,,,,,,,False,,,,,,,
Medical | r19_c14 | Tuesday,Medical,r19_c14,Tuesday,6,3,False,09:00-09:30,0.6666666666666666,2,0.33333333333333337,209.99999999999997,70.0,0.3333333333333333,False,False,,,,,,,,,,,,,,,,False,,,,,,,
Medical | r19_c14 | Wednesday,Medical,r19_c14,Wednesday,7,3,False,11:30-12:00,0.42857142857142855,4,0.5714285714285714,60.0,34.285714285714285,0.2857142857142857,False,False,,,,,,,,,,,,,,,,False,,,,,,,
Medical | r19_c16 | Friday,Medical,r19_c16,Friday,4,1,False,09:30-10:00,0.5,3,0.5,30.0,15.0,0.125,False,False,,,,,,,,,,,,,,,,False,,,,,,,
Medical | r19_c16 | Monday,Medical,r19_c16,Monday,6,4,False,08:30-09:00,0.3333333333333333,4,0.6666666666666667,172.49999999999997,115.0,0.6666666666666666,False,False,,,,,,,,,,,,,,,,False,,,,,,,
Medical | r19_c16 | Thursday,Medical,r19_c16,Thursday,13,6,False,09:00-09:30,0.15384615384615385,9,0.8461538461538461,210.0,177.69230769230768,0.7115384615384617,True,False,,,,,,,,,,,,,,,,False,,,,,,,
Medical | r19_c16 | Tuesday,Medical,r19_c16,Tuesday,7,4,False,13:30-14:00,0.42857142857142855,5,0.5714285714285714,150.00000000000003,85.71428571428572,0.42857142857142855,False,False,,,,,,,,,,,,,,,,False,,,,,,,
Medical | r19_c16 | Wednesday,Medical,r19_c16,Wednesday,1,1,False,10:00-10:30,1.0,1,0.0,,0.0,0.0,False,False,,,,,,,,,,,,,,,,False,,,,,,,
Medical | r19_c22 | Friday,Medical,r19_c22,Friday,1,1,False,09:00-09:30,1.0,1,0.0,,0.0,0.0,False,False,,,,,,,,,,,,,,,,False,,,,,,,
Medical | r19_c9 | Friday,Medical,r19_c9,Friday,1,1,False,08:00-08:30,1.0,1,0.0,,0.0,0.0,False,False,,,,,,,,,,,,,,,,False,,,,,,,
Medical | r19_c9 | Thursday,Medical,r19_c9,Thursday,1,1,False,08:30-09:00,1.0,1,0.0,,0.0,0.0,False,False,,,,,,,,,,,,,,,,False,,,,,,,
Medical | r19_c9 | Tuesday,Medical,r19_c9,Tuesday,7,1,False,09:00-09:30,1.0,1,0.0,,0.0,0.0,False,False,,,,,,,,,,,,,,,,False,,,,,,,
Medical | r19_c9 | Wednesday,Medical,r19_c9,Wednesday,2,1,False,09:00-09:30,1.0,1,0.0,,0.0,0.0,False,False,,,,,,,,,,,,,,,,False,,,,,,,
Medical | r20_c13 | Friday,Medical,r20_c13,Friday,1,1,False,10:00-10:30,1.0,1,0.0,,0.0,0.0,False,False,,,,,,,,,,,,,,,,False,,,,,,,
Medical | r20_c13 | Monday,Medical,r20_c13,Monday,16,5,False,09:30-10:00,0.4375,7,0.5625,66.66666666666667,37.5,0.296875,True,False,,,,,,,,,,,,,,,,False,,,,,,,
Medical | r20_c13 | Thursday,Medical,r20_c13,Thursday,4,4,False,09:30-10:00,0.25,4,0.75,90.0,67.5,0.4375,False,False,,,,,,,,,,,,,,,,False,,,,,,,
Medical | r20_c13 | Tuesday,Medical,r20_c13,Tuesday,11,6,False,09:00-09:30,0.2727272727272727,9,0.7272727272727273,108.75,79.0909090909091,0.5,True,False,,,,,,,,,,,,,,,,False,,,,,,,
Medical | r20_c13 | Wednesday,Medical,r20_c13,Wednesday,1,1,False,12:30-13:00,1.0,1,0.0,,0.0,0.0,False,False,,,,,,,,,,,,,,,,False,,,,,,,
Medical | r20_c16 | Friday,Medical,r20_c16,Friday,2,1,False,07:00-07:30,1.0,1,0.0,,0.0,0.0,False,False,,,,,,,,,,,,,,,,False,,,,,,,
Medical | r20_c16 | Thursday,Medical,r20_c16,Thursday,2,2,False,08:30-09:00,0.5,2,0.5,30.0,15.0,0.125,False,False,,,,,,,,,,,,,,,,False,,,,,,,
Medical | r20_c16 | Tuesday,Medical,r20_c16,Tuesday,6,3,False,08:30-09:00,0.3333333333333333,5,0.6666666666666667,74.99999999999999,50.0,0.41666666666666663,False,False,,,,,,,,,,,,,,,,False,,,,,,,
Medical | r20_c17 | Friday,Medical,r20_c17,Friday,50,42,False,13:00-13:30,0.82,5,0.18000000000000005,43.33333333333332,7.8,0.065,True,False,,,,,,,,,,,,,,,,False,,,,,,,
Medical | r20_c17 | Monday,Medical,r20_c17,Monday,12,6,False,13:00-13:30,0.4166666666666667,5,0.5833333333333333,64.28571428571429,37.5,0.29166666666666663,True,False,,,,,,,,,,,,,,,,False,,,,,,,
Medical | r20_c17 | Thursday,Medical,r20_c17,Thursday,47,41,False,13:00-13:30,0.851063829787234,5,0.14893617021276595,60.00000000000001,8.936170212765958,0.07446808510638298,True,False,,,,,,,,,,,,,,,,False,,,,,,,
Medical | r20_c17 | Tuesday,Medical,r20_c17,Tuesday,68,40,False,13:00-13:30,0.6176470588235294,8,0.38235294117647056,45.000000000000014,17.20588235294118,0.13970588235294118,True,False,,,,,,,,,,,,,,,,False,,,,,,,
Medical | r20_c17 | Wednesday,Medical,r20_c17,Wednesday,44,11,False,13:00-13:30,0.3409090909090909,9,0.6590909090909092,58.965517241379295,38.86363636363636,0.3068181818181818,True,False,,,,,,,,,,,,,,,,False,,,,,,,
Medical | r20_c21 | Friday,Medical,r20_c21,Friday,5,2,False,09:30-10:00,0.4,4,0.6,50.0,30.0,0.25,False,False,,,,,,,,,,,,,,,,False,,,,,,,
Medical | r20_c21 | Monday,Medical,r20_c21,Monday,22,16,False,10:00-10:30,1.0,1,0.0,,0.0,0.0,True,False,,,,,,,,,,,,,,,,False,,,,,,,
Medical | r20_c21 | Thursday,Medical,r20_c21,Thursday,35,17,False,10:00-10:30,0.4,10,0.6,121.42857142857142,72.85714285714285,0.4928571428571429,True,False,,,,,,,,,,,,,,,,False,,,,,,,
Medical | r20_c21 | Tuesday,Medical,r20_c21,Tuesday,8,4,False,09:30-10:00,0.5,3,0.5,45.0,22.5,0.1875,False,False,,,,,,,,,,,,,,,,False,,,,,,,
Medical | r20_c21 | Wednesday,Medical,r20_c21,Wednesday,23,16,False,10:00-10:30,0.9130434782608695,3,0.08695652173913049,89.99999999999994,7.826086956521739,0.06521739130434782,True,False,,,,,,,,,,,,,,,,False,,,,,,,
Medical | r20_c22 | Friday,Medical,r20_c22,Friday,23,13,False,10:00-10:30,0.30434782608695654,5,0.6956521739130435,63.750000000000014,44.34782608695653,0.3695652173913043,True,False,,,,,,,,,,,,,,,,False,,,,,,,
Medical | r20_c22 | Monday,Medical,r20_c22,Monday,28,13,False,10:00-10:30,0.2857142857142857,8,0.7142857142857143,81.0,57.857142857142854,0.4732142857142857,True,False,,,,,,,,,,,,,,,,False,,,,,,,
Medical | r20_c22 | Thursday,Medical,r20_c22,Thursday,67,18,False,09:30-10:00,0.2537313432835821,9,0.7462686567164178,54.6,40.74626865671642,0.3283582089552239,True,False,,,,,,,,,,,,,,,,False,,,,,,,
Medical | r20_c22 | Tuesday,Medical,r20_c22,Tuesday,39,13,False,09:30-10:00,0.2564102564102564,7,0.7435897435897436,54.82758620689655,40.76923076923077,0.31410256410256415,True,False,,,,,,,,,,,,,,,,False,,,,,,,
Medical | r20_c22 | Wednesday,Medical,r20_c22,Wednesday,29,15,False,09:30-10:00,0.3103448275862069,7,0.6896551724137931,69.0,47.58620689655172,0.353448275862069,True,False,,,,,,,,,,,,,,,,False,,,,,,,
Medical | r20_c8 | Friday,Medical,r20_c8,Friday,3,1,False,10:00-10:30,0.6666666666666666,2,0.33333333333333337,29.999999999999996,10.0,0.08333333333333333,False,False,,,,,,,,,,,,,,,,False,,,,,,,
Medical | r20_c8 | Monday,Medical,r20_c8,Monday,6,4,False,08:30-09:00,0.3333333333333333,3,0.6666666666666667,74.99999999999999,50.0,0.41666666666666663,False,False,,,,,,,,,,,,,,,,False,,,,,,,
Medical | r20_c8 | Thursday,Medical,r20_c8,Thursday,9,5,False,08:00-08:30,0.5555555555555556,3,0.4444444444444444,75.0,33.33333333333333,0.2777777777777778,False,False,,,,,,,,,,,,,,,,False,,,,,,,
Medical | r20_c8 | Tuesday,Medical,r20_c8,Tuesday,14,6,False,09:00-09:30,0.35714285714285715,7,0.6428571428571428,126.66666666666669,81.42857142857143,0.4464285714285714,True,False,,,,,,,,,,,,,,,,False,,,,,,,
Medical | r20_c8 | Wednesday,Medical,r20_c8,Wednesday,11,10,False,09:00-09:30,0.2727272727272727,6,0.7272727272727273,123.75000000000001,90.00000000000001,0.5227272727272727,True,False,,,,,,,,,,,,,,,,False,,,,,,,
Medical | r20_c9 | Monday,Medical,r20_c9,Monday,1,1,False,10:30-11:00,1.0,1,0.0,,0.0,0.0,False,False,,,,,,,,,,,,,,,,False,,,,,,,
Medical | r20_c9 | Thursday,Medical,r20_c9,Thursday,1,1,False,07:30-08:00,1.0,1,0.0,,0.0,0.0,False,False,,,,,,,,,,,,,,,,False,,,,,,,
Medical | r21_c10 | Thursday,Medical,r21_c10,Thursday,1,1,False,12:00-12:30,1.0,1,0.0,,0.0,0.0,False,False,,,,,,,,,,,,,,,,False,,,,,,,
Medical | r21_c10 | Wednesday,Medical,r21_c10,Wednesday,1,1,False,11:30-12:00,1.0,1,0.0,,0.0,0.0,False,False,,,,,,,,,,,,,,,,False,,,,,,,
Medical | r21_c13 | Thursday,Medical,r21_c13,Thursday,1,1,False,10:00-10:30,1.0,1,0.0,,0.0,0.0,False,False,,,,,,,,,,,,,,,,False,,,,,,,
Medical | r21_c13 | Tuesday,Medical,r21_c13,Tuesday,1,1,False,09:30-10:00,1.0,1,0.0,,0.0,0.0,False,False,,,,,,,,,,,,,,,,False,,,,,,,
Medical | r21_c13 | Wednesday,Medical,r21_c13,Wednesday,2,1,False,10:00-10:30,1.0,1,0.0,,0.0,0.0,False,False,,,,,,,,,,,,,,,,False,,,,,,,
Medical | r21_c14 | Thursday,Medical,r21_c14,Thursday,9,4,False,09:30-10:00,0.2222222222222222,7,0.7777777777777778,94.28571428571428,73.33333333333333,0.5555555555555556,False,False,,,,,,,,,,,,,,,,False,,,,,,,
Medical | r21_c14 | Tuesday,Medical,r21_c14,Tuesday,2,1,False,12:00-12:30,1.0,1,0.0,,0.0,0.0,False,False,,,,,,,,,,,,,,,,False,,,,,,,
Medical | r21_c14 | Wednesday,Medical,r21_c14,Wednesday,3,3,False,10:00-10:30,0.3333333333333333,3,0.6666666666666667,104.99999999999999,70.0,0.5833333333333333,False,False,,,,,,,,,,,,,,,,False,,,,,,,
Medical | r21_c15 | Friday,Medical,r21_c15,Friday,1,1,False,11:00-11:30,1.0,1,0.0,,0.0,0.0,False,False,,,,,,,,,,,,,,,,False,,,,,,,
Medical | r21_c16 | Friday,Medical,r21_c16,Friday,2,1,False,07:30-08:00,1.0,1,0.0,,0.0,0.0,False,False,,,,,,,,,,,,,,,,False,,,,,,,
Medical | r21_c16 | Monday,Medical,r21_c16,Monday,2,1,False,07:30-08:00,1.0,1,0.0,,0.0,0.0,False,False,,,,,,,,,,,,,,,,False,,,,,,,
Medical | r21_c16 | Thursday,Medical,r21_c16,Thursday,1,1,False,08:30-09:00,1.0,1,0.0,,0.0,0.0,False,False,,,,,,,,,,,,,,,,False,,,,,,,
Medical | r21_c16 | Wednesday,Medical,r21_c16,Wednesday,3,2,False,10:00-10:30,0.3333333333333333,3,0.6666666666666667,119.99999999999999,80.0,0.5,False,False,,,,,,,,,,,,,,,,False,,,,,,,
Medical | r21_c17 | Friday,Medical,r21_c17,Friday,14,6,False,09:00-09:30,0.21428571428571427,7,0.7857142857142857,169.0909090909091,132.85714285714286,0.6964285714285714,True,False,,,,,,,,,,,,,,,,False,,,,,,,
Medical | r21_c17 | Monday,Medical,r21_c17,Monday,31,13,False,09:00-09:30,0.22580645161290322,10,0.7741935483870968,171.24999999999997,132.5806451612903,0.6370967741935484,True,False,,,,,,,,,,,,,,,,False,,,,,,,
Medical | r21_c17 | Thursday,Medical,r21_c17,Thursday,14,9,False,11:00-11:30,0.21428571428571427,10,0.7857142857142857,109.09090909090911,85.71428571428572,0.6071428571428571,True,False,,,,,,,,,,,,,,,,False,,,,,,,
Medical | r21_c17 | Tuesday,Medical,r21_c17,Tuesday,37,11,False,13:00-13:30,0.2702702702702703,10,0.7297297297297297,84.44444444444444,61.62162162162162,0.38513513513513514,True,False,,,,,,,,,,,,,,,,False,,,,,,,
Medical | r21_c17 | Wednesday,Medical,r21_c17,Wednesday,38,14,False,09:00-09:30,0.42105263157894735,11,0.5789473684210527,132.27272727272725,76.57894736842104,0.4144736842105264,True,False,,,,,,,,,,,,,,,,False,,,,,,,
Medical | r21_c18 | Tuesday,Medical,r21_c18,Tuesday,1,1,False,12:30-13:00,1.0,1,0.0,,0.0,0.0,False,False,,,,,,,,,,,,,,,,False,,,,,,,
Medical | r21_c23 | Monday,Medical,r21_c23,Monday,25,16,False,12:00-12:30,0.48,6,0.52,55.384615384615394,28.800000000000004,0.21000000000000002,True,False,,,,,,,,,,,,,,,,False,,,,,,,
Medical | r21_c23 | Thursday,Medical,r21_c23,Thursday,20,15,False,12:30-13:00,0.35,5,0.65,80.76923076923076,52.5,0.425,True,False,,,,,,,,,,,,,,,,False,,,,,,,
Medical | r21_c23 | Wednesday,Medical,r21_c23,Wednesday,31,17,False,12:00-12:30,0.3870967741935484,7,0.6129032258064516,58.421052631578945,35.806451612903224,0.27419354838709675,True,False,,,,,,,,,,,,,,,,False,,,,,,,
Medical | r21_c31 | Wednesday,Medical,r21_c31,Wednesday,2,1,False,09:00-09:30,1.0,1,0.0,,0.0,0.0,False,False,,,,,,,,,,,,,,,,False,,,,,,,
Medical | r21_c9 | Friday,Medical,r21_c9,Friday,11,6,False,12:30-13:00,0.2727272727272727,7,0.7272727272727273,86.24999999999999,62.72727272727272,0.4772727272727273,True,False,,,,,,,,,,,,,,,,False,,,,,,,
Medical | r21_c9 | Monday,Medical,r21_c9,Monday,13,8,False,15:00-15:30,0.3076923076923077,7,0.6923076923076923,139.99999999999997,96.9230769230769,0.576923076923077,True,False,,,,,,,,,,,,,,,,False,,,,,,,
Medical | r21_c9 | Thursday,Medical,r21_c9,Thursday,64,25,False,15:30-16:00,0.3125,14,0.6875,178.63636363636363,122.8125,0.53515625,True,False,,,,,,,,,,,,,,,,False,,,,,,,
Medical | r21_c9 | Tuesday,Medical,r21_c9,Tuesday,46,23,False,15:30-16:00,0.5,8,0.5,136.9565217391304,68.4782608695652,0.3369565217391304,True,False,,,,,,,,,,,,,,,,False,,,,,,,
Medical | r21_c9 | Wednesday,Medical,r21_c9,Wednesday,45,21,False,09:00-09:30,0.4666666666666667,12,0.5333333333333333,206.24999999999997,109.99999999999999,0.4611111111111111,True,False,,,,,,,,,,,,,,,,False,,,,,,,
Medical | r22_c11 | Monday,Medical,r22_c11,Monday,34,11,False,09:00-09:30,0.20588235294117646,7,0.7941176470588236,74.44444444444444,59.11764705882353,0.48529411764705876,True,False,,,,,,,,,,,,,,,,False,,,,,,,
Medical | r22_c11 | Tuesday,Medical,r22_c11,Tuesday,3,2,False,10:30-11:00,0.6666666666666666,2,0.33333333333333337,29.999999999999996,10.0,0.08333333333333333,False,False,,,,,,,,,,,,,,,,False,,,,,,,
Medical | r22_c11 | Wednesday,Medical,r22_c11,Wednesday,6,1,False,10:00-10:30,0.3333333333333333,5,0.6666666666666667,59.99999999999999,40.0,0.3333333333333333,False,False,,,,,,,,,,,,,,,,False,,,,,,,
Medical | r22_c12 | Thursday,Medical,r22_c12,Thursday,13,5,False,08:30-09:00,0.38461538461538464,5,0.6153846153846154,52.49999999999999,32.30769230769231,0.2692307692307693,True,False,,,,,,,,,,,,,,,,False,,,,,,,
Medical | r22_c12 | Tuesday,Medical,r22_c12,Tuesday,10,6,False,09:00-09:30,0.5,3,0.5,30.0,15.0,0.125,True,False,,,,,,,,,,,,,,,,False,,,,,,,
Medical | r22_c12 | Wednesday,Medical,r22_c12,Wednesday,16,7,False,09:00-09:30,0.875,2,0.125,30.0,3.75,0.03125,True,False,,,,,,,,,,,,,,,,False,,,,,,,
Medical | r22_c13 | Friday,Medical,r22_c13,Friday,9,3,False,10:00-10:30,0.5555555555555556,2,0.4444444444444444,30.0,13.333333333333332,0.1111111111111111,False,False,,,,,,,,,,,,,,,,False,,,,,,,
Medical | r22_c13 | Monday,Medical,r22_c13,Monday,22,10,False,10:00-10:30,0.2727272727272727,8,0.7272727272727273,97.5,70.9090909090909,0.5227272727272727,True,False,,,,,,,,,,,,,,,,False,,,,,,,
Medical | r22_c13 | Thursday,Medical,r22_c13,Thursday,42,15,False,09:00-09:30,0.23809523809523808,8,0.7619047619047619,82.5,62.857142857142854,0.4702380952380952,True,False,,,,,,,,,,,,,,,,False,,,,,,,
Medical | r22_c13 | Tuesday,Medical,r22_c13,Tuesday,49,18,False,09:30-10:00,0.30612244897959184,11,0.6938775510204082,86.4705882352941,59.99999999999999,0.41836734693877553,True,False,,,,,,,,,,,,,,,,False,,,,,,,
Medical | r22_c13 | Wednesday,Medical,r22_c13,Wednesday,30,7,False,09:00-09:30,0.43333333333333335,8,0.5666666666666667,98.82352941176471,56.0,0.37499999999999994,True,False,,,,,,,,,,,,,,,,False,,,,,,,
Medical | r22_c14 | Friday,Medical,r22_c14,Friday,3,3,False,12:00-12:30,0.6666666666666666,2,0.33333333333333337,29.999999999999996,10.0,0.08333333333333333,False,False,,,,,,,,,,,,,,,,False,,,,,,,
Medical | r22_c14 | Monday,Medical,r22_c14,Monday,3,3,False,12:00-12:30,0.3333333333333333,3,0.6666666666666667,149.99999999999997,100.0,0.5833333333333333,False,False,,,,,,,,,,,,,,,,False,,,,,,,
Medical | r22_c14 | Thursday,Medical,r22_c14,Thursday,13,7,False,12:00-12:30,0.15384615384615385,9,0.8461538461538461,90.00000000000001,76.15384615384616,0.5384615384615385,True,False,,,,,,,,,,,,,,,,False,,,,,,,
Medical | r22_c14 | Tuesday,Medical,r22_c14,Tuesday,15,11,False,12:00-12:30,0.4,6,0.6,86.66666666666667,52.0,0.3,True,False,,,,,,,,,,,,,,,,False,,,,,,,
Medical | r22_c14 | Wednesday,Medical,r22_c14,Wednesday,4,3,False,12:00-12:30,0.25,4,0.75,190.0,142.5,0.75,False,False,,,,,,,,,,,,,,,,False,,,,,,,
Medical | r22_c15 | Friday,Medical,r22_c15,Friday,13,7,False,13:30-14:00,0.46153846153846156,7,0.5384615384615384,115.71428571428574,62.307692307692314,0.3653846153846154,True,False,,,,,,,,,,,,,,,,False,,,,,,,
Medical | r22_c15 | Monday,Medical,r22_c15,Monday,35,17,False,11:00-11:30,0.17142857142857143,12,0.8285714285714285,103.44827586206897,85.71428571428571,0.5999999999999999,True,False,,,,,,,,,,,,,,,,False,,,,,,,
Medical | r22_c15 | Thursday,Medical,r22_c15,Thursday,38,20,False,13:30-14:00,0.21052631578947367,12,0.7894736842105263,124.99999999999999,98.68421052631578,0.5,True,False,,,,,,,,,,,,,,,,False,,,,,,,
Medical | r22_c15 | Tuesday,Medical,r22_c15,Tuesday,34,13,False,13:30-14:00,0.3235294117647059,10,0.6764705882352942,93.91304347826086,63.529411764705884,0.36764705882352944,True,False,,,,,,,,,,,,,,,,False,,,,,,,
Medical | r22_c15 | Wednesday,Medical,r22_c15,Wednesday,28,18,False,12:00-12:30,0.14285714285714285,12,0.8571428571428572,116.24999999999999,99.64285714285714,0.6696428571428571,True,False,,,,,,,,,,,,,,,,False,,,,,,,
Medical | r22_c16 | Friday,Medical,r22_c16,Friday,9,6,False,09:00-09:30,0.3333333333333333,4,0.6666666666666667,79.99999999999999,53.33333333333333,0.3888888888888889,False,False,,,,,,,,,,,,,,,,False,,,,,,,
Medical | r22_c16 | Monday,Medical,r22_c16,Monday,19,15,False,09:00-09:30,0.5789473684210527,5,0.42105263157894735,116.25,48.94736842105263,0.2894736842105263,True,False,,,,,,,,,,,,,,,,False,,,,,,,
Medical | r22_c16 | Thursday,Medical,r22_c16,Thursday,17,11,False,08:00-08:30,0.17647058823529413,10,0.8235294117647058,145.71428571428572,120.0,0.588235294117647,True,False,,,,,,,,,,,,,,,,False,,,,,,,
Medical | r22_c16 | Tuesday,Medical,r22_c16,Tuesday,12,9,False,13:30-14:00,0.25,9,0.75,166.66666666666666,125.0,0.6041666666666666,True,False,,,,,,,,,,,,,,,,False,,,,,,,
Medical | r22_c16 | Wednesday,Medical,r22_c16,Wednesday,22,13,False,09:00-09:30,0.45454545454545453,8,0.5454545454545454,135.0,73.63636363636363,0.44318181818181823,True,False,,,,,,,,,,,,,,,,False,,,,,,,
Medical | r22_c17 | Friday,Medical,r22_c17,Friday,2,2,False,10:00-10:30,0.5,2,0.5,210.0,105.0,0.5,False,False,,,,,,,,,,,,,,,,False,,,,,,,
Medical | r22_c17 | Monday,Medical,r22_c17,Monday,1,1,False,12:00-12:30,1.0,1,0.0,,0.0,0.0,False,False,,,,,,,,,,,,,,,,False,,,,,,,
Medical | r22_c17 | Thursday,Medical,r22_c17,Thursday,10,5,False,12:00-12:30,0.4,6,0.6,95.0,57.0,0.375,True,False,,,,,,,,,,,,,,,,False,,,,,,,
Medical | r22_c17 | Tuesday,Medical,r22_c17,Tuesday,4,2,False,12:30-13:00,0.5,3,0.5,45.0,22.5,0.1875,False,False,,,,,,,,,,,,,,,,False,,,,,,,
Medical | r22_c17 | Wednesday,Medical,r22_c17,Wednesday,11,6,False,12:00-12:30,0.2727272727272727,6,0.7272727272727273,97.50000000000001,70.90909090909092,0.5454545454545454,True,False,,,,,,,,,,,,,,,,False,,,,,,,
Medical | r22_c18 | Friday,Medical,r22_c18,Friday,3,2,False,15:30-16:00,0.6666666666666666,2,0.33333333333333337,29.999999999999996,10.0,0.08333333333333333,False,False,,,,,,,,,,,,,,,,False,,,,,,,
Medical | r22_c18 | Monday,Medical,r22_c18,Monday,23,8,False,12:00-12:30,0.34782608695652173,9,0.6521739130434783,68.0,44.34782608695652,0.33695652173913043,True,False,,,,,,,,,,,,,,,,False,,,,,,,
Medical | r22_c18 | Thursday,Medical,r22_c18,Thursday,20,8,False,12:30-13:00,0.25,10,0.75,100.0,75.0,0.525,True,False,,,,,,,,,,,,,,,,False,,,,,,,
Medical | r22_c18 | Tuesday,Medical,r22_c18,Tuesday,20,8,False,12:00-12:30,0.25,8,0.75,118.0,88.5,0.5875,True,False,,,,,,,,,,,,,,,,False,,,,,,,
Medical | r22_c18 | Wednesday,Medical,r22_c18,Wednesday,17,9,False,12:30-13:00,0.17647058823529413,8,0.8235294117647058,64.28571428571429,52.94117647058824,0.44117647058823534,True,False,,,,,,,,,,,,,,,,False,,,,,,,
Medical | r22_c19 | Friday,Medical,r22_c19,Friday,1,1,False,09:00-09:30,1.0,1,0.0,,0.0,0.0,False,False,,,,,,,,,,,,,,,,False,,,,,,,
Medical | r22_c19 | Monday,Medical,r22_c19,Monday,3,1,False,12:30-13:00,1.0,1,0.0,,0.0,0.0,False,False,,,,,,,,,,,,,,,,False,,,,,,,
Medical | r22_c19 | Wednesday,Medical,r22_c19,Wednesday,5,2,False,09:00-09:30,0.4,3,0.6,110.0,66.0,0.30000000000000004,False,False,,,,,,,,,,,,,,,,False,,,,,,,
Medical | r22_c23 | Friday,Medical,r22_c23,Friday,28,5,False,08:30-09:00,0.25,9,0.75,110.0,82.5,0.5357142857142857,True,False,,,,,,,,,,,,,,,,False,,,,,,,
Medical | r22_c23 | Monday,Medical,r22_c23,Monday,14,6,False,09:00-09:30,0.42857142857142855,5,0.5714285714285714,56.24999999999999,32.14285714285714,0.23214285714285712,True,False,,,,,,,,,,,,,,,,False,,,,,,,
Medical | r22_c23 | Thursday,Medical,r22_c23,Thursday,16,7,False,10:00-10:30,0.375,7,0.625,84.0,52.5,0.390625,True,False,,,,,,,,,,,,,,,,False,,,,,,,
Medical | r22_c23 | Tuesday,Medical,r22_c23,Tuesday,5,3,False,09:00-09:30,0.4,3,0.6,150.0,90.0,0.45,False,False,,,,,,,,,,,,,,,,False,,,,,,,
Medical | r22_c23 | Wednesday,Medical,r22_c23,Wednesday,27,4,False,11:00-11:30,0.25925925925925924,9,0.7407407407407407,79.5,58.888888888888886,0.42592592592592593,True,False,,,,,,,,,,,,,,,,False,,,,,,,
Medical | r22_c29 | Friday,Medical,r22_c29,Friday,4,2,False,08:30-09:00,0.5,3,0.5,105.0,52.5,0.375,False,False,,,,,,,,,,,,,,,,False,,,,,,,
Medical | r22_c29 | Monday,Medical,r22_c29,Monday,22,2,False,09:00-09:30,0.4090909090909091,6,0.5909090909090908,53.07692307692308,31.36363636363636,0.26136363636363635,False,False,,,,,,,,,,,,,,,,False,,,,,,,
Medical | r22_c29 | Thursday,Medical,r22_c29,Thursday,7,2,False,08:30-09:00,0.2857142857142857,4,0.7142857142857143,102.0,72.85714285714286,0.46428571428571425,False,False,,,,,,,,,,,,,,,,False,,,,,,,
Medical | r22_c29 | Tuesday,Medical,r22_c29,Tuesday,18,3,False,08:30-09:00,0.3333333333333333,8,0.6666666666666667,147.49999999999997,98.33333333333333,0.5416666666666666,True,False,,,,,,,,,,,,,,,,False,,,,,,,
Medical | r22_c29 | Wednesday,Medical,r22_c29,Wednesday,9,2,False,10:30-11:00,0.2222222222222222,6,0.7777777777777778,51.42857142857143,40.0,0.3333333333333333,False,False,,,,,,,,,,,,,,,,False,,,,,,,
Medical | r22_c31 | Friday,Medical,r22_c31,Friday,7,6,False,09:30-10:00,0.8571428571428571,2,0.1428571428571429,29.99999999999999,4.285714285714286,0.03571428571428571,False,False,,,,,,,,,,,,,,,,False,,,,,,,
Medical | r22_c31 | Monday,Medical,r22_c31,Monday,16,8,False,09:30-10:00,0.75,3,0.25,30.0,7.5,0.0625,True,False,,,,,,,,,,,,,,,,False,,,,,,,
Medical | r22_c31 | Wednesday,Medical,r22_c31,Wednesday,14,7,False,09:30-10:00,0.7142857142857143,4,0.2857142857142857,37.5,10.714285714285714,0.08928571428571427,True,False,,,,,,,,,,,,,,,,False,,,,,,,
Medical | r22_c8 | Monday,Medical,r22_c8,Monday,1,1,False,09:30-10:00,1.0,1,0.0,,0.0,0.0,False,False,,,,,,,,,,,,,,,,False,,,,,,,
Medical | r22_c8 | Thursday,Medical,r22_c8,Thursday,1,1,False,09:00-09:30,1.0,1,0.0,,0.0,0.0,False,False,,,,,,,,,,,,,,,,False,,,,,,,
Medical | r22_c8 | Tuesday,Medical,r22_c8,Tuesday,2,1,False,09:00-09:30,1.0,1,0.0,,0.0,0.0,False,False,,,,,,,,,,,,,,,,False,,,,,,,
Medical | r22_c8 | Wednesday,Medical,r22_c8,Wednesday,1,1,False,09:00-09:30,1.0,1,0.0,,0.0,0.0,False,False,,,,,,,,,,,,,,,,False,,,,,,,
Medical | r22_c9 | Friday,Medical,r22_c9,Friday,5,4,False,12:30-13:00,0.4,4,0.6,110.0,66.0,0.35000000000000003,False,False,,,,,,,,,,,,,,,,False,,,,,,,
Medical | r22_c9 | Monday,Medical,r22_c9,Monday,9,3,False,16:00-16:30,0.4444444444444444,5,0.5555555555555556,180.0,100.0,0.4722222222222222,False,False,,,,,,,,,,,,,,,,False,,,,,,,
Medical | r22_c9 | Thursday,Medical,r22_c9,Thursday,8,6,False,12:00-12:30,0.375,4,0.625,60.0,37.5,0.3125,False,False,,,,,,,,,,,,,,,,False,,,,,,,
Medical | r22_c9 | Tuesday,Medical,r22_c9,Tuesday,9,5,False,11:30-12:00,0.3333333333333333,4,0.6666666666666667,39.99999999999999,26.666666666666664,0.2222222222222222,False,False,,,,,,,,,,,,,,,,False,,,,,,,
Medical | r22_c9 | Wednesday,Medical,r22_c9,Wednesday,19,10,False,11:30-12:00,0.3157894736842105,6,0.6842105263157895,55.38461538461539,37.89473684210527,0.27631578947368424,True,False,,,,,,,,,,,,,,,,False,,,,,,,
Medical | r23_c10 | Monday,Medical,r23_c10,Monday,4,3,False,10:00-10:30,0.5,3,0.5,135.0,67.5,0.3125,False,False,,,,,,,,,,,,,,,,False,,,,,,,
Medical | r23_c10 | Thursday,Medical,r23_c10,Thursday,6,3,False,09:30-10:00,0.3333333333333333,5,0.6666666666666667,82.49999999999999,55.0,0.41666666666666663,False,False,,,,,,,,,,,,,,,,False,,,,,,,
Medical | r23_c10 | Tuesday,Medical,r23_c10,Tuesday,1,1,False,10:00-10:30,1.0,1,0.0,,0.0,0.0,False,False,,,,,,,,,,,,,,,,False,,,,,,,
Medical | r23_c10 | Wednesday,Medical,r23_c10,Wednesday,1,1,False,14:00-14:30,1.0,1,0.0,,0.0,0.0,False,False,,,,,,,,,,,,,,,,False,,,,,,,
Medical | r23_c11 | Monday,Medical,r23_c11,Monday,1,1,False,09:00-09:30,1.0,1,0.0,,0.0,0.0,False,False,,,,,,,,,,,,,,,,False,,,,,,,
Medical | r23_c11 | Tuesday,Medical,r23_c11,Tuesday,2,2,False,12:00-12:30,0.5,2,0.5,60.0,30.0,0.25,False,False,,,,,,,,,,,,,,,,False,,,,,,,
Medical | r23_c15 | Tuesday,Medical,r23_c15,Tuesday,1,1,False,12:00-12:30,1.0,1,0.0,,0.0,0.0,False,False,,,,,,,,,,,,,,,,False,,,,,,,
Medical | r23_c16 | Friday,Medical,r23_c16,Friday,3,2,False,15:30-16:00,1.0,1,0.0,,0.0,0.0,False,False,,,,,,,,,,,,,,,,False,,,,,,,
Medical | r23_c16 | Monday,Medical,r23_c16,Monday,1,1,False,16:00-16:30,1.0,1,0.0,,0.0,0.0,False,False,,,,,,,,,,,,,,,,False,,,,,,,
Medical | r23_c16 | Thursday,Medical,r23_c16,Thursday,8,7,False,15:30-16:00,0.875,2,0.125,30.0,3.75,0.03125,False,False,,,,,,,,,,,,,,,,False,,,,,,,
Medical | r23_c16 | Tuesday,Medical,r23_c16,Tuesday,12,8,False,15:30-16:00,0.5833333333333334,5,0.41666666666666663,60.00000000000001,25.0,0.1875,True,False,,,,,,,,,,,,,,,,False,,,,,,,
Medical | r23_c16 | Wednesday,Medical,r23_c16,Wednesday,7,3,False,13:30-14:00,0.2857142857142857,5,0.7142857142857143,83.99999999999999,59.99999999999999,0.49999999999999994,False,False,,,,,,,,,,,,,,,,False,,,,,,,
Medical | r23_c17 | Friday,Medical,r23_c17,Friday,7,2,False,13:00-13:30,0.2857142857142857,5,0.7142857142857143,53.99999999999999,38.57142857142857,0.3214285714285714,False,False,,,,,,,,,,,,,,,,False,,,,,,,
Medical | r23_c17 | Monday,Medical,r23_c17,Monday,11,6,False,14:00-14:30,0.2727272727272727,7,0.7272727272727273,101.25,73.63636363636364,0.38636363636363635,True,False,,,,,,,,,,,,,,,,False,,,,,,,
Medical | r23_c17 | Thursday,Medical,r23_c17,Thursday,11,8,False,11:30-12:00,0.2727272727272727,6,0.7272727272727273,101.25,73.63636363636364,0.5227272727272727,True,False,,,,,,,,,,,,,,,,False,,,,,,,
Medical | r23_c17 | Tuesday,Medical,r23_c17,Tuesday,2,1,False,10:30-11:00,1.0,1,0.0,,0.0,0.0,False,False,,,,,,,,,,,,,,,,False,,,,,,,
Medical | r23_c17 | Wednesday,Medical,r23_c17,Wednesday,7,2,False,14:00-14:30,0.2857142857142857,6,0.7142857142857143,89.99999999999999,64.28571428571428,0.42857142857142855,False,False,,,,,,,,,,,,,,,,False,,,,,,,
Medical | r23_c18 | Thursday,Medical,r23_c18,Thursday,2,1,False,11:30-12:00,1.0,1,0.0,,0.0,0.0,False,False,,,,,,,,,,,,,,,,False,,,,,,,
Medical | r23_c18 | Tuesday,Medical,r23_c18,Tuesday,1,1,False,12:00-12:30,1.0,1,0.0,,0.0,0.0,False,False,,,,,,,,,,,,,,,,False,,,,,,,
Medical | r23_c19 | Monday,Medical,r23_c19,Monday,3,1,False,11:30-12:00,0.3333333333333333,3,0.6666666666666667,59.99999999999999,40.0,0.3333333333333333,False,False,,,,,,,,,,,,,,,,False,,,,,,,
Medical | r23_c20 | Friday,Medical,r23_c20,Friday,2,1,False,08:00-08:30,0.5,2,0.5,30.0,15.0,0.125,False,False,,,,,,,,,,,,,,,,False,,,,,,,
Medical | r23_c20 | Wednesday,Medical,r23_c20,Wednesday,5,4,False,08:00-08:30,0.4,4,0.6,50.0,30.0,0.25,False,False,,,,,,,,,,,,,,,,False,,,,,,,
Medical | r23_c22 | Monday,Medical,r23_c22,Monday,13,3,False,07:30-08:00,0.15384615384615385,7,0.8461538461538461,286.3636363636364,242.30769230769232,0.8461538461538463,True,False,,,,,,,,,,,,,,,,False,,,,,,,
Medical | r23_c22 | Tuesday,Medical,r23_c22,Tuesday,1,1,False,12:30-13:00,1.0,1,0.0,,0.0,0.0,False,False,,,,,,,,,,,,,,,,False,,,,,,,
Medical | r23_c9 | Friday,Medical,r23_c9,Friday,13,7,False,12:00-12:30,0.38461538461538464,7,0.6153846153846154,90.0,55.38461538461539,0.3846153846153846,True,False,,,,,,,,,,,,,,,,False,,,,,,,
Medical | r23_c9 | Monday,Medical,r23_c9,Monday,12,8,False,09:00-09:30,0.3333333333333333,9,0.6666666666666667,221.24999999999997,147.5,0.6458333333333333,True,False,,,,,,,,,,,,,,,,False,,,,,,,
Medical | r23_c9 | Thursday,Medical,r23_c9,Thursday,41,23,False,10:00-10:30,0.36585365853658536,9,0.6341463414634146,83.07692307692307,52.68292682926829,0.4024390243902439,True,False,,,,,,,,,,,,,,,,False,,,,,,,
Medical | r23_c9 | Tuesday,Medical,r23_c9,Tuesday,62,21,False,10:00-10:30,0.1935483870967742,12,0.8064516129032258,183.60000000000002,148.06451612903226,0.6975806451612901,True,False,,,,,,,,,,,,,,,,False,,,,,,,
Medical | r23_c9 | Wednesday,Medical,r23_c9,Wednesday,39,16,False,11:00-11:30,0.23076923076923078,10,0.7692307692307692,102.0,78.46153846153845,0.5384615384615384,True,False,,,,,,,,,,,,,,,,False,,,,,,,
Medical | r24_c0 | Thursday,Medical,r24_c0,Thursday,9,3,False,08:00-08:30,0.4444444444444444,4,0.5555555555555556,59.999999999999986,33.33333333333333,0.27777777777777773,False,False,,,,,,,,,,,,,,,,False,,,,,,,
Medical | r24_c0 | Wednesday,Medical,r24_c0,Wednesday,1,1,False,08:30-09:00,1.0,1,0.0,,0.0,0.0,False,False,,,,,,,,,,,,,,,,False,,,,,,,
Medical | r24_c10 | Friday,Medical,r24_c10,Friday,6,4,False,09:00-09:30,0.3333333333333333,4,0.6666666666666667,224.99999999999997,150.0,0.5833333333333333,False,False,,,,,,,,,,,,,,,,False,,,,,,,
Medical | r24_c10 | Monday,Medical,r24_c10,Monday,3,3,False,10:00-10:30,0.6666666666666666,2,0.33333333333333337,59.99999999999999,20.0,0.16666666666666666,False,False,,,,,,,,,,,,,,,,False,,,,,,,
Medical | r24_c10 | Thursday,Medical,r24_c10,Thursday,1,1,False,11:30-12:00,1.0,1,0.0,,0.0,0.0,False,False,,,,,,,,,,,,,,,,False,,,,,,,
Medical | r24_c10 | Tuesday,Medical,r24_c10,Tuesday,4,2,False,12:30-13:00,0.5,3,0.5,150.0,75.0,0.4375,False,False,,,,,,,,,,,,,,,,False,,,,,,,
Medical | r24_c10 | Wednesday,Medical,r24_c10,Wednesday,17,7,False,10:00-10:30,0.23529411764705882,11,0.7647058823529411,110.76923076923079,84.70588235294119,0.5441176470588235,True,False,,,,,,,,,,,,,,,,False,,,,,,,
Medical | r24_c11 | Friday,Medical,r24_c11,Friday,5,3,False,13:00-13:30,0.6,3,0.4,135.0,54.0,0.30000000000000004,False,False,,,,,,,,,,,,,,,,False,,,,,,,
Medical | r24_c11 | Monday,Medical,r24_c11,Monday,8,5,False,09:00-09:30,0.25,5,0.75,135.0,101.25,0.625,False,False,,,,,,,,,,,,,,,,False,,,,,,,
Medical | r24_c11 | Thursday,Medical,r24_c11,Thursday,22,9,False,13:00-13:30,0.18181818181818182,10,0.8181818181818181,111.66666666666667,91.36363636363636,0.5909090909090908,True,False,,,,,,,,,,,,,,,,False,,,,,,,
Medical | r24_c11 | Tuesday,Medical,r24_c11,Tuesday,19,9,False,14:00-14:30,0.15789473684210525,11,0.8421052631578947,125.62500000000001,105.78947368421053,0.605263157894737,True,False,,,,,,,,,,,,,,,,False,,,,,,,
Medical | r24_c11 | Wednesday,Medical,r24_c11,Wednesday,7,6,False,09:00-09:30,0.42857142857142855,4,0.5714285714285714,67.5,38.57142857142857,0.3214285714285714,False,False,,,,,,,,,,,,,,,,False,,,,,,,
Medical | r24_c14 | Monday,Medical,r24_c14,Monday,1,1,False,15:00-15:30,1.0,1,0.0,,0.0,0.0,False,False,,,,,,,,,,,,,,,,False,,,,,,,
Medical | r24_c14 | Tuesday,Medical,r24_c14,Tuesday,1,1,False,15:00-15:30,1.0,1,0.0,,0.0,0.0,False,False,,,,,,,,,,,,,,,,False,,,,,,,
Medical | r24_c15 | Friday,Medical,r24_c15,Friday,2,2,False,08:30-09:00,0.5,2,0.5,300.0,150.0,0.5,False,False,,,,,,,,,,,,,,,,False,,,,,,,
Medical | r24_c15 | Thursday,Medical,r24_c15,Thursday,5,3,False,08:00-08:30,0.2,5,0.8,172.5,138.0,0.65,False,False,,,,,,,,,,,,,,,,False,,,,,,,
Medical | r24_c16 | Monday,Medical,r24_c16,Monday,16,6,False,11:30-12:00,0.4375,5,0.5625,73.33333333333333,41.25,0.234375,True,False,,,,,,,,,,,,,,,,False,,,,,,,
Medical | r24_c16 | Thursday,Medical,r24_c16,Thursday,16,7,False,12:00-12:30,0.25,8,0.75,60.0,45.0,0.375,True,False,,,,,,,,,,,,,,,,False,,,,,,,
Medical | r24_c16 | Tuesday,Medical,r24_c16,Tuesday,13,7,False,11:00-11:30,0.3076923076923077,7,0.6923076923076923,103.33333333333334,71.53846153846155,0.38461538461538464,True,False,,,,,,,,,,,,,,,,False,,,,,,,
Medical | r24_c16 | Wednesday,Medical,r24_c16,Wednesday,5,5,False,11:30-12:00,0.6,3,0.4,90.0,36.0,0.25,False,False,,,,,,,,,,,,,,,,False,,,,,,,
Medical | r24_c17 | Friday,Medical,r24_c17,Friday,1,1,False,07:30-08:00,1.0,1,0.0,,0.0,0.0,False,False,,,,,,,,,,,,,,,,False,,,,,,,
Medical | r24_c17 | Monday,Medical,r24_c17,Monday,45,35,False,08:00-08:30,0.8444444444444444,4,0.15555555555555556,42.85714285714286,6.666666666666667,0.05555555555555555,True,False,,,,,,,,,,,,,,,,False,,,,,,,
Medical | r24_c17 | Thursday,Medical,r24_c17,Thursday,52,35,False,08:00-08:30,0.9230769230769231,2,0.07692307692307687,30.000000000000025,2.307692307692308,0.019230769230769232,True,False,,,,,,,,,,,,,,,,False,,,,,,,
Medical | r24_c17 | Tuesday,Medical,r24_c17,Tuesday,50,37,False,08:00-08:30,0.84,5,0.16000000000000003,164.99999999999997,26.4,0.1,True,False,,,,,,,,,,,,,,,,False,,,,,,,
Medical | r24_c17 | Wednesday,Medical,r24_c17,Wednesday,63,37,False,08:00-08:30,0.7777777777777778,9,0.2222222222222222,197.14285714285717,43.80952380952381,0.18253968253968253,True,False,,,,,,,,,,,,,,,,False,,,,,,,
Medical | r24_c18 | Friday,Medical,r24_c18,Friday,7,5,False,12:30-13:00,0.5714285714285714,2,0.4285714285714286,29.999999999999996,12.857142857142856,0.10714285714285714,False,False,,,,,,,,,,,,,,,,False,,,,,,,
Medical | r24_c18 | Monday,Medical,r24_c18,Monday,20,8,False,12:30-13:00,0.3,5,0.7,113.57142857142858,79.5,0.5125,True,False,,,,,,,,,,,,,,,,False,,,,,,,
Medical | r24_c18 | Thursday,Medical,r24_c18,Thursday,12,7,False,13:00-13:30,0.5,5,0.5,75.0,37.5,0.20833333333333331,True,False,,,,,,,,,,,,,,,,False,,,,,,,
Medical | r24_c18 | Tuesday,Medical,r24_c18,Tuesday,10,7,False,12:00-12:30,0.5,4,0.5,102.0,51.0,0.35,True,False,,,,,,,,,,,,,,,,False,,,,,,,
Medical | r24_c18 | Wednesday,Medical,r24_c18,Wednesday,14,8,False,12:00-12:30,0.35714285714285715,8,0.6428571428571428,123.33333333333336,79.28571428571429,0.4642857142857142,True,False,,,,,,,,,,,,,,,,False,,,,,,,
Medical | r24_c20 | Thursday,Medical,r24_c20,Thursday,2,2,False,07:30-08:00,0.5,2,0.5,150.0,75.0,0.5,False,False,,,,,,,,,,,,,,,,False,,,,,,,
Medical | r24_c20 | Tuesday,Medical,r24_c20,Tuesday,3,2,False,07:30-08:00,1.0,1,0.0,,0.0,0.0,False,False,,,,,,,,,,,,,,,,False,,,,,,,
Medical | r24_c22 | Friday,Medical,r24_c22,Friday,25,5,False,12:00-12:30,0.24,9,0.76,99.4736842105263,75.6,0.47,True,False,,,,,,,,,,,,,,,,False,,,,,,,
Medical | r24_c22 | Thursday,Medical,r24_c22,Thursday,4,2,False,12:00-12:30,0.5,3,0.5,150.0,75.0,0.3125,False,False,,,,,,,,,,,,,,,,False,,,,,,,
Medical | r24_c22 | Wednesday,Medical,r24_c22,Wednesday,4,3,False,12:00-12:30,0.5,3,0.5,60.0,30.0,0.25,False,False,,,,,,,,,,,,,,,,False,,,,,,,
Medical | r24_c23 | Tuesday,Medical,r24_c23,Tuesday,2,2,False,07:30-08:00,0.5,2,0.5,270.0,135.0,0.5,False,False,,,,,,,,,,,,,,,,False,,,,,,,
Medical | r24_c7 | Friday,Medical,r24_c7,Friday,1,1,False,10:00-10:30,1.0,1,0.0,,0.0,0.0,False,False,,,,,,,,,,,,,,,,False,,,,,,,
Medical | r24_c7 | Thursday,Medical,r24_c7,Thursday,12,5,False,08:30-09:00,0.25,7,0.75,120.0,90.0,0.49999999999999994,True,False,,,,,,,,,,,,,,,,False,,,,,,,
Medical | r24_c7 | Tuesday,Medical,r24_c7,Tuesday,9,6,False,08:30-09:00,0.4444444444444444,4,0.5555555555555556,65.99999999999999,36.666666666666664,0.3055555555555556,False,False,,,,,,,,,,,,,,,,False,,,,,,,
Medical | r24_c7 | Wednesday,Medical,r24_c7,Wednesday,2,1,False,10:00-10:30,1.0,1,0.0,,0.0,0.0,False,False,,,,,,,,,,,,,,,,False,,,,,,,
Medical | r24_c9 | Friday,Medical,r24_c9,Friday,6,2,False,12:30-13:00,0.3333333333333333,5,0.6666666666666667,97.49999999999999,65.0,0.5,False,False,,,,,,,,,,,,,,,,False,,,,,,,
Medical | r24_c9 | Monday,Medical,r24_c9,Monday,42,21,False,08:00-08:30,0.2619047619047619,8,0.7380952380952381,105.48387096774192,77.85714285714285,0.42857142857142844,True,False,,,,,,,,,,,,,,,,False,,,,,,,
Medical | r24_c9 | Thursday,Medical,r24_c9,Thursday,45,15,False,08:00-08:30,0.4888888888888889,10,0.5111111111111111,101.73913043478262,52.0,0.3055555555555555,True,False,,,,,,,,,,,,,,,,False,,,,,,,
Medical | r24_c9 | Tuesday,Medical,r24_c9,Tuesday,33,14,False,08:00-08:30,0.42424242424242425,8,0.5757575757575757,91.57894736842107,52.727272727272734,0.31818181818181823,True,False,,,,,,,,,,,,,,,,False,,,,,,,
Medical | r24_c9 | Wednesday,Medical,r24_c9,Wednesday,35,17,False,08:00-08:30,0.22857142857142856,11,0.7714285714285715,168.88888888888886,130.28571428571428,0.6142857142857142,True,False,,,,,,,,,,,,,,,,False,,,,,,,
Medical | r25_c10 | Monday,Medical,r25_c10,Monday,2,1,False,13:30-14:00,1.0,1,0.0,,0.0,0.0,False,False,,,,,,,,,,,,,,,,False,,,,,,,
Medical | r25_c11 | Thursday,Medical,r25_c11,Thursday,1,1,False,12:30-13:00,1.0,1,0.0,,0.0,0.0,False,False,,,,,,,,,,,,,,,,False,,,,,,,
Medical | r25_c12 | Friday,Medical,r25_c12,Friday,11,6,False,12:30-13:00,0.2727272727272727,6,0.7272727272727273,86.25,62.72727272727273,0.38636363636363635,True,False,,,,,,,,,,,,,,,,False,,,,,,,
Medical | r25_c12 | Monday,Medical,r25_c12,Monday,2,2,False,12:30-13:00,1.0,1,0.0,,0.0,0.0,False,False,,,,,,,,,,,,,,,,False,,,,,,,
Medical | r25_c12 | Thursday,Medical,r25_c12,Thursday,2,2,False,09:30-10:00,0.5,2,0.5,120.0,60.0,0.5,False,False,,,,,,,,,,,,,,,,False,,,,,,,
Medical | r25_c12 | Tuesday,Medical,r25_c12,Tuesday,2,2,False,13:30-14:00,1.0,1,0.0,,0.0,0.0,False,False,,,,,,,,,,,,,,,,False,,,,,,,
Medical | r25_c12 | Wednesday,Medical,r25_c12,Wednesday,10,6,False,12:30-13:00,0.6,5,0.4,120.0,48.0,0.30000000000000004,True,False,,,,,,,,,,,,,,,,False,,,,,,,
Medical | r25_c13 | Friday,Medical,r25_c13,Friday,10,6,False,08:30-09:00,0.4,5,0.6,80.0,48.0,0.4000000000000001,True,False,,,,,,,,,,,,,,,,False,,,,,,,
Medical | r25_c13 | Monday,Medical,r25_c13,Monday,5,3,False,09:30-10:00,0.6,2,0.4,60.0,24.0,0.2,False,False,,,,,,,,,,,,,,,,False,,,,,,,
Medical | r25_c13 | Thursday,Medical,r25_c13,Thursday,3,2,False,12:30-13:00,0.6666666666666666,2,0.33333333333333337,179.99999999999997,60.0,0.3333333333333333,False,False,,,,,,,,,,,,,,,,False,,,,,,,
Medical | r25_c13 | Tuesday,Medical,r25_c13,Tuesday,5,3,False,11:30-12:00,0.4,4,0.6,70.0,42.0,0.35000000000000003,False,False,,,,,,,,,,,,,,,,False,,,,,,,
Medical | r25_c13 | Wednesday,Medical,r25_c13,Wednesday,11,5,False,10:30-11:00,0.7272727272727273,2,0.2727272727272727,60.0,16.363636363636363,0.13636363636363635,True,False,,,,,,,,,,,,,,,,False,,,,,,,
Medical | r25_c14 | Friday,Medical,r25_c14,Friday,3,2,False,14:00-14:30,0.6666666666666666,2,0.33333333333333337,299.99999999999994,100.0,0.3333333333333333,False,False,,,,,,,,,,,,,,,,False,,,,,,,
Medical | r25_c14 | Monday,Medical,r25_c14,Monday,3,3,False,14:00-14:30,1.0,1,0.0,,0.0,0.0,False,False,,,,,,,,,,,,,,,,False,,,,,,,
Medical | r25_c14 | Thursday,Medical,r25_c14,Thursday,9,5,False,14:00-14:30,0.6666666666666666,3,0.33333333333333337,69.99999999999999,23.333333333333332,0.19444444444444442,False,False,,,,,,,,,,,,,,,,False,,,,,,,
Medical | r25_c14 | Tuesday,Medical,r25_c14,Tuesday,8,5,False,14:00-14:30,1.0,1,0.0,,0.0,0.0,False,False,,,,,,,,,,,,,,,,False,,,,,,,
Medical | r25_c15 | Friday,Medical,r25_c15,Friday,1,1,False,10:30-11:00,1.0,1,0.0,,0.0,0.0,False,False,,,,,,,,,,,,,,,,False,,,,,,,
Medical | r25_c15 | Thursday,Medical,r25_c15,Thursday,1,1,False,10:00-10:30,1.0,1,0.0,,0.0,0.0,False,False,,,,,,,,,,,,,,,,False,,,,,,,
Medical | r25_c15 | Tuesday,Medical,r25_c15,Tuesday,3,2,False,10:00-10:30,0.3333333333333333,3,0.6666666666666667,134.99999999999997,90.0,0.6666666666666666,False,False,,,,,,,,,,,,,,,,False,,,,,,,
Medical | r25_c15 | Wednesday,Medical,r25_c15,Wednesday,8,4,False,15:00-15:30,0.25,7,0.75,120.0,90.0,0.5,False,False,,,,,,,,,,,,,,,,False,,,,,,,
Medical | r25_c16 | Friday,Medical,r25_c16,Friday,2,1,False,10:30-11:00,1.0,1,0.0,,0.0,0.0,False,False,,,,,,,,,,,,,,,,False,,,,,,,
Medical | r25_c16 | Monday,Medical,r25_c16,Monday,2,1,False,09:00-09:30,1.0,1,0.0,,0.0,0.0,False,False,,,,,,,,,,,,,,,,False,,,,,,,
Medical | r25_c16 | Thursday,Medical,r25_c16,Thursday,3,2,False,08:00-08:30,1.0,1,0.0,,0.0,0.0,False,False,,,,,,,,,,,,,,,,False,,,,,,,
Medical | r25_c16 | Tuesday,Medical,r25_c16,Tuesday,2,2,False,08:00-08:30,0.5,2,0.5,240.0,120.0,0.5,False,False,,,,,,,,,,,,,,,,False,,,,,,,
Medical | r25_c17 | Friday,Medical,r25_c17,Friday,6,2,False,11:30-12:00,0.16666666666666666,6,0.8333333333333334,90.0,75.0,0.5833333333333333,False,False,,,,,,,,,,,,,,,,False,,,,,,,
Medical | r25_c17 | Thursday,Medical,r25_c17,Thursday,5,2,False,13:00-13:30,0.4,4,0.6,50.0,30.0,0.25,False,False,,,,,,,,,,,,,,,,False,,,,,,,
Medical | r25_c17 | Tuesday,Medical,r25_c17,Tuesday,1,1,False,12:00-12:30,1.0,1,0.0,,0.0,0.0,False,False,,,,,,,,,,,,,,,,False,,,,,,,
Medical | r25_c17 | Wednesday,Medical,r25_c17,Wednesday,6,1,False,13:00-13:30,0.3333333333333333,4,0.6666666666666667,37.49999999999999,25.0,0.20833333333333331,False,False,,,,,,,,,,,,,,,,False,,,,,,,
Medical | r25_c18 | Friday,Medical,r25_c18,Friday,3,1,False,10:30-11:00,0.3333333333333333,3,0.6666666666666667,44.99999999999999,30.0,0.25,False,False,,,,,,,,,,,,,,,,False,,,,,,,
Medical | r25_c18 | Monday,Medical,r25_c18,Monday,2,1,False,09:00-09:30,0.5,2,0.5,60.0,30.0,0.25,False,False,,,,,,,,,,,,,,,,False,,,,,,,
Medical | r25_c18 | Thursday,Medical,r25_c18,Thursday,4,1,False,09:00-09:30,0.75,2,0.25,30.0,7.5,0.0625,False,False,,,,,,,,,,,,,,,,False,,,,,,,
Medical | r25_c18 | Tuesday,Medical,r25_c18,Tuesday,1,1,False,11:30-12:00,1.0,1,0.0,,0.0,0.0,False,False,,,,,,,,,,,,,,,,False,,,,,,,
Medical | r25_c18 | Wednesday,Medical,r25_c18,Wednesday,5,1,False,09:00-09:30,0.8,2,0.19999999999999996,30.000000000000007,6.0,0.05,False,False,,,,,,,,,,,,,,,,False,,,,,,,
Medical | r25_c19 | Friday,Medical,r25_c19,Friday,10,6,False,11:00-11:30,0.3,5,0.7,85.71428571428572,60.0,0.5,True,False,,,,,,,,,,,,,,,,False,,,,,,,
Medical | r25_c19 | Monday,Medical,r25_c19,Monday,19,10,False,11:00-11:30,0.21052631578947367,8,0.7894736842105263,116.0,91.57894736842105,0.605263157894737,True,False,,,,,,,,,,,,,,,,False,,,,,,,
Medical | r25_c19 | Thursday,Medical,r25_c19,Thursday,43,16,False,12:00-12:30,0.27906976744186046,10,0.7209302325581395,71.61290322580646,51.627906976744185,0.3895348837209302,True,False,,,,,,,,,,,,,,,,False,,,,,,,
Medical | r25_c19 | Tuesday,Medical,r25_c19,Tuesday,16,5,False,10:30-11:00,0.375,8,0.625,135.0,84.375,0.4375,True,False,,,,,,,,,,,,,,,,False,,,,,,,
Medical | r25_c19 | Wednesday,Medical,r25_c19,Wednesday,33,8,False,11:00-11:30,0.15151515151515152,13,0.8484848484848485,189.64285714285717,160.90909090909093,0.712121212121212,True,False,,,,,,,,,,,,,,,,False,,,,,,,
Medical | r25_c20 | Friday,Medical,r25_c20,Friday,80,35,False,11:30-12:00,0.5125,9,0.48750000000000004,96.92307692307692,47.25,0.321875,True,False,,,,,,,,,,,,,,,,False,,,,,,,
Medical | r25_c20 | Monday,Medical,r25_c20,Monday,54,28,False,11:30-12:00,0.5740740740740741,10,0.42592592592592593,103.04347826086956,43.888888888888886,0.2870370370370371,True,False,,,,,,,,,,,,,,,,False,,,,,,,
Medical | r25_c20 | Thursday,Medical,r25_c20,Thursday,54,15,False,14:00-14:30,0.2037037037037037,12,0.7962962962962963,95.58139534883722,76.11111111111111,0.5277777777777778,True,False,,,,,,,,,,,,,,,,False,,,,,,,
Medical | r25_c20 | Tuesday,Medical,r25_c20,Tuesday,29,15,False,12:00-12:30,0.2413793103448276,9,0.7586206896551724,115.90909090909093,87.93103448275863,0.5862068965517242,True,False,,,,,,,,,,,,,,,,False,,,,,,,
Medical | r25_c20 | Wednesday,Medical,r25_c20,Wednesday,72,37,False,11:30-12:00,0.5416666666666666,9,0.45833333333333337,89.0909090909091,40.833333333333336,0.2638888888888889,True,False,,,,,,,,,,,,,,,,False,,,,,,,
Medical | r25_c21 | Monday,Medical,r25_c21,Monday,2,2,False,14:30-15:00,1.0,1,0.0,,0.0,0.0,False,False,,,,,,,,,,,,,,,,False,,,,,,,
Medical | r25_c21 | Thursday,Medical,r25_c21,Thursday,6,3,False,10:30-11:00,0.16666666666666666,6,0.8333333333333334,132.0,110.0,0.7083333333333333,False,False,,,,,,,,,,,,,,,,False,,,,,,,
Medical | r25_c21 | Tuesday,Medical,r25_c21,Tuesday,3,1,False,11:30-12:00,1.0,1,0.0,,0.0,0.0,False,False,,,,,,,,,,,,,,,,False,,,,,,,
Medical | r25_c21 | Wednesday,Medical,r25_c21,Wednesday,15,2,False,14:30-15:00,0.4,6,0.6,96.66666666666667,58.0,0.4666666666666666,False,False,,,,,,,,,,,,,,,,False,,,,,,,
Medical | r25_c22 | Monday,Medical,r25_c22,Monday,2,2,False,09:30-10:00,0.5,2,0.5,270.0,135.0,0.5,False,False,,,,,,,,,,,,,,,,False,,,,,,,
Medical | r25_c22 | Thursday,Medical,r25_c22,Thursday,2,2,False,09:30-10:00,0.5,2,0.5,150.0,75.0,0.5,False,False,,,,,,,,,,,,,,,,False,,,,,,,
Medical | r25_c22 | Tuesday,Medical,r25_c22,Tuesday,1,1,False,15:00-15:30,1.0,1,0.0,,0.0,0.0,False,False,,,,,,,,,,,,,,,,False,,,,,,,
Medical | r25_c22 | Wednesday,Medical,r25_c22,Wednesday,1,1,False,13:00-13:30,1.0,1,0.0,,0.0,0.0,False,False,,,,,,,,,,,,,,,,False,,,,,,,
Medical | r25_c23 | Friday,Medical,r25_c23,Friday,1,1,False,13:00-13:30,1.0,1,0.0,,0.0,0.0,False,False,,,,,,,,,,,,,,,,False,,,,,,,
Medical | r25_c23 | Monday,Medical,r25_c23,Monday,3,2,False,13:00-13:30,0.6666666666666666,2,0.33333333333333337,89.99999999999999,30.0,0.25,False,False,,,,,,,,,,,,,,,,False,,,,,,,
Medical | r25_c23 | Thursday,Medical,r25_c23,Thursday,7,4,False,09:30-10:00,0.2857142857142857,4,0.7142857142857143,42.0,30.0,0.25,False,False,,,,,,,,,,,,,,,,False,,,,,,,
Medical | r25_c23 | Tuesday,Medical,r25_c23,Tuesday,4,3,False,08:30-09:00,0.5,3,0.5,195.0,97.5,0.3125,False,False,,,,,,,,,,,,,,,,False,,,,,,,
Medical | r25_c23 | Wednesday,Medical,r25_c23,Wednesday,22,7,False,09:30-10:00,0.2727272727272727,9,0.7272727272727273,95.625,69.54545454545455,0.5113636363636364,True,False,,,,,,,,,,,,,,,,False,,,,,,,
Medical | r25_c7 | Friday,Medical,r25_c7,Friday,8,3,False,11:30-12:00,0.375,4,0.625,114.0,71.25,0.5625,False,False,,,,,,,,,,,,,,,,False,,,,,,,
Medical | r25_c7 | Monday,Medical,r25_c7,Monday,17,7,False,09:00-09:30,0.23529411764705882,7,0.7647058823529411,138.46153846153848,105.88235294117648,0.6470588235294118,True,False,,,,,,,,,,,,,,,,False,,,,,,,
Medical | r25_c7 | Thursday,Medical,r25_c7,Thursday,26,11,False,09:30-10:00,0.2692307692307692,7,0.7307692307692308,110.5263157894737,80.76923076923079,0.5096153846153846,True,False,,,,,,,,,,,,,,,,False,,,,,,,
Medical | r25_c7 | Tuesday,Medical,r25_c7,Tuesday,26,8,False,12:30-13:00,0.23076923076923078,10,0.7692307692307692,108.00000000000003,83.0769230769231,0.5865384615384616,True,False,,,,,,,,,,,,,,,,False,,,,,,,
Medical | r25_c7 | Wednesday,Medical,r25_c7,Wednesday,37,13,False,10:00-10:30,0.21621621621621623,9,0.7837837837837838,84.82758620689656,66.48648648648648,0.46621621621621623,True,False,,,,,,,,,,,,,,,,False,,,,,,,
Medical | r25_c8 | Friday,Medical,r25_c8,Friday,1,1,False,11:30-12:00,1.0,1,0.0,,0.0,0.0,False,False,,,,,,,,,,,,,,,,False,,,,,,,
Medical | r25_c8 | Tuesday,Medical,r25_c8,Tuesday,2,1,False,08:00-08:30,0.5,2,0.5,30.0,15.0,0.125,False,False,,,,,,,,,,,,,,,,False,,,,,,,
Medical | r25_c9 | Friday,Medical,r25_c9,Friday,3,3,False,10:00-10:30,0.6666666666666666,2,0.33333333333333337,59.99999999999999,20.0,0.16666666666666666,False,False,,,,,,,,,,,,,,,,False,,,,,,,
Medical | r25_c9 | Monday,Medical,r25_c9,Monday,17,7,False,10:00-10:30,0.35294117647058826,7,0.6470588235294117,100.90909090909095,65.29411764705884,0.4558823529411765,True,False,,,,,,,,,,,,,,,,False,,,,,,,
Medical | r25_c9 | Thursday,Medical,r25_c9,Thursday,16,6,False,13:00-13:30,0.25,8,0.75,120.0,90.0,0.484375,True,False,,,,,,,,,,,,,,,,False,,,,,,,
Medical | r25_c9 | Tuesday,Medical,r25_c9,Tuesday,42,17,False,09:30-10:00,0.30952380952380953,7,0.6904761904761905,78.6206896551724,54.28571428571428,0.32142857142857134,True,False,,,,,,,,,,,,,,,,False,,,,,,,
Medical | r25_c9 | Wednesday,Medical,r25_c9,Wednesday,29,15,False,09:00-09:30,0.27586206896551724,10,0.7241379310344828,127.14285714285712,92.06896551724137,0.5172413793103448,True,False,,,,,,,,,,,,,,,,False,,,,,,,
Medical | r26_c10 | Monday,Medical,r26_c10,Monday,18,7,False,12:00-12:30,0.3333333333333333,9,0.6666666666666667,87.49999999999999,58.33333333333333,0.45833333333333326,True,False,,,,,,,,,,,,,,,,False,,,,,,,
Medical | r26_c10 | Thursday,Medical,r26_c10,Thursday,40,16,False,12:00-12:30,0.175,15,0.825,134.54545454545456,111.0,0.5937500000000001,True,False,,,,,,,,,,,,,,,,False,,,,,,,
Medical | r26_c10 | Tuesday,Medical,r26_c10,Tuesday,33,19,False,09:00-09:30,0.5151515151515151,8,0.48484848484848486,170.625,82.72727272727273,0.43939393939393945,True,False,,,,,,,,,,,,,,,,False,,,,,,,
Medical | r26_c10 | Wednesday,Medical,r26_c10,Wednesday,20,8,False,09:00-09:30,0.15,11,0.85,192.35294117647058,163.5,0.8125000000000001,True,False,,,,,,,,,,,,,,,,False,,,,,,,
Medical | r26_c11 | Friday,Medical,r26_c11,Friday,2,1,False,11:00-11:30,1.0,1,0.0,,0.0,0.0,False,False,,,,,,,,,,,,,,,,False,,,,,,,
Medical | r26_c11 | Monday,Medical,r26_c11,Monday,4,2,False,07:30-08:00,0.5,3,0.5,105.0,52.5,0.3125,False,False,,,,,,,,,,,,,,,,False,,,,,,,
Medical | r26_c11 | Thursday,Medical,r26_c11,Thursday,1,1,False,08:30-09:00,1.0,1,0.0,,0.0,0.0,False,False,,,,,,,,,,,,,,,,False,,,,,,,
Medical | r26_c11 | Tuesday,Medical,r26_c11,Tuesday,1,1,False,12:00-12:30,1.0,1,0.0,,0.0,0.0,False,False,,,,,,,,,,,,,,,,False,,,,,,,
Medical | r26_c11 | Wednesday,Medical,r26_c11,Wednesday,4,3,False,11:00-11:30,0.5,3,0.5,30.0,15.0,0.125,False,False,,,,,,,,,,,,,,,,False,,,,,,,
Medical | r26_c12 | Friday,Medical,r26_c12,Friday,2,1,False,08:30-09:00,1.0,1,0.0,,0.0,0.0,False,False,,,,,,,,,,,,,,,,False,,,,,,,
Medical | r26_c12 | Monday,Medical,r26_c12,Monday,2,1,False,08:30-09:00,1.0,1,0.0,,0.0,0.0,False,False,,,,,,,,,,,,,,,,False,,,,,,,
Medical | r26_c12 | Thursday,Medical,r26_c12,Thursday,1,1,False,14:30-15:00,1.0,1,0.0,,0.0,0.0,False,False,,,,,,,,,,,,,,,,False,,,,,,,
Medical | r26_c13 | Friday,Medical,r26_c13,Friday,3,3,False,08:30-09:00,0.3333333333333333,3,0.6666666666666667,59.99999999999999,40.0,0.3333333333333333,False,False,,,,,,,,,,,,,,,,False,,,,,,,
Medical | r26_c14 | Friday,Medical,r26_c14,Friday,3,2,False,15:30-16:00,0.6666666666666666,2,0.33333333333333337,419.99999999999994,140.0,0.3333333333333333,False,False,,,,,,,,,,,,,,,,False,,,,,,,
Medical | r26_c14 | Monday,Medical,r26_c14,Monday,2,1,False,12:30-13:00,0.5,2,0.5,60.0,30.0,0.25,False,False,,,,,,,,,,,,,,,,False,,,,,,,
Medical | r26_c14 | Thursday,Medical,r26_c14,Thursday,5,3,False,12:00-12:30,0.4,4,0.6,190.0,114.0,0.6000000000000001,False,False,,,,,,,,,,,,,,,,False,,,,,,,
Medical | r26_c14 | Tuesday,Medical,r26_c14,Tuesday,2,2,False,12:00-12:30,0.5,2,0.5,90.0,45.0,0.375,False,False,,,,,,,,,,,,,,,,False,,,,,,,
Medical | r26_c14 | Wednesday,Medical,r26_c14,Wednesday,4,3,False,08:00-08:30,0.25,4,0.75,260.0,195.0,0.75,False,False,,,,,,,,,,,,,,,,False,,,,,,,
Medical | r26_c15 | Friday,Medical,r26_c15,Friday,9,7,False,10:00-10:30,0.3333333333333333,5,0.6666666666666667,54.99999999999998,36.66666666666666,0.2777777777777778,False,False,,,,,,,,,,,,,,,,False,,,,,,,
Medical | r26_c15 | Monday,Medical,r26_c15,Monday,4,3,False,09:00-09:30,0.25,4,0.75,150.0,112.5,0.6875,False,False,,,,,,,,,,,,,,,,False,,,,,,,
Medical | r26_c15 | Thursday,Medical,r26_c15,Thursday,28,12,False,09:30-10:00,0.32142857142857145,9,0.6785714285714286,77.36842105263158,52.5,0.3839285714285714,True,False,,,,,,,,,,,,,,,,False,,,,,,,
Medical | r26_c15 | Tuesday,Medical,r26_c15,Tuesday,18,11,False,10:00-10:30,0.3333333333333333,9,0.6666666666666667,114.99999999999997,76.66666666666666,0.38888888888888884,True,False,,,,,,,,,,,,,,,,False,,,,,,,
Medical | r26_c15 | Wednesday,Medical,r26_c15,Wednesday,17,7,False,10:00-10:30,0.5294117647058824,5,0.47058823529411764,97.5,45.88235294117647,0.3382352941176471,True,False,,,,,,,,,,,,,,,,False,,,,,,,
Medical | r26_c16 | Monday,Medical,r26_c16,Monday,18,7,False,15:00-15:30,0.2222222222222222,8,0.7777777777777778,70.71428571428571,54.99999999999999,0.4583333333333333,True,False,,,,,,,,,,,,,,,,False,,,,,,,
Medical | r26_c16 | Thursday,Medical,r26_c16,Thursday,26,8,False,12:00-12:30,0.23076923076923078,10,0.7692307692307692,109.50000000000003,84.23076923076924,0.576923076923077,True,False,,,,,,,,,,,,,,,,False,,,,,,,
Medical | r26_c16 | Tuesday,Medical,r26_c16,Tuesday,24,7,False,13:30-14:00,0.25,9,0.75,68.33333333333333,51.25,0.4270833333333333,True,False,,,,,,,,,,,,,,,,False,,,,,,,
Medical | r26_c16 | Wednesday,Medical,r26_c16,Wednesday,16,6,False,11:30-12:00,0.4375,8,0.5625,106.66666666666667,60.0,0.4375,True,False,,,,,,,,,,,,,,,,False,,,,,,,
Medical | r26_c17 | Friday,Medical,r26_c17,Friday,5,3,False,14:30-15:00,0.6,2,0.4,90.0,36.0,0.3,False,False,,,,,,,,,,,,,,,,False,,,,,,,
Medical | r26_c17 | Monday,Medical,r26_c17,Monday,7,6,False,14:00-14:30,0.42857142857142855,5,0.5714285714285714,60.0,34.285714285714285,0.2857142857142857,False,False,,,,,,,,,,,,,,,,False,,,,,,,
Medical | r26_c17 | Thursday,Medical,r26_c17,Thursday,4,2,False,12:00-12:30,0.5,3,0.5,105.0,52.5,0.375,False,False,,,,,,,,,,,,,,,,False,,,,,,,
Medical | r26_c17 | Tuesday,Medical,r26_c17,Tuesday,8,3,False,15:00-15:30,0.375,4,0.625,90.0,56.25,0.3125,False,False,,,,,,,,,,,,,,,,False,,,,,,,
Medical | r26_c17 | Wednesday,Medical,r26_c17,Wednesday,9,5,False,14:00-14:30,0.4444444444444444,5,0.5555555555555556,78.0,43.333333333333336,0.3611111111111111,False,False,,,,,,,,,,,,,,,,False,,,,,,,
Medical | r26_c18 | Monday,Medical,r26_c18,Monday,4,2,False,11:00-11:30,0.5,3,0.5,60.0,30.0,0.25,False,False,,,,,,,,,,,,,,,,False,,,,,,,
Medical | r26_c18 | Wednesday,Medical,r26_c18,Wednesday,9,3,False,12:30-13:00,0.5555555555555556,5,0.4444444444444444,82.5,36.666666666666664,0.2777777777777778,False,False,,,,,,,,,,,,,,,,False,,,,,,,
Medical | r26_c19 | Monday,Medical,r26_c19,Monday,3,3,False,12:00-12:30,0.3333333333333333,3,0.6666666666666667,119.99999999999999,80.0,0.5833333333333333,False,False,,,,,,,,,,,,,,,,False,,,,,,,
Medical | r26_c19 | Tuesday,Medical,r26_c19,Tuesday,1,1,False,10:30-11:00,1.0,1,0.0,,0.0,0.0,False,False,,,,,,,,,,,,,,,,False,,,,,,,
Medical | r26_c19 | Wednesday,Medical,r26_c19,Wednesday,1,1,False,14:00-14:30,1.0,1,0.0,,0.0,0.0,False,False,,,,,,,,,,,,,,,,False,,,,,,,
Medical | r26_c20 | Monday,Medical,r26_c20,Monday,9,5,False,12:30-13:00,0.3333333333333333,7,0.6666666666666667,139.99999999999994,93.33333333333331,0.5833333333333333,False,False,,,,,,,,,,,,,,,,False,,,,,,,
Medical | r26_c20 | Thursday,Medical,r26_c20,Thursday,8,5,False,12:00-12:30,0.375,4,0.625,168.0,105.0,0.5625,False,False,,,,,,,,,,,,,,,,False,,,,,,,
Medical | r26_c20 | Tuesday,Medical,r26_c20,Tuesday,8,5,False,13:30-14:00,0.25,6,0.75,75.0,56.25,0.46875,False,False,,,,,,,,,,,,,,,,False,,,,,,,
Medical | r26_c20 | Wednesday,Medical,r26_c20,Wednesday,17,7,False,12:00-12:30,0.17647058823529413,8,0.8235294117647058,68.57142857142857,56.470588235294116,0.4558823529411765,True,False,,,,,,,,,,,,,,,,False,,,,,,,
Medical | r26_c23 | Wednesday,Medical,r26_c23,Wednesday,1,1,False,12:30-13:00,1.0,1,0.0,,0.0,0.0,False,False,,,,,,,,,,,,,,,,False,,,,,,,
Medical | r26_c29 | Wednesday,Medical,r26_c29,Wednesday,1,1,False,10:00-10:30,1.0,1,0.0,,0.0,0.0,False,False,,,,,,,,,,,,,,,,False,,,,,,,
Medical | r26_c4 | Friday,Medical,r26_c4,Friday,6,2,False,08:00-08:30,0.5,3,0.5,80.0,40.0,0.3333333333333333,False,False,,,,,,,,,,,,,,,,False,,,,,,,
Medical | r26_c4 | Monday,Medical,r26_c4,Monday,7,3,False,08:30-09:00,0.42857142857142855,3,0.5714285714285714,112.49999999999999,64.28571428571428,0.3571428571428571,False,False,,,,,,,,,,,,,,,,False,,,,,,,
Medical | r26_c4 | Thursday,Medical,r26_c4,Thursday,13,3,False,10:00-10:30,0.23076923076923078,8,0.7692307692307692,75.00000000000001,57.6923076923077,0.44230769230769235,True,False,,,,,,,,,,,,,,,,False,,,,,,,
Medical | r26_c4 | Tuesday,Medical,r26_c4,Tuesday,10,2,False,09:00-09:30,0.4,7,0.6,90.0,54.0,0.4,False,False,,,,,,,,,,,,,,,,False,,,,,,,
Medical | r26_c4 | Wednesday,Medical,r26_c4,Wednesday,15,7,False,09:30-10:00,0.3333333333333333,6,0.6666666666666667,65.99999999999999,44.0,0.36666666666666664,True,False,,,,,,,,,,,,,,,,False,,,,,,,
Medical | r26_c9 | Friday,Medical,r26_c9,Friday,3,2,False,13:00-13:30,1.0,1,0.0,,0.0,0.0,False,False,,,,,,,,,,,,,,,,False,,,,,,,
Medical | r26_c9 | Monday,Medical,r26_c9,Monday,8,4,False,09:30-10:00,0.5,3,0.5,37.5,18.75,0.15625,False,False,,,,,,,,,,,,,,,,False,,,,,,,
Medical | r26_c9 | Thursday,Medical,r26_c9,Thursday,8,3,False,09:30-10:00,0.5,3,0.5,45.0,22.5,0.1875,False,False,,,,,,,,,,,,,,,,False,,,,,,,
Medical | r26_c9 | Tuesday,Medical,r26_c9,Tuesday,3,2,False,14:00-14:30,0.6666666666666666,2,0.33333333333333337,329.99999999999994,110.0,0.3333333333333333,False,False,,,,,,,,,,,,,,,,False,,,,,,,
Medical | r26_c9 | Wednesday,Medical,r26_c9,Wednesday,3,2,False,10:30-11:00,0.3333333333333333,3,0.6666666666666667,74.99999999999999,50.0,0.41666666666666663,False,False,,,,,,,,,,,,,,,,False,,,,,,,
Medical | r27_c10 | Friday,Medical,r27_c10,Friday,16,8,False,09:00-09:30,0.375,8,0.625,105.0,65.625,0.390625,True,False,,,,,,,,,,,,,,,,False,,,,,,,
Medical | r27_c10 | Monday,Medical,r27_c10,Monday,25,11,False,11:30-12:00,0.2,12,0.8,152.99999999999997,122.39999999999999,0.7100000000000002,True,False,,,,,,,,,,,,,,,,False,,,,,,,
Medical | r27_c10 | Thursday,Medical,r27_c10,Thursday,20,10,False,09:30-10:00,0.45,5,0.55,89.99999999999999,49.5,0.36250000000000004,True,False,,,,,,,,,,,,,,,,False,,,,,,,
Medical | r27_c10 | Tuesday,Medical,r27_c10,Tuesday,15,7,False,09:00-09:30,0.3333333333333333,7,0.6666666666666667,92.99999999999999,62.0,0.41666666666666663,True,False,,,,,,,,,,,,,,,,False,,,,,,,
Medical | r27_c10 | Wednesday,Medical,r27_c10,Wednesday,22,11,False,13:00-13:30,0.2727272727272727,10,0.7272727272727273,157.50000000000003,114.54545454545456,0.6136363636363636,True,False,,,,,,,,,,,,,,,,False,,,,,,,
Medical | r27_c11 | Monday,Medical,r27_c11,Monday,2,1,False,07:30-08:00,1.0,1,0.0,,0.0,0.0,False,False,,,,,,,,,,,,,,,,False,,,,,,,
Medical | r27_c11 | Thursday,Medical,r27_c11,Thursday,1,1,False,12:30-13:00,1.0,1,0.0,,0.0,0.0,False,False,,,,,,,,,,,,,,,,False,,,,,,,
Medical | r27_c11 | Tuesday,Medical,r27_c11,Tuesday,1,1,False,12:30-13:00,1.0,1,0.0,,0.0,0.0,False,False,,,,,,,,,,,,,,,,False,,,,,,,
Medical | r27_c12 | Friday,Medical,r27_c12,Friday,11,5,False,14:00-14:30,0.18181818181818182,9,0.8181818181818181,106.66666666666669,87.27272727272728,0.6136363636363635,True,False,,,,,,,,,,,,,,,,False,,,,,,,
Medical | r27_c12 | Monday,Medical,r27_c12,Monday,3,2,False,15:00-15:30,0.6666666666666666,2,0.33333333333333337,239.99999999999997,80.0,0.3333333333333333,False,False,,,,,,,,,,,,,,,,False,,,,,,,
Medical | r27_c12 | Thursday,Medical,r27_c12,Thursday,4,4,False,11:30-12:00,0.25,4,0.75,110.0,82.5,0.5625,False,False,,,,,,,,,,,,,,,,False,,,,,,,
Medical | r27_c12 | Tuesday,Medical,r27_c12,Tuesday,14,4,False,12:00-12:30,0.35714285714285715,9,0.6428571428571428,140.0,90.0,0.4821428571428571,True,False,,,,,,,,,,,,,,,,False,,,,,,,
Medical | r27_c12 | Wednesday,Medical,r27_c12,Wednesday,20,10,False,11:30-12:00,0.35,6,0.65,71.53846153846153,46.5,0.35,True,False,,,,,,,,,,,,,,,,False,,,,,,,
Medical | r27_c13 | Thursday,Medical,r27_c13,Thursday,1,1,False,08:00-08:30,1.0,1,0.0,,0.0,0.0,False,False,,,,,,,,,,,,,,,,False,,,,,,,
Medical | r27_c13 | Tuesday,Medical,r27_c13,Tuesday,1,1,False,07:00-07:30,1.0,1,0.0,,0.0,0.0,False,False,,,,,,,,,,,,,,,,False,,,,,,,
Medical | r27_c13 | Wednesday,Medical,r27_c13,Wednesday,4,3,False,08:00-08:30,0.5,3,0.5,135.0,67.5,0.4375,False,False,,,,,,,,,,,,,,,,False,,,,,,,
Medical | r27_c14 | Friday,Medical,r27_c14,Friday,1,1,False,07:30-08:00,1.0,1,0.0,,0.0,0.0,False,False,,,,,,,,,,,,,,,,False,,,,,,,
Medical | r27_c14 | Monday,Medical,r27_c14,Monday,2,2,False,07:30-08:00,0.5,2,0.5,330.0,165.0,0.5,False,False,,,,,,,,,,,,,,,,False,,,,,,,
Medical | r27_c14 | Thursday,Medical,r27_c14,Thursday,5,3,False,07:30-08:00,0.6,3,0.4,105.0,42.0,0.30000000000000004,False,False,,,,,,,,,,,,,,,,False,,,,,,,
Medical | r27_c14 | Tuesday,Medical,r27_c14,Tuesday,3,2,False,08:30-09:00,0.6666666666666666,2,0.33333333333333337,29.999999999999996,10.0,0.08333333333333333,False,False,,,,,,,,,,,,,,,,False,,,,,,,
Medical | r27_c14 | Wednesday,Medical,r27_c14,Wednesday,12,7,False,09:00-09:30,0.5,5,0.5,140.0,70.0,0.37499999999999994,True,False,,,,,,,,,,,,,,,,False,,,,,,,
Medical | r27_c15 | Friday,Medical,r27_c15,Friday,4,3,False,13:30-14:00,0.5,3,0.5,90.0,45.0,0.375,False,False,,,,,,,,,,,,,,,,False,,,,,,,
Medical | r27_c15 | Monday,Medical,r27_c15,Monday,5,2,False,11:00-11:30,0.4,3,0.6,60.0,36.0,0.30000000000000004,False,False,,,,,,,,,,,,,,,,False,,,,,,,
Medical | r27_c15 | Thursday,Medical,r27_c15,Thursday,5,3,False,10:00-10:30,0.2,5,0.8,180.0,144.0,0.65,False,False,,,,,,,,,,,,,,,,False,,,,,,,
Medical | r27_c15 | Tuesday,Medical,r27_c15,Tuesday,3,1,False,11:30-12:00,0.3333333333333333,3,0.6666666666666667,44.99999999999999,30.0,0.25,False,False,,,,,,,,,,,,,,,,False,,,,,,,
Medical | r27_c15 | Wednesday,Medical,r27_c15,Wednesday,2,2,False,12:00-12:30,0.5,2,0.5,90.0,45.0,0.375,False,False,,,,,,,,,,,,,,,,False,,,,,,,
Medical | r27_c16 | Monday,Medical,r27_c16,Monday,15,4,False,12:00-12:30,0.2,8,0.8,82.5,66.0,0.5,True,False,,,,,,,,,,,,,,,,False,,,,,,,
Medical | r27_c16 | Thursday,Medical,r27_c16,Thursday,5,2,False,12:00-12:30,0.4,4,0.6,60.0,36.0,0.30000000000000004,False,False,,,,,,,,,,,,,,,,False,,,,,,,
Medical | r27_c17 | Friday,Medical,r27_c17,Friday,20,12,False,09:30-10:00,0.3,11,0.7,156.42857142857144,109.5,0.6000000000000001,True,False,,,,,,,,,,,,,,,,False,,,,,,,
Medical | r27_c17 | Monday,Medical,r27_c17,Monday,16,9,False,13:30-14:00,0.1875,10,0.8125,113.07692307692308,91.875,0.5625,True,False,,,,,,,,,,,,,,,,False,,,,,,,
Medical | r27_c17 | Thursday,Medical,r27_c17,Thursday,415,52,False,13:30-14:00,0.3036144578313253,15,0.6963855421686747,82.00692041522493,57.108433734939766,0.41325301204819287,True,False,,,,,,,,,,,,,,,,False,,,,,,,
Medical | r27_c17 | Tuesday,Medical,r27_c17,Tuesday,316,52,False,13:30-14:00,0.34810126582278483,14,0.6518987341772151,78.93203883495146,51.45569620253164,0.3615506329113924,True,False,,,,,,,,,,,,,,,,False,,,,,,,
Medical | r27_c17 | Wednesday,Medical,r27_c17,Wednesday,36,17,False,12:00-12:30,0.2777777777777778,11,0.7222222222222222,73.84615384615384,53.33333333333333,0.38888888888888884,True,False,,,,,,,,,,,,,,,,False,,,,,,,
Medical | r27_c18 | Friday,Medical,r27_c18,Friday,2,2,False,13:30-14:00,1.0,1,0.0,,0.0,0.0,False,False,,,,,,,,,,,,,,,,False,,,,,,,
Medical | r27_c18 | Monday,Medical,r27_c18,Monday,12,8,False,12:00-12:30,0.25,7,0.75,126.66666666666667,95.0,0.5416666666666666,True,False,,,,,,,,,,,,,,,,False,,,,,,,
Medical | r27_c18 | Thursday,Medical,r27_c18,Thursday,13,11,False,12:30-13:00,0.3076923076923077,6,0.6923076923076923,76.66666666666666,53.07692307692307,0.36538461538461536,True,False,,,,,,,,,,,,,,,,False,,,,,,,
Medical | r27_c18 | Tuesday,Medical,r27_c18,Tuesday,17,7,False,12:00-12:30,0.5882352941176471,7,0.4117647058823529,90.00000000000001,37.05882352941177,0.29411764705882354,True,False,,,,,,,,,,,,,,,,False,,,,,,,
Medical | r27_c18 | Wednesday,Medical,r27_c18,Wednesday,24,9,False,12:00-12:30,0.25,8,0.75,68.33333333333333,51.25,0.41666666666666663,True,False,,,,,,,,,,,,,,,,False,,,,,,,
Medical | r27_c19 | Friday,Medical,r27_c19,Friday,8,6,False,10:30-11:00,0.375,4,0.625,60.0,37.5,0.3125,False,False,,,,,,,,,,,,,,,,False,,,,,,,
Medical | r27_c19 | Monday,Medical,r27_c19,Monday,10,5,False,10:30-11:00,0.7,4,0.30000000000000004,59.99999999999999,18.0,0.15,True,False,,,,,,,,,,,,,,,,False,,,,,,,
Medical | r27_c19 | Thursday,Medical,r27_c19,Thursday,5,5,False,10:30-11:00,0.6,2,0.4,30.0,12.0,0.1,False,False,,,,,,,,,,,,,,,,False,,,,,,,
Medical | r27_c19 | Tuesday,Medical,r27_c19,Tuesday,8,6,False,10:30-11:00,0.75,2,0.25,120.0,30.0,0.25,False,False,,,,,,,,,,,,,,,,False,,,,,,,
Medical | r27_c19 | Wednesday,Medical,r27_c19,Wednesday,11,7,False,10:30-11:00,0.45454545454545453,4,0.5454545454545454,110.0,59.99999999999999,0.40909090909090906,True,False,,,,,,,,,,,,,,,,False,,,,,,,
Medical | r27_c7 | Tuesday,Medical,r27_c7,Tuesday,1,1,False,08:00-08:30,1.0,1,0.0,,0.0,0.0,False,False,,,,,,,,,,,,,,,,False,,,,,,,
Medical | r27_c9 | Friday,Medical,r27_c9,Friday,3,2,False,09:00-09:30,0.3333333333333333,3,0.6666666666666667,74.99999999999999,50.0,0.41666666666666663,False,False,,,,,,,,,,,,,,,,False,,,,,,,
Medical | r27_c9 | Monday,Medical,r27_c9,Monday,8,5,False,08:30-09:00,0.375,3,0.625,114.0,71.25,0.34375,False,False,,,,,,,,,,,,,,,,False,,,,,,,
Medical | r27_c9 | Thursday,Medical,r27_c9,Thursday,8,4,False,11:00-11:30,0.5,4,0.5,67.5,33.75,0.25,False,False,,,,,,,,,,,,,,,,False,,,,,,,
Medical | r27_c9 | Tuesday,Medical,r27_c9,Tuesday,14,9,False,09:00-09:30,0.5,4,0.5,47.14285714285714,23.57142857142857,0.19642857142857142,True,False,,,,,,,,,,,,,,,,False,,,,,,,
Medical | r27_c9 | Wednesday,Medical,r27_c9,Wednesday,20,8,False,09:00-09:30,0.8,5,0.19999999999999996,60.000000000000014,12.0,0.1,True,False,,,,,,,,,,,,,,,,False,,,,,,,
Medical | r28_c10 | Friday,Medical,r28_c10,Friday,7,5,False,07:00-07:30,0.2857142857142857,6,0.7142857142857143,192.0,137.14285714285714,0.6071428571428571,False,False,,,,,,,,,,,,,,,,False,,,,,,,
Medical | r28_c10 | Monday,Medical,r28_c10,Monday,5,3,False,07:30-08:00,0.4,4,0.6,40.0,24.0,0.2,False,False,,,,,,,,,,,,,,,,False,,,,,,,
Medical | r28_c10 | Thursday,Medical,r28_c10,Thursday,9,7,False,12:30-13:00,0.3333333333333333,7,0.6666666666666667,119.99999999999999,80.0,0.4722222222222222,False,False,,,,,,,,,,,,,,,,False,,,,,,,
Medical | r28_c10 | Tuesday,Medical,r28_c10,Tuesday,1,1,False,12:00-12:30,1.0,1,0.0,,0.0,0.0,False,False,,,,,,,,,,,,,,,,False,,,,,,,
Medical | r28_c10 | Wednesday,Medical,r28_c10,Wednesday,4,3,False,09:00-09:30,0.5,3,0.5,60.0,30.0,0.25,False,False,,,,,,,,,,,,,,,,False,,,,,,,
Medical | r28_c11 | Friday,Medical,r28_c11,Friday,3,2,False,08:30-09:00,0.3333333333333333,3,0.6666666666666667,104.99999999999999,70.0,0.5833333333333333,False,False,,,,,,,,,,,,,,,,False,,,,,,,
Medical | r28_c11 | Monday,Medical,r28_c11,Monday,2,2,False,10:30-11:00,1.0,1,0.0,,0.0,0.0,False,False,,,,,,,,,,,,,,,,False,,,,,,,
Medical | r28_c11 | Thursday,Medical,r28_c11,Thursday,4,3,False,12:30-13:00,0.5,3,0.5,60.0,30.0,0.25,False,False,,,,,,,,,,,,,,,,False,,,,,,,
Medical | r28_c11 | Tuesday,Medical,r28_c11,Tuesday,11,6,False,10:00-10:30,0.36363636363636365,6,0.6363636363636364,68.57142857142858,43.63636363636364,0.36363636363636365,True,False,,,,,,,,,,,,,,,,False,,,,,,,
Medical | r28_c11 | Wednesday,Medical,r28_c11,Wednesday,3,3,False,09:00-09:30,0.3333333333333333,3,0.6666666666666667,209.99999999999997,140.0,0.6666666666666666,False,False,,,,,,,,,,,,,,,,False,,,,,,,
Medical | r28_c12 | Friday,Medical,r28_c12,Friday,1,1,False,12:00-12:30,1.0,1,0.0,,0.0,0.0,False,False,,,,,,,,,,,,,,,,False,,,,,,,
Medical | r28_c12 | Monday,Medical,r28_c12,Monday,11,5,False,12:00-12:30,0.45454545454545453,4,0.5454545454545454,50.00000000000001,27.272727272727273,0.22727272727272727,True,False,,,,,,,,,,,,,,,,False,,,,,,,
Medical | r28_c12 | Thursday,Medical,r28_c12,Thursday,1,1,False,12:00-12:30,1.0,1,0.0,,0.0,0.0,False,False,,,,,,,,,,,,,,,,False,,,,,,,
Medical | r28_c12 | Tuesday,Medical,r28_c12,Tuesday,2,2,False,11:00-11:30,0.5,2,0.5,150.0,75.0,0.5,False,False,,,,,,,,,,,,,,,,False,,,,,,,
Medical | r28_c12 | Wednesday,Medical,r28_c12,Wednesday,5,3,False,11:30-12:00,0.6,3,0.4,60.0,24.0,0.2,False,False,,,,,,,,,,,,,,,,False,,,,,,,
Medical | r28_c13 | Friday,Medical,r28_c13,Friday,10,4,False,07:30-08:00,0.4,6,0.6,280.0,168.0,0.5499999999999999,True,False,,,,,,,,,,,,,,,,False,,,,,,,
Medical | r28_c13 | Monday,Medical,r28_c13,Monday,4,2,False,11:00-11:30,0.5,3,0.5,60.0,30.0,0.25,False,False,,,,,,,,,,,,,,,,False,,,,,,,
Medical | r28_c13 | Thursday,Medical,r28_c13,Thursday,41,17,False,11:30-12:00,0.17073170731707318,12,0.8292682926829268,94.41176470588235,78.29268292682926,0.573170731707317,True,False,,,,,,,,,,,,,,,,False,,,,,,,
Medical | r28_c13 | Tuesday,Medical,r28_c13,Tuesday,62,17,False,13:00-13:30,0.14516129032258066,14,0.8548387096774194,101.8867924528302,87.0967741935484,0.5846774193548386,True,False,,,,,,,,,,,,,,,,False,,,,,,,
Medical | r28_c13 | Wednesday,Medical,r28_c13,Wednesday,6,3,False,08:30-09:00,0.5,3,0.5,80.0,40.0,0.25,False,False,,,,,,,,,,,,,,,,False,,,,,,,
Medical | r28_c14 | Friday,Medical,r28_c14,Friday,5,2,False,10:30-11:00,0.4,4,0.6,130.0,78.0,0.45,False,False,,,,,,,,,,,,,,,,False,,,,,,,
Medical | r28_c14 | Monday,Medical,r28_c14,Monday,4,2,False,08:00-08:30,0.5,2,0.5,60.0,30.0,0.25,False,False,,,,,,,,,,,,,,,,False,,,,,,,
Medical | r28_c14 | Thursday,Medical,r28_c14,Thursday,3,3,False,08:00-08:30,0.3333333333333333,3,0.6666666666666667,74.99999999999999,50.0,0.41666666666666663,False,False,,,,,,,,,,,,,,,,False,,,,,,,
Medical | r28_c14 | Tuesday,Medical,r28_c14,Tuesday,3,2,False,10:00-10:30,0.6666666666666666,2,0.33333333333333337,89.99999999999999,30.0,0.25,False,False,,,,,,,,,,,,,,,,False,,,,,,,
Medical | r28_c14 | Wednesday,Medical,r28_c14,Wednesday,3,1,False,09:30-10:00,0.6666666666666666,2,0.33333333333333337,29.999999999999996,10.0,0.08333333333333333,False,False,,,,,,,,,,,,,,,,False,,,,,,,
Medical | r28_c15 | Friday,Medical,r28_c15,Friday,57,21,False,13:00-13:30,0.17543859649122806,12,0.8245614035087719,86.80851063829788,71.57894736842105,0.5087719298245613,True,False,,,,,,,,,,,,,,,,False,,,,,,,
Medical | r28_c15 | Monday,Medical,r28_c15,Monday,44,16,False,15:00-15:30,0.29545454545454547,11,0.7045454545454546,146.1290322580645,102.95454545454545,0.5909090909090909,True,False,,,,,,,,,,,,,,,,False,,,,,,,
Medical | r28_c15 | Thursday,Medical,r28_c15,Thursday,108,21,False,15:00-15:30,0.12037037037037036,12,0.8796296296296297,124.42105263157893,109.44444444444443,0.6782407407407407,True,False,,,,,,,,,,,,,,,,False,,,,,,,
Medical | r28_c15 | Tuesday,Medical,r28_c15,Tuesday,60,19,False,13:30-14:00,0.21666666666666667,13,0.7833333333333333,70.2127659574468,55.0,0.4166666666666667,True,False,,,,,,,,,,,,,,,,False,,,,,,,
Medical | r28_c15 | Wednesday,Medical,r28_c15,Wednesday,94,29,False,13:30-14:00,0.18085106382978725,14,0.8191489361702128,89.22077922077922,73.08510638297872,0.5132978723404255,True,False,,,,,,,,,,,,,,,,False,,,,,,,
Medical | r28_c16 | Friday,Medical,r28_c16,Friday,54,26,False,15:30-16:00,0.3333333333333333,14,0.6666666666666667,199.16666666666663,132.77777777777777,0.5925925925925927,True,False,,,,,,,,,,,,,,,,False,,,,,,,
Medical | r28_c16 | Monday,Medical,r28_c16,Monday,45,23,False,15:30-16:00,0.3111111111111111,13,0.6888888888888889,173.2258064516129,119.33333333333333,0.5666666666666667,True,False,,,,,,,,,,,,,,,,False,,,,,,,
Medical | r28_c16 | Thursday,Medical,r28_c16,Thursday,43,20,False,13:30-14:00,0.13953488372093023,13,0.8604651162790697,106.21621621621622,91.39534883720931,0.5988372093023256,True,False,,,,,,,,,,,,,,,,False,,,,,,,
Medical | r28_c16 | Tuesday,Medical,r28_c16,Tuesday,59,21,False,12:30-13:00,0.288135593220339,12,0.711864406779661,72.14285714285714,51.35593220338983,0.4067796610169492,True,False,,,,,,,,,,,,,,,,False,,,,,,,
Medical | r28_c16 | Wednesday,Medical,r28_c16,Wednesday,54,23,False,15:30-16:00,0.25925925925925924,15,0.7407407407407407,150.0,111.1111111111111,0.5555555555555556,True,False,,,,,,,,,,,,,,,,False,,,,,,,
Medical | r28_c17 | Friday,Medical,r28_c17,Friday,15,5,False,14:00-14:30,0.2,9,0.8,140.0,112.0,0.55,True,False,,,,,,,,,,,,,,,,False,,,,,,,
Medical | r28_c17 | Monday,Medical,r28_c17,Monday,5,5,False,10:00-10:30,0.4,4,0.6,210.0,126.0,0.6000000000000001,False,False,,,,,,,,,,,,,,,,False,,,,,,,
Medical | r28_c17 | Thursday,Medical,r28_c17,Thursday,37,12,False,12:30-13:00,0.21621621621621623,12,0.7837837837837838,130.3448275862069,102.16216216216215,0.6148648648648647,True,False,,,,,,,,,,,,,,,,False,,,,,,,
Medical | r28_c17 | Tuesday,Medical,r28_c17,Tuesday,16,7,False,13:00-13:30,0.375,7,0.625,69.0,43.125,0.359375,True,False,,,,,,,,,,,,,,,,False,,,,,,,
Medical | r28_c17 | Wednesday,Medical,r28_c17,Wednesday,15,10,False,13:00-13:30,0.2,9,0.8,92.5,74.0,0.5166666666666667,True,False,,,,,,,,,,,,,,,,False,,,,,,,
Medical | r28_c18 | Monday,Medical,r28_c18,Monday,1,1,False,14:00-14:30,1.0,1,0.0,,0.0,0.0,False,False,,,,,,,,,,,,,,,,False,,,,,,,
Medical | r28_c18 | Thursday,Medical,r28_c18,Thursday,7,3,False,11:00-11:30,0.2857142857142857,4,0.7142857142857143,65.99999999999999,47.14285714285714,0.3928571428571428,False,False,,,,,,,,,,,,,,,,False,,,,,,,
Medical | r28_c18 | Tuesday,Medical,r28_c18,Tuesday,5,4,False,12:00-12:30,0.4,4,0.6,110.0,66.0,0.35000000000000003,False,False,,,,,,,,,,,,,,,,False,,,,,,,
Medical | r28_c18 | Wednesday,Medical,r28_c18,Wednesday,1,1,False,13:30-14:00,1.0,1,0.0,,0.0,0.0,False,False,,,,,,,,,,,,,,,,False,,,,,,,
Medical | r28_c20 | Friday,Medical,r28_c20,Friday,3,2,False,12:00-12:30,0.6666666666666666,2,0.33333333333333337,59.99999999999999,20.0,0.16666666666666666,False,False,,,,,,,,,,,,,,,,False,,,,,,,
Medical | r28_c20 | Thursday,Medical,r28_c20,Thursday,5,2,False,14:00-14:30,0.4,4,0.6,60.0,36.0,0.3,False,False,,,,,,,,,,,,,,,,False,,,,,,,
Medical | r28_c20 | Tuesday,Medical,r28_c20,Tuesday,3,2,False,14:30-15:00,0.6666666666666666,2,0.33333333333333337,149.99999999999997,50.0,0.3333333333333333,False,False,,,,,,,,,,,,,,,,False,,,,,,,
Medical | r28_c21 | Friday,Medical,r28_c21,Friday,6,5,False,10:30-11:00,0.5,4,0.5,70.0,35.0,0.29166666666666663,False,False,,,,,,,,,,,,,,,,False,,,,,,,
Medical | r28_c21 | Monday,Medical,r28_c21,Monday,9,3,False,10:00-10:30,0.4444444444444444,3,0.5555555555555556,47.99999999999999,26.666666666666664,0.2222222222222222,False,False,,,,,,,,,,,,,,,,False,,,,,,,
Medical | r28_c21 | Thursday,Medical,r28_c21,Thursday,7,3,False,10:00-10:30,1.0,1,0.0,,0.0,0.0,False,False,,,,,,,,,,,,,,,,False,,,,,,,
Medical | r28_c21 | Tuesday,Medical,r28_c21,Tuesday,22,10,False,09:00-09:30,0.22727272727272727,10,0.7727272727272727,137.64705882352942,106.36363636363637,0.5454545454545454,True,False,,,,,,,,,,,,,,,,False,,,,,,,
Medical | r28_c21 | Wednesday,Medical,r28_c21,Wednesday,9,7,False,09:00-09:30,0.5555555555555556,4,0.4444444444444444,90.0,40.0,0.25,False,False,,,,,,,,,,,,,,,,False,,,,,,,
Medical | r28_c5 | Friday,Medical,r28_c5,Friday,11,2,False,09:00-09:30,0.36363636363636365,5,0.6363636363636364,60.00000000000001,38.18181818181819,0.3181818181818182,False,False,,,,,,,,,,,,,,,,False,,,,,,,
Medical | r28_c5 | Thursday,Medical,r28_c5,Thursday,3,1,False,11:30-12:00,0.6666666666666666,2,0.33333333333333337,29.999999999999996,10.0,0.08333333333333333,False,False,,,,,,,,,,,,,,,,False,,,,,,,
Medical | r28_c9 | Friday,Medical,r28_c9,Friday,1,1,False,11:00-11:30,1.0,1,0.0,,0.0,0.0,False,False,,,,,,,,,,,,,,,,False,,,,,,,
Medical | r28_c9 | Monday,Medical,r28_c9,Monday,18,10,False,10:00-10:30,0.4444444444444444,5,0.5555555555555556,63.0,35.0,0.29166666666666663,True,False,,,,,,,,,,,,,,,,False,,,,,,,
Medical | r28_c9 | Thursday,Medical,r28_c9,Thursday,24,15,False,10:00-10:30,0.625,6,0.375,50.0,18.75,0.15625,True,False,,,,,,,,,,,,,,,,False,,,,,,,
Medical | r28_c9 | Tuesday,Medical,r28_c9,Tuesday,25,17,False,10:00-10:30,0.4,8,0.6,102.00000000000001,61.20000000000001,0.4600000000000001,True,False,,,,,,,,,,,,,,,,False,,,,,,,
Medical | r28_c9 | Wednesday,Medical,r28_c9,Wednesday,14,8,False,11:30-12:00,0.2857142857142857,8,0.7142857142857143,89.99999999999999,64.28571428571428,0.48214285714285704,True,False,,,,,,,,,,,,,,,,False,,,,,,,
Medical | r29_c10 | Monday,Medical,r29_c10,Monday,2,1,False,10:00-10:30,0.5,2,0.5,120.0,60.0,0.5,False,False,,,,,,,,,,,,,,,,False,,,,,,,
Medical | r29_c10 | Thursday,Medical,r29_c10,Thursday,2,1,False,09:00-09:30,0.5,2,0.5,60.0,30.0,0.25,False,False,,,,,,,,,,,,,,,,False,,,,,,,
Medical | r29_c11 | Thursday,Medical,r29_c11,Thursday,2,1,False,08:00-08:30,0.5,2,0.5,90.0,45.0,0.375,False,False,,,,,,,,,,,,,,,,False,,,,,,,
Medical | r29_c12 | Friday,Medical,r29_c12,Friday,1,1,False,09:30-10:00,1.0,1,0.0,,0.0,0.0,False,False,,,,,,,,,,,,,,,,False,,,,,,,
Medical | r29_c12 | Wednesday,Medical,r29_c12,Wednesday,3,2,False,10:00-10:30,0.6666666666666666,2,0.33333333333333337,89.99999999999999,30.0,0.25,False,False,,,,,,,,,,,,,,,,False,,,,,,,
Medical | r29_c13 | Friday,Medical,r29_c13,Friday,3,3,False,11:30-12:00,0.6666666666666666,2,0.33333333333333337,179.99999999999997,60.0,0.3333333333333333,False,False,,,,,,,,,,,,,,,,False,,,,,,,
Medical | r29_c13 | Monday,Medical,r29_c13,Monday,22,7,False,07:30-08:00,0.45454545454545453,8,0.5454545454545454,197.5,107.72727272727272,0.4772727272727273,True,False,,,,,,,,,,,,,,,,False,,,,,,,
Medical | r29_c13 | Thursday,Medical,r29_c13,Thursday,39,20,False,15:30-16:00,0.20512820512820512,13,0.7948717948717949,276.774193548387,219.99999999999997,0.7564102564102565,True,False,,,,,,,,,,,,,,,,False,,,,,,,
Medical | r29_c13 | Tuesday,Medical,r29_c13,Tuesday,36,21,False,15:30-16:00,0.2222222222222222,12,0.7777777777777778,253.92857142857142,197.5,0.7013888888888888,True,False,,,,,,,,,,,,,,,,False,,,,,,,
Medical | r29_c13 | Wednesday,Medical,r29_c13,Wednesday,22,8,False,13:00-13:30,0.2727272727272727,10,0.7272727272727273,148.125,107.72727272727273,0.47727272727272724,True,False,,,,,,,,,,,,,,,,False,,,,,,,
Medical | r29_c14 | Monday,Medical,r29_c14,Monday,3,1,False,12:00-12:30,1.0,1,0.0,,0.0,0.0,False,False,,,,,,,,,,,,,,,,False,,,,,,,
Medical | r29_c14 | Thursday,Medical,r29_c14,Thursday,3,2,False,12:30-13:00,0.6666666666666666,2,0.33333333333333337,89.99999999999999,30.0,0.25,False,False,,,,,,,,,,,,,,,,False,,,,,,,
Medical | r29_c14 | Tuesday,Medical,r29_c14,Tuesday,2,2,False,10:00-10:30,0.5,2,0.5,150.0,75.0,0.5,False,False,,,,,,,,,,,,,,,,False,,,,,,,
Medical | r29_c14 | Wednesday,Medical,r29_c14,Wednesday,5,3,False,10:00-10:30,0.6,2,0.4,210.0,84.0,0.4,False,False,,,,,,,,,,,,,,,,False,,,,,,,
Medical | r29_c15 | Friday,Medical,r29_c15,Friday,8,4,False,08:00-08:30,0.5,4,0.5,120.0,60.0,0.28125,False,False,,,,,,,,,,,,,,,,False,,,,,,,
Medical | r29_c15 | Monday,Medical,r29_c15,Monday,23,13,False,11:30-12:00,0.34782608695652173,6,0.6521739130434783,84.0,54.78260869565217,0.3369565217391304,True,False,,,,,,,,,,,,,,,,False,,,,,,,
Medical | r29_c15 | Thursday,Medical,r29_c15,Thursday,27,12,False,11:00-11:30,0.18518518518518517,8,0.8148148148148149,121.36363636363635,98.88888888888889,0.6111111111111112,True,False,,,,,,,,,,,,,,,,False,,,,,,,
Medical | r29_c15 | Tuesday,Medical,r29_c15,Tuesday,20,13,False,11:00-11:30,0.35,7,0.65,129.23076923076923,84.0,0.5000000000000001,True,False,,,,,,,,,,,,,,,,False,,,,,,,
Medical | r29_c15 | Wednesday,Medical,r29_c15,Wednesday,34,14,False,11:30-12:00,0.29411764705882354,8,0.7058823529411764,73.75000000000001,52.05882352941177,0.34558823529411764,True,False,,,,,,,,,,,,,,,,False,,,,,,,
Medical | r29_c16 | Friday,Medical,r29_c16,Friday,72,28,False,13:00-13:30,0.1388888888888889,15,0.8611111111111112,111.77419354838709,96.25,0.6527777777777777,True,False,,,,,,,,,,,,,,,,False,,,,,,,
Medical | r29_c16 | Monday,Medical,r29_c16,Monday,66,24,False,12:00-12:30,0.19696969696969696,12,0.803030303030303,103.01886792452832,82.72727272727273,0.5719696969696969,True,False,,,,,,,,,,,,,,,,False,,,,,,,
Medical | r29_c16 | Thursday,Medical,r29_c16,Thursday,97,30,False,15:00-15:30,0.15463917525773196,13,0.845360824742268,119.26829268292681,100.82474226804122,0.6494845360824743,True,False,,,,,,,,,,,,,,,,False,,,,,,,
Medical | r29_c16 | Tuesday,Medical,r29_c16,Tuesday,146,37,False,13:00-13:30,0.15753424657534246,15,0.8424657534246576,89.02439024390243,75.0,0.5445205479452055,True,False,,,,,,,,,,,,,,,,False,,,,,,,
Medical | r29_c16 | Wednesday,Medical,r29_c16,Wednesday,114,38,False,13:00-13:30,0.20175438596491227,14,0.7982456140350878,88.02197802197801,70.26315789473684,0.5328947368421053,True,False,,,,,,,,,,,,,,,,False,,,,,,,
Medical | r29_c17 | Friday,Medical,r29_c17,Friday,268,47,False,13:30-14:00,0.1417910447761194,17,0.8582089552238806,85.30434782608695,73.2089552238806,0.5513059701492538,True,False,,,,,,,,,,,,,,,,False,,,,,,,
Medical | r29_c17 | Monday,Medical,r29_c17,Monday,189,41,False,12:30-13:00,0.15873015873015872,14,0.8412698412698413,92.64150943396224,77.93650793650792,0.5542328042328042,True,False,,,,,,,,,,,,,,,,False,,,,,,,
Medical | r29_c17 | Saturday,Medical,r29_c17,Saturday,3,1,False,14:00-14:30,0.6666666666666666,2,0.33333333333333337,29.999999999999996,10.0,0.08333333333333333,False,False,,,,,,,,,,,,,,,,False,,,,,,,
Medical | r29_c17 | Thursday,Medical,r29_c17,Thursday,368,49,False,13:30-14:00,0.14945652173913043,18,0.8505434782608696,82.81150159744408,70.43478260869564,0.53125,True,False,,,,,,,,,,,,,,,,False,,,,,,,
Medical | r29_c17 | Tuesday,Medical,r29_c17,Tuesday,338,47,False,13:00-13:30,0.15088757396449703,15,0.849112426035503,82.26480836236934,69.85207100591715,0.5369822485207102,True,False,,,,,,,,,,,,,,,,False,,,,,,,
Medical | r29_c17 | Wednesday,Medical,r29_c17,Wednesday,249,47,False,15:00-15:30,0.14859437751004015,15,0.8514056224899599,121.27358490566036,103.25301204819276,0.6526104417670683,True,False,,,,,,,,,,,,,,,,False,,,,,,,
Medical | r29_c18 | Thursday,Medical,r29_c18,Thursday,2,1,False,10:30-11:00,0.5,2,0.5,210.0,105.0,0.5,False,False,,,,,,,,,,,,,,,,False,,,,,,,
Medical | r29_c18 | Tuesday,Medical,r29_c18,Tuesday,4,3,False,12:30-13:00,1.0,1,0.0,,0.0,0.0,False,False,,,,,,,,,,,,,,,,False,,,,,,,
Medical | r29_c18 | Wednesday,Medical,r29_c18,Wednesday,1,1,False,13:00-13:30,1.0,1,0.0,,0.0,0.0,False,False,,,,,,,,,,,,,,,,False,,,,,,,
Medical | r29_c19 | Thursday,Medical,r29_c19,Thursday,8,2,False,12:30-13:00,0.25,5,0.75,65.0,48.75,0.40625,False,False,,,,,,,,,,,,,,,,False,,,,,,,
Medical | r29_c19 | Tuesday,Medical,r29_c19,Tuesday,2,2,False,11:00-11:30,0.5,2,0.5,30.0,15.0,0.125,False,False,,,,,,,,,,,,,,,,False,,,,,,,
Medical | r29_c21 | Monday,Medical,r29_c21,Monday,1,1,False,11:30-12:00,1.0,1,0.0,,0.0,0.0,False,False,,,,,,,,,,,,,,,,False,,,,,,,
Medical | r29_c21 | Wednesday,Medical,r29_c21,Wednesday,1,1,False,14:00-14:30,1.0,1,0.0,,0.0,0.0,False,False,,,,,,,,,,,,,,,,False,,,,,,,
Medical | r29_c22 | Friday,Medical,r29_c22,Friday,10,4,False,12:00-12:30,0.3,5,0.7,72.85714285714286,51.0,0.37500000000000006,True,False,,,,,,,,,,,,,,,,False,,,,,,,
Medical | r29_c22 | Thursday,Medical,r29_c22,Thursday,14,5,False,12:30-13:00,0.2857142857142857,7,0.7142857142857143,60.00000000000001,42.85714285714286,0.3571428571428571,True,False,,,,,,,,,,,,,,,,False,,,,,,,
Medical | r29_c22 | Tuesday,Medical,r29_c22,Tuesday,16,7,False,12:30-13:00,0.4375,6,0.5625,80.0,45.0,0.296875,True,False,,,,,,,,,,,,,,,,False,,,,,,,
Medical | r29_c8 | Friday,Medical,r29_c8,Friday,2,2,False,10:30-11:00,1.0,1,0.0,,0.0,0.0,False,False,,,,,,,,,,,,,,,,False,,,,,,,
Medical | r29_c8 | Monday,Medical,r29_c8,Monday,6,2,False,10:30-11:00,1.0,1,0.0,,0.0,0.0,False,False,,,,,,,,,,,,,,,,False,,,,,,,
Medical | r29_c8 | Wednesday,Medical,r29_c8,Wednesday,2,2,False,10:30-11:00,1.0,1,0.0,,0.0,0.0,False,False,,,,,,,,,,,,,,,,False,,,,,,,
Medical | r30_c10 | Friday,Medical,r30_c10,Friday,1,1,False,07:00-07:30,1.0,1,0.0,,0.0,0.0,False,False,,,,,,,,,,,,,,,,False,,,,,,,
Medical | r30_c10 | Monday,Medical,r30_c10,Monday,8,5,False,13:00-13:30,0.25,6,0.75,205.0,153.75,0.5625,False,False,,,,,,,,,,,,,,,,False,,,,,,,
Medical | r30_c10 | Tuesday,Medical,r30_c10,Tuesday,2,2,False,07:00-07:30,0.5,2,0.5,180.0,90.0,0.5,False,False,,,,,,,,,,,,,,,,False,,,,,,,
Medical | r30_c10 | Wednesday,Medical,r30_c10,Wednesday,4,2,False,09:00-09:30,0.5,3,0.5,180.0,90.0,0.5,False,False,,,,,,,,,,,,,,,,False,,,,,,,
Medical | r30_c11 | Monday,Medical,r30_c11,Monday,2,2,False,11:00-11:30,0.5,2,0.5,60.0,30.0,0.25,False,False,,,,,,,,,,,,,,,,False,,,,,,,
Medical | r30_c11 | Thursday,Medical,r30_c11,Thursday,24,7,False,12:00-12:30,0.25,13,0.75,136.66666666666666,102.5,0.6354166666666666,True,False,,,,,,,,,,,,,,,,False,,,,,,,
Medical | r30_c11 | Tuesday,Medical,r30_c11,Tuesday,2,1,False,10:30-11:00,0.5,2,0.5,30.0,15.0,0.125,False,False,,,,,,,,,,,,,,,,False,,,,,,,
Medical | r30_c11 | Wednesday,Medical,r30_c11,Wednesday,5,4,False,11:00-11:30,0.8,2,0.19999999999999996,60.000000000000014,12.0,0.1,False,False,,,,,,,,,,,,,,,,False,,,,,,,
Medical | r30_c14 | Monday,Medical,r30_c14,Monday,3,2,False,12:30-13:00,0.6666666666666666,2,0.33333333333333337,59.99999999999999,20.0,0.16666666666666666,False,False,,,,,,,,,,,,,,,,False,,,,,,,
Medical | r30_c15 | Friday,Medical,r30_c15,Friday,1,1,False,09:00-09:30,1.0,1,0.0,,0.0,0.0,False,False,,,,,,,,,,,,,,,,False,,,,,,,
Medical | r30_c15 | Monday,Medical,r30_c15,Monday,1,1,False,09:30-10:00,1.0,1,0.0,,0.0,0.0,False,False,,,,,,,,,,,,,,,,False,,,,,,,
Medical | r30_c15 | Thursday,Medical,r30_c15,Thursday,9,2,False,08:30-09:00,0.4444444444444444,4,0.5555555555555556,53.99999999999999,29.999999999999996,0.25,False,False,,,,,,,,,,,,,,,,False,,,,,,,
Medical | r30_c15 | Tuesday,Medical,r30_c15,Tuesday,2,1,False,09:00-09:30,0.5,2,0.5,30.0,15.0,0.125,False,False,,,,,,,,,,,,,,,,False,,,,,,,
Medical | r30_c15 | Wednesday,Medical,r30_c15,Wednesday,2,1,False,13:00-13:30,1.0,1,0.0,,0.0,0.0,False,False,,,,,,,,,,,,,,,,False,,,,,,,
Medical | r30_c16 | Friday,Medical,r30_c16,Friday,11,3,False,15:00-15:30,0.18181818181818182,9,0.8181818181818181,110.00000000000001,90.0,0.5454545454545454,True,False,,,,,,,,,,,,,,,,False,,,,,,,
Medical | r30_c16 | Monday,Medical,r30_c16,Monday,2,2,False,12:00-12:30,1.0,1,0.0,,0.0,0.0,False,False,,,,,,,,,,,,,,,,False,,,,,,,
Medical | r30_c16 | Thursday,Medical,r30_c16,Thursday,3,2,False,08:00-08:30,0.3333333333333333,3,0.6666666666666667,89.99999999999999,60.0,0.5,False,False,,,,,,,,,,,,,,,,False,,,,,,,
Medical | r30_c16 | Tuesday,Medical,r30_c16,Tuesday,8,2,False,10:00-10:30,0.125,8,0.875,240.0,210.0,0.875,False,False,,,,,,,,,,,,,,,,False,,,,,,,
Medical | r30_c16 | Wednesday,Medical,r30_c16,Wednesday,4,2,False,10:00-10:30,0.5,3,0.5,120.0,60.0,0.375,False,False,,,,,,,,,,,,,,,,False,,,,,,,
Medical | r30_c17 | Tuesday,Medical,r30_c17,Tuesday,2,1,False,11:00-11:30,1.0,1,0.0,,0.0,0.0,False,False,,,,,,,,,,,,,,,,False,,,,,,,
Medical | r30_c17 | Wednesday,Medical,r30_c17,Wednesday,1,1,False,08:30-09:00,1.0,1,0.0,,0.0,0.0,False,False,,,,,,,,,,,,,,,,False,,,,,,,
Medical | r30_c18 | Friday,Medical,r30_c18,Friday,5,3,False,09:00-09:30,0.4,4,0.6,120.0,72.0,0.45,False,False,,,,,,,,,,,,,,,,False,,,,,,,
Medical | r30_c18 | Monday,Medical,r30_c18,Monday,2,2,False,12:00-12:30,1.0,1,0.0,,0.0,0.0,False,False,,,,,,,,,,,,,,,,False,,,,,,,
Medical | r30_c18 | Thursday,Medical,r30_c18,Thursday,4,1,False,09:00-09:30,0.5,2,0.5,30.0,15.0,0.125,False,False,,,,,,,,,,,,,,,,False,,,,,,,
Medical | r30_c18 | Tuesday,Medical,r30_c18,Tuesday,7,6,False,12:00-12:30,0.42857142857142855,5,0.5714285714285714,165.0,94.28571428571428,0.5714285714285714,False,False,,,,,,,,,,,,,,,,False,,,,,,,
Medical | r30_c18 | Wednesday,Medical,r30_c18,Wednesday,6,5,False,13:30-14:00,0.3333333333333333,5,0.6666666666666667,194.99999999999997,130.0,0.5,False,False,,,,,,,,,,,,,,,,False,,,,,,,
Medical | r30_c19 | Friday,Medical,r30_c19,Friday,11,5,False,09:00-09:30,0.36363636363636365,5,0.6363636363636364,55.714285714285715,35.45454545454545,0.29545454545454547,True,False,,,,,,,,,,,,,,,,False,,,,,,,
Medical | r30_c19 | Monday,Medical,r30_c19,Monday,6,4,False,09:00-09:30,0.3333333333333333,4,0.6666666666666667,127.49999999999999,85.0,0.5,False,False,,,,,,,,,,,,,,,,False,,,,,,,
Medical | r30_c19 | Thursday,Medical,r30_c19,Thursday,24,7,False,11:00-11:30,0.20833333333333334,9,0.7916666666666666,99.47368421052632,78.75,0.59375,True,False,,,,,,,,,,,,,,,,False,,,,,,,
Medical | r30_c19 | Tuesday,Medical,r30_c19,Tuesday,11,6,False,08:00-08:30,0.36363636363636365,5,0.6363636363636364,51.42857142857144,32.727272727272734,0.2727272727272727,True,False,,,,,,,,,,,,,,,,False,,,,,,,
Medical | r30_c19 | Wednesday,Medical,r30_c19,Wednesday,9,7,False,08:30-09:00,0.2222222222222222,6,0.7777777777777778,102.85714285714283,79.99999999999999,0.5,False,False,,,,,,,,,,,,,,,,False,,,,,,,
Medical | r30_c20 | Friday,Medical,r30_c20,Friday,12,10,False,09:00-09:30,0.75,4,0.25,300.0,75.0,0.22916666666666663,True,False,,,,,,,,,,,,,,,,False,,,,,,,
Medical | r30_c20 | Monday,Medical,r30_c20,Monday,9,6,False,14:00-14:30,0.4444444444444444,5,0.5555555555555556,191.99999999999997,106.66666666666666,0.4444444444444444,False,False,,,,,,,,,,,,,,,,False,,,,,,,
Medical | r30_c20 | Thursday,Medical,r30_c20,Thursday,13,7,False,12:30-13:00,0.23076923076923078,9,0.7692307692307692,84.0,64.61538461538461,0.44230769230769235,True,False,,,,,,,,,,,,,,,,False,,,,,,,
Medical | r30_c20 | Tuesday,Medical,r30_c20,Tuesday,15,7,False,06:30-07:00,0.2,7,0.8,465.0,372.0,0.7999999999999999,True,False,,,,,,,,,,,,,,,,False,,,,,,,
Medical | r30_c20 | Wednesday,Medical,r30_c20,Wednesday,13,5,False,13:30-14:00,0.3076923076923077,7,0.6923076923076923,76.66666666666667,53.07692307692308,0.44230769230769235,True,False,,,,,,,,,,,,,,,,False,,,,,,,
Medical | r30_c21 | Friday,Medical,r30_c21,Friday,64,35,False,09:00-09:30,0.671875,7,0.328125,65.71428571428571,21.5625,0.140625,True,False,,,,,,,,,,,,,,,,False,,,,,,,
Medical | r30_c21 | Monday,Medical,r30_c21,Monday,71,33,False,09:00-09:30,0.7887323943661971,8,0.21126760563380287,91.99999999999999,19.43661971830986,0.1443661971830986,True,False,,,,,,,,,,,,,,,,False,,,,,,,
Medical | r30_c21 | Thursday,Medical,r30_c21,Thursday,38,19,False,09:00-09:30,0.3684210526315789,9,0.631578947368421,84.99999999999999,53.68421052631578,0.3355263157894737,True,False,,,,,,,,,,,,,,,,False,,,,,,,
Medical | r30_c21 | Tuesday,Medical,r30_c21,Tuesday,26,12,False,09:00-09:30,0.38461538461538464,5,0.6153846153846154,43.125,26.53846153846154,0.22115384615384617,True,False,,,,,,,,,,,,,,,,False,,,,,,,
Medical | r30_c21 | Wednesday,Medical,r30_c21,Wednesday,79,39,False,09:00-09:30,0.7215189873417721,11,0.2784810126582279,99.54545454545453,27.721518987341774,0.16139240506329117,True,False,,,,,,,,,,,,,,,,False,,,,,,,
Medical | r30_c25 | Friday,Medical,r30_c25,Friday,21,5,False,10:00-10:30,0.42857142857142855,6,0.5714285714285714,70.0,40.0,0.3214285714285714,True,False,,,,,,,,,,,,,,,,False,,,,,,,
Medical | r30_c25 | Monday,Medical,r30_c25,Monday,4,3,False,10:30-11:00,0.5,3,0.5,90.0,45.0,0.375,False,False,,,,,,,,,,,,,,,,False,,,,,,,
Medical | r30_c25 | Thursday,Medical,r30_c25,Thursday,7,2,False,09:30-10:00,0.42857142857142855,4,0.5714285714285714,37.5,21.428571428571427,0.17857142857142855,False,False,,,,,,,,,,,,,,,,False,,,,,,,
Medical | r30_c25 | Tuesday,Medical,r30_c25,Tuesday,1,1,False,12:00-12:30,1.0,1,0.0,,0.0,0.0,False,False,,,,,,,,,,,,,,,,False,,,,,,,
Medical | r30_c25 | Wednesday,Medical,r30_c25,Wednesday,3,2,False,08:00-08:30,0.6666666666666666,2,0.33333333333333337,89.99999999999999,30.0,0.25,False,False,,,,,,,,,,,,,,,,False,,,,,,,
Medical | r30_c26 | Monday,Medical,r30_c26,Monday,5,3,False,11:00-11:30,0.6,2,0.4,150.0,60.0,0.4,False,False,,,,,,,,,,,,,,,,False,,,,,,,
Medical | r30_c26 | Thursday,Medical,r30_c26,Thursday,10,3,False,08:30-09:00,0.7,3,0.30000000000000004,29.999999999999996,9.0,0.07500000000000001,True,False,,,,,,,,,,,,,,,,False,,,,,,,
Medical | r30_c26 | Tuesday,Medical,r30_c26,Tuesday,3,2,False,08:30-09:00,0.3333333333333333,3,0.6666666666666667,179.99999999999997,120.0,0.6666666666666666,False,False,,,,,,,,,,,,,,,,False,,,,,,,
Medical | r30_c26 | Wednesday,Medical,r30_c26,Wednesday,4,2,False,09:30-10:00,0.75,2,0.25,180.0,45.0,0.25,False,False,,,,,,,,,,,,,,,,False,,,,,,,
Medical | r31_c10 | Monday,Medical,r31_c10,Monday,5,2,False,12:00-12:30,0.6,2,0.4,60.0,24.0,0.2,False,False,,,,,,,,,,,,,,,,False,,,,,,,
Medical | r31_c10 | Thursday,Medical,r31_c10,Thursday,8,2,False,08:30-09:00,0.25,5,0.75,285.0,213.75,0.75,False,False,,,,,,,,,,,,,,,,False,,,,,,,
Medical | r31_c10 | Tuesday,Medical,r31_c10,Tuesday,2,2,False,09:30-10:00,0.5,2,0.5,210.0,105.0,0.5,False,False,,,,,,,,,,,,,,,,False,,,,,,,
Medical | r31_c10 | Wednesday,Medical,r31_c10,Wednesday,4,3,False,13:00-13:30,0.75,2,0.25,180.0,45.0,0.25,False,False,,,,,,,,,,,,,,,,False,,,,,,,
Medical | r31_c13 | Friday,Medical,r31_c13,Friday,4,2,False,10:30-11:00,1.0,1,0.0,,0.0,0.0,False,False,,,,,,,,,,,,,,,,False,,,,,,,
Medical | r31_c13 | Monday,Medical,r31_c13,Monday,25,13,False,07:00-07:30,0.56,7,0.43999999999999995,128.18181818181822,56.400000000000006,0.36000000000000004,True,False,,,,,,,,,,,,,,,,False,,,,,,,
Medical | r31_c13 | Thursday,Medical,r31_c13,Thursday,1,1,False,09:00-09:30,1.0,1,0.0,,0.0,0.0,False,False,,,,,,,,,,,,,,,,False,,,,,,,
Medical | r31_c13 | Tuesday,Medical,r31_c13,Tuesday,15,7,False,09:00-09:30,0.26666666666666666,7,0.7333333333333334,84.54545454545453,62.0,0.4333333333333333,True,False,,,,,,,,,,,,,,,,False,,,,,,,
Medical | r31_c13 | Wednesday,Medical,r31_c13,Wednesday,6,3,False,10:30-11:00,0.5,3,0.5,190.0,95.0,0.5,False,False,,,,,,,,,,,,,,,,False,,,,,,,
Medical | r31_c14 | Friday,Medical,r31_c14,Friday,30,23,False,10:00-10:30,1.0,1,0.0,,0.0,0.0,True,False,,,,,,,,,,,,,,,,False,,,,,,,
Medical | r31_c14 | Monday,Medical,r31_c14,Monday,43,20,False,10:00-10:30,0.7209302325581395,5,0.2790697674418605,82.49999999999997,23.023255813953487,0.19186046511627908,True,False,,,,,,,,,,,,,,,,False,,,,,,,
Medical | r31_c14 | Thursday,Medical,r31_c14,Thursday,13,7,False,10:00-10:30,0.38461538461538464,5,0.6153846153846154,90.0,55.38461538461539,0.46153846153846156,True,False,,,,,,,,,,,,,,,,False,,,,,,,
Medical | r31_c14 | Tuesday,Medical,r31_c14,Tuesday,8,4,False,14:00-14:30,0.375,4,0.625,216.0,135.0,0.625,False,False,,,,,,,,,,,,,,,,False,,,,,,,
Medical | r31_c14 | Wednesday,Medical,r31_c14,Wednesday,38,22,False,10:00-10:30,0.7894736842105263,4,0.21052631578947367,45.0,9.473684210526315,0.07894736842105264,True,False,,,,,,,,,,,,,,,,False,,,,,,,
Medical | r31_c16 | Friday,Medical,r31_c16,Friday,7,5,False,10:00-10:30,0.5714285714285714,3,0.4285714285714286,259.99999999999994,111.42857142857142,0.42857142857142855,False,False,,,,,,,,,,,,,,,,False,,,,,,,
Medical | r31_c16 | Monday,Medical,r31_c16,Monday,3,1,False,12:00-12:30,1.0,1,0.0,,0.0,0.0,False,False,,,,,,,,,,,,,,,,False,,,,,,,
Medical | r31_c16 | Thursday,Medical,r31_c16,Thursday,9,4,False,10:00-10:30,0.2222222222222222,7,0.7777777777777778,227.14285714285717,176.66666666666669,0.75,False,False,,,,,,,,,,,,,,,,False,,,,,,,
Medical | r31_c16 | Tuesday,Medical,r31_c16,Tuesday,7,7,False,14:30-15:00,0.2857142857142857,6,0.7142857142857143,192.0,137.14285714285714,0.5357142857142857,False,False,,,,,,,,,,,,,,,,False,,,,,,,
Medical | r31_c16 | Wednesday,Medical,r31_c16,Wednesday,2,2,False,10:00-10:30,0.5,2,0.5,120.0,60.0,0.5,False,False,,,,,,,,,,,,,,,,False,,,,,,,
Medical | r31_c19 | Friday,Medical,r31_c19,Friday,6,2,False,12:00-12:30,0.6666666666666666,3,0.33333333333333337,104.99999999999999,35.0,0.20833333333333331,False,False,,,,,,,,,,,,,,,,False,,,,,,,
Medical | r31_c19 | Monday,Medical,r31_c19,Monday,1,1,False,09:00-09:30,1.0,1,0.0,,0.0,0.0,False,False,,,,,,,,,,,,,,,,False,,,,,,,
Medical | r31_c19 | Thursday,Medical,r31_c19,Thursday,1,1,False,12:00-12:30,1.0,1,0.0,,0.0,0.0,False,False,,,,,,,,,,,,,,,,False,,,,,,,
Medical | r31_c19 | Tuesday,Medical,r31_c19,Tuesday,5,4,False,10:30-11:00,0.4,4,0.6,80.0,48.0,0.4,False,False,,,,,,,,,,,,,,,,False,,,,,,,
Medical | r31_c20 | Friday,Medical,r31_c20,Friday,9,3,False,09:00-09:30,0.6666666666666666,4,0.33333333333333337,89.99999999999999,30.0,0.19444444444444442,False,False,,,,,,,,,,,,,,,,False,,,,,,,
Medical | r31_c20 | Monday,Medical,r31_c20,Monday,3,3,False,09:00-09:30,0.3333333333333333,3,0.6666666666666667,119.99999999999999,80.0,0.5,False,False,,,,,,,,,,,,,,,,False,,,,,,,
Medical | r31_c20 | Thursday,Medical,r31_c20,Thursday,4,4,False,12:00-12:30,0.5,3,0.5,75.0,37.5,0.3125,False,False,,,,,,,,,,,,,,,,False,,,,,,,
Medical | r31_c20 | Tuesday,Medical,r31_c20,Tuesday,15,7,False,11:30-12:00,0.2,9,0.8,107.5,86.0,0.6166666666666667,True,False,,,,,,,,,,,,,,,,False,,,,,,,
Medical | r31_c20 | Wednesday,Medical,r31_c20,Wednesday,13,8,False,12:00-12:30,0.5384615384615384,5,0.46153846153846156,130.0,60.0,0.42307692307692313,True,False,,,,,,,,,,,,,,,,False,,,,,,,
Medical | r31_c26 | Friday,Medical,r31_c26,Friday,6,3,False,09:00-09:30,0.5,4,0.5,120.0,60.0,0.41666666666666663,False,False,,,,,,,,,,,,,,,,False,,,,,,,
Medical | r31_c26 | Monday,Medical,r31_c26,Monday,9,5,False,08:30-09:00,0.3333333333333333,5,0.6666666666666667,114.99999999999997,76.66666666666666,0.3888888888888889,False,False,,,,,,,,,,,,,,,,False,,,,,,,
Medical | r31_c26 | Thursday,Medical,r31_c26,Thursday,16,8,False,09:30-10:00,0.25,9,0.75,85.0,63.75,0.453125,True,False,,,,,,,,,,,,,,,,False,,,,,,,
Medical | r31_c26 | Tuesday,Medical,r31_c26,Tuesday,37,18,False,09:00-09:30,0.2972972972972973,10,0.7027027027027026,66.92307692307693,47.02702702702703,0.36486486486486486,True,False,,,,,,,,,,,,,,,,False,,,,,,,
Medical | r31_c26 | Wednesday,Medical,r31_c26,Wednesday,9,4,False,09:00-09:30,0.4444444444444444,3,0.5555555555555556,53.99999999999999,29.999999999999996,0.25,False,False,,,,,,,,,,,,,,,,False,,,,,,,
Medical | r31_c27 | Tuesday,Medical,r31_c27,Tuesday,1,1,False,07:00-07:30,1.0,1,0.0,,0.0,0.0,False,False,,,,,,,,,,,,,,,,False,,,,,,,
Medical | r31_c27 | Wednesday,Medical,r31_c27,Wednesday,2,1,False,09:30-10:00,1.0,1,0.0,,0.0,0.0,False,False,,,,,,,,,,,,,,,,False,,,,,,,
Medical | r32_c11 | Friday,Medical,r32_c11,Friday,1,1,False,09:00-09:30,1.0,1,0.0,,0.0,0.0,False,False,,,,,,,,,,,,,,,,False,,,,,,,
Medical | r32_c11 | Thursday,Medical,r32_c11,Thursday,57,38,False,09:00-09:30,0.6666666666666666,6,0.33333333333333337,50.52631578947368,16.842105263157894,0.14035087719298248,True,False,,,,,,,,,,,,,,,,False,,,,,,,
Medical | r32_c11 | Tuesday,Medical,r32_c11,Tuesday,58,41,False,09:00-09:30,0.7068965517241379,4,0.2931034482758621,33.52941176470588,9.827586206896552,0.08189655172413793,True,False,,,,,,,,,,,,,,,,False,,,,,,,
Medical | r32_c12 | Friday,Medical,r32_c12,Friday,13,4,False,09:30-10:00,0.6153846153846154,5,0.3846153846153846,66.00000000000001,25.384615384615387,0.21153846153846156,True,False,,,,,,,,,,,,,,,,False,,,,,,,
Medical | r32_c12 | Monday,Medical,r32_c12,Monday,10,6,False,09:30-10:00,0.3,5,0.7,81.42857142857143,57.0,0.37500000000000006,True,False,,,,,,,,,,,,,,,,False,,,,,,,
Medical | r32_c12 | Thursday,Medical,r32_c12,Thursday,12,9,False,08:00-08:30,0.16666666666666666,9,0.8333333333333334,195.0,162.5,0.7291666666666665,True,False,,,,,,,,,,,,,,,,False,,,,,,,
Medical | r32_c12 | Tuesday,Medical,r32_c12,Tuesday,14,7,False,08:30-09:00,0.21428571428571427,8,0.7857142857142857,133.63636363636363,105.0,0.5357142857142857,True,False,,,,,,,,,,,,,,,,False,,,,,,,
Medical | r32_c12 | Wednesday,Medical,r32_c12,Wednesday,13,6,False,09:30-10:00,0.3076923076923077,8,0.6923076923076923,96.66666666666669,66.92307692307693,0.3653846153846154,True,False,,,,,,,,,,,,,,,,False,,,,,,,
Medical | r32_c13 | Friday,Medical,r32_c13,Friday,30,17,False,10:00-10:30,0.3,8,0.7,85.71428571428572,60.0,0.41666666666666663,True,False,,,,,,,,,,,,,,,,False,,,,,,,
Medical | r32_c13 | Monday,Medical,r32_c13,Monday,18,9,False,09:00-09:30,0.3333333333333333,5,0.6666666666666667,112.49999999999999,75.0,0.5833333333333333,True,False,,,,,,,,,,,,,,,,False,,,,,,,
Medical | r32_c13 | Thursday,Medical,r32_c13,Thursday,43,23,False,09:00-09:30,0.3953488372093023,11,0.6046511627906976,92.3076923076923,55.81395348837209,0.41279069767441856,True,False,,,,,,,,,,,,,,,,False,,,,,,,
Medical | r32_c13 | Tuesday,Medical,r32_c13,Tuesday,26,14,False,09:30-10:00,0.3076923076923077,11,0.6923076923076923,96.66666666666667,66.92307692307692,0.5096153846153847,True,False,,,,,,,,,,,,,,,,False,,,,,,,
Medical | r32_c13 | Wednesday,Medical,r32_c13,Wednesday,26,15,False,09:00-09:30,0.38461538461538464,7,0.6153846153846154,86.25,53.07692307692308,0.3653846153846154,True,False,,,,,,,,,,,,,,,,False,,,,,,,
Medical | r32_c14 | Friday,Medical,r32_c14,Friday,1,1,False,09:00-09:30,1.0,1,0.0,,0.0,0.0,False,False,,,,,,,,,,,,,,,,False,,,,,,,
Medical | r32_c14 | Monday,Medical,r32_c14,Monday,10,4,False,10:30-11:00,0.4,5,0.6,65.0,39.0,0.32499999999999996,True,False,,,,,,,,,,,,,,,,False,,,,,,,
Medical | r32_c14 | Thursday,Medical,r32_c14,Thursday,2,2,False,09:00-09:30,0.5,2,0.5,270.0,135.0,0.5,False,False,,,,,,,,,,,,,,,,False,,,,,,,
Medical | r32_c14 | Tuesday,Medical,r32_c14,Tuesday,12,5,False,09:30-10:00,0.4166666666666667,6,0.5833333333333333,51.42857142857144,30.0,0.25,True,False,,,,,,,,,,,,,,,,False,,,,,,,
Medical | r32_c14 | Wednesday,Medical,r32_c14,Wednesday,9,6,False,09:30-10:00,0.2222222222222222,8,0.7777777777777778,180.0,140.0,0.6666666666666667,False,False,,,,,,,,,,,,,,,,False,,,,,,,
Medical | r32_c16 | Friday,Medical,r32_c16,Friday,10,4,False,09:30-10:00,0.7,3,0.30000000000000004,49.99999999999999,15.0,0.125,True,False,,,,,,,,,,,,,,,,False,,,,,,,
Medical | r32_c16 | Monday,Medical,r32_c16,Monday,12,7,False,09:00-09:30,0.3333333333333333,7,0.6666666666666667,97.49999999999999,65.0,0.4583333333333333,True,False,,,,,,,,,,,,,,,,False,,,,,,,
Medical | r32_c16 | Thursday,Medical,r32_c16,Thursday,9,4,False,09:30-10:00,0.3333333333333333,5,0.6666666666666667,69.99999999999999,46.666666666666664,0.3888888888888889,False,False,,,,,,,,,,,,,,,,False,,,,,,,
Medical | r32_c16 | Tuesday,Medical,r32_c16,Tuesday,15,11,False,09:30-10:00,0.4,5,0.6,80.0,48.0,0.35,True,False,,,,,,,,,,,,,,,,False,,,,,,,
Medical | r32_c16 | Wednesday,Medical,r32_c16,Wednesday,4,3,False,08:00-08:30,0.75,2,0.25,60.0,15.0,0.125,False,False,,,,,,,,,,,,,,,,False,,,,,,,
Medical | r32_c17 | Friday,Medical,r32_c17,Friday,1,1,False,09:30-10:00,1.0,1,0.0,,0.0,0.0,False,False,,,,,,,,,,,,,,,,False,,,,,,,
Medical | r32_c17 | Monday,Medical,r32_c17,Monday,15,10,False,09:00-09:30,0.8,2,0.19999999999999996,30.000000000000007,6.0,0.05,True,False,,,,,,,,,,,,,,,,False,,,,,,,
Medical | r32_c17 | Thursday,Medical,r32_c17,Thursday,10,9,False,09:00-09:30,0.6,5,0.4,45.0,18.0,0.15000000000000002,True,False,,,,,,,,,,,,,,,,False,,,,,,,
Medical | r32_c17 | Tuesday,Medical,r32_c17,Tuesday,2,2,False,08:30-09:00,0.5,2,0.5,120.0,60.0,0.5,False,False,,,,,,,,,,,,,,,,False,,,,,,,
Medical | r32_c17 | Wednesday,Medical,r32_c17,Wednesday,2,2,False,09:00-09:30,1.0,1,0.0,,0.0,0.0,False,False,,,,,,,,,,,,,,,,False,,,,,,,
Medical | r32_c18 | Friday,Medical,r32_c18,Friday,9,4,False,08:00-08:30,0.4444444444444444,4,0.5555555555555556,191.99999999999997,106.66666666666666,0.5555555555555556,False,False,,,,,,,,,,,,,,,,False,,,,,,,
Medical | r32_c18 | Monday,Medical,r32_c18,Monday,3,2,False,10:30-11:00,0.6666666666666666,2,0.33333333333333337,59.99999999999999,20.0,0.16666666666666666,False,False,,,,,,,,,,,,,,,,False,,,,,,,
Medical | r32_c18 | Thursday,Medical,r32_c18,Thursday,1,1,False,10:00-10:30,1.0,1,0.0,,0.0,0.0,False,False,,,,,,,,,,,,,,,,False,,,,,,,
Medical | r32_c18 | Tuesday,Medical,r32_c18,Tuesday,1,1,False,09:00-09:30,1.0,1,0.0,,0.0,0.0,False,False,,,,,,,,,,,,,,,,False,,,,,,,
Medical | r32_c18 | Wednesday,Medical,r32_c18,Wednesday,6,4,False,08:30-09:00,0.3333333333333333,3,0.6666666666666667,104.99999999999999,70.0,0.5833333333333333,False,False,,,,,,,,,,,,,,,,False,,,,,,,
Medical | r32_c19 | Friday,Medical,r32_c19,Friday,5,4,False,08:30-09:00,0.4,4,0.6,120.0,72.0,0.4,False,False,,,,,,,,,,,,,,,,False,,,,,,,
Medical | r32_c19 | Monday,Medical,r32_c19,Monday,2,1,False,09:00-09:30,1.0,1,0.0,,0.0,0.0,False,False,,,,,,,,,,,,,,,,False,,,,,,,
Medical | r32_c19 | Thursday,Medical,r32_c19,Thursday,9,1,False,12:30-13:00,0.5555555555555556,2,0.4444444444444444,30.0,13.333333333333332,0.1111111111111111,False,False,,,,,,,,,,,,,,,,False,,,,,,,
Medical | r32_c19 | Tuesday,Medical,r32_c19,Tuesday,3,1,False,10:30-11:00,0.3333333333333333,3,0.6666666666666667,44.99999999999999,30.0,0.25,False,False,,,,,,,,,,,,,,,,False,,,,,,,
Medical | r32_c20 | Friday,Medical,r32_c20,Friday,6,4,False,10:00-10:30,0.5,3,0.5,70.0,35.0,0.25,False,False,,,,,,,,,,,,,,,,False,,,,,,,
Medical | r32_c20 | Monday,Medical,r32_c20,Monday,4,2,False,08:00-08:30,1.0,1,0.0,,0.0,0.0,False,False,,,,,,,,,,,,,,,,False,,,,,,,
Medical | r32_c20 | Thursday,Medical,r32_c20,Thursday,4,3,False,14:30-15:00,0.75,2,0.25,60.0,15.0,0.125,False,False,,,,,,,,,,,,,,,,False,,,,,,,
Medical | r32_c20 | Tuesday,Medical,r32_c20,Tuesday,18,4,False,13:00-13:30,0.2777777777777778,7,0.7222222222222222,152.30769230769226,109.99999999999997,0.5833333333333334,True,False,,,,,,,,,,,,,,,,False,,,,,,,
Medical | r32_c20 | Wednesday,Medical,r32_c20,Wednesday,5,4,False,14:30-15:00,0.6,2,0.4,30.0,12.0,0.1,False,False,,,,,,,,,,,,,,,,False,,,,,,,
Medical | r32_c21 | Friday,Medical,r32_c21,Friday,20,12,False,11:00-11:30,0.3,6,0.7,64.28571428571429,45.0,0.375,True,False,,,,,,,,,,,,,,,,False,,,,,,,
Medical | r32_c21 | Monday,Medical,r32_c21,Monday,5,2,False,10:00-10:30,0.4,4,0.6,60.0,36.0,0.30000000000000004,False,False,,,,,,,,,,,,,,,,False,,,,,,,
Medical | r32_c21 | Thursday,Medical,r32_c21,Thursday,47,18,False,09:30-10:00,0.23404255319148937,11,0.7659574468085106,83.33333333333334,63.829787234042556,0.4734042553191489,True,False,,,,,,,,,,,,,,,,False,,,,,,,
Medical | r32_c21 | Tuesday,Medical,r32_c21,Tuesday,53,30,False,10:30-11:00,0.39622641509433965,10,0.6037735849056604,53.4375,32.264150943396224,0.2641509433962264,True,False,,,,,,,,,,,,,,,,False,,,,,,,
Medical | r32_c21 | Wednesday,Medical,r32_c21,Wednesday,13,6,False,11:00-11:30,0.46153846153846156,6,0.5384615384615384,77.14285714285714,41.53846153846153,0.34615384615384615,True,False,,,,,,,,,,,,,,,,False,,,,,,,
Medical | r32_c22 | Friday,Medical,r32_c22,Friday,3,2,False,11:00-11:30,0.3333333333333333,3,0.6666666666666667,74.99999999999999,50.0,0.41666666666666663,False,False,,,,,,,,,,,,,,,,False,,,,,,,
Medical | r32_c22 | Monday,Medical,r32_c22,Monday,25,3,False,12:00-12:30,0.48,5,0.52,41.53846153846153,21.599999999999998,0.18,True,False,,,,,,,,,,,,,,,,False,,,,,,,
Medical | r32_c22 | Thursday,Medical,r32_c22,Thursday,13,9,False,12:00-12:30,0.46153846153846156,7,0.5384615384615384,89.99999999999999,48.46153846153845,0.326923076923077,True,False,,,,,,,,,,,,,,,,False,,,,,,,
Medical | r32_c22 | Tuesday,Medical,r32_c22,Tuesday,8,3,False,12:30-13:00,0.375,6,0.625,60.0,37.5,0.3125,False,False,,,,,,,,,,,,,,,,False,,,,,,,
Medical | r32_c22 | Wednesday,Medical,r32_c22,Wednesday,10,9,False,12:00-12:30,0.4,6,0.6,105.0,63.0,0.375,True,False,,,,,,,,,,,,,,,,False,,,,,,,
Medical | r32_c23 | Friday,Medical,r32_c23,Friday,51,24,False,10:30-11:00,0.7450980392156863,6,0.2549019607843137,60.0,15.294117647058822,0.12254901960784315,True,False,,,,,,,,,,,,,,,,False,,,,,,,
Medical | r32_c23 | Monday,Medical,r32_c23,Monday,14,10,False,10:30-11:00,0.7142857142857143,4,0.2857142857142857,67.5,19.285714285714285,0.1607142857142857,True,False,,,,,,,,,,,,,,,,False,,,,,,,
Medical | r32_c23 | Thursday,Medical,r32_c23,Thursday,19,11,False,10:30-11:00,0.8421052631578947,3,0.1578947368421053,29.99999999999999,4.7368421052631575,0.03947368421052632,True,False,,,,,,,,,,,,,,,,False,,,,,,,
Medical | r32_c23 | Tuesday,Medical,r32_c23,Tuesday,19,12,False,10:30-11:00,0.7894736842105263,3,0.21052631578947367,75.0,15.789473684210526,0.13157894736842105,True,False,,,,,,,,,,,,,,,,False,,,,,,,
Medical | r32_c23 | Wednesday,Medical,r32_c23,Wednesday,15,12,False,10:30-11:00,0.7333333333333333,4,0.2666666666666667,37.49999999999999,10.0,0.08333333333333334,True,False,,,,,,,,,,,,,,,,False,,,,,,,
Medical | r32_c9 | Friday,Medical,r32_c9,Friday,4,2,False,13:30-14:00,0.5,3,0.5,150.0,75.0,0.375,False,False,,,,,,,,,,,,,,,,False,,,,,,,
Medical | r32_c9 | Thursday,Medical,r32_c9,Thursday,6,3,False,09:00-09:30,0.5,3,0.5,70.0,35.0,0.25,False,False,,,,,,,,,,,,,,,,False,,,,,,,
Medical | r32_c9 | Tuesday,Medical,r32_c9,Tuesday,12,4,False,11:30-12:00,0.3333333333333333,5,0.6666666666666667,123.74999999999999,82.5,0.6041666666666667,True,False,,,,,,,,,,,,,,,,False,,,,,,,
Medical | r32_c9 | Wednesday,Medical,r32_c9,Wednesday,4,2,False,09:30-10:00,0.5,3,0.5,60.0,30.0,0.25,False,False,,,,,,,,,,,,,,,,False,,,,,,,
Medical | r33_c10 | Friday,Medical,r33_c10,Friday,1,1,False,08:30-09:00,1.0,1,0.0,,0.0,0.0,False,False,,,,,,,,,,,,,,,,False,,,,,,,
Medical | r33_c10 | Monday,Medical,r33_c10,Monday,12,4,False,09:00-09:30,0.8333333333333334,2,0.16666666666666663,30.000000000000007,5.0,0.041666666666666664,True,False,,,,,,,,,,,,,,,,False,,,,,,,
Medical | r33_c10 | Thursday,Medical,r33_c10,Thursday,30,21,False,09:00-09:30,0.4666666666666667,4,0.5333333333333333,31.875,17.0,0.14166666666666666,True,False,,,,,,,,,,,,,,,,False,,,,,,,
Medical | r33_c10 | Tuesday,Medical,r33_c10,Tuesday,19,8,False,07:30-08:00,0.3157894736842105,7,0.6842105263157895,87.6923076923077,60.00000000000001,0.42105263157894735,True,False,,,,,,,,,,,,,,,,False,,,,,,,
Medical | r33_c10 | Wednesday,Medical,r33_c10,Wednesday,11,7,False,09:00-09:30,0.45454545454545453,3,0.5454545454545454,30.000000000000007,16.363636363636367,0.13636363636363635,True,False,,,,,,,,,,,,,,,,False,,,,,,,
Medical | r33_c11 | Monday,Medical,r33_c11,Monday,5,3,False,13:00-13:30,0.4,4,0.6,70.0,42.0,0.35000000000000003,False,False,,,,,,,,,,,,,,,,False,,,,,,,
Medical | r33_c12 | Friday,Medical,r33_c12,Friday,3,1,False,14:00-14:30,0.6666666666666666,2,0.33333333333333337,59.99999999999999,20.0,0.16666666666666666,False,False,,,,,,,,,,,,,,,,False,,,,,,,
Medical | r33_c12 | Tuesday,Medical,r33_c12,Tuesday,4,2,False,09:30-10:00,0.75,2,0.25,30.0,7.5,0.0625,False,False,,,,,,,,,,,,,,,,False,,,,,,,
Medical | r33_c13 | Friday,Medical,r33_c13,Friday,4,3,False,09:00-09:30,0.25,4,0.75,190.0,142.5,0.5625,False,False,,,,,,,,,,,,,,,,False,,,,,,,
Medical | r33_c13 | Monday,Medical,r33_c13,Monday,1,1,False,09:30-10:00,1.0,1,0.0,,0.0,0.0,False,False,,,,,,,,,,,,,,,,False,,,,,,,
Medical | r33_c13 | Thursday,Medical,r33_c13,Thursday,34,24,False,09:00-09:30,0.5,5,0.5,52.94117647058823,26.470588235294116,0.16176470588235292,True,False,,,,,,,,,,,,,,,,False,,,,,,,
Medical | r33_c13 | Tuesday,Medical,r33_c13,Tuesday,28,23,False,09:00-09:30,0.6428571428571429,4,0.3571428571428571,33.0,11.785714285714285,0.0982142857142857,True,False,,,,,,,,,,,,,,,,False,,,,,,,
Medical | r33_c13 | Wednesday,Medical,r33_c13,Wednesday,4,4,False,09:00-09:30,0.5,2,0.5,30.0,15.0,0.125,False,False,,,,,,,,,,,,,,,,False,,,,,,,
Medical | r33_c16 | Friday,Medical,r33_c16,Friday,9,7,False,09:00-09:30,0.4444444444444444,5,0.5555555555555556,72.0,40.0,0.2777777777777778,False,False,,,,,,,,,,,,,,,,False,,,,,,,
Medical | r33_c16 | Monday,Medical,r33_c16,Monday,5,4,False,14:00-14:30,0.4,4,0.6,200.0,120.0,0.5,False,False,,,,,,,,,,,,,,,,False,,,,,,,
Medical | r33_c16 | Thursday,Medical,r33_c16,Thursday,123,40,False,09:00-09:30,0.4065040650406504,15,0.5934959349593496,202.1917808219178,120.0,0.46747967479674796,True,False,,,,,,,,,,,,,,,,False,,,,,,,
Medical | r33_c16 | Tuesday,Medical,r33_c16,Tuesday,101,45,False,09:00-09:30,0.6534653465346535,14,0.3465346534653465,122.57142857142856,42.47524752475247,0.2326732673267327,True,False,,,,,,,,,,,,,,,,False,,,,,,,
Medical | r33_c16 | Wednesday,Medical,r33_c16,Wednesday,10,8,False,08:00-08:30,0.2,6,0.8,210.0,168.0,0.55,True,False,,,,,,,,,,,,,,,,False,,,,,,,
Medical | r33_c17 | Friday,Medical,r33_c17,Friday,6,2,False,11:30-12:00,0.3333333333333333,4,0.6666666666666667,104.99999999999999,70.0,0.4166666666666667,False,False,,,,,,,,,,,,,,,,False,,,,,,,
Medical | r33_c17 | Monday,Medical,r33_c17,Monday,3,3,False,12:30-13:00,0.3333333333333333,3,0.6666666666666667,44.99999999999999,30.0,0.25,False,False,,,,,,,,,,,,,,,,False,,,,,,,
Medical | r33_c17 | Thursday,Medical,r33_c17,Thursday,20,5,False,11:00-11:30,0.2,8,0.8,106.875,85.5,0.6000000000000001,True,False,,,,,,,,,,,,,,,,False,,,,,,,
Medical | r33_c17 | Tuesday,Medical,r33_c17,Tuesday,1,1,False,12:30-13:00,1.0,1,0.0,,0.0,0.0,False,False,,,,,,,,,,,,,,,,False,,,,,,,
Medical | r33_c17 | Wednesday,Medical,r33_c17,Wednesday,10,5,False,12:30-13:00,0.3,4,0.7,42.85714285714286,30.0,0.25,True,False,,,,,,,,,,,,,,,,False,,,,,,,
Medical | r33_c18 | Monday,Medical,r33_c18,Monday,1,1,False,10:30-11:00,1.0,1,0.0,,0.0,0.0,False,False,,,,,,,,,,,,,,,,False,,,,,,,
Medical | r33_c18 | Thursday,Medical,r33_c18,Thursday,2,1,False,11:30-12:00,1.0,1,0.0,,0.0,0.0,False,False,,,,,,,,,,,,,,,,False,,,,,,,
Medical | r33_c20 | Friday,Medical,r33_c20,Friday,5,3,False,07:30-08:00,0.4,3,0.6,60.0,36.0,0.30000000000000004,False,False,,,,,,,,,,,,,,,,False,,,,,,,
Medical | r33_c20 | Monday,Medical,r33_c20,Monday,5,2,False,13:00-13:30,0.4,4,0.6,140.0,84.0,0.45,False,False,,,,,,,,,,,,,,,,False,,,,,,,
Medical | r33_c20 | Thursday,Medical,r33_c20,Thursday,3,2,False,08:00-08:30,0.3333333333333333,3,0.6666666666666667,209.99999999999997,140.0,0.5833333333333333,False,False,,,,,,,,,,,,,,,,False,,,,,,,
Medical | r33_c20 | Tuesday,Medical,r33_c20,Tuesday,26,14,False,09:00-09:30,0.34615384615384615,11,0.6538461538461539,172.94117647058823,113.07692307692308,0.5673076923076923,True,False,,,,,,,,,,,,,,,,False,,,,,,,
Medical | r33_c20 | Wednesday,Medical,r33_c20,Wednesday,5,4,False,12:00-12:30,0.4,4,0.6,120.0,72.0,0.45,False,False,,,,,,,,,,,,,,,,False,,,,,,,
Medical | r33_c21 | Friday,Medical,r33_c21,Friday,8,6,False,10:30-11:00,0.25,6,0.75,100.0,75.0,0.53125,False,False,,,,,,,,,,,,,,,,False,,,,,,,
Medical | r33_c21 | Monday,Medical,r33_c21,Monday,5,3,False,13:30-14:00,0.6,3,0.4,225.0,90.0,0.4,False,False,,,,,,,,,,,,,,,,False,,,,,,,
Medical | r33_c21 | Thursday,Medical,r33_c21,Thursday,20,9,False,08:00-08:30,0.3,10,0.7,141.42857142857144,99.0,0.5125000000000001,True,False,,,,,,,,,,,,,,,,False,,,,,,,
Medical | r33_c21 | Tuesday,Medical,r33_c21,Tuesday,66,25,False,12:30-13:00,0.3181818181818182,11,0.6818181818181819,120.66666666666667,82.27272727272728,0.42045454545454547,True,False,,,,,,,,,,,,,,,,False,,,,,,,
Medical | r33_c21 | Wednesday,Medical,r33_c21,Wednesday,12,9,False,11:00-11:30,0.5833333333333334,5,0.41666666666666663,108.00000000000001,45.0,0.3333333333333333,True,False,,,,,,,,,,,,,,,,False,,,,,,,
Medical | r33_c22 | Friday,Medical,r33_c22,Friday,41,20,False,09:00-09:30,0.12195121951219512,16,0.8780487804878049,185.0,162.4390243902439,0.75609756097561,True,False,,,,,,,,,,,,,,,,False,,,,,,,
Medical | r33_c22 | Monday,Medical,r33_c22,Monday,38,22,False,13:30-14:00,0.18421052631578946,12,0.8157894736842105,125.80645161290322,102.63157894736841,0.6578947368421052,True,False,,,,,,,,,,,,,,,,False,,,,,,,
Medical | r33_c22 | Thursday,Medical,r33_c22,Thursday,63,26,False,12:00-12:30,0.1746031746031746,16,0.8253968253968254,114.80769230769229,94.76190476190474,0.6111111111111109,True,False,,,,,,,,,,,,,,,,False,,,,,,,
Medical | r33_c22 | Tuesday,Medical,r33_c22,Tuesday,71,27,False,12:00-12:30,0.15492957746478872,16,0.8450704225352113,101.5,85.77464788732394,0.5598591549295774,True,False,,,,,,,,,,,,,,,,False,,,,,,,
Medical | r33_c22 | Wednesday,Medical,r33_c22,Wednesday,70,27,False,12:00-12:30,0.2,18,0.8,124.82142857142857,99.85714285714286,0.6,True,False,,,,,,,,,,,,,,,,False,,,,,,,
Medical | r33_c23 | Friday,Medical,r33_c23,Friday,12,6,False,12:30-13:00,0.25,6,0.75,53.333333333333336,40.0,0.3333333333333333,True,False,,,,,,,,,,,,,,,,False,,,,,,,
Medical | r33_c23 | Monday,Medical,r33_c23,Monday,12,7,False,11:30-12:00,0.16666666666666666,7,0.8333333333333334,102.0,85.0,0.6041666666666666,True,False,,,,,,,,,,,,,,,,False,,,,,,,
Medical | r33_c23 | Thursday,Medical,r33_c23,Thursday,27,7,False,13:00-13:30,0.18518518518518517,9,0.8148148148148149,72.27272727272727,58.888888888888886,0.4537037037037037,True,False,,,,,,,,,,,,,,,,False,,,,,,,
Medical | r33_c23 | Tuesday,Medical,r33_c23,Tuesday,22,10,False,13:00-13:30,0.22727272727272727,10,0.7727272727272727,82.94117647058825,64.0909090909091,0.47727272727272724,True,False,,,,,,,,,,,,,,,,False,,,,,,,
Medical | r33_c23 | Wednesday,Medical,r33_c23,Wednesday,24,12,False,13:30-14:00,0.16666666666666666,11,0.8333333333333334,94.5,78.75,0.6354166666666666,True,False,,,,,,,,,,,,,,,,False,,,,,,,
Medical | r33_c24 | Friday,Medical,r33_c24,Friday,5,3,False,09:00-09:30,0.4,4,0.6,60.0,36.0,0.3,False,False,,,,,,,,,,,,,,,,False,,,,,,,
Medical | r33_c24 | Monday,Medical,r33_c24,Monday,3,1,False,09:00-09:30,0.6666666666666666,2,0.33333333333333337,29.999999999999996,10.0,0.08333333333333333,False,False,,,,,,,,,,,,,,,,False,,,,,,,
Medical | r33_c24 | Thursday,Medical,r33_c24,Thursday,12,11,False,09:30-10:00,1.0,1,0.0,,0.0,0.0,True,False,,,,,,,,,,,,,,,,False,,,,,,,
Medical | r33_c24 | Tuesday,Medical,r33_c24,Tuesday,18,13,False,09:30-10:00,0.7222222222222222,4,0.2777777777777778,144.0,40.0,0.25,True,False,,,,,,,,,,,,,,,,False,,,,,,,
Medical | r33_c9 | Friday,Medical,r33_c9,Friday,52,17,False,09:30-10:00,0.21153846153846154,13,0.7884615384615384,108.29268292682926,85.38461538461537,0.5288461538461539,True,False,,,,,,,,,,,,,,,,False,,,,,,,
Medical | r33_c9 | Monday,Medical,r33_c9,Monday,13,6,False,10:00-10:30,0.38461538461538464,5,0.6153846153846154,97.5,60.00000000000001,0.4230769230769231,True,False,,,,,,,,,,,,,,,,False,,,,,,,
Medical | r33_c9 | Thursday,Medical,r33_c9,Thursday,12,6,False,10:00-10:30,0.25,7,0.75,56.666666666666664,42.5,0.35416666666666663,True,False,,,,,,,,,,,,,,,,False,,,,,,,
Medical | r33_c9 | Tuesday,Medical,r33_c9,Tuesday,19,9,False,09:30-10:00,0.3157894736842105,8,0.6842105263157895,73.84615384615384,50.52631578947368,0.3552631578947369,True,False,,,,,,,,,,,,,,,,False,,,,,,,
Medical | r33_c9 | Wednesday,Medical,r33_c9,Wednesday,7,4,False,11:30-12:00,0.42857142857142855,4,0.5714285714285714,82.5,47.14285714285714,0.3214285714285714,False,False,,,,,,,,,,,,,,,,False,,,,,,,
Medical | r34_c10 | Thursday,Medical,r34_c10,Thursday,2,1,False,09:00-09:30,1.0,1,0.0,,0.0,0.0,False,False,,,,,,,,,,,,,,,,False,,,,,,,
Medical | r34_c10 | Tuesday,Medical,r34_c10,Tuesday,3,1,False,08:30-09:00,0.6666666666666666,2,0.33333333333333337,29.999999999999996,10.0,0.08333333333333333,False,False,,,,,,,,,,,,,,,,False,,,,,,,
Medical | r34_c13 | Monday,Medical,r34_c13,Monday,7,1,False,09:30-10:00,0.8571428571428571,2,0.1428571428571429,29.99999999999999,4.285714285714286,0.03571428571428571,False,False,,,,,,,,,,,,,,,,False,,,,,,,
Medical | r34_c13 | Thursday,Medical,r34_c13,Thursday,3,2,False,14:00-14:30,0.6666666666666666,2,0.33333333333333337,299.99999999999994,100.0,0.3333333333333333,False,False,,,,,,,,,,,,,,,,False,,,,,,,
Medical | r34_c16 | Friday,Medical,r34_c16,Friday,12,3,False,08:00-08:30,0.16666666666666666,8,0.8333333333333334,180.0,150.0,0.75,True,False,,,,,,,,,,,,,,,,False,,,,,,,
Medical | r34_c16 | Monday,Medical,r34_c16,Monday,3,3,False,10:00-10:30,0.3333333333333333,3,0.6666666666666667,134.99999999999997,90.0,0.41666666666666663,False,False,,,,,,,,,,,,,,,,False,,,,,,,
Medical | r34_c16 | Thursday,Medical,r34_c16,Thursday,17,7,False,09:00-09:30,0.23529411764705882,10,0.7647058823529411,189.23076923076925,144.7058823529412,0.6617647058823529,True,False,,,,,,,,,,,,,,,,False,,,,,,,
Medical | r34_c16 | Tuesday,Medical,r34_c16,Tuesday,12,8,False,09:00-09:30,0.25,8,0.75,120.0,90.0,0.5625,True,False,,,,,,,,,,,,,,,,False,,,,,,,
Medical | r34_c16 | Wednesday,Medical,r34_c16,Wednesday,7,6,False,08:30-09:00,0.2857142857142857,5,0.7142857142857143,179.99999999999997,128.57142857142856,0.6428571428571428,False,False,,,,,,,,,,,,,,,,False,,,,,,,
Medical | r34_c17 | Monday,Medical,r34_c17,Monday,20,4,False,13:00-13:30,0.5,5,0.5,42.0,21.0,0.175,True,False,,,,,,,,,,,,,,,,False,,,,,,,
Medical | r34_c17 | Thursday,Medical,r34_c17,Thursday,12,4,False,13:30-14:00,0.4166666666666667,5,0.5833333333333333,72.85714285714286,42.5,0.35416666666666663,True,False,,,,,,,,,,,,,,,,False,,,,,,,
Medical | r34_c17 | Tuesday,Medical,r34_c17,Tuesday,8,2,False,14:00-14:30,0.625,3,0.375,30.0,11.25,0.09375,False,False,,,,,,,,,,,,,,,,False,,,,,,,
Medical | r34_c17 | Wednesday,Medical,r34_c17,Wednesday,5,2,False,12:00-12:30,0.8,2,0.19999999999999996,60.000000000000014,12.0,0.1,False,False,,,,,,,,,,,,,,,,False,,,,,,,
Medical | r34_c18 | Friday,Medical,r34_c18,Friday,24,13,False,09:30-10:00,0.4166666666666667,8,0.5833333333333333,122.14285714285715,71.25,0.44791666666666663,True,False,,,,,,,,,,,,,,,,False,,,,,,,
Medical | r34_c18 | Monday,Medical,r34_c18,Monday,38,14,False,12:30-13:00,0.23684210526315788,10,0.7631578947368421,146.8965517241379,112.10526315789473,0.6907894736842106,True,False,,,,,,,,,,,,,,,,False,,,,,,,
Medical | r34_c18 | Thursday,Medical,r34_c18,Thursday,62,25,False,09:00-09:30,0.2903225806451613,13,0.7096774193548387,125.45454545454547,89.03225806451614,0.49596774193548376,True,False,,,,,,,,,,,,,,,,False,,,,,,,
Medical | r34_c18 | Tuesday,Medical,r34_c18,Tuesday,66,25,False,10:00-10:30,0.21212121212121213,12,0.7878787878787878,84.8076923076923,66.81818181818181,0.5075757575757576,True,False,,,,,,,,,,,,,,,,False,,,,,,,
Medical | r34_c18 | Wednesday,Medical,r34_c18,Wednesday,46,15,False,09:00-09:30,0.30434782608695654,11,0.6956521739130435,105.0,73.04347826086956,0.42934782608695654,True,False,,,,,,,,,,,,,,,,False,,,,,,,
Medical | r34_c19 | Friday,Medical,r34_c19,Friday,2,2,False,11:00-11:30,0.5,2,0.5,120.0,60.0,0.5,False,False,,,,,,,,,,,,,,,,False,,,,,,,
Medical | r34_c19 | Monday,Medical,r34_c19,Monday,1,1,False,09:30-10:00,1.0,1,0.0,,0.0,0.0,False,False,,,,,,,,,,,,,,,,False,,,,,,,
Medical | r34_c19 | Thursday,Medical,r34_c19,Thursday,55,38,False,09:00-09:30,0.6181818181818182,9,0.38181818181818183,99.99999999999999,38.18181818181818,0.22727272727272727,True,False,,,,,,,,,,,,,,,,False,,,,,,,
Medical | r34_c19 | Tuesday,Medical,r34_c19,Tuesday,47,19,False,09:00-09:30,0.3404255319148936,9,0.6595744680851063,156.7741935483871,103.40425531914893,0.5638297872340425,True,False,,,,,,,,,,,,,,,,False,,,,,,,
Medical | r34_c19 | Wednesday,Medical,r34_c19,Wednesday,9,3,False,13:00-13:30,0.3333333333333333,5,0.6666666666666667,80.0,53.333333333333336,0.4444444444444444,False,False,,,,,,,,,,,,,,,,False,,,,,,,
Medical | r34_c20 | Friday,Medical,r34_c20,Friday,5,4,False,07:30-08:00,0.6,3,0.4,75.0,30.0,0.25,False,False,,,,,,,,,,,,,,,,False,,,,,,,
Medical | r34_c20 | Monday,Medical,r34_c20,Monday,2,1,False,09:30-10:00,1.0,1,0.0,,0.0,0.0,False,False,,,,,,,,,,,,,,,,False,,,,,,,
Medical | r34_c20 | Thursday,Medical,r34_c20,Thursday,4,3,False,09:00-09:30,0.5,3,0.5,45.0,22.5,0.1875,False,False,,,,,,,,,,,,,,,,False,,,,,,,
Medical | r34_c20 | Tuesday,Medical,r34_c20,Tuesday,3,3,False,08:00-08:30,0.3333333333333333,3,0.6666666666666667,179.99999999999997,120.0,0.6666666666666666,False,False,,,,,,,,,,,,,,,,False,,,,,,,
Medical | r34_c20 | Wednesday,Medical,r34_c20,Wednesday,4,2,False,08:30-09:00,0.25,4,0.75,170.0,127.5,0.625,False,False,,,,,,,,,,,,,,,,False,,,,,,,
Medical | r34_c21 | Friday,Medical,r34_c21,Friday,16,7,False,08:30-09:00,0.25,7,0.75,130.0,97.5,0.53125,True,False,,,,,,,,,,,,,,,,False,,,,,,,
Medical | r34_c21 | Monday,Medical,r34_c21,Monday,7,5,False,09:30-10:00,0.2857142857142857,6,0.7142857142857143,138.0,98.57142857142857,0.5357142857142857,False,False,,,,,,,,,,,,,,,,False,,,,,,,
Medical | r34_c21 | Thursday,Medical,r34_c21,Thursday,11,7,False,09:00-09:30,0.36363636363636365,5,0.6363636363636364,120.0,76.36363636363636,0.5,True,False,,,,,,,,,,,,,,,,False,,,,,,,
Medical | r34_c21 | Tuesday,Medical,r34_c21,Tuesday,15,7,False,12:30-13:00,0.2,8,0.8,132.5,106.0,0.6166666666666667,True,False,,,,,,,,,,,,,,,,False,,,,,,,
Medical | r34_c21 | Wednesday,Medical,r34_c21,Wednesday,15,10,False,12:30-13:00,0.26666666666666666,8,0.7333333333333334,158.18181818181816,116.0,0.5833333333333334,True,False,,,,,,,,,,,,,,,,False,,,,,,,
Medical | r34_c22 | Friday,Medical,r34_c22,Friday,25,14,False,12:30-13:00,0.32,7,0.6799999999999999,210.00000000000003,142.8,0.6,True,False,,,,,,,,,,,,,,,,False,,,,,,,
Medical | r34_c22 | Monday,Medical,r34_c22,Monday,25,15,False,12:00-12:30,0.32,8,0.6799999999999999,121.76470588235294,82.8,0.5399999999999999,True,False,,,,,,,,,,,,,,,,False,,,,,,,
Medical | r34_c22 | Thursday,Medical,r34_c22,Thursday,22,11,False,13:00-13:30,0.2727272727272727,9,0.7272727272727273,112.49999999999999,81.81818181818181,0.5,True,False,,,,,,,,,,,,,,,,False,,,,,,,
Medical | r34_c22 | Tuesday,Medical,r34_c22,Tuesday,68,23,False,12:30-13:00,0.25,14,0.75,120.58823529411767,90.44117647058825,0.474264705882353,True,False,,,,,,,,,,,,,,,,False,,,,,,,
Medical | r34_c22 | Wednesday,Medical,r34_c22,Wednesday,23,17,False,09:00-09:30,0.17391304347826086,11,0.8260869565217391,131.05263157894737,108.26086956521739,0.6304347826086956,True,False,,,,,,,,,,,,,,,,False,,,,,,,
Medical | r34_c23 | Friday,Medical,r34_c23,Friday,1,1,False,10:30-11:00,1.0,1,0.0,,0.0,0.0,False,False,,,,,,,,,,,,,,,,False,,,,,,,
Medical | r34_c23 | Monday,Medical,r34_c23,Monday,4,3,False,11:00-11:30,0.5,3,0.5,45.0,22.5,0.1875,False,False,,,,,,,,,,,,,,,,False,,,,,,,
Medical | r34_c23 | Thursday,Medical,r34_c23,Thursday,13,5,False,13:00-13:30,0.3076923076923077,7,0.6923076923076923,90.0,62.30769230769231,0.4423076923076924,True,False,,,,,,,,,,,,,,,,False,,,,,,,
Medical | r34_c23 | Tuesday,Medical,r34_c23,Tuesday,25,7,False,13:00-13:30,0.2,8,0.8,62.999999999999986,50.39999999999999,0.4,True,False,,,,,,,,,,,,,,,,False,,,,,,,
Medical | r34_c23 | Wednesday,Medical,r34_c23,Wednesday,1,1,False,10:30-11:00,1.0,1,0.0,,0.0,0.0,False,False,,,,,,,,,,,,,,,,False,,,,,,,
Medical | r34_c24 | Friday,Medical,r34_c24,Friday,5,3,False,16:00-16:30,0.6,3,0.4,330.0,132.0,0.4,False,False,,,,,,,,,,,,,,,,False,,,,,,,
Medical | r34_c24 | Monday,Medical,r34_c24,Monday,9,3,False,10:30-11:00,0.2222222222222222,7,0.7777777777777778,158.57142857142856,123.33333333333333,0.7222222222222223,False,False,,,,,,,,,,,,,,,,False,,,,,,,
Medical | r34_c24 | Thursday,Medical,r34_c24,Thursday,7,3,False,11:30-12:00,0.2857142857142857,5,0.7142857142857143,72.0,51.42857142857143,0.39285714285714285,False,False,,,,,,,,,,,,,,,,False,,,,,,,
Medical | r34_c24 | Wednesday,Medical,r34_c24,Wednesday,10,8,False,12:00-12:30,0.8,3,0.19999999999999996,150.00000000000003,30.0,0.15000000000000002,True,False,,,,,,,,,,,,,,,,False,,,,,,,
Medical | r35_c14 | Monday,Medical,r35_c14,Monday,4,4,False,07:00-07:30,0.25,4,0.75,210.0,157.5,0.6875,False,False,,,,,,,,,,,,,,,,False,,,,,,,
Medical | r35_c14 | Thursday,Medical,r35_c14,Thursday,3,2,False,09:00-09:30,0.6666666666666666,2,0.33333333333333337,59.99999999999999,20.0,0.16666666666666666,False,False,,,,,,,,,,,,,,,,False,,,,,,,
Medical | r35_c14 | Tuesday,Medical,r35_c14,Tuesday,2,1,False,08:00-08:30,0.5,2,0.5,30.0,15.0,0.125,False,False,,,,,,,,,,,,,,,,False,,,,,,,
Medical | r35_c14 | Wednesday,Medical,r35_c14,Wednesday,7,3,False,09:00-09:30,0.2857142857142857,6,0.7142857142857143,84.0,60.0,0.3571428571428571,False,False,,,,,,,,,,,,,,,,False,,,,,,,
Medical | r35_c15 | Friday,Medical,r35_c15,Friday,13,7,False,08:00-08:30,0.38461538461538464,7,0.6153846153846154,127.5,78.46153846153847,0.38461538461538464,True,False,,,,,,,,,,,,,,,,False,,,,,,,
Medical | r35_c15 | Monday,Medical,r35_c15,Monday,22,9,False,09:00-09:30,0.22727272727272727,8,0.7727272727272727,74.11764705882354,57.27272727272727,0.4659090909090909,True,False,,,,,,,,,,,,,,,,False,,,,,,,
Medical | r35_c15 | Thursday,Medical,r35_c15,Thursday,13,9,False,09:00-09:30,0.3076923076923077,8,0.6923076923076923,109.99999999999999,76.15384615384615,0.5,True,False,,,,,,,,,,,,,,,,False,,,,,,,
Medical | r35_c15 | Tuesday,Medical,r35_c15,Tuesday,7,4,False,09:00-09:30,0.42857142857142855,4,0.5714285714285714,37.5,21.428571428571427,0.17857142857142855,False,False,,,,,,,,,,,,,,,,False,,,,,,,
Medical | r35_c15 | Wednesday,Medical,r35_c15,Wednesday,22,12,False,08:00-08:30,0.18181818181818182,12,0.8181818181818181,151.66666666666669,124.0909090909091,0.6136363636363635,True,False,,,,,,,,,,,,,,,,False,,,,,,,
Medical | r35_c16 | Friday,Medical,r35_c16,Friday,20,10,False,12:30-13:00,0.3,9,0.7,98.57142857142858,69.0,0.45000000000000007,True,False,,,,,,,,,,,,,,,,False,,,,,,,
Medical | r35_c16 | Monday,Medical,r35_c16,Monday,23,11,False,11:30-12:00,0.17391304347826086,12,0.8260869565217391,115.26315789473685,95.21739130434783,0.6195652173913043,True,False,,,,,,,,,,,,,,,,False,,,,,,,
Medical | r35_c16 | Thursday,Medical,r35_c16,Thursday,55,23,False,11:30-12:00,0.18181818181818182,13,0.8181818181818181,123.33333333333333,100.90909090909089,0.5909090909090908,True,False,,,,,,,,,,,,,,,,False,,,,,,,
Medical | r35_c16 | Tuesday,Medical,r35_c16,Tuesday,30,11,False,12:00-12:30,0.3333333333333333,7,0.6666666666666667,59.99999999999999,40.0,0.33333333333333337,True,False,,,,,,,,,,,,,,,,False,,,,,,,
Medical | r35_c16 | Wednesday,Medical,r35_c16,Wednesday,10,9,False,13:30-14:00,0.3,6,0.7,72.85714285714286,51.0,0.4250000000000001,True,False,,,,,,,,,,,,,,,,False,,,,,,,
Medical | r35_c17 | Monday,Medical,r35_c17,Monday,1,1,False,10:00-10:30,1.0,1,0.0,,0.0,0.0,False,False,,,,,,,,,,,,,,,,False,,,,,,,
Medical | r35_c17 | Thursday,Medical,r35_c17,Thursday,1,1,False,09:30-10:00,1.0,1,0.0,,0.0,0.0,False,False,,,,,,,,,,,,,,,,False,,,,,,,
Medical | r35_c18 | Thursday,Medical,r35_c18,Thursday,2,1,False,10:30-11:00,1.0,1,0.0,,0.0,0.0,False,False,,,,,,,,,,,,,,,,False,,,,,,,
Medical | r35_c18 | Wednesday,Medical,r35_c18,Wednesday,12,1,False,10:30-11:00,0.16666666666666666,7,0.8333333333333334,78.0,65.0,0.5208333333333333,False,False,,,,,,,,,,,,,,,,False,,,,,,,
Medical | r35_c19 | Friday,Medical,r35_c19,Friday,1,1,False,09:30-10:00,1.0,1,0.0,,0.0,0.0,False,False,,,,,,,,,,,,,,,,False,,,,,,,
Medical | r35_c19 | Thursday,Medical,r35_c19,Thursday,4,2,False,10:00-10:30,0.5,3,0.5,60.0,30.0,0.25,False,False,,,,,,,,,,,,,,,,False,,,,,,,
Medical | r35_c19 | Tuesday,Medical,r35_c19,Tuesday,8,4,False,08:00-08:30,0.25,6,0.75,110.0,82.5,0.5,False,False,,,,,,,,,,,,,,,,False,,,,,,,
Medical | r35_c20 | Friday,Medical,r35_c20,Friday,32,22,False,09:00-09:30,0.84375,4,0.15625,60.0,9.375,0.078125,True,False,,,,,,,,,,,,,,,,False,,,,,,,
Medical | r35_c20 | Monday,Medical,r35_c20,Monday,14,10,False,09:00-09:30,0.7857142857142857,2,0.2142857142857143,29.999999999999996,6.428571428571428,0.05357142857142857,True,False,,,,,,,,,,,,,,,,False,,,,,,,
Medical | r35_c20 | Thursday,Medical,r35_c20,Thursday,22,15,False,09:00-09:30,0.7272727272727273,5,0.2727272727272727,205.0,55.90909090909091,0.18181818181818182,True,False,,,,,,,,,,,,,,,,False,,,,,,,
Medical | r35_c20 | Tuesday,Medical,r35_c20,Tuesday,23,17,False,09:00-09:30,0.6086956521739131,5,0.3913043478260869,273.3333333333333,106.95652173913042,0.33695652173913043,True,False,,,,,,,,,,,,,,,,False,,,,,,,
Medical | r35_c20 | Wednesday,Medical,r35_c20,Wednesday,17,13,False,09:00-09:30,0.8823529411764706,3,0.11764705882352944,59.999999999999986,7.0588235294117645,0.058823529411764705,True,False,,,,,,,,,,,,,,,,False,,,,,,,
Medical | r35_c21 | Monday,Medical,r35_c21,Monday,2,2,False,14:30-15:00,0.5,2,0.5,60.0,30.0,0.25,False,False,,,,,,,,,,,,,,,,False,,,,,,,
Medical | r35_c21 | Thursday,Medical,r35_c21,Thursday,10,5,False,10:30-11:00,0.4,6,0.6,70.0,42.0,0.32500000000000007,True,False,,,,,,,,,,,,,,,,False,,,,,,,
Medical | r35_c21 | Tuesday,Medical,r35_c21,Tuesday,2,2,False,09:00-09:30,0.5,2,0.5,60.0,30.0,0.25,False,False,,,,,,,,,,,,,,,,False,,,,,,,
Medical | r35_c21 | Wednesday,Medical,r35_c21,Wednesday,3,3,False,10:00-10:30,0.3333333333333333,3,0.6666666666666667,179.99999999999997,120.0,0.5833333333333333,False,False,,,,,,,,,,,,,,,,False,,,,,,,
Medical | r35_c22 | Friday,Medical,r35_c22,Friday,11,4,False,09:00-09:30,0.36363636363636365,5,0.6363636363636364,145.71428571428575,92.72727272727275,0.5,True,False,,,,,,,,,,,,,,,,False,,,,,,,
Medical | r35_c22 | Monday,Medical,r35_c22,Monday,34,11,False,11:00-11:30,0.17647058823529413,11,0.8235294117647058,91.07142857142857,75.0,0.5367647058823529,True,False,,,,,,,,,,,,,,,,False,,,,,,,
Medical | r35_c22 | Thursday,Medical,r35_c22,Thursday,42,17,False,09:30-10:00,0.16666666666666666,13,0.8333333333333334,108.0,90.0,0.5535714285714286,True,False,,,,,,,,,,,,,,,,False,,,,,,,
Medical | r35_c22 | Tuesday,Medical,r35_c22,Tuesday,17,10,False,12:00-12:30,0.29411764705882354,10,0.7058823529411764,147.50000000000003,104.11764705882354,0.6176470588235294,True,False,,,,,,,,,,,,,,,,False,,,,,,,
Medical | r35_c22 | Wednesday,Medical,r35_c22,Wednesday,27,9,False,14:00-14:30,0.25925925925925924,11,0.7407407407407407,169.5,125.55555555555556,0.5462962962962964,True,False,,,,,,,,,,,,,,,,False,,,,,,,
Medical | r35_c23 | Friday,Medical,r35_c23,Friday,28,8,False,13:00-13:30,0.32142857142857145,8,0.6785714285714286,146.84210526315786,99.64285714285712,0.4821428571428571,True,False,,,,,,,,,,,,,,,,False,,,,,,,
Medical | r35_c23 | Monday,Medical,r35_c23,Monday,3,1,False,09:00-09:30,0.6666666666666666,2,0.33333333333333337,149.99999999999997,50.0,0.3333333333333333,False,False,,,,,,,,,,,,,,,,False,,,,,,,
Medical | r35_c23 | Thursday,Medical,r35_c23,Thursday,6,5,False,09:00-09:30,0.3333333333333333,5,0.6666666666666667,112.49999999999999,75.0,0.41666666666666663,False,False,,,,,,,,,,,,,,,,False,,,,,,,
Medical | r35_c23 | Tuesday,Medical,r35_c23,Tuesday,11,5,False,07:30-08:00,0.18181818181818182,9,0.8181818181818181,160.00000000000006,130.90909090909093,0.5454545454545454,True,False,,,,,,,,,,,,,,,,False,,,,,,,
Medical | r35_c23 | Wednesday,Medical,r35_c23,Wednesday,10,8,False,08:30-09:00,0.3,8,0.7,141.42857142857144,99.0,0.44999999999999996,True,False,,,,,,,,,,,,,,,,False,,,,,,,
Medical | r35_c24 | Friday,Medical,r35_c24,Friday,12,5,False,10:00-10:30,0.16666666666666666,8,0.8333333333333334,180.0,150.0,0.75,True,False,,,,,,,,,,,,,,,,False,,,,,,,
Medical | r35_c24 | Monday,Medical,r35_c24,Monday,5,3,False,12:30-13:00,0.4,4,0.6,50.0,30.0,0.25,False,False,,,,,,,,,,,,,,,,False,,,,,,,
Medical | r35_c24 | Thursday,Medical,r35_c24,Thursday,24,8,False,12:00-12:30,0.20833333333333334,12,0.7916666666666666,120.0,95.0,0.5729166666666666,True,False,,,,,,,,,,,,,,,,False,,,,,,,
Medical | r35_c24 | Tuesday,Medical,r35_c24,Tuesday,5,3,False,15:00-15:30,0.6,3,0.4,120.0,48.0,0.35,False,False,,,,,,,,,,,,,,,,False,,,,,,,
Medical | r35_c24 | Wednesday,Medical,r35_c24,Wednesday,5,3,False,14:30-15:00,0.4,4,0.6,70.0,42.0,0.35,False,False,,,,,,,,,,,,,,,,False,,,,,,,
Medical | r35_c25 | Friday,Medical,r35_c25,Friday,9,8,False,11:00-11:30,0.7777777777777778,2,0.2222222222222222,60.0,13.333333333333332,0.1111111111111111,False,False,,,,,,,,,,,,,,,,False,,,,,,,
Medical | r35_c25 | Monday,Medical,r35_c25,Monday,8,7,False,11:00-11:30,1.0,1,0.0,,0.0,0.0,False,False,,,,,,,,,,,,,,,,False,,,,,,,
Medical | r35_c25 | Thursday,Medical,r35_c25,Thursday,7,4,False,12:00-12:30,0.2857142857142857,6,0.7142857142857143,65.99999999999999,47.14285714285714,0.39285714285714285,False,False,,,,,,,,,,,,,,,,False,,,,,,,
Medical | r35_c25 | Tuesday,Medical,r35_c25,Tuesday,11,6,False,12:00-12:30,0.2727272727272727,6,0.7272727272727273,67.5,49.09090909090909,0.40909090909090906,True,False,,,,,,,,,,,,,,,,False,,,,,,,
Medical | r35_c25 | Wednesday,Medical,r35_c25,Wednesday,21,16,False,11:00-11:30,0.5714285714285714,5,0.4285714285714286,60.0,25.714285714285715,0.21428571428571425,True,False,,,,,,,,,,,,,,,,False,,,,,,,
Medical | r36_c14 | Friday,Medical,r36_c14,Friday,2,1,False,09:30-10:00,1.0,1,0.0,,0.0,0.0,False,False,,,,,,,,,,,,,,,,False,,,,,,,
Medical | r36_c14 | Thursday,Medical,r36_c14,Thursday,4,2,False,10:30-11:00,0.5,2,0.5,60.0,30.0,0.25,False,False,,,,,,,,,,,,,,,,False,,,,,,,
Medical | r36_c16 | Friday,Medical,r36_c16,Friday,5,3,False,16:00-16:30,0.6,3,0.4,90.0,36.0,0.25,False,False,,,,,,,,,,,,,,,,False,,,,,,,
Medical | r36_c16 | Monday,Medical,r36_c16,Monday,12,5,False,09:00-09:30,0.3333333333333333,6,0.6666666666666667,224.99999999999997,150.0,0.5416666666666667,True,False,,,,,,,,,,,,,,,,False,,,,,,,
Medical | r36_c16 | Thursday,Medical,r36_c16,Thursday,8,5,False,11:30-12:00,0.5,5,0.5,90.0,45.0,0.34375,False,False,,,,,,,,,,,,,,,,False,,,,,,,
Medical | r36_c16 | Tuesday,Medical,r36_c16,Tuesday,6,4,False,11:30-12:00,0.3333333333333333,5,0.6666666666666667,74.99999999999999,50.0,0.41666666666666663,False,False,,,,,,,,,,,,,,,,False,,,,,,,
Medical | r36_c16 | Wednesday,Medical,r36_c16,Wednesday,10,4,False,12:00-12:30,0.3,5,0.7,137.14285714285714,96.0,0.5,True,False,,,,,,,,,,,,,,,,False,,,,,,,
Medical | r36_c17 | Friday,Medical,r36_c17,Friday,2,2,False,09:00-09:30,0.5,2,0.5,90.0,45.0,0.375,False,False,,,,,,,,,,,,,,,,False,,,,,,,
Medical | r36_c17 | Monday,Medical,r36_c17,Monday,10,4,False,10:00-10:30,0.4,3,0.6,75.0,45.0,0.375,True,False,,,,,,,,,,,,,,,,False,,,,,,,
Medical | r36_c17 | Thursday,Medical,r36_c17,Thursday,10,4,False,10:00-10:30,0.4,5,0.6,60.0,36.0,0.3,True,False,,,,,,,,,,,,,,,,False,,,,,,,
Medical | r36_c17 | Tuesday,Medical,r36_c17,Tuesday,2,1,False,10:00-10:30,1.0,1,0.0,,0.0,0.0,False,False,,,,,,,,,,,,,,,,False,,,,,,,
Medical | r36_c17 | Wednesday,Medical,r36_c17,Wednesday,6,4,False,10:00-10:30,0.6666666666666666,2,0.33333333333333337,89.99999999999999,30.0,0.25,False,False,,,,,,,,,,,,,,,,False,,,,,,,
Medical | r36_c19 | Monday,Medical,r36_c19,Monday,1,1,False,11:00-11:30,1.0,1,0.0,,0.0,0.0,False,False,,,,,,,,,,,,,,,,False,,,,,,,
Medical | r36_c19 | Thursday,Medical,r36_c19,Thursday,2,2,False,09:00-09:30,0.5,2,0.5,60.0,30.0,0.25,False,False,,,,,,,,,,,,,,,,False,,,,,,,
Medical | r36_c19 | Tuesday,Medical,r36_c19,Tuesday,9,6,False,09:00-09:30,0.4444444444444444,5,0.5555555555555556,83.99999999999999,46.666666666666664,0.3055555555555555,False,False,,,,,,,,,,,,,,,,False,,,,,,,
Medical | r36_c19 | Wednesday,Medical,r36_c19,Wednesday,4,3,False,12:00-12:30,0.75,2,0.25,150.0,37.5,0.25,False,False,,,,,,,,,,,,,,,,False,,,,,,,
Medical | r36_c20 | Tuesday,Medical,r36_c20,Tuesday,5,2,False,10:30-11:00,0.4,4,0.6,90.0,54.0,0.45,False,False,,,,,,,,,,,,,,,,False,,,,,,,
Medical | r36_c21 | Friday,Medical,r36_c21,Friday,5,3,False,09:00-09:30,0.6,3,0.4,75.0,30.0,0.25,False,False,,,,,,,,,,,,,,,,False,,,,,,,
Medical | r36_c21 | Monday,Medical,r36_c21,Monday,3,3,False,09:00-09:30,0.3333333333333333,3,0.6666666666666667,149.99999999999997,100.0,0.5,False,False,,,,,,,,,,,,,,,,False,,,,,,,
Medical | r36_c21 | Thursday,Medical,r36_c21,Thursday,23,6,False,10:30-11:00,0.30434782608695654,8,0.6956521739130435,75.00000000000001,52.173913043478265,0.4347826086956521,True,False,,,,,,,,,,,,,,,,False,,,,,,,
Medical | r36_c21 | Tuesday,Medical,r36_c21,Tuesday,9,3,False,13:00-13:30,0.3333333333333333,5,0.6666666666666667,89.99999999999999,60.0,0.3611111111111111,False,False,,,,,,,,,,,,,,,,False,,,,,,,
Medical | r36_c21 | Wednesday,Medical,r36_c21,Wednesday,18,11,False,09:30-10:00,0.2777777777777778,8,0.7222222222222222,108.46153846153848,78.33333333333334,0.41666666666666674,True,False,,,,,,,,,,,,,,,,False,,,,,,,
Medical | r36_c22 | Friday,Medical,r36_c22,Friday,11,8,False,10:00-10:30,0.45454545454545453,4,0.5454545454545454,65.0,35.45454545454545,0.29545454545454547,True,False,,,,,,,,,,,,,,,,False,,,,,,,
Medical | r36_c22 | Monday,Medical,r36_c22,Monday,22,10,False,08:00-08:30,0.13636363636363635,11,0.8636363636363636,197.36842105263156,170.45454545454544,0.6818181818181817,True,False,,,,,,,,,,,,,,,,False,,,,,,,
Medical | r36_c22 | Thursday,Medical,r36_c22,Thursday,79,35,False,09:00-09:30,0.31645569620253167,13,0.6835443037974683,120.55555555555556,82.40506329113924,0.4462025316455696,True,False,,,,,,,,,,,,,,,,False,,,,,,,
Medical | r36_c22 | Tuesday,Medical,r36_c22,Tuesday,94,37,False,09:00-09:30,0.3404255319148936,11,0.6595744680851063,68.70967741935485,45.319148936170215,0.3377659574468085,True,False,,,,,,,,,,,,,,,,False,,,,,,,
Medical | r36_c22 | Wednesday,Medical,r36_c22,Wednesday,41,21,False,10:00-10:30,0.34146341463414637,10,0.6585365853658536,84.44444444444446,55.609756097560975,0.4085365853658537,True,False,,,,,,,,,,,,,,,,False,,,,,,,
Medical | r36_c23 | Friday,Medical,r36_c23,Friday,22,8,False,11:00-11:30,0.2727272727272727,7,0.7272727272727273,106.87499999999999,77.72727272727272,0.6022727272727272,True,False,,,,,,,,,,,,,,,,False,,,,,,,
Medical | r36_c23 | Monday,Medical,r36_c23,Monday,9,8,False,09:00-09:30,0.2222222222222222,7,0.7777777777777778,124.28571428571428,96.66666666666666,0.6111111111111112,False,False,,,,,,,,,,,,,,,,False,,,,,,,
Medical | r36_c23 | Thursday,Medical,r36_c23,Thursday,14,5,False,09:30-10:00,0.6428571428571429,5,0.3571428571428571,120.00000000000001,42.857142857142854,0.2857142857142857,True,False,,,,,,,,,,,,,,,,False,,,,,,,
Medical | r36_c23 | Tuesday,Medical,r36_c23,Tuesday,11,8,False,09:00-09:30,0.2727272727272727,7,0.7272727272727273,120.00000000000001,87.27272727272728,0.4772727272727273,True,False,,,,,,,,,,,,,,,,False,,,,,,,
Medical | r36_c23 | Wednesday,Medical,r36_c23,Wednesday,8,7,False,11:00-11:30,0.375,5,0.625,78.0,48.75,0.40625,False,False,,,,,,,,,,,,,,,,False,,,,,,,
Medical | r36_c25 | Friday,Medical,r36_c25,Friday,5,2,False,12:30-13:00,0.4,3,0.6,30.0,18.0,0.15000000000000002,False,False,,,,,,,,,,,,,,,,False,,,,,,,
Medical | r36_c25 | Monday,Medical,r36_c25,Monday,2,2,False,12:00-12:30,0.5,2,0.5,60.0,30.0,0.25,False,False,,,,,,,,,,,,,,,,False,,,,,,,
Medical | r36_c25 | Thursday,Medical,r36_c25,Thursday,3,3,False,11:30-12:00,0.6666666666666666,2,0.33333333333333337,209.99999999999997,70.0,0.3333333333333333,False,False,,,,,,,,,,,,,,,,False,,,,,,,
Medical | r36_c25 | Tuesday,Medical,r36_c25,Tuesday,4,2,False,14:00-14:30,0.5,3,0.5,120.0,60.0,0.4375,False,False,,,,,,,,,,,,,,,,False,,,,,,,
Medical | r36_c25 | Wednesday,Medical,r36_c25,Wednesday,4,2,False,11:30-12:00,0.25,4,0.75,60.0,45.0,0.375,False,False,,,,,,,,,,,,,,,,False,,,,,,,
Medical | r36_c26 | Friday,Medical,r36_c26,Friday,6,2,False,09:00-09:30,0.5,3,0.5,70.0,35.0,0.2916666666666667,False,False,,,,,,,,,,,,,,,,False,,,,,,,
Medical | r36_c26 | Monday,Medical,r36_c26,Monday,1,1,False,09:30-10:00,1.0,1,0.0,,0.0,0.0,False,False,,,,,,,,,,,,,,,,False,,,,,,,
Medical | r36_c27 | Wednesday,Medical,r36_c27,Wednesday,1,1,False,14:00-14:30,1.0,1,0.0,,0.0,0.0,False,False,,,,,,,,,,,,,,,,False,,,,,,,
Medical | r37_c10 | Friday,Medical,r37_c10,Friday,2,1,False,08:00-08:30,1.0,1,0.0,,0.0,0.0,False,False,,,,,,,,,,,,,,,,False,,,,,,,
Medical | r37_c15 | Thursday,Medical,r37_c15,Thursday,1,1,False,08:00-08:30,1.0,1,0.0,,0.0,0.0,False,False,,,,,,,,,,,,,,,,False,,,,,,,
Medical | r37_c16 | Friday,Medical,r37_c16,Friday,7,5,False,08:00-08:30,0.42857142857142855,5,0.5714285714285714,292.5,167.14285714285714,0.5714285714285714,False,False,,,,,,,,,,,,,,,,False,,,,,,,
Medical | r37_c16 | Monday,Medical,r37_c16,Monday,13,6,False,08:00-08:30,0.38461538461538464,5,0.6153846153846154,172.5,106.15384615384616,0.5,True,False,,,,,,,,,,,,,,,,False,,,,,,,
Medical | r37_c16 | Thursday,Medical,r37_c16,Thursday,24,11,False,10:00-10:30,0.16666666666666666,10,0.8333333333333334,147.0,122.5,0.7395833333333333,True,False,,,,,,,,,,,,,,,,False,,,,,,,
Medical | r37_c16 | Tuesday,Medical,r37_c16,Tuesday,23,12,False,11:00-11:30,0.13043478260869565,13,0.8695652173913043,165.0,143.47826086956522,0.7826086956521738,True,False,,,,,,,,,,,,,,,,False,,,,,,,
Medical | r37_c16 | Wednesday,Medical,r37_c16,Wednesday,16,8,False,08:00-08:30,0.1875,8,0.8125,353.0769230769231,286.875,0.8125,True,False,,,,,,,,,,,,,,,,False,,,,,,,
Medical | r37_c21 | Friday,Medical,r37_c21,Friday,1,1,False,09:30-10:00,1.0,1,0.0,,0.0,0.0,False,False,,,,,,,,,,,,,,,,False,,,,,,,
Medical | r37_c21 | Thursday,Medical,r37_c21,Thursday,2,1,False,08:30-09:00,1.0,1,0.0,,0.0,0.0,False,False,,,,,,,,,,,,,,,,False,,,,,,,
Medical | r37_c22 | Friday,Medical,r37_c22,Friday,2,1,False,09:00-09:30,1.0,1,0.0,,0.0,0.0,False,False,,,,,,,,,,,,,,,,False,,,,,,,
Medical | r37_c22 | Wednesday,Medical,r37_c22,Wednesday,2,1,False,09:00-09:30,1.0,1,0.0,,0.0,0.0,False,False,,,,,,,,,,,,,,,,False,,,,,,,
Medical | r37_c23 | Friday,Medical,r37_c23,Friday,21,9,False,09:00-09:30,0.5714285714285714,5,0.4285714285714286,69.99999999999999,29.999999999999996,0.20238095238095233,True,False,,,,,,,,,,,,,,,,False,,,,,,,
Medical | r37_c23 | Monday,Medical,r37_c23,Monday,11,9,False,09:00-09:30,0.8181818181818182,2,0.18181818181818177,30.00000000000001,5.454545454545455,0.045454545454545456,True,False,,,,,,,,,,,,,,,,False,,,,,,,
Medical | r37_c23 | Thursday,Medical,r37_c23,Thursday,18,5,False,09:30-10:00,0.3333333333333333,7,0.6666666666666667,82.5,55.00000000000001,0.4166666666666667,True,False,,,,,,,,,,,,,,,,False,,,,,,,
Medical | r37_c23 | Tuesday,Medical,r37_c23,Tuesday,18,8,False,09:30-10:00,0.5,5,0.5,39.99999999999999,19.999999999999996,0.16666666666666669,True,False,,,,,,,,,,,,,,,,False,,,,,,,
Medical | r37_c23 | Wednesday,Medical,r37_c23,Wednesday,22,12,False,09:00-09:30,0.5909090909090909,6,0.40909090909090906,120.0,49.090909090909086,0.3181818181818182,True,False,,,,,,,,,,,,,,,,False,,,,,,,
Medical | r38_c16 | Friday,Medical,r38_c16,Friday,4,2,False,09:00-09:30,0.5,2,0.5,240.0,120.0,0.5,False,False,,,,,,,,,,,,,,,,False,,,,,,,
Medical | r38_c16 | Monday,Medical,r38_c16,Monday,6,3,False,09:00-09:30,0.5,3,0.5,110.0,55.0,0.375,False,False,,,,,,,,,,,,,,,,False,,,,,,,
Medical | r38_c16 | Thursday,Medical,r38_c16,Thursday,14,3,False,09:00-09:30,0.42857142857142855,7,0.5714285714285714,93.75,53.57142857142857,0.3928571428571428,True,False,,,,,,,,,,,,,,,,False,,,,,,,
Medical | r38_c16 | Tuesday,Medical,r38_c16,Tuesday,1,1,False,06:30-07:00,1.0,1,0.0,,0.0,0.0,False,False,,,,,,,,,,,,,,,,False,,,,,,,
Medical | r38_c16 | Wednesday,Medical,r38_c16,Wednesday,10,6,False,09:00-09:30,0.3,6,0.7,111.42857142857143,78.0,0.45000000000000007,True,False,,,,,,,,,,,,,,,,False,,,,,,,
Medical | r38_c19 | Tuesday,Medical,r38_c19,Tuesday,3,1,False,11:00-11:30,0.3333333333333333,3,0.6666666666666667,44.99999999999999,30.0,0.25,False,False,,,,,,,,,,,,,,,,False,,,,,,,
Medical | r38_c23 | Friday,Medical,r38_c23,Friday,1,1,False,10:00-10:30,1.0,1,0.0,,0.0,0.0,False,False,,,,,,,,,,,,,,,,False,,,,,,,
Medical | r38_c23 | Wednesday,Medical,r38_c23,Wednesday,4,1,False,11:30-12:00,0.25,4,0.75,110.0,82.5,0.625,False,False,,,,,,,,,,,,,,,,False,,,,,,,
Medical | r39_c10 | Friday,Medical,r39_c10,Friday,1,1,False,10:30-11:00,1.0,1,0.0,,0.0,0.0,False,False,,,,,,,,,,,,,,,,False,,,,,,,
Medical | r39_c26 | Friday,Medical,r39_c26,Friday,3,2,False,08:00-08:30,0.3333333333333333,3,0.6666666666666667,194.99999999999997,130.0,0.6666666666666666,False,False,,,,,,,,,,,,,,,,False,,,,,,,
Medical | r39_c26 | Monday,Medical,r39_c26,Monday,10,2,False,09:00-09:30,0.5,3,0.5,30.0,15.0,0.125,False,False,,,,,,,,,,,,,,,,False,,,,,,,
Medical | r39_c26 | Tuesday,Medical,r39_c26,Tuesday,5,4,False,08:00-08:30,0.2,5,0.8,157.5,126.0,0.65,False,False,,,,,,,,,,,,,,,,False,,,,,,,
Medical | r39_c26 | Wednesday,Medical,r39_c26,Wednesday,11,5,False,08:30-09:00,0.45454545454545453,4,0.5454545454545454,50.00000000000001,27.272727272727273,0.22727272727272727,True,False,,,,,,,,,,,,,,,,False,,,,,,,
Medical | r40_c16 | Wednesday,Medical,r40_c16,Wednesday,1,1,False,08:30-09:00,1.0,1,0.0,,0.0,0.0,False,False,,,,,,,,,,,,,,,,False,,,,,,,
Medical | r40_c23 | Monday,Medical,r40_c23,Monday,7,2,False,08:30-09:00,0.5714285714285714,3,0.4285714285714286,319.99999999999994,137.14285714285714,0.42857142857142855,False,False,,,,,,,,,,,,,,,,False,,,,,,,
Medical | r40_c23 | Wednesday,Medical,r40_c23,Wednesday,6,1,False,08:30-09:00,0.6666666666666666,2,0.33333333333333337,179.99999999999997,60.0,0.3333333333333333,False,False,,,,,,,,,,,,,,,,False,,,,,,,
Medical | r41_c11 | Friday,Medical,r41_c11,Friday,2,1,False,08:00-08:30,0.5,2,0.5,90.0,45.0,0.375,False,False,,,,,,,,,,,,,,,,False,,,,,,,
Medical | r41_c18 | Friday,Medical,r41_c18,Friday,9,4,False,09:00-09:30,0.5555555555555556,3,0.4444444444444444,45.0,20.0,0.16666666666666666,False,False,,,,,,,,,,,,,,,,False,,,,,,,
Medical | r41_c18 | Monday,Medical,r41_c18,Monday,12,5,False,09:00-09:30,0.5,3,0.5,30.0,15.0,0.125,True,False,,,,,,,,,,,,,,,,False,,,,,,,
Medical | r41_c18 | Thursday,Medical,r41_c18,Thursday,17,6,False,09:30-10:00,0.35294117647058826,5,0.6470588235294117,43.63636363636365,28.23529411764706,0.23529411764705882,True,False,,,,,,,,,,,,,,,,False,,,,,,,
Medical | r41_c18 | Tuesday,Medical,r41_c18,Tuesday,2,1,False,09:00-09:30,1.0,1,0.0,,0.0,0.0,False,False,,,,,,,,,,,,,,,,False,,,,,,,
Medical | r41_c18 | Wednesday,Medical,r41_c18,Wednesday,15,3,False,10:00-10:30,0.26666666666666666,8,0.7333333333333334,117.27272727272727,86.0,0.5,True,False,,,,,,,,,,,,,,,,False,,,,,,,
Medical | r41_c21 | Friday,Medical,r41_c21,Friday,2,2,False,10:00-10:30,1.0,1,0.0,,0.0,0.0,False,False,,,,,,,,,,,,,,,,False,,,,,,,
Medical | r41_c21 | Monday,Medical,r41_c21,Monday,4,1,False,08:00-08:30,0.25,4,0.75,60.0,45.0,0.375,False,False,,,,,,,,,,,,,,,,False,,,,,,,
Medical | r41_c21 | Thursday,Medical,r41_c21,Thursday,4,3,False,12:00-12:30,0.5,3,0.5,120.0,60.0,0.375,False,False,,,,,,,,,,,,,,,,False,,,,,,,
Medical | r41_c21 | Tuesday,Medical,r41_c21,Tuesday,4,1,False,08:00-08:30,0.25,4,0.75,60.0,45.0,0.375,False,False,,,,,,,,,,,,,,,,False,,,,,,,
Medical | r41_c21 | Wednesday,Medical,r41_c21,Wednesday,1,1,False,09:30-10:00,1.0,1,0.0,,0.0,0.0,False,False,,,,,,,,,,,,,,,,False,,,,,,,
Medical | r42_c10 | Thursday,Medical,r42_c10,Thursday,7,2,False,08:30-09:00,0.42857142857142855,4,0.5714285714285714,37.5,21.428571428571427,0.17857142857142855,False,False,,,,,,,,,,,,,,,,False,,,,,,,
Medical | r42_c10 | Wednesday,Medical,r42_c10,Wednesday,1,1,False,08:30-09:00,1.0,1,0.0,,0.0,0.0,False,False,,,,,,,,,,,,,,,,False,,,,,,,
Medical | r42_c13 | Tuesday,Medical,r42_c13,Tuesday,5,2,False,09:30-10:00,0.8,2,0.19999999999999996,90.00000000000001,18.0,0.15,False,False,,,,,,,,,,,,,,,,False,,,,,,,
Medical | r42_c16 | Friday,Medical,r42_c16,Friday,11,5,False,09:00-09:30,0.18181818181818182,9,0.8181818181818181,153.33333333333334,125.45454545454545,0.6136363636363636,True,False,,,,,,,,,,,,,,,,False,,,,,,,
Medical | r42_c16 | Monday,Medical,r42_c16,Monday,25,7,False,12:00-12:30,0.28,8,0.72,110.00000000000001,79.2,0.5,True,False,,,,,,,,,,,,,,,,False,,,,,,,
Medical | r42_c16 | Thursday,Medical,r42_c16,Thursday,107,39,False,08:30-09:00,0.35514018691588783,10,0.6448598130841121,65.65217391304348,42.33644859813084,0.32009345794392524,True,False,,,,,,,,,,,,,,,,False,,,,,,,
Medical | r42_c16 | Tuesday,Medical,r42_c16,Tuesday,18,6,False,09:00-09:30,0.2222222222222222,9,0.7777777777777778,139.28571428571428,108.33333333333333,0.6388888888888888,True,False,,,,,,,,,,,,,,,,False,,,,,,,
Medical | r42_c16 | Wednesday,Medical,r42_c16,Wednesday,23,10,False,09:00-09:30,0.21739130434782608,10,0.782608695652174,159.99999999999997,125.21739130434781,0.5978260869565217,True,False,,,,,,,,,,,,,,,,False,,,,,,,
Medical | r43_c16 | Friday,Medical,r43_c16,Friday,13,5,False,10:00-10:30,0.23076923076923078,6,0.7692307692307692,69.00000000000001,53.07692307692308,0.3653846153846154,True,False,,,,,,,,,,,,,,,,False,,,,,,,
Medical | r43_c16 | Monday,Medical,r43_c16,Monday,7,2,False,10:30-11:00,0.42857142857142855,4,0.5714285714285714,67.5,38.57142857142857,0.3214285714285714,False,False,,,,,,,,,,,,,,,,False,,,,,,,
Medical | r43_c16 | Thursday,Medical,r43_c16,Thursday,5,3,False,09:30-10:00,0.4,3,0.6,70.0,42.0,0.30000000000000004,False,False,,,,,,,,,,,,,,,,False,,,,,,,
Medical | r43_c16 | Tuesday,Medical,r43_c16,Tuesday,2,2,False,09:00-09:30,0.5,2,0.5,30.0,15.0,0.125,False,False,,,,,,,,,,,,,,,,False,,,,,,,
Medical | r43_c16 | Wednesday,Medical,r43_c16,Wednesday,5,3,False,09:30-10:00,0.4,3,0.6,70.0,42.0,0.35,False,False,,,,,,,,,,,,,,,,False,,,,,,,
Medical | r43_c17 | Tuesday,Medical,r43_c17,Tuesday,8,2,False,08:30-09:00,0.375,5,0.625,48.0,30.0,0.25,False,False,,,,,,,,,,,,,,,,False,,,,,,,
Medical | r43_c19 | Friday,Medical,r43_c19,Friday,6,4,False,09:30-10:00,0.6666666666666666,2,0.33333333333333337,29.999999999999996,10.0,0.08333333333333333,False,False,,,,,,,,,,,,,,,,False,,,,,,,
Medical | r43_c19 | Monday,Medical,r43_c19,Monday,16,7,False,08:30-09:00,0.25,7,0.75,112.5,84.375,0.4375,True,False,,,,,,,,,,,,,,,,False,,,,,,,
Medical | r43_c19 | Tuesday,Medical,r43_c19,Tuesday,16,7,False,09:30-10:00,0.1875,9,0.8125,69.23076923076923,56.25,0.453125,True,False,,,,,,,,,,,,,,,,False,,,,,,,
Medical | r43_c19 | Wednesday,Medical,r43_c19,Wednesday,10,5,False,09:30-10:00,0.5,5,0.5,42.0,21.0,0.175,True,False,,,,,,,,,,,,,,,,False,,,,,,,
Medical | r44_c15 | Monday,Medical,r44_c15,Monday,3,1,False,08:00-08:30,0.3333333333333333,3,0.6666666666666667,134.99999999999997,90.0,0.5,False,False,,,,,,,,,,,,,,,,False,,,,,,,
Medical | r44_c15 | Tuesday,Medical,r44_c15,Tuesday,1,1,False,09:30-10:00,1.0,1,0.0,,0.0,0.0,False,False,,,,,,,,,,,,,,,,False,,,,,,,
Medical | r7_c27 | Monday,Medical,r7_c27,Monday,5,1,False,08:00-08:30,0.8,2,0.19999999999999996,30.000000000000007,6.0,0.05,False,False,,,,,,,,,,,,,,,,False,,,,,,,
Medical | r9_c18 | Friday,Medical,r9_c18,Friday,2,2,False,10:00-10:30,1.0,1,0.0,,0.0,0.0,False,False,,,,,,,,,,,,,,,,False,,,,,,,
Medical | r9_c18 | Monday,Medical,r9_c18,Monday,1,1,False,13:30-14:00,1.0,1,0.0,,0.0,0.0,False,False,,,,,,,,,,,,,,,,False,,,,,,,
Medical | r9_c18 | Thursday,Medical,r9_c18,Thursday,11,10,False,09:00-09:30,0.45454545454545453,3,0.5454545454545454,55.00000000000001,30.0,0.25,True,False,,,,,,,,,,,,,,,,False,,,,,,,
Medical | r9_c18 | Tuesday,Medical,r9_c18,Tuesday,29,14,False,10:00-10:30,0.3793103448275862,6,0.6206896551724138,50.0,31.03448275862069,0.2327586206896552,True,False,,,,,,,,,,,,,,,,False,,,,,,,
Medical | r9_c19 | Friday,Medical,r9_c19,Friday,5,1,False,10:30-11:00,0.4,4,0.6,100.0,60.0,0.35000000000000003,False,False,,,,,,,,,,,,,,,,False,,,,,,,
Medical | r9_c19 | Tuesday,Medical,r9_c19,Tuesday,1,1,False,14:00-14:30,1.0,1,0.0,,0.0,0.0,False,False,,,,,,,,,,,,,,,,False,,,,,,,
Missing / Unknown | r26_c15 | Wednesday,Missing / Unknown,r26_c15,Wednesday,5,1,False,16:30-17:00,1.0,1,0.0,,0.0,0.0,False,False,,,,,,,,,,,,,,,,False,,,,,,,
Missing / Unknown | r28_c14 | Friday,Missing / Unknown,r28_c14,Friday,20,1,False,18:30-19:00,0.6,3,0.4,247.5,99.0,0.39999999999999997,False,False,,,,,,,,,,,,,,,,False,,,,,,,
Missing / Unknown | r28_c14 | Saturday,Missing / Unknown,r28_c14,Saturday,22,1,False,15:00-15:30,0.45454545454545453,3,0.5454545454545454,150.0,81.81818181818181,0.5454545454545454,False,False,,,,,,,,,,,,,,,,False,,,,,,,
Missing / Unknown | r28_c14 | Sunday,Missing / Unknown,r28_c14,Sunday,26,1,False,13:30-14:00,0.5,3,0.5,87.6923076923077,43.84615384615385,0.3653846153846154,False,False,,,,,,,,,,,,,,,,False,,,,,,,
Missing / Unknown | r28_c14 | Thursday,Missing / Unknown,r28_c14,Thursday,7,1,False,18:00-18:30,1.0,1,0.0,,0.0,0.0,False,False,,,,,,,,,,,,,,,,False,,,,,,,
Missing / Unknown | r28_c16 | Friday,Missing / Unknown,r28_c16,Friday,2,1,False,14:30-15:00,1.0,1,0.0,,0.0,0.0,False,False,,,,,,,,,,,,,,,,False,,,,,,,
Missing / Unknown | r28_c16 | Thursday,Missing / Unknown,r28_c16,Thursday,11,1,False,13:00-13:30,0.5454545454545454,3,0.4545454545454546,114.0,51.81818181818182,0.25,False,False,,,,,,,,,,,,,,,,False,,,,,,,
Missing / Unknown | r28_c16 | Tuesday,Missing / Unknown,r28_c16,Tuesday,9,1,False,12:30-13:00,0.8888888888888888,2,0.11111111111111116,89.99999999999996,10.0,0.08333333333333333,False,False,,,,,,,,,,,,,,,,False,,,,,,,
Missing / Unknown | r28_c17 | Friday,Missing / Unknown,r28_c17,Friday,1,1,False,10:00-10:30,1.0,1,0.0,,0.0,0.0,False,False,,,,,,,,,,,,,,,,False,,,,,,,
Missing / Unknown | r28_c17 | Monday,Missing / Unknown,r28_c17,Monday,4,1,False,14:30-15:00,1.0,1,0.0,,0.0,0.0,False,False,,,,,,,,,,,,,,,,False,,,,,,,
Missing / Unknown | r28_c17 | Saturday,Missing / Unknown,r28_c17,Saturday,4,1,False,16:00-16:30,1.0,1,0.0,,0.0,0.0,False,False,,,,,,,,,,,,,,,,False,,,,,,,
Missing / Unknown | r28_c17 | Thursday,Missing / Unknown,r28_c17,Thursday,1,1,False,16:30-17:00,1.0,1,0.0,,0.0,0.0,False,False,,,,,,,,,,,,,,,,False,,,,,,,
Missing / Unknown | r29_c16 | Tuesday,Missing / Unknown,r29_c16,Tuesday,10,1,False,14:30-15:00,1.0,1,0.0,,0.0,0.0,False,False,,,,,,,,,,,,,,,,False,,,,,,,
Missing / Unknown | r29_c17 | Friday,Missing / Unknown,r29_c17,Friday,3,1,False,13:00-13:30,0.6666666666666666,2,0.33333333333333337,209.99999999999997,70.0,0.3333333333333333,False,False,,,,,,,,,,,,,,,,False,,,,,,,
Missing / Unknown | r29_c17 | Saturday,Missing / Unknown,r29_c17,Saturday,8,1,False,09:00-09:30,1.0,1,0.0,,0.0,0.0,False,False,,,,,,,,,,,,,,,,False,,,,,,,
Missing / Unknown | r29_c17 | Sunday,Missing / Unknown,r29_c17,Sunday,21,1,False,18:00-18:30,0.47619047619047616,3,0.5238095238095238,169.09090909090907,88.57142857142857,0.38095238095238093,False,False,,,,,,,,,,,,,,,,False,,,,,,,
Missing / Unknown | r29_c17 | Thursday,Missing / Unknown,r29_c17,Thursday,18,1,False,06:30-07:00,0.4444444444444444,3,0.5555555555555556,255.00000000000003,141.66666666666669,0.48611111111111116,False,False,,,,,,,,,,,,,,,,False,,,,,,,
Missing / Unknown | r29_c17 | Tuesday,Missing / Unknown,r29_c17,Tuesday,3,1,False,07:30-08:00,0.3333333333333333,3,0.6666666666666667,284.99999999999994,190.0,0.41666666666666663,False,False,,,,,,,,,,,,,,,,False,,,,,,,
Missing / Unknown | r29_c17 | Wednesday,Missing / Unknown,r29_c17,Wednesday,23,1,False,10:00-10:30,0.43478260869565216,4,0.5652173913043479,221.5384615384615,125.21739130434781,0.5652173913043478,False,False,,,,,,,,,,,,,,,,False,,,,,,,
Missing / Unknown | r30_c16 | Tuesday,Missing / Unknown,r30_c16,Tuesday,10,1,False,17:00-17:30,1.0,1,0.0,,0.0,0.0,False,False,,,,,,,,,,,,,,,,False,,,,,,,
Missing / Unknown | r30_c16 | Wednesday,Missing / Unknown,r30_c16,Wednesday,3,1,False,14:30-15:00,1.0,1,0.0,,0.0,0.0,False,False,,,,,,,,,,,,,,,,False,,,,,,,
Missing / Unknown | r30_c17 | Tuesday,Missing / Unknown,r30_c17,Tuesday,2,1,False,15:00-15:30,1.0,1,0.0,,0.0,0.0,False,False,,,,,,,,,,,,,,,,False,,,,,,,
Missing / Unknown | r31_c18 | Tuesday,Missing / Unknown,r31_c18,Tuesday,1,1,False,15:30-16:00,1.0,1,0.0,,0.0,0.0,False,False,,,,,,,,,,,,,,,,False,,,,,,,
Missing / Unknown | r31_c18 | Wednesday,Missing / Unknown,r31_c18,Wednesday,5,1,False,18:30-19:00,1.0,1,0.0,,0.0,0.0,False,False,,,,,,,,,,,,,,,,False,,,,,,,
Missing / Unknown | r33_c18 | Monday,Missing / Unknown,r33_c18,Monday,26,2,False,18:30-19:00,0.4230769230769231,5,0.5769230769230769,430.00000000000006,248.0769230769231,0.5769230769230769,False,False,,,,,,,,,,,,,,,,False,,,,,,,
Nutrition | r10_c13 | Friday,Nutrition,r10_c13,Friday,2,2,True,08:00-08:30,1.0,1,0.0,,0.0,0.0,False,False,,,,,,,,1.0,1.0,0.0,1.0,0.0,r10_c14,2.0,1.0,False,,,,,,,
Nutrition | r10_c13 | Thursday,Nutrition,r10_c13,Thursday,57,49,True,08:00-08:30,0.9649122807017544,2,0.03508771929824561,30.0,1.0526315789473684,0.008771929824561403,True,True,0.03508771929824561,30.0,1.0526315789473684,0.008771929824561403,0.03508771929824561,30.0,0.008771929824561403,1.0,1.0,0.0,1.0,0.0,r10_c14,57.0,1.0,True,0.0,1.0,0.0,r10_c14,57.0,1.0,0.0
Nutrition | r10_c13 | Tuesday,Nutrition,r10_c13,Tuesday,58,49,True,08:00-08:30,0.9655172413793104,2,0.03448275862068961,30.00000000000004,1.0344827586206897,0.008620689655172414,True,True,0.03448275862068961,30.00000000000004,1.0344827586206897,0.008620689655172414,0.03448275862068961,30.00000000000004,0.008620689655172414,1.0,1.0,0.0,1.0,0.0,r10_c14,58.0,1.0,True,0.0,1.0,0.0,r10_c14,58.0,1.0,0.0
Nutrition | r10_c13 | Wednesday,Nutrition,r10_c13,Wednesday,57,49,True,08:00-08:30,0.9649122807017544,2,0.03508771929824561,30.0,1.0526315789473684,0.008771929824561403,True,True,0.03508771929824561,30.0,1.0526315789473684,0.008771929824561403,0.03508771929824561,30.0,0.008771929824561403,1.0,1.0,0.0,1.0,0.0,r10_c14,57.0,1.0,True,0.0,1.0,0.0,r10_c14,57.0,1.0,0.0
Nutrition | r10_c14 | Friday,Nutrition,r10_c14,Friday,80,53,True,13:00-13:30,0.7375,2,0.26249999999999996,30.000000000000004,7.875,0.065625,True,True,0.26249999999999996,30.000000000000004,7.875,0.065625,0.26249999999999996,30.000000000000004,0.065625,2.0,0.9278125000000002,1.0,1.0778039744021555,0.07218749999999985,r11_c14,77.0,0.9625,True,1.0,1.0778039744021555,0.07218749999999985,r11_c14,77.0,0.9625,0.07218749999999985
Nutrition | r10_c14 | Monday,Nutrition,r10_c14,Monday,79,52,True,13:00-13:30,0.8354430379746836,2,0.16455696202531644,30.0,4.936708860759493,0.04113924050632911,True,True,0.16455696202531644,30.0,4.936708860759493,0.04113924050632911,0.16455696202531644,30.0,0.04113924050632911,2.0,0.8814292581317096,1.0,1.1345209961825125,0.11857074186829042,r11_c14,74.0,0.9367088607594937,True,1.0,1.1345209961825125,0.11857074186829042,r11_c14,74.0,0.9367088607594937,0.11857074186829042
Nutrition | r10_c14 | Thursday,Nutrition,r10_c14,Thursday,129,52,True,13:00-13:30,0.7984496124031008,2,0.20155038759689925,29.999999999999996,6.046511627906977,0.050387596899224806,True,True,0.20155038759689925,29.999999999999996,6.046511627906977,0.050387596899224806,0.20155038759689925,29.999999999999996,0.050387596899224806,2.0,0.5050778198425575,1.0,1.9798929208804283,0.4949221801574425,r11_c14,71.0,0.5503875968992248,True,1.0,1.9798929208804283,0.4949221801574425,r11_c14,71.0,0.5503875968992248,0.4949221801574425
Nutrition | r10_c14 | Tuesday,Nutrition,r10_c14,Tuesday,130,52,True,13:00-13:30,0.8,2,0.19999999999999996,30.000000000000007,6.0,0.05,True,True,0.19999999999999996,30.000000000000007,6.0,0.05,0.19999999999999996,30.000000000000007,0.05,2.0,0.5057988165680474,1.0,1.9770706598034626,0.49420118343195263,r11_c14,72.0,0.5538461538461539,True,1.0,1.9770706598034626,0.49420118343195263,r11_c14,72.0,0.5538461538461539,0.49420118343195263
Nutrition | r10_c14 | Wednesday,Nutrition,r10_c14,Wednesday,126,52,True,13:00-13:30,0.7936507936507936,2,0.2063492063492064,29.99999999999999,6.19047619047619,0.051587301587301584,True,True,0.2063492063492064,29.99999999999999,6.19047619047619,0.051587301587301584,0.2063492063492064,29.99999999999999,0.051587301587301584,2.0,0.5061728395061729,1.0,1.975609756097561,0.49382716049382713,r11_c14,70.0,0.5555555555555556,True,1.0,1.975609756097561,0.49382716049382713,r11_c14,70.0,0.5555555555555556,0.49382716049382713
Nutrition | r10_c18 | Friday,Nutrition,r10_c18,Friday,175,53,True,07:30-08:00,0.4514285714285714,4,0.5485714285714286,48.12499999999999,26.4,0.22,True,True,0.5485714285714286,48.12499999999999,26.4,0.22,0.5485714285714286,48.12499999999999,0.22,1.0,1.0,0.0,1.0,0.0,r12_c21,175.0,1.0,True,0.0,1.0,0.0,r12_c21,175.0,1.0,0.0
Nutrition | r10_c18 | Monday,Nutrition,r10_c18,Monday,171,52,True,07:30-08:00,0.4502923976608187,4,0.5497076023391814,48.19148936170212,26.49122807017544,0.22076023391812866,True,True,0.5497076023391814,48.19148936170212,26.49122807017544,0.22076023391812866,0.5497076023391814,48.19148936170212,0.22076023391812866,1.0,1.0,0.0,1.0,0.0,r12_c21,171.0,1.0,True,0.0,1.0,0.0,r12_c21,171.0,1.0,0.0
Nutrition | r10_c18 | Thursday,Nutrition,r10_c18,Thursday,175,52,True,07:30-08:00,0.4514285714285714,4,0.5485714285714286,48.43749999999999,26.57142857142857,0.22142857142857142,True,True,0.5485714285714286,48.43749999999999,26.57142857142857,0.22142857142857142,0.5485714285714286,48.43749999999999,0.22142857142857142,1.0,1.0,0.0,1.0,0.0,r12_c21,175.0,1.0,True,0.0,1.0,0.0,r12_c21,175.0,1.0,0.0
Nutrition | r10_c18 | Tuesday,Nutrition,r10_c18,Tuesday,175,52,True,07:30-08:00,0.44571428571428573,4,0.5542857142857143,47.938144329896915,26.571428571428573,0.22142857142857145,True,True,0.5542857142857143,47.938144329896915,26.571428571428573,0.22142857142857145,0.5542857142857143,47.938144329896915,0.22142857142857145,1.0,1.0,0.0,1.0,0.0,r12_c21,175.0,1.0,True,0.0,1.0,0.0,r12_c21,175.0,1.0,0.0
Nutrition | r10_c18 | Wednesday,Nutrition,r10_c18,Wednesday,172,52,True,07:30-08:00,0.45930232558139533,4,0.5406976744186047,48.70967741935483,26.337209302325583,0.21947674418604649,True,True,0.5406976744186047,48.70967741935483,26.337209302325583,0.21947674418604649,0.5406976744186047,48.70967741935483,0.21947674418604649,1.0,1.0,0.0,1.0,0.0,r12_c21,172.0,1.0,True,0.0,1.0,0.0,r12_c21,172.0,1.0,0.0
Nutrition | r10_c19 | Friday,Nutrition,r10_c19,Friday,130,53,True,07:30-08:00,0.4,4,0.6,42.307692307692314,25.384615384615387,0.21153846153846156,True,True,0.6,42.307692307692314,25.384615384615387,0.21153846153846156,0.6,42.307692307692314,0.21153846153846156,1.0,1.0,0.0,1.0,0.0,r12_c21,130.0,1.0,True,0.0,1.0,0.0,r12_c21,130.0,1.0,0.0
Nutrition | r10_c19 | Monday,Nutrition,r10_c19,Monday,125,52,True,07:30-08:00,0.408,4,0.5920000000000001,42.162162162162154,24.96,0.208,True,True,0.5920000000000001,42.162162162162154,24.96,0.208,0.5920000000000001,42.162162162162154,0.208,1.0,1.0,0.0,1.0,0.0,r12_c21,125.0,1.0,True,0.0,1.0,0.0,r12_c21,125.0,1.0,0.0
Nutrition | r10_c19 | Thursday,Nutrition,r10_c19,Thursday,127,52,True,07:30-08:00,0.4094488188976378,4,0.5905511811023623,41.99999999999999,24.80314960629921,0.20669291338582677,True,True,0.5905511811023623,41.99999999999999,24.80314960629921,0.20669291338582677,0.5905511811023623,41.99999999999999,0.20669291338582677,1.0,1.0,0.0,1.0,0.0,r12_c21,127.0,1.0,True,0.0,1.0,0.0,r12_c21,127.0,1.0,0.0
Nutrition | r10_c19 | Tuesday,Nutrition,r10_c19,Tuesday,128,52,True,07:30-08:00,0.390625,4,0.609375,41.92307692307692,25.546875,0.212890625,True,True,0.609375,41.92307692307692,25.546875,0.212890625,0.609375,41.92307692307692,0.212890625,1.0,1.0,0.0,1.0,0.0,r12_c21,128.0,1.0,True,0.0,1.0,0.0,r12_c21,128.0,1.0,0.0
Nutrition | r10_c19 | Wednesday,Nutrition,r10_c19,Wednesday,125,52,True,07:30-08:00,0.408,4,0.5920000000000001,42.162162162162154,24.96,0.208,True,True,0.5920000000000001,42.162162162162154,24.96,0.208,0.5920000000000001,42.162162162162154,0.208,1.0,1.0,0.0,1.0,0.0,r12_c21,125.0,1.0,True,0.0,1.0,0.0,r12_c21,125.0,1.0,0.0
Nutrition | r10_c20 | Friday,Nutrition,r10_c20,Friday,38,16,True,07:00-07:30,0.6842105263157895,2,0.3157894736842105,30.0,9.473684210526315,0.07894736842105263,True,True,0.3157894736842105,30.0,9.473684210526315,0.07894736842105263,0.3157894736842105,30.0,0.07894736842105263,1.0,1.0,0.0,1.0,0.0,r12_c21,38.0,1.0,True,0.0,1.0,0.0,r12_c21,38.0,1.0,0.0
Nutrition | r10_c20 | Monday,Nutrition,r10_c20,Monday,34,15,True,07:00-07:30,0.7058823529411765,2,0.2941176470588235,30.000000000000007,8.823529411764707,0.07352941176470588,True,True,0.2941176470588235,30.000000000000007,8.823529411764707,0.07352941176470588,0.2941176470588235,30.000000000000007,0.07352941176470588,1.0,1.0,0.0,1.0,0.0,r12_c21,34.0,1.0,True,0.0,1.0,0.0,r12_c21,34.0,1.0,0.0
Nutrition | r10_c20 | Wednesday,Nutrition,r10_c20,Wednesday,33,15,True,07:00-07:30,0.696969696969697,2,0.303030303030303,30.000000000000007,9.090909090909092,0.07575757575757576,True,True,0.303030303030303,30.000000000000007,9.090909090909092,0.07575757575757576,0.303030303030303,30.000000000000007,0.07575757575757576,1.0,1.0,0.0,1.0,0.0,r12_c21,33.0,1.0,True,0.0,1.0,0.0,r12_c21,33.0,1.0,0.0
Nutrition | r11_c14 | Friday,Nutrition,r11_c14,Friday,72,53,True,08:30-09:00,0.5972222222222222,2,0.4027777777777778,30.0,12.083333333333334,0.10069444444444445,True,True,0.4027777777777778,30.0,12.083333333333334,0.10069444444444445,0.4027777777777778,30.0,0.10069444444444445,1.0,1.0,0.0,1.0,0.0,r10_c14,72.0,1.0,True,0.0,1.0,0.0,r10_c14,72.0,1.0,0.0
Nutrition | r11_c14 | Monday,Nutrition,r11_c14,Monday,70,52,True,08:30-09:00,0.6142857142857143,2,0.3857142857142857,30.000000000000004,11.571428571428571,0.09642857142857143,True,True,0.3857142857142857,30.000000000000004,11.571428571428571,0.09642857142857143,0.3857142857142857,30.000000000000004,0.09642857142857143,1.0,1.0,0.0,1.0,0.0,r10_c14,70.0,1.0,True,0.0,1.0,0.0,r10_c14,70.0,1.0,0.0
Nutrition | r11_c14 | Thursday,Nutrition,r11_c14,Thursday,69,52,True,08:30-09:00,0.6086956521739131,2,0.3913043478260869,30.000000000000004,11.73913043478261,0.09782608695652174,True,True,0.3913043478260869,30.000000000000004,11.73913043478261,0.09782608695652174,0.3913043478260869,30.000000000000004,0.09782608695652174,1.0,1.0,0.0,1.0,0.0,r10_c14,69.0,1.0,True,0.0,1.0,0.0,r10_c14,69.0,1.0,0.0
Nutrition | r11_c14 | Tuesday,Nutrition,r11_c14,Tuesday,70,52,True,08:30-09:00,0.6142857142857143,2,0.3857142857142857,30.000000000000004,11.571428571428571,0.09642857142857143,True,True,0.3857142857142857,30.000000000000004,11.571428571428571,0.09642857142857143,0.3857142857142857,30.000000000000004,0.09642857142857143,1.0,1.0,0.0,1.0,0.0,r10_c14,70.0,1.0,True,0.0,1.0,0.0,r10_c14,70.0,1.0,0.0
Nutrition | r11_c14 | Wednesday,Nutrition,r11_c14,Wednesday,69,52,True,08:30-09:00,0.6086956521739131,2,0.3913043478260869,30.000000000000004,11.73913043478261,0.09782608695652174,True,True,0.3913043478260869,30.000000000000004,11.73913043478261,0.09782608695652174,0.3913043478260869,30.000000000000004,0.09782608695652174,1.0,1.0,0.0,1.0,0.0,r10_c14,69.0,1.0,True,0.0,1.0,0.0,r10_c14,69.0,1.0,0.0
Nutrition | r11_c18 | Friday,Nutrition,r11_c18,Friday,16,16,True,07:00-07:30,1.0,1,0.0,,0.0,0.0,True,True,0.0,,0.0,0.0,0.0,,0.0,1.0,1.0,0.0,1.0,0.0,r12_c21,16.0,1.0,True,0.0,1.0,0.0,r12_c21,16.0,1.0,0.0
Nutrition | r11_c18 | Monday,Nutrition,r11_c18,Monday,16,16,True,07:00-07:30,1.0,1,0.0,,0.0,0.0,True,True,0.0,,0.0,0.0,0.0,,0.0,1.0,1.0,0.0,1.0,0.0,r12_c21,16.0,1.0,True,0.0,1.0,0.0,r12_c21,16.0,1.0,0.0
Nutrition | r11_c18 | Thursday,Nutrition,r11_c18,Thursday,16,16,True,07:00-07:30,1.0,1,0.0,,0.0,0.0,True,True,0.0,,0.0,0.0,0.0,,0.0,1.0,1.0,0.0,1.0,0.0,r12_c21,16.0,1.0,True,0.0,1.0,0.0,r12_c21,16.0,1.0,0.0
Nutrition | r11_c18 | Tuesday,Nutrition,r11_c18,Tuesday,24,23,True,07:00-07:30,0.7083333333333334,2,0.29166666666666663,60.00000000000001,17.5,0.14583333333333334,True,True,0.29166666666666663,60.00000000000001,17.5,0.14583333333333334,0.29166666666666663,60.00000000000001,0.14583333333333334,1.0,1.0,0.0,1.0,0.0,r12_c21,24.0,1.0,True,0.0,1.0,0.0,r12_c21,24.0,1.0,0.0
Nutrition | r11_c18 | Wednesday,Nutrition,r11_c18,Wednesday,23,23,True,07:00-07:30,0.6956521739130435,2,0.30434782608695654,59.99999999999999,18.26086956521739,0.15217391304347824,True,True,0.30434782608695654,59.99999999999999,18.26086956521739,0.15217391304347824,0.30434782608695654,59.99999999999999,0.15217391304347824,1.0,1.0,0.0,1.0,0.0,r12_c21,23.0,1.0,True,0.0,1.0,0.0,r12_c21,23.0,1.0,0.0
Nutrition | r11_c20 | Friday,Nutrition,r11_c20,Friday,64,53,True,09:00-09:30,0.46875,3,0.53125,95.29411764705883,50.625,0.421875,True,True,0.53125,95.29411764705883,50.625,0.421875,0.53125,95.29411764705883,0.421875,1.0,1.0,0.0,1.0,0.0,r12_c21,64.0,1.0,True,0.0,1.0,0.0,r12_c21,64.0,1.0,0.0
Nutrition | r11_c20 | Monday,Nutrition,r11_c20,Monday,62,52,True,09:00-09:30,0.46774193548387094,3,0.532258064516129,96.36363636363636,51.29032258064516,0.4274193548387097,True,True,0.532258064516129,96.36363636363636,51.29032258064516,0.4274193548387097,0.532258064516129,96.36363636363636,0.4274193548387097,1.0,1.0,0.0,1.0,0.0,r12_c21,62.0,1.0,True,0.0,1.0,0.0,r12_c21,62.0,1.0,0.0
Nutrition | r11_c20 | Thursday,Nutrition,r11_c20,Thursday,62,52,True,09:00-09:30,0.46774193548387094,3,0.532258064516129,95.45454545454547,50.80645161290323,0.4233870967741935,True,True,0.532258064516129,95.45454545454547,50.80645161290323,0.4233870967741935,0.532258064516129,95.45454545454547,0.4233870967741935,1.0,1.0,0.0,1.0,0.0,r12_c21,62.0,1.0,True,0.0,1.0,0.0,r12_c21,62.0,1.0,0.0
Nutrition | r11_c20 | Tuesday,Nutrition,r11_c20,Tuesday,63,52,True,09:00-09:30,0.4603174603174603,3,0.5396825396825398,97.05882352941175,52.38095238095238,0.43650793650793646,True,True,0.5396825396825398,97.05882352941175,52.38095238095238,0.43650793650793646,0.5396825396825398,97.05882352941175,0.43650793650793646,1.0,1.0,0.0,1.0,0.0,r12_c21,63.0,1.0,True,0.0,1.0,0.0,r12_c21,63.0,1.0,0.0
Nutrition | r11_c20 | Wednesday,Nutrition,r11_c20,Wednesday,63,52,True,09:00-09:30,0.4603174603174603,3,0.5396825396825398,95.29411764705881,51.42857142857143,0.42857142857142855,True,True,0.5396825396825398,95.29411764705881,51.42857142857143,0.42857142857142855,0.5396825396825398,95.29411764705881,0.42857142857142855,1.0,1.0,0.0,1.0,0.0,r12_c21,63.0,1.0,True,0.0,1.0,0.0,r12_c21,63.0,1.0,0.0
Nutrition | r11_c24 | Friday,Nutrition,r11_c24,Friday,56,23,True,07:30-08:00,0.9285714285714286,2,0.0714285714285714,30.000000000000014,2.142857142857143,0.017857142857142856,True,True,0.0714285714285714,30.000000000000014,2.142857142857143,0.017857142857142856,0.0714285714285714,30.000000000000014,0.017857142857142856,1.0,1.0,0.0,1.0,0.0,r14_c24,56.0,1.0,True,0.0,1.0,0.0,r14_c24,56.0,1.0,0.0
Nutrition | r11_c24 | Monday,Nutrition,r11_c24,Monday,56,24,True,07:30-08:00,0.9285714285714286,2,0.0714285714285714,30.000000000000014,2.142857142857143,0.017857142857142856,True,True,0.0714285714285714,30.000000000000014,2.142857142857143,0.017857142857142856,0.0714285714285714,30.000000000000014,0.017857142857142856,1.0,1.0,0.0,1.0,0.0,r14_c24,56.0,1.0,True,0.0,1.0,0.0,r14_c24,56.0,1.0,0.0
Nutrition | r11_c24 | Saturday,Nutrition,r11_c24,Saturday,4,2,True,07:30-08:00,1.0,1,0.0,,0.0,0.0,False,False,,,,,,,,1.0,1.0,0.0,1.0,0.0,r14_c24,4.0,1.0,False,,,,,,,
Nutrition | r11_c24 | Sunday,Nutrition,r11_c24,Sunday,4,2,True,07:30-08:00,1.0,1,0.0,,0.0,0.0,False,False,,,,,,,,1.0,1.0,0.0,1.0,0.0,r14_c24,4.0,1.0,False,,,,,,,
Nutrition | r11_c24 | Thursday,Nutrition,r11_c24,Thursday,4,2,True,07:30-08:00,1.0,1,0.0,,0.0,0.0,False,False,,,,,,,,1.0,1.0,0.0,1.0,0.0,r14_c24,4.0,1.0,False,,,,,,,
Nutrition | r11_c24 | Tuesday,Nutrition,r11_c24,Tuesday,4,2,True,07:30-08:00,1.0,1,0.0,,0.0,0.0,False,False,,,,,,,,1.0,1.0,0.0,1.0,0.0,r14_c24,4.0,1.0,False,,,,,,,
Nutrition | r11_c24 | Wednesday,Nutrition,r11_c24,Wednesday,62,23,True,07:30-08:00,0.9354838709677419,2,0.06451612903225812,29.999999999999975,1.935483870967742,0.016129032258064516,True,True,0.06451612903225812,29.999999999999975,1.935483870967742,0.016129032258064516,0.06451612903225812,29.999999999999975,0.016129032258064516,1.0,1.0,0.0,1.0,0.0,r14_c24,62.0,1.0,True,0.0,1.0,0.0,r14_c24,62.0,1.0,0.0
Nutrition | r12_c21 | Friday,Nutrition,r12_c21,Friday,626,53,True,13:00-13:30,0.6869009584664537,4,0.3130990415335463,58.77551020408164,18.402555910543132,0.15335463258785945,True,True,0.3130990415335463,58.77551020408164,18.402555910543132,0.15335463258785945,0.3130990415335463,58.77551020408164,0.15335463258785945,9.0,0.17591789239453293,8.0,5.684470103571326,0.8240821076054671,r10_c18,181.0,0.28913738019169327,True,8.0,5.684470103571326,0.8240821076054671,r10_c18,181.0,0.28913738019169327,0.8240821076054671
Nutrition | r12_c21 | Monday,Nutrition,r12_c21,Monday,603,52,True,13:00-13:30,0.6849087893864013,2,0.3150912106135987,60.00000000000001,18.905472636815922,0.15754560530679934,True,True,0.3150912106135987,60.00000000000001,18.905472636815922,0.15754560530679934,0.3150912106135987,60.00000000000001,0.15754560530679934,9.0,0.176087500584419,8.0,5.678994799069142,0.823912499415581,r10_c18,176.0,0.29187396351575456,True,8.0,5.678994799069142,0.823912499415581,r10_c18,176.0,0.29187396351575456,0.823912499415581
Nutrition | r12_c21 | Thursday,Nutrition,r12_c21,Thursday,556,52,True,13:00-13:30,0.685251798561151,3,0.31474820143884896,59.82857142857142,18.83093525179856,0.15692446043165467,True,True,0.31474820143884896,59.82857142857142,18.83093525179856,0.15692446043165467,0.31474820143884896,59.82857142857142,0.15692446043165467,8.0,0.20763029863878682,7.0,4.816252765400554,0.7923697013612132,r10_c18,180.0,0.3237410071942446,True,7.0,4.816252765400554,0.7923697013612132,r10_c18,180.0,0.3237410071942446,0.7923697013612132
Nutrition | r12_c21 | Tuesday,Nutrition,r12_c21,Tuesday,564,52,True,13:00-13:30,0.675531914893617,4,0.32446808510638303,59.01639344262295,19.148936170212767,0.1595744680851064,True,True,0.32446808510638303,59.01639344262295,19.148936170212767,0.1595744680851064,0.32446808510638303,59.01639344262295,0.1595744680851064,8.0,0.20359891353553647,7.0,4.911617565314063,0.7964010864644635,r10_c18,182.0,0.32269503546099293,True,7.0,4.911617565314063,0.7964010864644635,r10_c18,182.0,0.32269503546099293,0.7964010864644635
Nutrition | r12_c21 | Wednesday,Nutrition,r12_c21,Wednesday,618,52,True,13:00-13:30,0.7087378640776699,2,0.2912621359223301,60.0,17.475728155339805,0.14563106796116504,True,True,0.2912621359223301,60.0,17.475728155339805,0.14563106796116504,0.2912621359223301,60.0,0.14563106796116504,9.0,0.1747991747049151,8.0,5.720850808867586,0.8252008252950849,r10_c18,179.0,0.2896440129449838,True,8.0,5.720850808867586,0.8252008252950849,r10_c18,179.0,0.2896440129449838,0.8252008252950849
Nutrition | r13_c17 | Friday,Nutrition,r13_c17,Friday,31,18,True,08:00-08:30,0.5483870967741935,2,0.4516129032258065,29.999999999999996,13.548387096774194,0.11290322580645161,True,True,0.4516129032258065,29.999999999999996,13.548387096774194,0.11290322580645161,0.4516129032258065,29.999999999999996,0.11290322580645161,1.0,1.0,0.0,1.0,0.0,r12_c21,31.0,1.0,True,0.0,1.0,0.0,r12_c21,31.0,1.0,0.0
Nutrition | r13_c17 | Monday,Nutrition,r13_c17,Monday,43,24,True,08:00-08:30,0.627906976744186,2,0.37209302325581395,30.0,11.162790697674419,0.09302325581395349,True,True,0.37209302325581395,30.0,11.162790697674419,0.09302325581395349,0.37209302325581395,30.0,0.09302325581395349,1.0,1.0,0.0,1.0,0.0,r12_c21,43.0,1.0,True,0.0,1.0,0.0,r12_c21,43.0,1.0,0.0
Nutrition | r13_c17 | Thursday,Nutrition,r13_c17,Thursday,21,9,True,07:30-08:00,0.6666666666666666,2,0.33333333333333337,29.999999999999996,10.0,0.08333333333333333,True,True,0.33333333333333337,29.999999999999996,10.0,0.08333333333333333,0.33333333333333337,29.999999999999996,0.08333333333333333,1.0,1.0,0.0,1.0,0.0,r12_c21,21.0,1.0,True,0.0,1.0,0.0,r12_c21,21.0,1.0,0.0
Nutrition | r13_c17 | Tuesday,Nutrition,r13_c17,Tuesday,21,9,True,07:30-08:00,0.6666666666666666,2,0.33333333333333337,29.999999999999996,10.0,0.08333333333333333,True,True,0.33333333333333337,29.999999999999996,10.0,0.08333333333333333,0.33333333333333337,29.999999999999996,0.08333333333333333,1.0,1.0,0.0,1.0,0.0,r12_c21,21.0,1.0,True,0.0,1.0,0.0,r12_c21,21.0,1.0,0.0
Nutrition | r13_c17 | Wednesday,Nutrition,r13_c17,Wednesday,40,23,True,08:00-08:30,0.65,2,0.35,30.000000000000004,10.5,0.0875,True,True,0.35,30.000000000000004,10.5,0.0875,0.35,30.000000000000004,0.0875,1.0,1.0,0.0,1.0,0.0,r12_c21,40.0,1.0,True,0.0,1.0,0.0,r12_c21,40.0,1.0,0.0
Nutrition | r13_c19 | Friday,Nutrition,r13_c19,Friday,72,52,True,07:00-07:30,0.5138888888888888,3,0.48611111111111116,59.14285714285714,28.75,0.23958333333333331,True,True,0.48611111111111116,59.14285714285714,28.75,0.23958333333333331,0.48611111111111116,59.14285714285714,0.23958333333333331,1.0,1.0,0.0,1.0,0.0,r12_c21,72.0,1.0,True,0.0,1.0,0.0,r12_c21,72.0,1.0,0.0
Nutrition | r13_c19 | Monday,Nutrition,r13_c19,Monday,68,51,True,07:00-07:30,0.5147058823529411,2,0.4852941176470589,59.99999999999999,29.11764705882353,0.2426470588235294,True,True,0.4852941176470589,59.99999999999999,29.11764705882353,0.2426470588235294,0.4852941176470589,59.99999999999999,0.2426470588235294,1.0,1.0,0.0,1.0,0.0,r12_c21,68.0,1.0,True,0.0,1.0,0.0,r12_c21,68.0,1.0,0.0
Nutrition | r13_c19 | Thursday,Nutrition,r13_c19,Thursday,68,51,True,07:00-07:30,0.5,2,0.5,60.0,30.0,0.25,True,True,0.5,60.0,30.0,0.25,0.5,60.0,0.25,1.0,1.0,0.0,1.0,0.0,r12_c21,68.0,1.0,True,0.0,1.0,0.0,r12_c21,68.0,1.0,0.0
Nutrition | r13_c19 | Tuesday,Nutrition,r13_c19,Tuesday,72,51,True,07:00-07:30,0.5138888888888888,3,0.48611111111111116,60.85714285714285,29.583333333333332,0.24652777777777776,True,True,0.48611111111111116,60.85714285714285,29.583333333333332,0.24652777777777776,0.48611111111111116,60.85714285714285,0.24652777777777776,1.0,1.0,0.0,1.0,0.0,r12_c21,72.0,1.0,True,0.0,1.0,0.0,r12_c21,72.0,1.0,0.0
Nutrition | r13_c19 | Wednesday,Nutrition,r13_c19,Wednesday,71,52,True,08:00-08:30,0.5211267605633803,2,0.47887323943661975,59.99999999999999,28.73239436619718,0.23943661971830985,True,True,0.47887323943661975,59.99999999999999,28.73239436619718,0.23943661971830985,0.47887323943661975,59.99999999999999,0.23943661971830985,1.0,1.0,0.0,1.0,0.0,r12_c21,71.0,1.0,True,0.0,1.0,0.0,r12_c21,71.0,1.0,0.0
Nutrition | r13_c26 | Friday,Nutrition,r13_c26,Friday,6,5,True,07:30-08:00,1.0,1,0.0,,0.0,0.0,False,False,,,,,,,,1.0,1.0,0.0,1.0,0.0,r14_c24,6.0,1.0,False,,,,,,,
Nutrition | r13_c26 | Monday,Nutrition,r13_c26,Monday,7,6,True,07:30-08:00,1.0,1,0.0,,0.0,0.0,False,False,,,,,,,,1.0,1.0,0.0,1.0,0.0,r14_c24,7.0,1.0,False,,,,,,,
Nutrition | r13_c26 | Saturday,Nutrition,r13_c26,Saturday,2,2,True,07:30-08:00,1.0,1,0.0,,0.0,0.0,False,False,,,,,,,,1.0,1.0,0.0,1.0,0.0,r14_c24,2.0,1.0,False,,,,,,,
Nutrition | r13_c26 | Sunday,Nutrition,r13_c26,Sunday,2,2,True,07:30-08:00,1.0,1,0.0,,0.0,0.0,False,False,,,,,,,,1.0,1.0,0.0,1.0,0.0,r14_c24,2.0,1.0,False,,,,,,,
Nutrition | r13_c26 | Thursday,Nutrition,r13_c26,Thursday,2,2,True,07:30-08:00,1.0,1,0.0,,0.0,0.0,False,False,,,,,,,,1.0,1.0,0.0,1.0,0.0,r14_c24,2.0,1.0,False,,,,,,,
Nutrition | r13_c26 | Tuesday,Nutrition,r13_c26,Tuesday,2,2,True,07:30-08:00,1.0,1,0.0,,0.0,0.0,False,False,,,,,,,,1.0,1.0,0.0,1.0,0.0,r14_c24,2.0,1.0,False,,,,,,,
Nutrition | r13_c26 | Wednesday,Nutrition,r13_c26,Wednesday,6,6,True,07:30-08:00,1.0,1,0.0,,0.0,0.0,False,False,,,,,,,,1.0,1.0,0.0,1.0,0.0,r14_c24,6.0,1.0,False,,,,,,,
Nutrition | r14_c16 | Friday,Nutrition,r14_c16,Friday,26,24,True,08:00-08:30,1.0,1,0.0,,0.0,0.0,True,True,0.0,,0.0,0.0,0.0,,0.0,1.0,1.0,0.0,1.0,0.0,r16_c16,26.0,1.0,True,0.0,1.0,0.0,r16_c16,26.0,1.0,0.0
Nutrition | r14_c16 | Monday,Nutrition,r14_c16,Monday,30,24,True,08:00-08:30,1.0,1,0.0,,0.0,0.0,True,True,0.0,,0.0,0.0,0.0,,0.0,1.0,1.0,0.0,1.0,0.0,r16_c16,30.0,1.0,True,0.0,1.0,0.0,r16_c16,30.0,1.0,0.0
Nutrition | r14_c16 | Thursday,Nutrition,r14_c16,Thursday,26,23,True,08:00-08:30,0.9615384615384616,2,0.038461538461538436,30.000000000000025,1.153846153846154,0.009615384615384616,True,True,0.038461538461538436,30.000000000000025,1.153846153846154,0.009615384615384616,0.038461538461538436,30.000000000000025,0.009615384615384616,1.0,1.0,0.0,1.0,0.0,r16_c16,26.0,1.0,True,0.0,1.0,0.0,r16_c16,26.0,1.0,0.0
Nutrition | r14_c16 | Tuesday,Nutrition,r14_c16,Tuesday,24,22,True,08:00-08:30,0.9583333333333334,2,0.04166666666666663,30.00000000000003,1.25,0.010416666666666666,True,True,0.04166666666666663,30.00000000000003,1.25,0.010416666666666666,0.04166666666666663,30.00000000000003,0.010416666666666666,1.0,1.0,0.0,1.0,0.0,r16_c16,24.0,1.0,True,0.0,1.0,0.0,r16_c16,24.0,1.0,0.0
Nutrition | r14_c16 | Wednesday,Nutrition,r14_c16,Wednesday,26,22,True,08:00-08:30,1.0,1,0.0,,0.0,0.0,True,True,0.0,,0.0,0.0,0.0,,0.0,1.0,1.0,0.0,1.0,0.0,r16_c16,26.0,1.0,True,0.0,1.0,0.0,r16_c16,26.0,1.0,0.0
Nutrition | r14_c24 | Friday,Nutrition,r14_c24,Friday,153,44,True,12:30-13:00,0.6339869281045751,3,0.36601307189542487,231.42857142857144,84.70588235294119,0.32189542483660133,True,True,0.36601307189542487,231.42857142857144,84.70588235294119,0.32189542483660133,0.36601307189542487,231.42857142857144,0.32189542483660133,3.0,0.4989961126062626,2.0,2.004023628114031,0.5010038873937375,r14_c24,94.0,0.6143790849673203,True,2.0,2.004023628114031,0.5010038873937375,r14_c24,94.0,0.6143790849673203,0.5010038873937375
Nutrition | r14_c24 | Monday,Nutrition,r14_c24,Monday,146,43,True,12:30-13:00,0.636986301369863,3,0.363013698630137,233.77358490566039,84.86301369863014,0.3219178082191781,True,True,0.363013698630137,233.77358490566039,84.86301369863014,0.3219178082191781,0.363013698630137,233.77358490566039,0.3219178082191781,3.0,0.4949333833739914,2.0,2.020473933649289,0.5050666166260086,r14_c24,90.0,0.6164383561643836,True,2.0,2.020473933649289,0.5050666166260086,r14_c24,90.0,0.6164383561643836,0.5050666166260086
Nutrition | r14_c24 | Saturday,Nutrition,r14_c24,Saturday,6,4,True,12:30-13:00,0.6666666666666666,2,0.33333333333333337,29.999999999999996,10.0,0.08333333333333333,False,False,,,,,,,,2.0,0.5555555555555556,1.0,1.7999999999999998,0.4444444444444444,r11_c24,4.0,0.6666666666666666,False,,,,,,,
Nutrition | r14_c24 | Sunday,Nutrition,r14_c24,Sunday,6,4,True,12:30-13:00,0.6666666666666666,2,0.33333333333333337,29.999999999999996,10.0,0.08333333333333333,False,False,,,,,,,,2.0,0.5555555555555556,1.0,1.7999999999999998,0.4444444444444444,r11_c24,4.0,0.6666666666666666,False,,,,,,,
Nutrition | r14_c24 | Thursday,Nutrition,r14_c24,Thursday,6,4,True,12:30-13:00,0.6666666666666666,2,0.33333333333333337,29.999999999999996,10.0,0.08333333333333333,False,False,,,,,,,,2.0,0.5555555555555556,1.0,1.7999999999999998,0.4444444444444444,r11_c24,4.0,0.6666666666666666,False,,,,,,,
Nutrition | r14_c24 | Tuesday,Nutrition,r14_c24,Tuesday,6,4,True,12:30-13:00,0.6666666666666666,2,0.33333333333333337,29.999999999999996,10.0,0.08333333333333333,False,False,,,,,,,,2.0,0.5555555555555556,1.0,1.7999999999999998,0.4444444444444444,r11_c24,4.0,0.6666666666666666,False,,,,,,,
Nutrition | r14_c24 | Wednesday,Nutrition,r14_c24,Wednesday,164,42,True,12:30-13:00,0.5975609756097561,3,0.4024390243902439,211.81818181818178,85.24390243902438,0.32926829268292684,True,True,0.4024390243902439,211.81818181818178,85.24390243902438,0.32926829268292684,0.4024390243902439,211.81818181818178,0.32926829268292684,3.0,0.5047590719809637,2.0,1.981143193871538,0.4952409280190363,r14_c24,102.0,0.6219512195121951,True,2.0,1.981143193871538,0.4952409280190363,r14_c24,102.0,0.6219512195121951,0.4952409280190363
Nutrition | r15_c15 | Monday,Nutrition,r15_c15,Monday,26,20,True,08:30-09:00,0.8846153846153846,3,0.11538461538461542,29.999999999999993,3.4615384615384617,0.028846153846153848,True,True,0.11538461538461542,29.999999999999993,3.4615384615384617,0.028846153846153848,0.11538461538461542,29.999999999999993,0.028846153846153848,1.0,1.0,0.0,1.0,0.0,r16_c16,26.0,1.0,True,0.0,1.0,0.0,r16_c16,26.0,1.0,0.0
Nutrition | r15_c15 | Thursday,Nutrition,r15_c15,Thursday,33,19,True,08:30-09:00,0.6060606060606061,3,0.3939393939393939,30.000000000000007,11.81818181818182,0.0984848484848485,True,True,0.3939393939393939,30.000000000000007,11.81818181818182,0.0984848484848485,0.3939393939393939,30.000000000000007,0.0984848484848485,1.0,1.0,0.0,1.0,0.0,r16_c16,33.0,1.0,True,0.0,1.0,0.0,r16_c16,33.0,1.0,0.0
Nutrition | r15_c15 | Tuesday,Nutrition,r15_c15,Tuesday,8,6,True,08:00-08:30,1.0,1,0.0,,0.0,0.0,False,False,,,,,,,,1.0,1.0,0.0,1.0,0.0,r16_c16,8.0,1.0,False,,,,,,,
Nutrition | r16_c14 | Monday,Nutrition,r16_c14,Monday,61,50,True,08:00-08:30,0.8032786885245902,2,0.19672131147540983,29.999999999999996,5.9016393442622945,0.04918032786885245,True,True,0.19672131147540983,29.999999999999996,5.9016393442622945,0.04918032786885245,0.19672131147540983,29.999999999999996,0.04918032786885245,1.0,1.0,0.0,1.0,0.0,r16_c16,61.0,1.0,True,0.0,1.0,0.0,r16_c16,61.0,1.0,0.0
Nutrition | r16_c14 | Thursday,Nutrition,r16_c14,Thursday,62,49,True,08:00-08:30,0.7903225806451613,3,0.20967741935483875,32.30769230769231,6.774193548387097,0.056451612903225805,True,True,0.20967741935483875,32.30769230769231,6.774193548387097,0.056451612903225805,0.20967741935483875,32.30769230769231,0.056451612903225805,1.0,1.0,0.0,1.0,0.0,r16_c16,62.0,1.0,True,0.0,1.0,0.0,r16_c16,62.0,1.0,0.0
Nutrition | r16_c14 | Tuesday,Nutrition,r16_c14,Tuesday,63,50,True,08:00-08:30,0.8253968253968254,2,0.17460317460317465,29.999999999999993,5.238095238095238,0.04365079365079365,True,True,0.17460317460317465,29.999999999999993,5.238095238095238,0.04365079365079365,0.17460317460317465,29.999999999999993,0.04365079365079365,1.0,1.0,0.0,1.0,0.0,r16_c16,63.0,1.0,True,0.0,1.0,0.0,r16_c16,63.0,1.0,0.0
Nutrition | r16_c14 | Wednesday,Nutrition,r16_c14,Wednesday,61,50,True,08:00-08:30,0.8032786885245902,3,0.19672131147540983,32.5,6.39344262295082,0.05327868852459017,True,True,0.19672131147540983,32.5,6.39344262295082,0.05327868852459017,0.19672131147540983,32.5,0.05327868852459017,1.0,1.0,0.0,1.0,0.0,r16_c16,61.0,1.0,True,0.0,1.0,0.0,r16_c16,61.0,1.0,0.0
Nutrition | r16_c15 | Friday,Nutrition,r16_c15,Friday,36,32,True,08:30-09:00,0.6666666666666666,2,0.33333333333333337,29.999999999999996,10.0,0.08333333333333333,True,True,0.33333333333333337,29.999999999999996,10.0,0.08333333333333333,0.33333333333333337,29.999999999999996,0.08333333333333333,1.0,1.0,0.0,1.0,0.0,r16_c16,36.0,1.0,True,0.0,1.0,0.0,r16_c16,36.0,1.0,0.0
Nutrition | r16_c15 | Monday,Nutrition,r16_c15,Monday,45,32,True,08:30-09:00,0.6888888888888889,3,0.3111111111111111,29.999999999999996,9.333333333333332,0.07777777777777777,True,True,0.3111111111111111,29.999999999999996,9.333333333333332,0.07777777777777777,0.3111111111111111,29.999999999999996,0.07777777777777777,1.0,1.0,0.0,1.0,0.0,r16_c16,45.0,1.0,True,0.0,1.0,0.0,r16_c16,45.0,1.0,0.0
Nutrition | r16_c15 | Wednesday,Nutrition,r16_c15,Wednesday,41,32,True,08:30-09:00,0.6341463414634146,3,0.36585365853658536,30.000000000000004,10.975609756097562,0.09146341463414635,True,True,0.36585365853658536,30.000000000000004,10.975609756097562,0.09146341463414635,0.36585365853658536,30.000000000000004,0.09146341463414635,1.0,1.0,0.0,1.0,0.0,r16_c16,41.0,1.0,True,0.0,1.0,0.0,r16_c16,41.0,1.0,0.0
Nutrition | r16_c16 | Friday,Nutrition,r16_c16,Friday,253,53,True,13:00-13:30,0.9920948616600791,2,0.007905138339920903,30.00000000000017,0.23715415019762845,0.001976284584980237,True,True,0.007905138339920903,30.00000000000017,0.23715415019762845,0.001976284584980237,0.007905138339920903,30.00000000000017,0.001976284584980237,7.0,0.18074020840819258,6.0,5.532803180914514,0.8192597915918074,r17_c17,62.0,0.2450592885375494,True,6.0,5.532803180914514,0.8192597915918074,r17_c17,62.0,0.2450592885375494,0.8192597915918074
Nutrition | r16_c16 | Monday,Nutrition,r16_c16,Monday,320,52,True,13:00-13:30,0.878125,6,0.12187499999999996,43.076923076923094,5.25,0.043750000000000004,True,True,0.12187499999999996,43.076923076923094,5.25,0.043750000000000004,0.12187499999999996,43.076923076923094,0.043750000000000004,9.0,0.144140625,8.0,6.937669376693767,0.855859375,r16_c14,60.0,0.1875,True,8.0,6.937669376693767,0.855859375,r16_c14,60.0,0.1875,0.855859375
Nutrition | r16_c16 | Thursday,Nutrition,r16_c16,Thursday,263,52,True,13:00-13:30,0.8479087452471483,5,0.15209125475285168,39.750000000000014,6.045627376425856,0.05038022813688213,True,True,0.15209125475285168,39.750000000000014,6.045627376425856,0.05038022813688213,0.15209125475285168,39.750000000000014,0.05038022813688213,7.0,0.20212812097905133,6.0,4.947357127530219,0.7978718790209487,r16_c14,68.0,0.2585551330798479,True,6.0,4.947357127530219,0.7978718790209487,r16_c14,68.0,0.2585551330798479,0.7978718790209487
Nutrition | r16_c16 | Tuesday,Nutrition,r16_c16,Tuesday,366,52,True,13:00-13:30,0.7923497267759563,8,0.20765027322404372,219.07894736842104,45.49180327868852,0.18032786885245902,True,True,0.20765027322404372,219.07894736842104,45.49180327868852,0.18032786885245902,0.20765027322404372,219.07894736842104,0.18032786885245902,8.0,0.20656036310430287,7.0,4.841199855439105,0.7934396368956971,r16_c16,121.0,0.33060109289617484,True,7.0,4.841199855439105,0.7934396368956971,r16_c16,121.0,0.33060109289617484,0.7934396368956971
Nutrition | r16_c16 | Wednesday,Nutrition,r16_c16,Wednesday,463,52,True,13:00-13:30,0.8099352051835853,10,0.1900647948164147,204.2045454545455,38.812095032397416,0.1571274298056156,True,True,0.1900647948164147,204.2045454545455,38.812095032397416,0.1571274298056156,0.1900647948164147,204.2045454545455,0.1571274298056156,10.0,0.15340371042454828,9.0,6.518747149156152,0.8465962895754517,r16_c16,129.0,0.2786177105831533,True,9.0,6.518747149156152,0.8465962895754517,r16_c16,129.0,0.2786177105831533,0.8465962895754517
Nutrition | r17_c15 | Friday,Nutrition,r17_c15,Friday,5,5,True,08:00-08:30,1.0,1,0.0,,0.0,0.0,False,False,,,,,,,,1.0,1.0,0.0,1.0,0.0,r16_c16,5.0,1.0,False,,,,,,,
Nutrition | r17_c15 | Monday,Nutrition,r17_c15,Monday,4,4,True,08:00-08:30,1.0,1,0.0,,0.0,0.0,False,False,,,,,,,,1.0,1.0,0.0,1.0,0.0,r16_c16,4.0,1.0,False,,,,,,,
Nutrition | r17_c15 | Thursday,Nutrition,r17_c15,Thursday,6,5,True,08:00-08:30,1.0,1,0.0,,0.0,0.0,False,False,,,,,,,,1.0,1.0,0.0,1.0,0.0,r16_c16,6.0,1.0,False,,,,,,,
Nutrition | r17_c15 | Tuesday,Nutrition,r17_c15,Tuesday,5,5,True,08:00-08:30,1.0,1,0.0,,0.0,0.0,False,False,,,,,,,,1.0,1.0,0.0,1.0,0.0,r16_c16,5.0,1.0,False,,,,,,,
Nutrition | r17_c15 | Wednesday,Nutrition,r17_c15,Wednesday,8,5,True,08:00-08:30,0.625,3,0.375,230.0,86.25,0.28125,False,False,,,,,,,,2.0,0.625,1.0,1.6,0.375,r16_c16,6.0,0.75,False,,,,,,,
Nutrition | r17_c16 | Monday,Nutrition,r17_c16,Monday,9,9,True,08:30-09:00,1.0,1,0.0,,0.0,0.0,False,False,,,,,,,,1.0,1.0,0.0,1.0,0.0,r16_c16,9.0,1.0,False,,,,,,,
Nutrition | r17_c16 | Thursday,Nutrition,r17_c16,Thursday,10,10,True,08:30-09:00,1.0,1,0.0,,0.0,0.0,True,True,0.0,,0.0,0.0,0.0,,0.0,1.0,1.0,0.0,1.0,0.0,r16_c16,10.0,1.0,True,0.0,1.0,0.0,r16_c16,10.0,1.0,0.0
Nutrition | r17_c16 | Wednesday,Nutrition,r17_c16,Wednesday,10,10,True,08:30-09:00,1.0,1,0.0,,0.0,0.0,True,True,0.0,,0.0,0.0,0.0,,0.0,1.0,1.0,0.0,1.0,0.0,r16_c16,10.0,1.0,True,0.0,1.0,0.0,r16_c16,10.0,1.0,0.0
Nutrition | r17_c17 | Friday,Nutrition,r17_c17,Friday,74,49,True,08:00-08:30,1.0,1,0.0,,0.0,0.0,True,True,0.0,,0.0,0.0,0.0,,0.0,1.0,1.0,0.0,1.0,0.0,r16_c16,74.0,1.0,True,0.0,1.0,0.0,r16_c16,74.0,1.0,0.0
Nutrition | r17_c17 | Monday,Nutrition,r17_c17,Monday,67,46,True,08:00-08:30,1.0,1,0.0,,0.0,0.0,True,True,0.0,,0.0,0.0,0.0,,0.0,1.0,1.0,0.0,1.0,0.0,r16_c16,67.0,1.0,True,0.0,1.0,0.0,r16_c16,67.0,1.0,0.0
Nutrition | r17_c17 | Thursday,Nutrition,r17_c17,Thursday,73,48,True,08:00-08:30,1.0,1,0.0,,0.0,0.0,True,True,0.0,,0.0,0.0,0.0,,0.0,1.0,1.0,0.0,1.0,0.0,r16_c16,73.0,1.0,True,0.0,1.0,0.0,r16_c16,73.0,1.0,0.0
Nutrition | r17_c17 | Tuesday,Nutrition,r17_c17,Tuesday,80,48,True,08:00-08:30,1.0,1,0.0,,0.0,0.0,True,True,0.0,,0.0,0.0,0.0,,0.0,1.0,1.0,0.0,1.0,0.0,r16_c16,80.0,1.0,True,0.0,1.0,0.0,r16_c16,80.0,1.0,0.0
Nutrition | r17_c17 | Wednesday,Nutrition,r17_c17,Wednesday,66,47,True,08:00-08:30,0.9848484848484849,2,0.015151515151515138,60.00000000000006,0.9090909090909092,0.007575757575757577,True,True,0.015151515151515138,60.00000000000006,0.9090909090909092,0.007575757575757577,0.015151515151515138,60.00000000000006,0.007575757575757577,1.0,1.0,0.0,1.0,0.0,r16_c16,66.0,1.0,True,0.0,1.0,0.0,r16_c16,66.0,1.0,0.0
Nutrition | r18_c16 | Friday,Nutrition,r18_c16,Friday,52,43,True,08:00-08:30,1.0,1,0.0,,0.0,0.0,True,True,0.0,,0.0,0.0,0.0,,0.0,1.0,1.0,0.0,1.0,0.0,r16_c16,52.0,1.0,True,0.0,1.0,0.0,r16_c16,52.0,1.0,0.0
Nutrition | r18_c16 | Monday,Nutrition,r18_c16,Monday,55,42,True,08:00-08:30,1.0,1,0.0,,0.0,0.0,True,True,0.0,,0.0,0.0,0.0,,0.0,1.0,1.0,0.0,1.0,0.0,r16_c16,55.0,1.0,True,0.0,1.0,0.0,r16_c16,55.0,1.0,0.0
Nutrition | r18_c16 | Thursday,Nutrition,r18_c16,Thursday,54,43,True,08:00-08:30,1.0,1,0.0,,0.0,0.0,True,True,0.0,,0.0,0.0,0.0,,0.0,1.0,1.0,0.0,1.0,0.0,r16_c16,54.0,1.0,True,0.0,1.0,0.0,r16_c16,54.0,1.0,0.0
Nutrition | r18_c16 | Tuesday,Nutrition,r18_c16,Tuesday,57,42,True,08:00-08:30,1.0,1,0.0,,0.0,0.0,True,True,0.0,,0.0,0.0,0.0,,0.0,1.0,1.0,0.0,1.0,0.0,r16_c16,57.0,1.0,True,0.0,1.0,0.0,r16_c16,57.0,1.0,0.0
Nutrition | r18_c16 | Wednesday,Nutrition,r18_c16,Wednesday,63,43,True,08:00-08:30,0.9523809523809523,3,0.04761904761904767,49.99999999999994,2.380952380952381,0.01984126984126984,True,True,0.04761904761904767,49.99999999999994,2.380952380952381,0.01984126984126984,0.04761904761904767,49.99999999999994,0.01984126984126984,1.0,1.0,0.0,1.0,0.0,r16_c16,63.0,1.0,True,0.0,1.0,0.0,r16_c16,63.0,1.0,0.0
Nutrition | r19_c16 | Friday,Nutrition,r19_c16,Friday,21,20,True,08:00-08:30,0.9523809523809523,2,0.04761904761904767,29.999999999999964,1.4285714285714284,0.011904761904761902,True,True,0.04761904761904767,29.999999999999964,1.4285714285714284,0.011904761904761902,0.04761904761904767,29.999999999999964,0.011904761904761902,1.0,1.0,0.0,1.0,0.0,r16_c16,21.0,1.0,True,0.0,1.0,0.0,r16_c16,21.0,1.0,0.0
Nutrition | r19_c16 | Tuesday,Nutrition,r19_c16,Tuesday,23,21,True,08:00-08:30,1.0,1,0.0,,0.0,0.0,True,True,0.0,,0.0,0.0,0.0,,0.0,1.0,1.0,0.0,1.0,0.0,r16_c16,23.0,1.0,True,0.0,1.0,0.0,r16_c16,23.0,1.0,0.0
Nutrition | r19_c16 | Wednesday,Nutrition,r19_c16,Wednesday,24,20,True,08:00-08:30,0.875,2,0.125,30.0,3.75,0.03125,True,True,0.125,30.0,3.75,0.03125,0.125,30.0,0.03125,1.0,1.0,0.0,1.0,0.0,r16_c16,24.0,1.0,True,0.0,1.0,0.0,r16_c16,24.0,1.0,0.0
Nutrition | r20_c20 | Friday,Nutrition,r20_c20,Friday,50,47,True,07:30-08:00,0.78,3,0.21999999999999997,32.727272727272734,7.2,0.060000000000000005,True,True,0.21999999999999997,32.727272727272734,7.2,0.060000000000000005,0.21999999999999997,32.727272727272734,0.060000000000000005,1.0,1.0,0.0,1.0,0.0,r16_c16,50.0,1.0,True,0.0,1.0,0.0,r16_c16,50.0,1.0,0.0
Nutrition | r20_c20 | Monday,Nutrition,r20_c20,Monday,52,47,True,07:30-08:00,0.75,2,0.25,30.0,7.5,0.0625,True,True,0.25,30.0,7.5,0.0625,0.25,30.0,0.0625,1.0,1.0,0.0,1.0,0.0,r16_c16,52.0,1.0,True,0.0,1.0,0.0,r16_c16,52.0,1.0,0.0
Nutrition | r20_c20 | Wednesday,Nutrition,r20_c20,Wednesday,55,46,True,07:30-08:00,0.7272727272727273,3,0.2727272727272727,32.0,8.727272727272727,0.07272727272727272,True,True,0.2727272727272727,32.0,8.727272727272727,0.07272727272727272,0.2727272727272727,32.0,0.07272727272727272,1.0,1.0,0.0,1.0,0.0,r16_c16,55.0,1.0,True,0.0,1.0,0.0,r16_c16,55.0,1.0,0.0
Nutrition | r21_c13 | Thursday,Nutrition,r21_c13,Thursday,55,51,True,07:30-08:00,0.5272727272727272,2,0.4727272727272728,29.999999999999996,14.181818181818182,0.11818181818181818,True,True,0.4727272727272728,29.999999999999996,14.181818181818182,0.11818181818181818,0.4727272727272728,29.999999999999996,0.11818181818181818,1.0,1.0,0.0,1.0,0.0,r23_c16,55.0,1.0,True,0.0,1.0,0.0,r23_c16,55.0,1.0,0.0
Nutrition | r21_c13 | Tuesday,Nutrition,r21_c13,Tuesday,5,5,True,08:00-08:30,1.0,1,0.0,,0.0,0.0,False,False,,,,,,,,1.0,1.0,0.0,1.0,0.0,r23_c16,5.0,1.0,False,,,,,,,
Nutrition | r21_c14 | Thursday,Nutrition,r21_c14,Thursday,34,31,True,08:00-08:30,0.7647058823529411,2,0.23529411764705888,29.999999999999993,7.0588235294117645,0.058823529411764705,True,True,0.23529411764705888,29.999999999999993,7.0588235294117645,0.058823529411764705,0.23529411764705888,29.999999999999993,0.058823529411764705,1.0,1.0,0.0,1.0,0.0,r23_c16,34.0,1.0,True,0.0,1.0,0.0,r23_c16,34.0,1.0,0.0
Nutrition | r21_c16 | Friday,Nutrition,r21_c16,Friday,4,4,True,09:00-09:30,1.0,1,0.0,,0.0,0.0,False,False,,,,,,,,1.0,1.0,0.0,1.0,0.0,r22_c20,4.0,1.0,False,,,,,,,
Nutrition | r21_c16 | Monday,Nutrition,r21_c16,Monday,5,4,True,09:00-09:30,1.0,1,0.0,,0.0,0.0,False,False,,,,,,,,1.0,1.0,0.0,1.0,0.0,r22_c20,5.0,1.0,False,,,,,,,
Nutrition | r21_c16 | Saturday,Nutrition,r21_c16,Saturday,5,4,True,09:00-09:30,1.0,1,0.0,,0.0,0.0,False,False,,,,,,,,1.0,1.0,0.0,1.0,0.0,r22_c20,5.0,1.0,False,,,,,,,
Nutrition | r21_c16 | Sunday,Nutrition,r21_c16,Sunday,5,4,True,09:00-09:30,1.0,1,0.0,,0.0,0.0,False,False,,,,,,,,1.0,1.0,0.0,1.0,0.0,r22_c20,5.0,1.0,False,,,,,,,
Nutrition | r21_c16 | Thursday,Nutrition,r21_c16,Thursday,52,50,True,09:00-09:30,1.0,1,0.0,,0.0,0.0,True,True,0.0,,0.0,0.0,0.0,,0.0,1.0,1.0,0.0,1.0,0.0,r22_c20,52.0,1.0,True,0.0,1.0,0.0,r22_c20,52.0,1.0,0.0
Nutrition | r21_c16 | Tuesday,Nutrition,r21_c16,Tuesday,52,49,True,09:00-09:30,0.9615384615384616,3,0.038461538461538436,30.000000000000025,1.153846153846154,0.009615384615384616,True,True,0.038461538461538436,30.000000000000025,1.153846153846154,0.009615384615384616,0.038461538461538436,30.000000000000025,0.009615384615384616,1.0,1.0,0.0,1.0,0.0,r22_c20,52.0,1.0,True,0.0,1.0,0.0,r22_c20,52.0,1.0,0.0
Nutrition | r21_c16 | Wednesday,Nutrition,r21_c16,Wednesday,5,4,True,09:00-09:30,1.0,1,0.0,,0.0,0.0,False,False,,,,,,,,1.0,1.0,0.0,1.0,0.0,r22_c20,5.0,1.0,False,,,,,,,
Nutrition | r21_c17 | Thursday,Nutrition,r21_c17,Thursday,7,1,True,12:30-13:00,1.0,1,0.0,,0.0,0.0,False,False,,,,,,,,3.0,0.346938775510204,2.0,2.882352941176471,0.653061224489796,r21_c16,3.0,0.42857142857142855,False,,,,,,,
Nutrition | r21_c31 | Friday,Nutrition,r21_c31,Friday,111,53,True,13:00-13:30,0.5675675675675675,2,0.43243243243243246,30.0,12.972972972972974,0.10810810810810811,True,True,0.43243243243243246,30.0,12.972972972972974,0.10810810810810811,0.43243243243243246,30.0,0.10810810810810811,2.0,0.5000405811216622,1.0,1.9998376886869016,0.49995941887833784,r25_c33,56.0,0.5045045045045045,True,1.0,1.9998376886869016,0.49995941887833784,r25_c33,56.0,0.5045045045045045,0.49995941887833784
Nutrition | r21_c31 | Monday,Nutrition,r21_c31,Monday,121,52,True,13:00-13:30,0.5867768595041323,3,0.4132231404958677,30.599999999999998,12.644628099173552,0.10537190082644628,True,True,0.4132231404958677,30.599999999999998,12.644628099173552,0.10537190082644628,0.4132231404958677,30.599999999999998,0.10537190082644628,2.0,0.5003073560549143,1.0,1.9987713310580204,0.4996926439450857,r22_c31,62.0,0.512396694214876,True,1.0,1.9987713310580204,0.4996926439450857,r22_c31,62.0,0.512396694214876,0.4996926439450857
Nutrition | r21_c31 | Saturday,Nutrition,r21_c31,Saturday,6,2,True,13:00-13:30,1.0,1,0.0,,0.0,0.0,False,False,,,,,,,,2.0,0.5555555555555556,1.0,1.7999999999999998,0.4444444444444444,r22_c31,4.0,0.6666666666666666,False,,,,,,,
Nutrition | r21_c31 | Sunday,Nutrition,r21_c31,Sunday,6,2,True,13:00-13:30,1.0,1,0.0,,0.0,0.0,False,False,,,,,,,,2.0,0.5555555555555556,1.0,1.7999999999999998,0.4444444444444444,r22_c31,4.0,0.6666666666666666,False,,,,,,,
Nutrition | r21_c31 | Thursday,Nutrition,r21_c31,Thursday,128,52,True,13:00-13:30,0.5390625,5,0.4609375,36.101694915254235,16.640625,0.138671875,True,True,0.4609375,36.101694915254235,16.640625,0.138671875,0.4609375,36.101694915254235,0.138671875,2.0,0.50048828125,1.0,1.9980487804878049,0.49951171875,r25_c33,66.0,0.515625,True,1.0,1.9980487804878049,0.49951171875,r25_c33,66.0,0.515625,0.49951171875
Nutrition | r21_c31 | Tuesday,Nutrition,r21_c31,Tuesday,123,52,True,13:00-13:30,0.5853658536585366,2,0.41463414634146345,29.999999999999993,12.439024390243901,0.10365853658536585,True,True,0.41463414634146345,29.999999999999993,12.439024390243901,0.10365853658536585,0.41463414634146345,29.999999999999993,0.10365853658536585,2.0,0.5002974419988102,1.0,1.9988109393579074,0.4997025580011898,r22_c31,63.0,0.5121951219512195,True,1.0,1.9988109393579074,0.4997025580011898,r22_c31,63.0,0.5121951219512195,0.4997025580011898
Nutrition | r21_c31 | Wednesday,Nutrition,r21_c31,Wednesday,122,52,True,13:00-13:30,0.5573770491803278,4,0.4426229508196722,37.77777777777777,16.721311475409834,0.12704918032786883,True,True,0.4426229508196722,37.77777777777777,16.721311475409834,0.12704918032786883,0.4426229508196722,37.77777777777777,0.12704918032786883,3.0,0.4922063961300725,2.0,2.031668031668032,0.5077936038699276,r22_c31,62.0,0.5081967213114754,True,2.0,2.031668031668032,0.5077936038699276,r22_c31,62.0,0.5081967213114754,0.5077936038699276
Nutrition | r22_c14 | Friday,Nutrition,r22_c14,Friday,6,4,True,07:30-08:00,1.0,1,0.0,,0.0,0.0,False,False,,,,,,,,1.0,1.0,0.0,1.0,0.0,r23_c16,6.0,1.0,False,,,,,,,
Nutrition | r22_c14 | Monday,Nutrition,r22_c14,Monday,8,5,True,07:30-08:00,1.0,1,0.0,,0.0,0.0,False,False,,,,,,,,1.0,1.0,0.0,1.0,0.0,r23_c16,8.0,1.0,False,,,,,,,
Nutrition | r22_c14 | Thursday,Nutrition,r22_c14,Thursday,6,4,True,07:30-08:00,1.0,1,0.0,,0.0,0.0,False,False,,,,,,,,1.0,1.0,0.0,1.0,0.0,r23_c16,6.0,1.0,False,,,,,,,
Nutrition | r22_c14 | Tuesday,Nutrition,r22_c14,Tuesday,6,4,True,07:30-08:00,1.0,1,0.0,,0.0,0.0,False,False,,,,,,,,1.0,1.0,0.0,1.0,0.0,r23_c16,6.0,1.0,False,,,,,,,
Nutrition | r22_c14 | Wednesday,Nutrition,r22_c14,Wednesday,6,4,True,07:30-08:00,1.0,1,0.0,,0.0,0.0,False,False,,,,,,,,1.0,1.0,0.0,1.0,0.0,r23_c16,6.0,1.0,False,,,,,,,
Nutrition | r22_c15 | Friday,Nutrition,r22_c15,Friday,160,53,True,07:30-08:00,0.875,3,0.125,57.0,7.125,0.059375000000000004,True,True,0.125,57.0,7.125,0.059375000000000004,0.125,57.0,0.059375000000000004,1.0,1.0,0.0,1.0,0.0,r23_c16,160.0,1.0,True,0.0,1.0,0.0,r23_c16,160.0,1.0,0.0
Nutrition | r22_c15 | Monday,Nutrition,r22_c15,Monday,154,52,True,07:30-08:00,0.8961038961038961,2,0.10389610389610393,59.999999999999986,6.233766233766234,0.05194805194805195,True,True,0.10389610389610393,59.999999999999986,6.233766233766234,0.05194805194805195,0.10389610389610393,59.999999999999986,0.05194805194805195,1.0,1.0,0.0,1.0,0.0,r23_c16,154.0,1.0,True,0.0,1.0,0.0,r23_c16,154.0,1.0,0.0
Nutrition | r22_c15 | Thursday,Nutrition,r22_c15,Thursday,160,52,True,07:30-08:00,0.8625,3,0.13749999999999996,53.1818181818182,7.3125,0.0609375,True,True,0.13749999999999996,53.1818181818182,7.3125,0.0609375,0.13749999999999996,53.1818181818182,0.0609375,1.0,1.0,0.0,1.0,0.0,r23_c16,160.0,1.0,True,0.0,1.0,0.0,r23_c16,160.0,1.0,0.0
Nutrition | r22_c15 | Tuesday,Nutrition,r22_c15,Tuesday,158,52,True,07:30-08:00,0.8734177215189873,2,0.12658227848101267,60.0,7.59493670886076,0.06329113924050633,True,True,0.12658227848101267,60.0,7.59493670886076,0.06329113924050633,0.12658227848101267,60.0,0.06329113924050633,1.0,1.0,0.0,1.0,0.0,r23_c16,158.0,1.0,True,0.0,1.0,0.0,r23_c16,158.0,1.0,0.0
Nutrition | r22_c15 | Wednesday,Nutrition,r22_c15,Wednesday,161,52,True,07:30-08:00,0.8571428571428571,3,0.1428571428571429,54.78260869565216,7.826086956521739,0.06521739130434784,True,True,0.1428571428571429,54.78260869565216,7.826086956521739,0.06521739130434784,0.1428571428571429,54.78260869565216,0.06521739130434784,1.0,1.0,0.0,1.0,0.0,r23_c16,161.0,1.0,True,0.0,1.0,0.0,r23_c16,161.0,1.0,0.0
Nutrition | r22_c18 | Thursday,Nutrition,r22_c18,Thursday,5,5,True,08:30-09:00,1.0,1,0.0,,0.0,0.0,False,False,,,,,,,,1.0,1.0,0.0,1.0,0.0,r22_c20,5.0,1.0,False,,,,,,,
Nutrition | r22_c18 | Tuesday,Nutrition,r22_c18,Tuesday,4,4,True,08:30-09:00,1.0,1,0.0,,0.0,0.0,False,False,,,,,,,,1.0,1.0,0.0,1.0,0.0,r22_c20,4.0,1.0,False,,,,,,,
Nutrition | r22_c18 | Wednesday,Nutrition,r22_c18,Wednesday,2,1,True,09:00-09:30,1.0,1,0.0,,0.0,0.0,False,False,,,,,,,,1.0,1.0,0.0,1.0,0.0,r22_c20,2.0,1.0,False,,,,,,,
Nutrition | r22_c20 | Friday,Nutrition,r22_c20,Friday,7,5,True,13:30-14:00,0.5714285714285714,2,0.4285714285714286,269.99999999999994,115.71428571428571,0.42857142857142855,False,False,,,,,,,,2.0,0.510204081632653,1.0,1.9600000000000004,0.48979591836734704,r21_c16,4.0,0.5714285714285714,False,,,,,,,
Nutrition | r22_c20 | Monday,Nutrition,r22_c20,Monday,5,4,True,13:30-14:00,1.0,1,0.0,,0.0,0.0,False,False,,,,,,,,1.0,1.0,0.0,1.0,0.0,r21_c16,5.0,1.0,False,,,,,,,
Nutrition | r22_c20 | Saturday,Nutrition,r22_c20,Saturday,4,4,True,13:30-14:00,1.0,1,0.0,,0.0,0.0,False,False,,,,,,,,1.0,1.0,0.0,1.0,0.0,r21_c16,4.0,1.0,False,,,,,,,
Nutrition | r22_c20 | Sunday,Nutrition,r22_c20,Sunday,4,4,True,13:30-14:00,1.0,1,0.0,,0.0,0.0,False,False,,,,,,,,1.0,1.0,0.0,1.0,0.0,r21_c16,4.0,1.0,False,,,,,,,
Nutrition | r22_c20 | Thursday,Nutrition,r22_c20,Thursday,211,52,True,13:30-14:00,0.9715639810426541,2,0.028436018957345932,60.00000000000008,1.7061611374407581,0.014218009478672985,True,True,0.028436018957345932,60.00000000000008,1.7061611374407581,0.014218009478672985,0.028436018957345932,60.00000000000008,0.014218009478672985,5.0,0.3126389793580557,4.0,3.198577484014657,0.6873610206419443,r25_c21,83.0,0.3933649289099526,True,4.0,3.198577484014657,0.6873610206419443,r25_c21,83.0,0.3933649289099526,0.6873610206419443
Nutrition | r22_c20 | Tuesday,Nutrition,r22_c20,Tuesday,192,52,True,13:30-14:00,0.9947916666666666,2,0.00520833333333337,59.999999999999574,0.3125,0.0026041666666666665,True,True,0.00520833333333337,59.999999999999574,0.3125,0.0026041666666666665,0.00520833333333337,59.999999999999574,0.0026041666666666665,5.0,0.32123480902777785,4.0,3.112987671001519,0.6787651909722221,r25_c21,80.0,0.4166666666666667,True,4.0,3.112987671001519,0.6787651909722221,r25_c21,80.0,0.4166666666666667,0.6787651909722221
Nutrition | r22_c20 | Wednesday,Nutrition,r22_c20,Wednesday,7,6,True,13:30-14:00,1.0,1,0.0,,0.0,0.0,False,False,,,,,,,,3.0,0.5510204081632654,2.0,1.8148148148148147,0.44897959183673464,r21_c16,5.0,0.7142857142857143,False,,,,,,,
Nutrition | r22_c31 | Friday,Nutrition,r22_c31,Friday,57,53,True,08:30-09:00,0.9649122807017544,2,0.03508771929824561,30.0,1.0526315789473684,0.008771929824561403,True,True,0.03508771929824561,30.0,1.0526315789473684,0.008771929824561403,0.03508771929824561,30.0,0.008771929824561403,1.0,1.0,0.0,1.0,0.0,r21_c31,57.0,1.0,True,0.0,1.0,0.0,r21_c31,57.0,1.0,0.0
Nutrition | r22_c31 | Monday,Nutrition,r22_c31,Monday,64,52,True,08:30-09:00,0.9375,2,0.0625,30.0,1.875,0.015625,True,True,0.0625,30.0,1.875,0.015625,0.0625,30.0,0.015625,1.0,1.0,0.0,1.0,0.0,r21_c31,64.0,1.0,True,0.0,1.0,0.0,r21_c31,64.0,1.0,0.0
Nutrition | r22_c31 | Saturday,Nutrition,r22_c31,Saturday,2,2,True,08:30-09:00,1.0,1,0.0,,0.0,0.0,False,False,,,,,,,,1.0,1.0,0.0,1.0,0.0,r21_c31,2.0,1.0,False,,,,,,,
Nutrition | r22_c31 | Sunday,Nutrition,r22_c31,Sunday,2,2,True,08:30-09:00,1.0,1,0.0,,0.0,0.0,False,False,,,,,,,,1.0,1.0,0.0,1.0,0.0,r21_c31,2.0,1.0,False,,,,,,,
Nutrition | r22_c31 | Thursday,Nutrition,r22_c31,Thursday,62,52,True,08:30-09:00,0.9354838709677419,2,0.06451612903225812,29.999999999999975,1.935483870967742,0.016129032258064516,True,True,0.06451612903225812,29.999999999999975,1.935483870967742,0.016129032258064516,0.06451612903225812,29.999999999999975,0.016129032258064516,1.0,1.0,0.0,1.0,0.0,r21_c31,62.0,1.0,True,0.0,1.0,0.0,r21_c31,62.0,1.0,0.0
Nutrition | r22_c31 | Tuesday,Nutrition,r22_c31,Tuesday,65,52,True,08:30-09:00,0.9384615384615385,2,0.06153846153846154,30.0,1.8461538461538463,0.015384615384615385,True,True,0.06153846153846154,30.0,1.8461538461538463,0.015384615384615385,0.06153846153846154,30.0,0.015384615384615385,1.0,1.0,0.0,1.0,0.0,r21_c31,65.0,1.0,True,0.0,1.0,0.0,r21_c31,65.0,1.0,0.0
Nutrition | r22_c31 | Wednesday,Nutrition,r22_c31,Wednesday,62,52,True,08:30-09:00,0.9193548387096774,4,0.08064516129032262,59.99999999999997,4.838709677419355,0.04032258064516129,True,True,0.08064516129032262,59.99999999999997,4.838709677419355,0.04032258064516129,0.08064516129032262,59.99999999999997,0.04032258064516129,1.0,1.0,0.0,1.0,0.0,r21_c31,62.0,1.0,True,0.0,1.0,0.0,r21_c31,62.0,1.0,0.0
Nutrition | r23_c10 | Friday,Nutrition,r23_c10,Friday,135,53,True,08:00-08:30,0.5259259259259259,4,0.4740740740740741,35.62499999999999,16.888888888888886,0.14074074074074075,True,True,0.4740740740740741,35.62499999999999,16.888888888888886,0.14074074074074075,0.4740740740740741,35.62499999999999,0.14074074074074075,1.0,1.0,0.0,1.0,0.0,r26_c11,135.0,1.0,True,0.0,1.0,0.0,r26_c11,135.0,1.0,0.0
Nutrition | r23_c10 | Monday,Nutrition,r23_c10,Monday,77,52,True,08:00-08:30,0.5974025974025974,3,0.4025974025974026,36.774193548387096,14.805194805194805,0.12337662337662338,True,True,0.4025974025974026,36.774193548387096,14.805194805194805,0.12337662337662338,0.4025974025974026,36.774193548387096,0.12337662337662338,1.0,1.0,0.0,1.0,0.0,r26_c11,77.0,1.0,True,0.0,1.0,0.0,r26_c11,77.0,1.0,0.0
Nutrition | r23_c10 | Thursday,Nutrition,r23_c10,Thursday,131,52,True,08:00-08:30,0.5190839694656488,3,0.48091603053435117,35.714285714285715,17.17557251908397,0.1431297709923664,True,True,0.48091603053435117,35.714285714285715,17.17557251908397,0.1431297709923664,0.48091603053435117,35.714285714285715,0.1431297709923664,1.0,1.0,0.0,1.0,0.0,r26_c11,131.0,1.0,True,0.0,1.0,0.0,r26_c11,131.0,1.0,0.0
Nutrition | r23_c10 | Tuesday,Nutrition,r23_c10,Tuesday,133,52,True,08:00-08:30,0.5338345864661654,3,0.46616541353383456,36.774193548387096,17.142857142857142,0.14285714285714285,True,True,0.46616541353383456,36.774193548387096,17.142857142857142,0.14285714285714285,0.46616541353383456,36.774193548387096,0.14285714285714285,1.0,1.0,0.0,1.0,0.0,r26_c11,133.0,1.0,True,0.0,1.0,0.0,r26_c11,133.0,1.0,0.0
Nutrition | r23_c10 | Wednesday,Nutrition,r23_c10,Wednesday,132,52,True,08:00-08:30,0.5151515151515151,3,0.48484848484848486,35.625,17.272727272727273,0.14393939393939392,True,True,0.48484848484848486,35.625,17.272727272727273,0.14393939393939392,0.48484848484848486,35.625,0.14393939393939392,1.0,1.0,0.0,1.0,0.0,r26_c11,132.0,1.0,True,0.0,1.0,0.0,r26_c11,132.0,1.0,0.0
Nutrition | r23_c11 | Friday,Nutrition,r23_c11,Friday,67,53,True,08:00-08:30,0.5223880597014925,4,0.4776119402985075,35.625,17.01492537313433,0.14179104477611942,True,True,0.4776119402985075,35.625,17.01492537313433,0.14179104477611942,0.4776119402985075,35.625,0.14179104477611942,1.0,1.0,0.0,1.0,0.0,r26_c11,67.0,1.0,True,0.0,1.0,0.0,r26_c11,67.0,1.0,0.0
Nutrition | r23_c11 | Monday,Nutrition,r23_c11,Monday,66,52,True,08:00-08:30,0.5303030303030303,3,0.4696969696969697,36.774193548387096,17.272727272727273,0.14393939393939395,True,True,0.4696969696969697,36.774193548387096,17.272727272727273,0.14393939393939395,0.4696969696969697,36.774193548387096,0.14393939393939395,1.0,1.0,0.0,1.0,0.0,r26_c11,66.0,1.0,True,0.0,1.0,0.0,r26_c11,66.0,1.0,0.0
Nutrition | r23_c11 | Thursday,Nutrition,r23_c11,Thursday,65,52,True,08:00-08:30,0.5230769230769231,3,0.4769230769230769,35.806451612903224,17.076923076923077,0.1423076923076923,True,True,0.4769230769230769,35.806451612903224,17.076923076923077,0.1423076923076923,0.4769230769230769,35.806451612903224,0.1423076923076923,1.0,1.0,0.0,1.0,0.0,r26_c11,65.0,1.0,True,0.0,1.0,0.0,r26_c11,65.0,1.0,0.0
Nutrition | r23_c11 | Tuesday,Nutrition,r23_c11,Tuesday,66,52,True,08:00-08:30,0.5303030303030303,3,0.4696969696969697,36.774193548387096,17.272727272727273,0.14393939393939395,True,True,0.4696969696969697,36.774193548387096,17.272727272727273,0.14393939393939395,0.4696969696969697,36.774193548387096,0.14393939393939395,1.0,1.0,0.0,1.0,0.0,r26_c11,66.0,1.0,True,0.0,1.0,0.0,r26_c11,66.0,1.0,0.0
Nutrition | r23_c11 | Wednesday,Nutrition,r23_c11,Wednesday,65,52,True,08:00-08:30,0.5076923076923077,3,0.49230769230769234,35.625,17.53846153846154,0.14615384615384616,True,True,0.49230769230769234,35.625,17.53846153846154,0.14615384615384616,0.49230769230769234,35.625,0.14615384615384616,1.0,1.0,0.0,1.0,0.0,r26_c11,65.0,1.0,True,0.0,1.0,0.0,r26_c11,65.0,1.0,0.0
Nutrition | r23_c15 | Friday,Nutrition,r23_c15,Friday,23,18,True,08:00-08:30,0.6956521739130435,2,0.30434782608695654,29.999999999999996,9.130434782608695,0.07608695652173912,True,True,0.30434782608695654,29.999999999999996,9.130434782608695,0.07608695652173912,0.30434782608695654,29.999999999999996,0.07608695652173912,1.0,1.0,0.0,1.0,0.0,r23_c16,23.0,1.0,True,0.0,1.0,0.0,r23_c16,23.0,1.0,0.0
Nutrition | r23_c15 | Monday,Nutrition,r23_c15,Monday,37,24,True,08:00-08:30,0.8108108108108109,2,0.18918918918918914,30.00000000000001,5.675675675675676,0.0472972972972973,True,True,0.18918918918918914,30.00000000000001,5.675675675675676,0.0472972972972973,0.18918918918918914,30.00000000000001,0.0472972972972973,1.0,1.0,0.0,1.0,0.0,r23_c16,37.0,1.0,True,0.0,1.0,0.0,r23_c16,37.0,1.0,0.0
Nutrition | r23_c15 | Thursday,Nutrition,r23_c15,Thursday,14,9,True,08:00-08:30,1.0,1,0.0,,0.0,0.0,True,True,0.0,,0.0,0.0,0.0,,0.0,1.0,1.0,0.0,1.0,0.0,r23_c16,14.0,1.0,True,0.0,1.0,0.0,r23_c16,14.0,1.0,0.0
Nutrition | r23_c16 | Friday,Nutrition,r23_c16,Friday,757,53,True,13:00-13:30,0.7239101717305152,8,0.2760898282694848,100.33492822966507,27.701453104359313,0.130779392338177,True,True,0.2760898282694848,100.33492822966507,27.701453104359313,0.130779392338177,0.2760898282694848,100.33492822966507,0.130779392338177,8.0,0.1683224296700631,7.0,5.940978881781519,0.8316775703299368,r24_c17,203.0,0.26816380449141347,True,7.0,5.940978881781519,0.8316775703299368,r24_c17,203.0,0.26816380449141347,0.8316775703299368
Nutrition | r23_c16 | Monday,Nutrition,r23_c16,Monday,693,52,True,13:00-13:30,0.797979797979798,4,0.202020202020202,121.07142857142858,24.458874458874458,0.09920634920634921,True,True,0.202020202020202,121.07142857142858,24.458874458874458,0.09920634920634921,0.202020202020202,121.07142857142858,0.09920634920634921,8.0,0.16855214690712525,7.0,5.932882009215907,0.8314478530928747,r24_c17,187.0,0.2698412698412698,True,7.0,5.932882009215907,0.8314478530928747,r24_c17,187.0,0.2698412698412698,0.8314478530928747
Nutrition | r23_c16 | Thursday,Nutrition,r23_c16,Thursday,822,52,True,13:00-13:30,0.7177615571776156,9,0.2822384428223844,87.93103448275863,24.817518248175187,0.11678832116788324,True,True,0.2822384428223844,87.93103448275863,24.817518248175187,0.11678832116788324,0.2822384428223844,87.93103448275863,0.11678832116788324,11.0,0.1513606952362347,10.0,6.606734981226533,0.8486393047637653,r24_c17,220.0,0.26763990267639903,True,10.0,6.606734981226533,0.8486393047637653,r24_c17,220.0,0.26763990267639903,0.8486393047637653
Nutrition | r23_c16 | Tuesday,Nutrition,r23_c16,Tuesday,688,52,True,13:00-13:30,0.7921511627906976,5,0.20784883720930236,119.99999999999999,24.94186046511628,0.10247093023255814,True,True,0.20784883720930236,119.99999999999999,24.94186046511628,0.10247093023255814,0.20784883720930236,119.99999999999999,0.10247093023255814,9.0,0.20476017441860467,8.0,4.883762200532386,0.7952398255813953,r24_c17,218.0,0.3168604651162791,True,8.0,4.883762200532386,0.7952398255813953,r24_c17,218.0,0.3168604651162791,0.7952398255813953
Nutrition | r23_c16 | Wednesday,Nutrition,r23_c16,Wednesday,676,52,True,13:00-13:30,0.7736686390532544,7,0.22633136094674555,116.07843137254903,26.272189349112427,0.10909763313609468,True,True,0.22633136094674555,116.07843137254903,26.272189349112427,0.10909763313609468,0.22633136094674555,116.07843137254903,0.10909763313609468,7.0,0.20561692517768984,6.0,4.863412869032162,0.7943830748223102,r24_c17,215.0,0.3180473372781065,True,6.0,4.863412869032162,0.7943830748223102,r24_c17,215.0,0.3180473372781065,0.7943830748223102
Nutrition | r23_c17 | Thursday,Nutrition,r23_c17,Thursday,1,1,True,08:30-09:00,1.0,1,0.0,,0.0,0.0,False,False,,,,,,,,1.0,1.0,0.0,1.0,0.0,r23_c16,1.0,1.0,False,,,,,,,
Nutrition | r23_c17 | Tuesday,Nutrition,r23_c17,Tuesday,2,2,True,08:30-09:00,1.0,1,0.0,,0.0,0.0,False,False,,,,,,,,1.0,1.0,0.0,1.0,0.0,r23_c16,2.0,1.0,False,,,,,,,
Nutrition | r23_c17 | Wednesday,Nutrition,r23_c17,Wednesday,56,52,True,08:00-08:30,0.7678571428571429,2,0.2321428571428571,30.000000000000007,6.964285714285714,0.05803571428571429,True,True,0.2321428571428571,30.000000000000007,6.964285714285714,0.05803571428571429,0.2321428571428571,30.000000000000007,0.05803571428571429,1.0,1.0,0.0,1.0,0.0,r23_c16,56.0,1.0,True,0.0,1.0,0.0,r23_c16,56.0,1.0,0.0
Nutrition | r23_c21 | Thursday,Nutrition,r23_c21,Thursday,4,4,True,09:30-10:00,1.0,1,0.0,,0.0,0.0,False,False,,,,,,,,1.0,1.0,0.0,1.0,0.0,r22_c20,4.0,1.0,False,,,,,,,
Nutrition | r23_c21 | Tuesday,Nutrition,r23_c21,Tuesday,3,3,True,09:30-10:00,1.0,1,0.0,,0.0,0.0,False,False,,,,,,,,1.0,1.0,0.0,1.0,0.0,r22_c20,3.0,1.0,False,,,,,,,
Nutrition | r24_c11 | Friday,Nutrition,r24_c11,Friday,68,52,True,08:30-09:00,0.5,3,0.5,45.0,22.5,0.1875,True,True,0.5,45.0,22.5,0.1875,0.5,45.0,0.1875,1.0,1.0,0.0,1.0,0.0,r26_c11,68.0,1.0,True,0.0,1.0,0.0,r26_c11,68.0,1.0,0.0
Nutrition | r24_c11 | Monday,Nutrition,r24_c11,Monday,52,38,True,08:30-09:00,0.6346153846153846,3,0.3653846153846154,56.84210526315789,20.76923076923077,0.17307692307692307,True,True,0.3653846153846154,56.84210526315789,20.76923076923077,0.17307692307692307,0.3653846153846154,56.84210526315789,0.17307692307692307,1.0,1.0,0.0,1.0,0.0,r26_c11,52.0,1.0,True,0.0,1.0,0.0,r26_c11,52.0,1.0,0.0
Nutrition | r24_c11 | Thursday,Nutrition,r24_c11,Thursday,67,52,True,08:30-09:00,0.4925373134328358,3,0.5074626865671642,45.0,22.83582089552239,0.19029850746268656,True,True,0.5074626865671642,45.0,22.83582089552239,0.19029850746268656,0.5074626865671642,45.0,0.19029850746268656,1.0,1.0,0.0,1.0,0.0,r26_c11,67.0,1.0,True,0.0,1.0,0.0,r26_c11,67.0,1.0,0.0
Nutrition | r24_c11 | Tuesday,Nutrition,r24_c11,Tuesday,50,38,True,08:30-09:00,0.66,2,0.33999999999999997,60.000000000000014,20.400000000000002,0.17,True,True,0.33999999999999997,60.000000000000014,20.400000000000002,0.17,0.33999999999999997,60.000000000000014,0.17,1.0,1.0,0.0,1.0,0.0,r26_c11,50.0,1.0,True,0.0,1.0,0.0,r26_c11,50.0,1.0,0.0
Nutrition | r24_c11 | Wednesday,Nutrition,r24_c11,Wednesday,67,52,True,08:30-09:00,0.4925373134328358,3,0.5074626865671642,45.882352941176464,23.283582089552237,0.19402985074626866,True,True,0.5074626865671642,45.882352941176464,23.283582089552237,0.19402985074626866,0.5074626865671642,45.882352941176464,0.19402985074626866,1.0,1.0,0.0,1.0,0.0,r26_c11,67.0,1.0,True,0.0,1.0,0.0,r26_c11,67.0,1.0,0.0
Nutrition | r24_c15 | Friday,Nutrition,r24_c15,Friday,55,52,True,07:00-07:30,0.9818181818181818,2,0.018181818181818188,89.99999999999996,1.6363636363636362,0.013636363636363636,True,True,0.018181818181818188,89.99999999999996,1.6363636363636362,0.013636363636363636,0.018181818181818188,89.99999999999996,0.013636363636363636,1.0,1.0,0.0,1.0,0.0,r23_c16,55.0,1.0,True,0.0,1.0,0.0,r23_c16,55.0,1.0,0.0
Nutrition | r24_c15 | Monday,Nutrition,r24_c15,Monday,53,51,True,07:00-07:30,1.0,1,0.0,,0.0,0.0,True,True,0.0,,0.0,0.0,0.0,,0.0,1.0,1.0,0.0,1.0,0.0,r23_c16,53.0,1.0,True,0.0,1.0,0.0,r23_c16,53.0,1.0,0.0
Nutrition | r24_c15 | Thursday,Nutrition,r24_c15,Thursday,55,51,True,07:00-07:30,0.9636363636363636,2,0.036363636363636376,59.99999999999998,2.1818181818181817,0.01818181818181818,True,True,0.036363636363636376,59.99999999999998,2.1818181818181817,0.01818181818181818,0.036363636363636376,59.99999999999998,0.01818181818181818,1.0,1.0,0.0,1.0,0.0,r23_c16,55.0,1.0,True,0.0,1.0,0.0,r23_c16,55.0,1.0,0.0
Nutrition | r24_c15 | Tuesday,Nutrition,r24_c15,Tuesday,81,52,True,07:00-07:30,0.691358024691358,4,0.308641975308642,46.8,14.444444444444445,0.12037037037037039,True,True,0.308641975308642,46.8,14.444444444444445,0.12037037037037039,0.308641975308642,46.8,0.12037037037037039,1.0,1.0,0.0,1.0,0.0,r23_c16,81.0,1.0,True,0.0,1.0,0.0,r23_c16,81.0,1.0,0.0
Nutrition | r24_c15 | Wednesday,Nutrition,r24_c15,Wednesday,26,19,True,07:30-08:00,0.5,3,0.5,30.0,15.0,0.125,True,True,0.5,30.0,15.0,0.125,0.5,30.0,0.125,1.0,1.0,0.0,1.0,0.0,r23_c16,26.0,1.0,True,0.0,1.0,0.0,r23_c16,26.0,1.0,0.0
Nutrition | r24_c16 | Friday,Nutrition,r24_c16,Friday,2,2,True,08:30-09:00,1.0,1,0.0,,0.0,0.0,False,False,,,,,,,,1.0,1.0,0.0,1.0,0.0,r23_c16,2.0,1.0,False,,,,,,,
Nutrition | r24_c16 | Monday,Nutrition,r24_c16,Monday,2,2,True,08:30-09:00,1.0,1,0.0,,0.0,0.0,False,False,,,,,,,,1.0,1.0,0.0,1.0,0.0,r23_c16,2.0,1.0,False,,,,,,,
Nutrition | r24_c16 | Thursday,Nutrition,r24_c16,Thursday,4,4,True,08:00-08:30,0.75,2,0.25,30.0,7.5,0.0625,False,False,,,,,,,,1.0,1.0,0.0,1.0,0.0,r23_c16,4.0,1.0,False,,,,,,,
Nutrition | r24_c16 | Tuesday,Nutrition,r24_c16,Tuesday,3,3,True,08:00-08:30,1.0,1,0.0,,0.0,0.0,False,False,,,,,,,,1.0,1.0,0.0,1.0,0.0,r23_c16,3.0,1.0,False,,,,,,,
Nutrition | r24_c17 | Friday,Nutrition,r24_c17,Friday,197,53,True,08:00-08:30,0.39086294416243655,3,0.6091370558375635,29.999999999999996,18.274111675126903,0.15228426395939088,True,True,0.6091370558375635,29.999999999999996,18.274111675126903,0.15228426395939088,0.6091370558375635,29.999999999999996,0.15228426395939088,1.0,1.0,0.0,1.0,0.0,r23_c16,197.0,1.0,True,0.0,1.0,0.0,r23_c16,197.0,1.0,0.0
Nutrition | r24_c17 | Monday,Nutrition,r24_c17,Monday,191,52,True,08:00-08:30,0.4083769633507853,3,0.5916230366492147,29.999999999999996,17.74869109947644,0.14790575916230367,True,True,0.5916230366492147,29.999999999999996,17.74869109947644,0.14790575916230367,0.5916230366492147,29.999999999999996,0.14790575916230367,1.0,1.0,0.0,1.0,0.0,r23_c16,191.0,1.0,True,0.0,1.0,0.0,r23_c16,191.0,1.0,0.0
Nutrition | r24_c17 | Thursday,Nutrition,r24_c17,Thursday,216,52,True,08:30-09:00,0.48148148148148145,3,0.5185185185185186,39.107142857142854,20.27777777777778,0.16898148148148148,True,True,0.5185185185185186,39.107142857142854,20.27777777777778,0.16898148148148148,0.5185185185185186,39.107142857142854,0.16898148148148148,1.0,1.0,0.0,1.0,0.0,r23_c16,216.0,1.0,True,0.0,1.0,0.0,r23_c16,216.0,1.0,0.0
Nutrition | r24_c17 | Tuesday,Nutrition,r24_c17,Tuesday,218,52,True,08:00-08:30,0.3623853211009174,4,0.6376146788990826,30.21582733812949,19.266055045871557,0.1605504587155963,True,True,0.6376146788990826,30.21582733812949,19.266055045871557,0.1605504587155963,0.6376146788990826,30.21582733812949,0.1605504587155963,1.0,1.0,0.0,1.0,0.0,r23_c16,218.0,1.0,True,0.0,1.0,0.0,r23_c16,218.0,1.0,0.0
Nutrition | r24_c17 | Wednesday,Nutrition,r24_c17,Wednesday,217,52,True,08:00-08:30,0.3640552995391705,3,0.6359447004608295,29.999999999999996,19.078341013824883,0.15898617511520735,True,True,0.6359447004608295,29.999999999999996,19.078341013824883,0.15898617511520735,0.6359447004608295,29.999999999999996,0.15898617511520735,1.0,1.0,0.0,1.0,0.0,r23_c16,217.0,1.0,True,0.0,1.0,0.0,r23_c16,217.0,1.0,0.0
Nutrition | r25_c10 | Friday,Nutrition,r25_c10,Friday,104,53,True,12:30-13:00,1.0,1,0.0,,0.0,0.0,True,True,0.0,,0.0,0.0,0.0,,0.0,3.0,0.47614644970414194,2.0,2.100194174757282,0.5238535502958581,r26_c9,55.0,0.5288461538461539,True,2.0,2.100194174757282,0.5238535502958581,r26_c9,55.0,0.5288461538461539,0.5238535502958581
Nutrition | r25_c10 | Monday,Nutrition,r25_c10,Monday,97,52,True,12:30-13:00,1.0,1,0.0,,0.0,0.0,True,True,0.0,,0.0,0.0,0.0,,0.0,2.0,0.5043043894143904,1.0,1.982929399367756,0.4956956105856096,r26_c9,53.0,0.5463917525773195,True,1.0,1.982929399367756,0.4956956105856096,r26_c9,53.0,0.5463917525773195,0.4956956105856096
Nutrition | r25_c10 | Thursday,Nutrition,r25_c10,Thursday,99,52,True,12:30-13:00,0.9797979797979798,2,0.02020202020202022,59.99999999999994,1.2121212121212122,0.010101010101010102,True,True,0.02020202020202022,59.99999999999994,1.2121212121212122,0.010101010101010102,0.02020202020202022,59.99999999999994,0.010101010101010102,2.0,0.5061728395061729,1.0,1.975609756097561,0.49382716049382713,r26_c9,55.0,0.5555555555555556,True,1.0,1.975609756097561,0.49382716049382713,r26_c9,55.0,0.5555555555555556,0.49382716049382713
Nutrition | r25_c10 | Tuesday,Nutrition,r25_c10,Tuesday,100,52,True,12:30-13:00,1.0,1,0.0,,0.0,0.0,True,True,0.0,,0.0,0.0,0.0,,0.0,3.0,0.47540000000000004,2.0,2.103491796381994,0.5246,r26_c9,53.0,0.53,True,2.0,2.103491796381994,0.5246,r26_c9,53.0,0.53,0.5246
Nutrition | r25_c10 | Wednesday,Nutrition,r25_c10,Wednesday,105,52,True,12:30-13:00,1.0,1,0.0,,0.0,0.0,True,True,0.0,,0.0,0.0,0.0,,0.0,2.0,0.503673469387755,1.0,1.9854132901134525,0.49632653061224496,r26_c9,57.0,0.5428571428571428,True,1.0,1.9854132901134525,0.49632653061224496,r26_c9,57.0,0.5428571428571428,0.49632653061224496
Nutrition | r25_c11 | Friday,Nutrition,r25_c11,Friday,101,53,True,08:00-08:30,0.49504950495049505,3,0.504950495049505,30.0,15.148514851485148,0.12623762376237624,True,True,0.504950495049505,30.0,15.148514851485148,0.12623762376237624,0.504950495049505,30.0,0.12623762376237624,1.0,1.0,0.0,1.0,0.0,r26_c11,101.0,1.0,True,0.0,1.0,0.0,r26_c11,101.0,1.0,0.0
Nutrition | r25_c11 | Monday,Nutrition,r25_c11,Monday,31,31,True,08:00-08:30,0.7419354838709677,2,0.25806451612903225,30.0,7.741935483870968,0.06451612903225806,True,True,0.25806451612903225,30.0,7.741935483870968,0.06451612903225806,0.25806451612903225,30.0,0.06451612903225806,1.0,1.0,0.0,1.0,0.0,r26_c11,31.0,1.0,True,0.0,1.0,0.0,r26_c11,31.0,1.0,0.0
Nutrition | r25_c11 | Thursday,Nutrition,r25_c11,Thursday,95,52,True,08:00-08:30,0.5052631578947369,3,0.49473684210526314,30.000000000000004,14.842105263157896,0.12368421052631579,True,True,0.49473684210526314,30.000000000000004,14.842105263157896,0.12368421052631579,0.49473684210526314,30.000000000000004,0.12368421052631579,1.0,1.0,0.0,1.0,0.0,r26_c11,95.0,1.0,True,0.0,1.0,0.0,r26_c11,95.0,1.0,0.0
Nutrition | r25_c11 | Tuesday,Nutrition,r25_c11,Tuesday,100,52,True,08:00-08:30,0.52,3,0.48,29.999999999999996,14.399999999999999,0.12,True,True,0.48,29.999999999999996,14.399999999999999,0.12,0.48,29.999999999999996,0.12,1.0,1.0,0.0,1.0,0.0,r26_c11,100.0,1.0,True,0.0,1.0,0.0,r26_c11,100.0,1.0,0.0
Nutrition | r25_c11 | Wednesday,Nutrition,r25_c11,Wednesday,99,52,True,08:00-08:30,0.5050505050505051,4,0.4949494949494949,30.612244897959187,15.151515151515152,0.12626262626262627,True,True,0.4949494949494949,30.612244897959187,15.151515151515152,0.12626262626262627,0.4949494949494949,30.612244897959187,0.12626262626262627,1.0,1.0,0.0,1.0,0.0,r26_c11,99.0,1.0,True,0.0,1.0,0.0,r26_c11,99.0,1.0,0.0
Nutrition | r25_c12 | Friday,Nutrition,r25_c12,Friday,2,2,True,08:00-08:30,1.0,1,0.0,,0.0,0.0,False,False,,,,,,,,1.0,1.0,0.0,1.0,0.0,r26_c11,2.0,1.0,False,,,,,,,
Nutrition | r25_c12 | Monday,Nutrition,r25_c12,Monday,3,3,True,08:00-08:30,1.0,1,0.0,,0.0,0.0,False,False,,,,,,,,1.0,1.0,0.0,1.0,0.0,r26_c11,3.0,1.0,False,,,,,,,
Nutrition | r25_c12 | Thursday,Nutrition,r25_c12,Thursday,57,45,True,08:30-09:00,0.49122807017543857,3,0.5087719298245614,38.275862068965516,19.473684210526315,0.16228070175438597,True,True,0.5087719298245614,38.275862068965516,19.473684210526315,0.16228070175438597,0.5087719298245614,38.275862068965516,0.16228070175438597,1.0,1.0,0.0,1.0,0.0,r26_c11,57.0,1.0,True,0.0,1.0,0.0,r26_c11,57.0,1.0,0.0
Nutrition | r25_c12 | Tuesday,Nutrition,r25_c12,Tuesday,60,45,True,08:30-09:00,0.45,3,0.55,37.272727272727266,20.5,0.17083333333333334,True,True,0.55,37.272727272727266,20.5,0.17083333333333334,0.55,37.272727272727266,0.17083333333333334,1.0,1.0,0.0,1.0,0.0,r26_c11,60.0,1.0,True,0.0,1.0,0.0,r26_c11,60.0,1.0,0.0
Nutrition | r25_c12 | Wednesday,Nutrition,r25_c12,Wednesday,3,3,True,08:00-08:30,1.0,1,0.0,,0.0,0.0,False,False,,,,,,,,1.0,1.0,0.0,1.0,0.0,r26_c11,3.0,1.0,False,,,,,,,
Nutrition | r25_c14 | Tuesday,Nutrition,r25_c14,Tuesday,1,1,True,13:30-14:00,1.0,1,0.0,,0.0,0.0,False,False,,,,,,,,1.0,1.0,0.0,1.0,0.0,r17_c9,1.0,1.0,False,,,,,,,
Nutrition | r25_c15 | Friday,Nutrition,r25_c15,Friday,50,48,True,08:00-08:30,0.78,2,0.21999999999999997,60.00000000000001,13.2,0.11,True,True,0.21999999999999997,60.00000000000001,13.2,0.11,0.21999999999999997,60.00000000000001,0.11,1.0,1.0,0.0,1.0,0.0,r23_c16,50.0,1.0,True,0.0,1.0,0.0,r23_c16,50.0,1.0,0.0
Nutrition | r25_c15 | Monday,Nutrition,r25_c15,Monday,50,48,True,08:00-08:30,0.78,2,0.21999999999999997,60.00000000000001,13.2,0.11,True,True,0.21999999999999997,60.00000000000001,13.2,0.11,0.21999999999999997,60.00000000000001,0.11,1.0,1.0,0.0,1.0,0.0,r23_c16,50.0,1.0,True,0.0,1.0,0.0,r23_c16,50.0,1.0,0.0
Nutrition | r25_c15 | Thursday,Nutrition,r25_c15,Thursday,50,47,True,08:00-08:30,0.78,2,0.21999999999999997,60.00000000000001,13.2,0.11,True,True,0.21999999999999997,60.00000000000001,13.2,0.11,0.21999999999999997,60.00000000000001,0.11,1.0,1.0,0.0,1.0,0.0,r23_c16,50.0,1.0,True,0.0,1.0,0.0,r23_c16,50.0,1.0,0.0
Nutrition | r25_c15 | Tuesday,Nutrition,r25_c15,Tuesday,51,48,True,08:00-08:30,0.7647058823529411,3,0.23529411764705888,57.499999999999986,13.529411764705882,0.11274509803921569,True,True,0.23529411764705888,57.499999999999986,13.529411764705882,0.11274509803921569,0.23529411764705888,57.499999999999986,0.11274509803921569,1.0,1.0,0.0,1.0,0.0,r23_c16,51.0,1.0,True,0.0,1.0,0.0,r23_c16,51.0,1.0,0.0
Nutrition | r25_c15 | Wednesday,Nutrition,r25_c15,Wednesday,51,48,True,08:00-08:30,0.7843137254901961,2,0.21568627450980393,60.0,12.941176470588236,0.10784313725490197,True,True,0.21568627450980393,60.0,12.941176470588236,0.10784313725490197,0.21568627450980393,60.0,0.10784313725490197,1.0,1.0,0.0,1.0,0.0,r23_c16,51.0,1.0,True,0.0,1.0,0.0,r23_c16,51.0,1.0,0.0
Nutrition | r25_c21 | Thursday,Nutrition,r25_c21,Thursday,81,52,True,09:00-09:30,0.9876543209876543,2,0.012345679012345734,89.9999999999996,1.1111111111111112,0.00925925925925926,True,True,0.012345679012345734,89.9999999999996,1.1111111111111112,0.00925925925925926,0.012345679012345734,89.9999999999996,0.00925925925925926,3.0,0.928059746989788,2.0,1.077516833634423,0.07194025301021201,r22_c20,78.0,0.9629629629629629,True,2.0,1.077516833634423,0.07194025301021201,r22_c20,78.0,0.9629629629629629,0.07194025301021201
Nutrition | r25_c21 | Tuesday,Nutrition,r25_c21,Tuesday,81,52,True,09:00-09:30,0.9876543209876543,2,0.012345679012345734,29.999999999999865,0.37037037037037035,0.0030864197530864196,True,True,0.012345679012345734,29.999999999999865,0.37037037037037035,0.0030864197530864196,0.012345679012345734,29.999999999999865,0.0030864197530864196,2.0,0.9286694101508914,1.0,1.0768094534711967,0.07133058984910856,r22_c20,78.0,0.9629629629629629,True,1.0,1.0768094534711967,0.07133058984910856,r22_c20,78.0,0.9629629629629629,0.07133058984910856
Nutrition | r25_c21 | Wednesday,Nutrition,r25_c21,Wednesday,2,1,True,07:30-08:00,1.0,1,0.0,,0.0,0.0,False,False,,,,,,,,1.0,1.0,0.0,1.0,0.0,r27_c17,2.0,1.0,False,,,,,,,
Nutrition | r25_c33 | Friday,Nutrition,r25_c33,Friday,59,53,True,08:00-08:30,1.0,1,0.0,,0.0,0.0,True,True,0.0,,0.0,0.0,0.0,,0.0,1.0,1.0,0.0,1.0,0.0,r21_c31,59.0,1.0,True,0.0,1.0,0.0,r21_c31,59.0,1.0,0.0
Nutrition | r25_c33 | Monday,Nutrition,r25_c33,Monday,65,52,True,08:00-08:30,1.0,1,0.0,,0.0,0.0,True,True,0.0,,0.0,0.0,0.0,,0.0,1.0,1.0,0.0,1.0,0.0,r21_c31,65.0,1.0,True,0.0,1.0,0.0,r21_c31,65.0,1.0,0.0
Nutrition | r25_c33 | Saturday,Nutrition,r25_c33,Saturday,4,2,True,08:00-08:30,1.0,1,0.0,,0.0,0.0,False,False,,,,,,,,1.0,1.0,0.0,1.0,0.0,r21_c31,4.0,1.0,False,,,,,,,
Nutrition | r25_c33 | Sunday,Nutrition,r25_c33,Sunday,6,2,True,08:00-08:30,1.0,1,0.0,,0.0,0.0,False,False,,,,,,,,1.0,1.0,0.0,1.0,0.0,r21_c31,6.0,1.0,False,,,,,,,
Nutrition | r25_c33 | Thursday,Nutrition,r25_c33,Thursday,67,52,True,08:00-08:30,1.0,1,0.0,,0.0,0.0,True,True,0.0,,0.0,0.0,0.0,,0.0,1.0,1.0,0.0,1.0,0.0,r21_c31,67.0,1.0,True,0.0,1.0,0.0,r21_c31,67.0,1.0,0.0
Nutrition | r25_c33 | Tuesday,Nutrition,r25_c33,Tuesday,70,52,True,08:00-08:30,1.0,1,0.0,,0.0,0.0,True,True,0.0,,0.0,0.0,0.0,,0.0,1.0,1.0,0.0,1.0,0.0,r21_c31,70.0,1.0,True,0.0,1.0,0.0,r21_c31,70.0,1.0,0.0
Nutrition | r25_c33 | Wednesday,Nutrition,r25_c33,Wednesday,66,52,True,08:00-08:30,0.9545454545454546,3,0.045454545454545414,80.00000000000009,3.6363636363636367,0.030303030303030304,True,True,0.045454545454545414,80.00000000000009,3.6363636363636367,0.030303030303030304,0.045454545454545414,80.00000000000009,0.030303030303030304,1.0,1.0,0.0,1.0,0.0,r21_c31,66.0,1.0,True,0.0,1.0,0.0,r21_c31,66.0,1.0,0.0
Nutrition | r26_c11 | Friday,Nutrition,r26_c11,Friday,680,53,True,13:00-13:30,0.7779411764705882,6,0.22205882352941175,283.50993377483445,62.95588235294118,0.21985294117647058,True,True,0.22205882352941175,283.50993377483445,62.95588235294118,0.21985294117647058,0.22205882352941175,283.50993377483445,0.21985294117647058,6.0,0.3011115916955017,5.0,3.321027909849606,0.6988884083044983,r26_c11,322.0,0.47352941176470587,True,5.0,3.321027909849606,0.6988884083044983,r26_c11,322.0,0.47352941176470587,0.6988884083044983
Nutrition | r26_c11 | Monday,Nutrition,r26_c11,Monday,578,52,True,13:00-13:30,0.7474048442906575,5,0.25259515570934254,287.26027397260276,72.56055363321799,0.2525951557093426,True,True,0.25259515570934254,287.26027397260276,72.56055363321799,0.2525951557093426,0.25259515570934254,287.26027397260276,0.2525951557093426,6.0,0.3573592270207493,5.0,2.7983046872382484,0.6426407729792507,r26_c11,319.0,0.5519031141868512,True,5.0,2.7983046872382484,0.6426407729792507,r26_c11,319.0,0.5519031141868512,0.6426407729792507
Nutrition | r26_c11 | Thursday,Nutrition,r26_c11,Thursday,736,52,True,13:00-13:30,0.7785326086956522,8,0.22146739130434778,260.2453987730062,57.63586956521739,0.20754076086956524,True,True,0.22146739130434778,260.2453987730062,57.63586956521739,0.20754076086956524,0.22146739130434778,260.2453987730062,0.20754076086956524,6.0,0.2630442166824196,5.0,3.801642220506703,0.7369557833175804,r26_c11,322.0,0.4375,True,5.0,3.801642220506703,0.7369557833175804,r26_c11,322.0,0.4375,0.7369557833175804
Nutrition | r26_c11 | Tuesday,Nutrition,r26_c11,Tuesday,708,52,True,13:00-13:30,0.7909604519774012,6,0.20903954802259883,286.41891891891896,59.8728813559322,0.20798022598870058,True,True,0.20903954802259883,286.41891891891896,59.8728813559322,0.20798022598870058,0.20903954802259883,286.41891891891896,0.20798022598870058,6.0,0.27441827061189317,5.0,3.644072232399895,0.7255817293881068,r26_c11,319.0,0.4505649717514124,True,5.0,3.644072232399895,0.7255817293881068,r26_c11,319.0,0.4505649717514124,0.7255817293881068
Nutrition | r26_c11 | Wednesday,Nutrition,r26_c11,Wednesday,580,52,True,13:00-13:30,0.8310344827586207,4,0.16896551724137931,290.81632653061223,49.137931034482754,0.1689655172413793,True,True,0.16896551724137931,290.81632653061223,49.137931034482754,0.1689655172413793,0.16896551724137931,290.81632653061223,0.1689655172413793,6.0,0.25802615933412604,5.0,3.8755760368663594,0.741973840665874,r26_c11,231.0,0.39827586206896554,True,5.0,3.8755760368663594,0.741973840665874,r26_c11,231.0,0.39827586206896554,0.741973840665874
Nutrition | r26_c13 | Friday,Nutrition,r26_c13,Friday,79,52,True,08:00-08:30,0.46835443037974683,5,0.5316455696202531,38.57142857142858,20.50632911392405,0.17088607594936708,True,True,0.5316455696202531,38.57142857142858,20.50632911392405,0.17088607594936708,0.5316455696202531,38.57142857142858,0.17088607594936708,1.0,1.0,0.0,1.0,0.0,r27_c12,79.0,1.0,True,0.0,1.0,0.0,r27_c12,79.0,1.0,0.0
Nutrition | r26_c13 | Monday,Nutrition,r26_c13,Monday,66,51,True,08:00-08:30,0.5454545454545454,4,0.4545454545454546,40.0,18.181818181818183,0.1515151515151515,True,True,0.4545454545454546,40.0,18.181818181818183,0.1515151515151515,0.4545454545454546,40.0,0.1515151515151515,1.0,1.0,0.0,1.0,0.0,r27_c12,66.0,1.0,True,0.0,1.0,0.0,r27_c12,66.0,1.0,0.0
Nutrition | r26_c13 | Thursday,Nutrition,r26_c13,Thursday,188,52,True,08:30-09:00,0.40425531914893614,4,0.5957446808510638,38.839285714285715,23.138297872340427,0.19281914893617022,True,True,0.5957446808510638,38.839285714285715,23.138297872340427,0.19281914893617022,0.5957446808510638,38.839285714285715,0.19281914893617022,1.0,1.0,0.0,1.0,0.0,r27_c12,188.0,1.0,True,0.0,1.0,0.0,r27_c12,188.0,1.0,0.0
Nutrition | r26_c13 | Tuesday,Nutrition,r26_c13,Tuesday,183,52,True,08:30-09:00,0.44808743169398907,4,0.5519125683060109,38.91089108910891,21.47540983606557,0.17896174863387976,True,True,0.5519125683060109,38.91089108910891,21.47540983606557,0.17896174863387976,0.5519125683060109,38.91089108910891,0.17896174863387976,1.0,1.0,0.0,1.0,0.0,r27_c12,183.0,1.0,True,0.0,1.0,0.0,r27_c12,183.0,1.0,0.0
Nutrition | r26_c13 | Wednesday,Nutrition,r26_c13,Wednesday,124,52,True,08:00-08:30,0.49193548387096775,4,0.5080645161290323,35.23809523809524,17.903225806451616,0.14919354838709675,True,True,0.5080645161290323,35.23809523809524,17.903225806451616,0.14919354838709675,0.5080645161290323,35.23809523809524,0.14919354838709675,1.0,1.0,0.0,1.0,0.0,r27_c12,124.0,1.0,True,0.0,1.0,0.0,r27_c12,124.0,1.0,0.0
Nutrition | r26_c14 | Friday,Nutrition,r26_c14,Friday,11,2,True,07:30-08:00,0.9090909090909091,2,0.09090909090909094,29.999999999999993,2.7272727272727275,0.022727272727272728,False,False,,,,,,,,1.0,1.0,0.0,1.0,0.0,r27_c12,11.0,1.0,False,,,,,,,
Nutrition | r26_c14 | Monday,Nutrition,r26_c14,Monday,2,1,True,08:00-08:30,1.0,1,0.0,,0.0,0.0,False,False,,,,,,,,1.0,1.0,0.0,1.0,0.0,r27_c12,2.0,1.0,False,,,,,,,
Nutrition | r26_c14 | Thursday,Nutrition,r26_c14,Thursday,62,52,True,08:00-08:30,0.532258064516129,2,0.467741935483871,29.999999999999996,14.032258064516128,0.11693548387096774,True,True,0.467741935483871,29.999999999999996,14.032258064516128,0.11693548387096774,0.467741935483871,29.999999999999996,0.11693548387096774,1.0,1.0,0.0,1.0,0.0,r27_c12,62.0,1.0,True,0.0,1.0,0.0,r27_c12,62.0,1.0,0.0
Nutrition | r26_c14 | Tuesday,Nutrition,r26_c14,Tuesday,62,52,True,08:00-08:30,0.5,2,0.5,30.0,15.0,0.125,True,True,0.5,30.0,15.0,0.125,0.5,30.0,0.125,1.0,1.0,0.0,1.0,0.0,r27_c12,62.0,1.0,True,0.0,1.0,0.0,r27_c12,62.0,1.0,0.0
Nutrition | r26_c14 | Wednesday,Nutrition,r26_c14,Wednesday,63,52,True,08:00-08:30,0.49206349206349204,3,0.5079365079365079,30.0,15.238095238095237,0.12698412698412698,True,True,0.5079365079365079,30.0,15.238095238095237,0.12698412698412698,0.5079365079365079,30.0,0.12698412698412698,1.0,1.0,0.0,1.0,0.0,r27_c12,63.0,1.0,True,0.0,1.0,0.0,r27_c12,63.0,1.0,0.0
Nutrition | r26_c22 | Thursday,Nutrition,r26_c22,Thursday,60,52,True,09:00-09:30,1.0,1,0.0,,0.0,0.0,True,True,0.0,,0.0,0.0,0.0,,0.0,1.0,1.0,0.0,1.0,0.0,r22_c20,60.0,1.0,True,0.0,1.0,0.0,r22_c20,60.0,1.0,0.0
Nutrition | r26_c22 | Tuesday,Nutrition,r26_c22,Tuesday,54,48,True,09:00-09:30,0.9814814814814815,2,0.01851851851851849,30.00000000000005,0.5555555555555556,0.00462962962962963,True,True,0.01851851851851849,30.00000000000005,0.5555555555555556,0.00462962962962963,0.01851851851851849,30.00000000000005,0.00462962962962963,1.0,1.0,0.0,1.0,0.0,r22_c20,54.0,1.0,True,0.0,1.0,0.0,r22_c20,54.0,1.0,0.0
Nutrition | r26_c22 | Wednesday,Nutrition,r26_c22,Wednesday,1,1,True,09:00-09:30,1.0,1,0.0,,0.0,0.0,False,False,,,,,,,,1.0,1.0,0.0,1.0,0.0,r22_c20,1.0,1.0,False,,,,,,,
Nutrition | r26_c9 | Friday,Nutrition,r26_c9,Friday,56,53,True,07:30-08:00,0.9821428571428571,2,0.017857142857142905,29.99999999999992,0.5357142857142857,0.004464285714285714,True,True,0.017857142857142905,29.99999999999992,0.5357142857142857,0.004464285714285714,0.017857142857142905,29.99999999999992,0.004464285714285714,1.0,1.0,0.0,1.0,0.0,r25_c10,56.0,1.0,True,0.0,1.0,0.0,r25_c10,56.0,1.0,0.0
Nutrition | r26_c9 | Monday,Nutrition,r26_c9,Monday,53,52,True,07:30-08:00,1.0,1,0.0,,0.0,0.0,True,True,0.0,,0.0,0.0,0.0,,0.0,1.0,1.0,0.0,1.0,0.0,r25_c10,53.0,1.0,True,0.0,1.0,0.0,r25_c10,53.0,1.0,0.0
Nutrition | r26_c9 | Thursday,Nutrition,r26_c9,Thursday,55,52,True,07:30-08:00,0.9818181818181818,2,0.018181818181818188,29.99999999999999,0.5454545454545454,0.004545454545454545,True,True,0.018181818181818188,29.99999999999999,0.5454545454545454,0.004545454545454545,0.018181818181818188,29.99999999999999,0.004545454545454545,1.0,1.0,0.0,1.0,0.0,r25_c10,55.0,1.0,True,0.0,1.0,0.0,r25_c10,55.0,1.0,0.0
Nutrition | r26_c9 | Tuesday,Nutrition,r26_c9,Tuesday,54,52,True,07:30-08:00,1.0,1,0.0,,0.0,0.0,True,True,0.0,,0.0,0.0,0.0,,0.0,1.0,1.0,0.0,1.0,0.0,r25_c10,54.0,1.0,True,0.0,1.0,0.0,r25_c10,54.0,1.0,0.0
Nutrition | r26_c9 | Wednesday,Nutrition,r26_c9,Wednesday,58,52,True,07:30-08:00,0.9655172413793104,2,0.03448275862068961,30.00000000000004,1.0344827586206897,0.008620689655172414,True,True,0.03448275862068961,30.00000000000004,1.0344827586206897,0.008620689655172414,0.03448275862068961,30.00000000000004,0.008620689655172414,1.0,1.0,0.0,1.0,0.0,r25_c10,58.0,1.0,True,0.0,1.0,0.0,r25_c10,58.0,1.0,0.0
Nutrition | r27_c10 | Friday,Nutrition,r27_c10,Friday,82,53,True,08:30-09:00,0.6463414634146342,2,0.35365853658536583,30.0,10.609756097560975,0.08841463414634146,True,True,0.35365853658536583,30.0,10.609756097560975,0.08841463414634146,0.35365853658536583,30.0,0.08841463414634146,1.0,1.0,0.0,1.0,0.0,r27_c11,82.0,1.0,True,0.0,1.0,0.0,r27_c11,82.0,1.0,0.0
Nutrition | r27_c10 | Monday,Nutrition,r27_c10,Monday,80,52,True,08:30-09:00,0.6375,2,0.36250000000000004,29.999999999999996,10.875,0.090625,True,True,0.36250000000000004,29.999999999999996,10.875,0.090625,0.36250000000000004,29.999999999999996,0.090625,1.0,1.0,0.0,1.0,0.0,r27_c11,80.0,1.0,True,0.0,1.0,0.0,r27_c11,80.0,1.0,0.0
Nutrition | r27_c10 | Thursday,Nutrition,r27_c10,Thursday,80,52,True,08:30-09:00,0.65,2,0.35,30.000000000000004,10.5,0.0875,True,True,0.35,30.000000000000004,10.5,0.0875,0.35,30.000000000000004,0.0875,1.0,1.0,0.0,1.0,0.0,r27_c11,80.0,1.0,True,0.0,1.0,0.0,r27_c11,80.0,1.0,0.0
Nutrition | r27_c10 | Tuesday,Nutrition,r27_c10,Tuesday,67,52,True,08:30-09:00,0.7761194029850746,2,0.22388059701492535,30.000000000000004,6.7164179104477615,0.055970149253731345,True,True,0.22388059701492535,30.000000000000004,6.7164179104477615,0.055970149253731345,0.22388059701492535,30.000000000000004,0.055970149253731345,1.0,1.0,0.0,1.0,0.0,r27_c11,67.0,1.0,True,0.0,1.0,0.0,r27_c11,67.0,1.0,0.0
Nutrition | r27_c10 | Wednesday,Nutrition,r27_c10,Wednesday,85,52,True,08:30-09:00,0.6352941176470588,3,0.3647058823529412,31.935483870967744,11.647058823529413,0.09705882352941177,True,True,0.3647058823529412,31.935483870967744,11.647058823529413,0.09705882352941177,0.3647058823529412,31.935483870967744,0.09705882352941177,1.0,1.0,0.0,1.0,0.0,r27_c11,85.0,1.0,True,0.0,1.0,0.0,r27_c11,85.0,1.0,0.0
Nutrition | r27_c11 | Friday,Nutrition,r27_c11,Friday,430,53,True,13:00-13:30,0.6883720930232559,3,0.31162790697674414,266.41791044776124,83.0232558139535,0.308139534883721,True,True,0.31162790697674414,266.41791044776124,83.0232558139535,0.308139534883721,0.31162790697674414,266.41791044776124,0.308139534883721,4.0,0.4318658734451054,3.0,2.3155337374142166,0.5681341265548946,r27_c11,262.0,0.6093023255813953,True,3.0,2.3155337374142166,0.5681341265548946,r27_c11,262.0,0.6093023255813953,0.5681341265548946
Nutrition | r27_c11 | Monday,Nutrition,r27_c11,Monday,307,52,True,13:00-13:30,0.745928338762215,2,0.254071661237785,270.0,68.59934853420195,0.254071661237785,True,True,0.254071661237785,270.0,68.59934853420195,0.254071661237785,0.254071661237785,270.0,0.254071661237785,4.0,0.3467729100574012,3.0,2.8837316035859617,0.6532270899425988,r27_c11,152.0,0.495114006514658,True,3.0,2.8837316035859617,0.6532270899425988,r27_c11,152.0,0.495114006514658,0.6532270899425988
Nutrition | r27_c11 | Thursday,Nutrition,r27_c11,Thursday,231,52,True,13:00-13:30,0.9177489177489178,5,0.08225108225108224,200.52631578947373,16.493506493506494,0.06709956709956712,True,True,0.08225108225108224,200.52631578947373,16.493506493506494,0.06709956709956712,0.08225108225108224,200.52631578947373,0.06709956709956712,5.0,0.44311388467232626,4.0,2.2567561852400084,0.5568861153276737,r28_c11,130.0,0.5627705627705628,True,4.0,2.2567561852400084,0.5568861153276737,r28_c11,130.0,0.5627705627705628,0.5568861153276737
Nutrition | r27_c11 | Tuesday,Nutrition,r27_c11,Tuesday,322,52,True,13:00-13:30,0.7795031055900621,3,0.22049689440993792,252.25352112676055,55.621118012422365,0.21118012422360247,True,True,0.22049689440993792,252.25352112676055,55.621118012422365,0.21118012422360247,0.22049689440993792,252.25352112676055,0.21118012422360247,5.0,0.3233864434242506,4.0,3.092275574112735,0.6766135565757494,r28_c11,130.0,0.40372670807453415,True,4.0,3.092275574112735,0.6766135565757494,r28_c11,130.0,0.40372670807453415,0.6766135565757494
Nutrition | r27_c11 | Wednesday,Nutrition,r27_c11,Wednesday,480,52,True,13:00-13:30,0.6875,5,0.3125,257.2,80.375,0.29947916666666663,True,True,0.3125,257.2,80.375,0.29947916666666663,0.3125,257.2,0.29947916666666663,4.0,0.40781249999999997,3.0,2.452107279693487,0.5921875000000001,r27_c11,276.0,0.575,True,3.0,2.452107279693487,0.5921875000000001,r27_c11,276.0,0.575,0.5921875000000001
Nutrition | r27_c12 | Friday,Nutrition,r27_c12,Friday,182,53,True,13:30-14:00,0.521978021978022,7,0.478021978021978,124.48275862068968,59.50549450549451,0.2664835164835165,True,True,0.478021978021978,124.48275862068968,59.50549450549451,0.2664835164835165,0.478021978021978,124.48275862068968,0.2664835164835165,6.0,0.30117135611641105,5.0,3.3203688853247795,0.6988286438835889,r26_c13,71.0,0.3901098901098901,True,5.0,3.3203688853247795,0.6988286438835889,r26_c13,71.0,0.3901098901098901,0.6988286438835889
Nutrition | r27_c12 | Monday,Nutrition,r27_c12,Monday,168,52,True,13:30-14:00,0.49404761904761907,4,0.5059523809523809,118.23529411764706,59.82142857142857,0.2604166666666667,True,True,0.5059523809523809,118.23529411764706,59.82142857142857,0.2604166666666667,0.5059523809523809,118.23529411764706,0.2604166666666667,6.0,0.30187074829931976,5.0,3.3126760563380278,0.6981292517006803,r26_c13,63.0,0.375,True,5.0,3.3126760563380278,0.6981292517006803,r26_c13,63.0,0.375,0.6981292517006803
Nutrition | r27_c12 | Thursday,Nutrition,r27_c12,Thursday,376,52,True,13:30-14:00,0.46808510638297873,8,0.5319148936170213,80.25,42.68617021276596,0.21675531914893617,True,True,0.5319148936170213,80.25,42.68617021276596,0.21675531914893617,0.5319148936170213,80.25,0.21675531914893617,7.0,0.29251075147125394,6.0,3.4186777578952463,0.7074892485287461,r26_c13,176.0,0.46808510638297873,True,6.0,3.4186777578952463,0.7074892485287461,r26_c13,176.0,0.46808510638297873,0.7074892485287461
Nutrition | r27_c12 | Tuesday,Nutrition,r27_c12,Tuesday,365,52,True,13:30-14:00,0.4821917808219178,7,0.5178082191780822,82.06349206349205,42.4931506849315,0.2095890410958904,True,True,0.5178082191780822,82.06349206349205,42.4931506849315,0.2095890410958904,0.5178082191780822,82.06349206349205,0.2095890410958904,7.0,0.28552448864702573,6.0,3.502326559583585,0.7144755113529743,r26_c13,167.0,0.4575342465753425,True,6.0,3.502326559583585,0.7144755113529743,r26_c13,167.0,0.4575342465753425,0.7144755113529743
Nutrition | r27_c12 | Wednesday,Nutrition,r27_c12,Wednesday,295,52,True,13:30-14:00,0.48135593220338985,5,0.5186440677966102,78.8235294117647,40.88135593220339,0.20593220338983048,True,True,0.5186440677966102,78.8235294117647,40.88135593220339,0.20593220338983048,0.5186440677966102,78.8235294117647,0.20593220338983048,6.0,0.2650847457627119,5.0,3.7723785166240402,0.7349152542372881,r26_c13,119.0,0.4033898305084746,True,5.0,3.7723785166240402,0.7349152542372881,r26_c13,119.0,0.4033898305084746,0.7349152542372881
Nutrition | r27_c13 | Friday,Nutrition,r27_c13,Friday,12,10,True,09:00-09:30,0.5,3,0.5,40.0,20.0,0.16666666666666669,True,True,0.5,40.0,20.0,0.16666666666666669,0.5,40.0,0.16666666666666669,1.0,1.0,0.0,1.0,0.0,r27_c12,12.0,1.0,True,0.0,1.0,0.0,r27_c12,12.0,1.0,0.0
Nutrition | r27_c13 | Monday,Nutrition,r27_c13,Monday,11,8,True,08:30-09:00,0.5454545454545454,2,0.4545454545454546,29.999999999999996,13.636363636363637,0.11363636363636363,True,True,0.4545454545454546,29.999999999999996,13.636363636363637,0.11363636363636363,0.4545454545454546,29.999999999999996,0.11363636363636363,1.0,1.0,0.0,1.0,0.0,r27_c12,11.0,1.0,True,0.0,1.0,0.0,r27_c12,11.0,1.0,0.0
Nutrition | r27_c13 | Thursday,Nutrition,r27_c13,Thursday,24,21,True,08:30-09:00,0.9583333333333334,2,0.04166666666666663,30.00000000000003,1.25,0.010416666666666666,True,True,0.04166666666666663,30.00000000000003,1.25,0.010416666666666666,0.04166666666666663,30.00000000000003,0.010416666666666666,1.0,1.0,0.0,1.0,0.0,r27_c12,24.0,1.0,True,0.0,1.0,0.0,r27_c12,24.0,1.0,0.0
Nutrition | r27_c13 | Tuesday,Nutrition,r27_c13,Tuesday,28,22,True,08:30-09:00,0.8571428571428571,3,0.1428571428571429,37.499999999999986,5.357142857142857,0.04464285714285714,True,True,0.1428571428571429,37.499999999999986,5.357142857142857,0.04464285714285714,0.1428571428571429,37.499999999999986,0.04464285714285714,1.0,1.0,0.0,1.0,0.0,r27_c12,28.0,1.0,True,0.0,1.0,0.0,r27_c12,28.0,1.0,0.0
Nutrition | r27_c13 | Wednesday,Nutrition,r27_c13,Wednesday,14,10,True,08:30-09:00,0.5714285714285714,2,0.4285714285714286,29.999999999999996,12.857142857142856,0.10714285714285714,True,True,0.4285714285714286,29.999999999999996,12.857142857142856,0.10714285714285714,0.4285714285714286,29.999999999999996,0.10714285714285714,1.0,1.0,0.0,1.0,0.0,r27_c12,14.0,1.0,True,0.0,1.0,0.0,r27_c12,14.0,1.0,0.0
Nutrition | r27_c14 | Thursday,Nutrition,r27_c14,Thursday,10,1,True,11:30-12:00,1.0,1,0.0,,0.0,0.0,False,False,,,,,,,,4.0,0.36,3.0,2.7777777777777777,0.64,r27_c14,5.0,0.5,False,,,,,,,
Nutrition | r27_c14 | Wednesday,Nutrition,r27_c14,Wednesday,813,47,True,10:00-10:30,0.4194341943419434,7,0.5805658056580566,76.77966101694915,44.57564575645756,0.36469864698646987,True,True,0.5805658056580566,76.77966101694915,44.57564575645756,0.36469864698646987,0.5805658056580566,76.77966101694915,0.36469864698646987,4.0,0.3482901618684084,3.0,2.8711692418628285,0.6517098381315916,r27_c14,377.0,0.46371463714637146,True,3.0,2.8711692418628285,0.6517098381315916,r27_c14,377.0,0.46371463714637146,0.6517098381315916
Nutrition | r27_c15 | Wednesday,Nutrition,r27_c15,Wednesday,1,1,True,10:30-11:00,1.0,1,0.0,,0.0,0.0,False,False,,,,,,,,1.0,1.0,0.0,1.0,0.0,r27_c14,1.0,1.0,False,,,,,,,
Nutrition | r27_c17 | Thursday,Nutrition,r27_c17,Thursday,24,14,True,13:30-14:00,0.6666666666666666,4,0.33333333333333337,41.24999999999999,13.75,0.11458333333333333,True,True,0.33333333333333337,41.24999999999999,13.75,0.11458333333333333,0.33333333333333337,41.24999999999999,0.11458333333333333,1.0,1.0,0.0,1.0,0.0,r33_c13,24.0,1.0,True,0.0,1.0,0.0,r33_c13,24.0,1.0,0.0
Nutrition | r27_c17 | Tuesday,Nutrition,r27_c17,Tuesday,19,14,True,13:30-14:00,0.7368421052631579,6,0.26315789473684215,65.99999999999999,17.36842105263158,0.14473684210526316,True,True,0.26315789473684215,65.99999999999999,17.36842105263158,0.14473684210526316,0.26315789473684215,65.99999999999999,0.14473684210526316,1.0,1.0,0.0,1.0,0.0,r33_c13,19.0,1.0,True,0.0,1.0,0.0,r33_c13,19.0,1.0,0.0
Nutrition | r27_c9 | Friday,Nutrition,r27_c9,Friday,3,3,True,07:30-08:00,1.0,1,0.0,,0.0,0.0,False,False,,,,,,,,1.0,1.0,0.0,1.0,0.0,r25_c10,3.0,1.0,False,,,,,,,
Nutrition | r27_c9 | Tuesday,Nutrition,r27_c9,Tuesday,3,3,True,07:30-08:00,1.0,1,0.0,,0.0,0.0,False,False,,,,,,,,1.0,1.0,0.0,1.0,0.0,r25_c10,3.0,1.0,False,,,,,,,
Nutrition | r28_c11 | Friday,Nutrition,r28_c11,Friday,59,53,True,08:30-09:00,0.8983050847457628,2,0.10169491525423724,30.000000000000018,3.050847457627119,0.025423728813559324,True,True,0.10169491525423724,30.000000000000018,3.050847457627119,0.025423728813559324,0.10169491525423724,30.000000000000018,0.025423728813559324,1.0,1.0,0.0,1.0,0.0,r27_c11,59.0,1.0,True,0.0,1.0,0.0,r27_c11,59.0,1.0,0.0
Nutrition | r28_c11 | Monday,Nutrition,r28_c11,Monday,58,52,True,08:30-09:00,0.896551724137931,2,0.10344827586206895,30.000000000000004,3.103448275862069,0.02586206896551724,True,True,0.10344827586206895,30.000000000000004,3.103448275862069,0.02586206896551724,0.10344827586206895,30.000000000000004,0.02586206896551724,1.0,1.0,0.0,1.0,0.0,r27_c11,58.0,1.0,True,0.0,1.0,0.0,r27_c11,58.0,1.0,0.0
Nutrition | r28_c11 | Saturday,Nutrition,r28_c11,Saturday,5,3,True,08:00-08:30,1.0,1,0.0,,0.0,0.0,False,False,,,,,,,,1.0,1.0,0.0,1.0,0.0,r27_c11,5.0,1.0,False,,,,,,,
Nutrition | r28_c11 | Sunday,Nutrition,r28_c11,Sunday,5,3,True,08:00-08:30,1.0,1,0.0,,0.0,0.0,False,False,,,,,,,,1.0,1.0,0.0,1.0,0.0,r27_c11,5.0,1.0,False,,,,,,,
Nutrition | r28_c11 | Thursday,Nutrition,r28_c11,Thursday,126,52,True,08:30-09:00,0.7698412698412699,2,0.23015873015873012,30.000000000000004,6.904761904761904,0.057539682539682536,True,True,0.23015873015873012,30.000000000000004,6.904761904761904,0.057539682539682536,0.23015873015873012,30.000000000000004,0.057539682539682536,1.0,1.0,0.0,1.0,0.0,r27_c11,126.0,1.0,True,0.0,1.0,0.0,r27_c11,126.0,1.0,0.0
Nutrition | r28_c11 | Tuesday,Nutrition,r28_c11,Tuesday,128,52,True,08:30-09:00,0.765625,2,0.234375,30.0,7.03125,0.05859375,True,True,0.234375,30.0,7.03125,0.05859375,0.234375,30.0,0.05859375,1.0,1.0,0.0,1.0,0.0,r27_c11,128.0,1.0,True,0.0,1.0,0.0,r27_c11,128.0,1.0,0.0
Nutrition | r28_c11 | Wednesday,Nutrition,r28_c11,Wednesday,108,52,True,08:30-09:00,0.8981481481481481,4,0.10185185185185186,43.636363636363626,4.444444444444444,0.037037037037037035,True,True,0.10185185185185186,43.636363636363626,4.444444444444444,0.037037037037037035,0.10185185185185186,43.636363636363626,0.037037037037037035,1.0,1.0,0.0,1.0,0.0,r27_c11,108.0,1.0,True,0.0,1.0,0.0,r27_c11,108.0,1.0,0.0
Nutrition | r28_c13 | Friday,Nutrition,r28_c13,Friday,38,25,True,08:00-08:30,0.5,3,0.5,30.0,15.0,0.125,True,True,0.5,30.0,15.0,0.125,0.5,30.0,0.125,1.0,1.0,0.0,1.0,0.0,r27_c12,38.0,1.0,True,0.0,1.0,0.0,r27_c12,38.0,1.0,0.0
Nutrition | r28_c13 | Monday,Nutrition,r28_c13,Monday,33,24,True,08:00-08:30,0.5454545454545454,2,0.4545454545454546,29.999999999999996,13.636363636363637,0.11363636363636363,True,True,0.4545454545454546,29.999999999999996,13.636363636363637,0.11363636363636363,0.4545454545454546,29.999999999999996,0.11363636363636363,1.0,1.0,0.0,1.0,0.0,r27_c12,33.0,1.0,True,0.0,1.0,0.0,r27_c12,33.0,1.0,0.0
Nutrition | r28_c13 | Thursday,Nutrition,r28_c13,Thursday,55,34,True,08:30-09:00,0.6181818181818182,2,0.38181818181818183,30.0,11.454545454545455,0.09545454545454546,True,True,0.38181818181818183,30.0,11.454545454545455,0.09545454545454546,0.38181818181818183,30.0,0.09545454545454546,1.0,1.0,0.0,1.0,0.0,r27_c12,55.0,1.0,True,0.0,1.0,0.0,r27_c12,55.0,1.0,0.0
Nutrition | r28_c13 | Tuesday,Nutrition,r28_c13,Tuesday,53,34,True,08:30-09:00,0.6037735849056604,3,0.39622641509433965,29.999999999999996,11.886792452830187,0.0990566037735849,True,True,0.39622641509433965,29.999999999999996,11.886792452830187,0.0990566037735849,0.39622641509433965,29.999999999999996,0.0990566037735849,1.0,1.0,0.0,1.0,0.0,r27_c12,53.0,1.0,True,0.0,1.0,0.0,r27_c12,53.0,1.0,0.0
Nutrition | r28_c13 | Wednesday,Nutrition,r28_c13,Wednesday,47,33,True,08:30-09:00,0.574468085106383,2,0.42553191489361697,30.000000000000004,12.76595744680851,0.10638297872340426,True,True,0.42553191489361697,30.000000000000004,12.76595744680851,0.10638297872340426,0.42553191489361697,30.000000000000004,0.10638297872340426,1.0,1.0,0.0,1.0,0.0,r27_c12,47.0,1.0,True,0.0,1.0,0.0,r27_c12,47.0,1.0,0.0
Nutrition | r28_c14 | Friday,Nutrition,r28_c14,Friday,40,35,True,07:30-08:00,0.95,2,0.050000000000000044,29.999999999999975,1.5,0.0125,True,True,0.050000000000000044,29.999999999999975,1.5,0.0125,0.050000000000000044,29.999999999999975,0.0125,1.0,1.0,0.0,1.0,0.0,r28_c16,40.0,1.0,True,0.0,1.0,0.0,r28_c16,40.0,1.0,0.0
Nutrition | r28_c14 | Monday,Nutrition,r28_c14,Monday,40,34,True,07:30-08:00,0.95,2,0.050000000000000044,29.999999999999975,1.5,0.0125,True,True,0.050000000000000044,29.999999999999975,1.5,0.0125,0.050000000000000044,29.999999999999975,0.0125,1.0,1.0,0.0,1.0,0.0,r28_c16,40.0,1.0,True,0.0,1.0,0.0,r28_c16,40.0,1.0,0.0
Nutrition | r28_c14 | Thursday,Nutrition,r28_c14,Thursday,40,35,True,07:30-08:00,0.975,2,0.025000000000000022,29.999999999999975,0.75,0.00625,True,True,0.025000000000000022,29.999999999999975,0.75,0.00625,0.025000000000000022,29.999999999999975,0.00625,1.0,1.0,0.0,1.0,0.0,r28_c16,40.0,1.0,True,0.0,1.0,0.0,r28_c16,40.0,1.0,0.0
Nutrition | r28_c14 | Tuesday,Nutrition,r28_c14,Tuesday,40,35,True,07:30-08:00,0.975,2,0.025000000000000022,29.999999999999975,0.75,0.00625,True,True,0.025000000000000022,29.999999999999975,0.75,0.00625,0.025000000000000022,29.999999999999975,0.00625,1.0,1.0,0.0,1.0,0.0,r28_c16,40.0,1.0,True,0.0,1.0,0.0,r28_c16,40.0,1.0,0.0
Nutrition | r28_c14 | Wednesday,Nutrition,r28_c14,Wednesday,45,36,True,07:30-08:00,0.9333333333333333,2,0.06666666666666665,150.00000000000003,10.0,0.06666666666666667,True,True,0.06666666666666665,150.00000000000003,10.0,0.06666666666666667,0.06666666666666665,150.00000000000003,0.06666666666666667,2.0,0.8755555555555556,1.0,1.1421319796954315,0.12444444444444436,r28_c16,42.0,0.9333333333333333,True,1.0,1.1421319796954315,0.12444444444444436,r28_c16,42.0,0.9333333333333333,0.12444444444444436
Nutrition | r28_c15 | Friday,Nutrition,r28_c15,Friday,135,53,True,08:00-08:30,0.9111111111111111,4,0.0888888888888889,34.99999999999999,3.111111111111111,0.025925925925925925,True,True,0.0888888888888889,34.99999999999999,3.111111111111111,0.025925925925925925,0.0888888888888889,34.99999999999999,0.025925925925925925,1.0,1.0,0.0,1.0,0.0,r28_c16,135.0,1.0,True,0.0,1.0,0.0,r28_c16,135.0,1.0,0.0
Nutrition | r28_c15 | Monday,Nutrition,r28_c15,Monday,131,52,True,08:00-08:30,0.9389312977099237,2,0.06106870229007633,30.000000000000004,1.83206106870229,0.015267175572519083,True,True,0.06106870229007633,30.000000000000004,1.83206106870229,0.015267175572519083,0.06106870229007633,30.000000000000004,0.015267175572519083,1.0,1.0,0.0,1.0,0.0,r28_c16,131.0,1.0,True,0.0,1.0,0.0,r28_c16,131.0,1.0,0.0
Nutrition | r28_c15 | Thursday,Nutrition,r28_c15,Thursday,87,52,True,08:00-08:30,0.8850574712643678,4,0.11494252873563215,69.00000000000001,7.931034482758621,0.03735632183908046,True,True,0.11494252873563215,69.00000000000001,7.931034482758621,0.03735632183908046,0.11494252873563215,69.00000000000001,0.03735632183908046,2.0,0.9772757299511163,1.0,1.023252670001352,0.022724270048883666,r28_c16,86.0,0.9885057471264368,True,1.0,1.023252670001352,0.022724270048883666,r28_c16,86.0,0.9885057471264368,0.022724270048883666
Nutrition | r28_c15 | Tuesday,Nutrition,r28_c15,Tuesday,89,52,True,08:00-08:30,0.8651685393258427,4,0.1348314606741573,32.5,4.382022471910112,0.03651685393258427,True,True,0.1348314606741573,32.5,4.382022471910112,0.03651685393258427,0.1348314606741573,32.5,0.03651685393258427,1.0,1.0,0.0,1.0,0.0,r28_c16,89.0,1.0,True,0.0,1.0,0.0,r28_c16,89.0,1.0,0.0
Nutrition | r28_c15 | Wednesday,Nutrition,r28_c15,Wednesday,162,52,True,08:00-08:30,0.8271604938271605,6,0.1728395061728395,58.92857142857143,10.185185185185185,0.06172839506172839,True,True,0.1728395061728395,58.92857142857143,10.185185185185185,0.06172839506172839,0.1728395061728395,58.92857142857143,0.06172839506172839,3.0,0.9515317786922726,2.0,1.0509370494954349,0.04846822130772743,r28_c16,158.0,0.9753086419753086,True,2.0,1.0509370494954349,0.04846822130772743,r28_c16,158.0,0.9753086419753086,0.04846822130772743
Nutrition | r28_c16 | Friday,Nutrition,r28_c16,Friday,755,53,True,12:30-13:00,0.6966887417218544,7,0.30331125827814565,72.9694323144105,22.13245033112583,0.11788079470198674,True,True,0.30331125827814565,72.9694323144105,22.13245033112583,0.11788079470198674,0.30331125827814565,72.9694323144105,0.11788079470198674,8.0,0.23192140695583527,7.0,4.31180550827906,0.7680785930441647,r29_c16,304.0,0.40264900662251657,True,7.0,4.31180550827906,0.7680785930441647,r29_c16,304.0,0.40264900662251657,0.7680785930441647
Nutrition | r28_c16 | Monday,Nutrition,r28_c16,Monday,848,52,True,12:30-13:00,0.5224056603773585,6,0.47759433962264153,53.77777777777778,25.683962264150946,0.15625,True,True,0.47759433962264153,53.77777777777778,25.683962264150946,0.15625,0.47759433962264153,53.77777777777778,0.15625,7.0,0.3067817728729086,6.0,3.259646069045546,0.6932182271270915,r29_c16,429.0,0.5058962264150944,True,6.0,3.259646069045546,0.6932182271270915,r29_c16,429.0,0.5058962264150944,0.6932182271270915
Nutrition | r28_c16 | Thursday,Nutrition,r28_c16,Thursday,763,52,True,13:00-13:30,0.47575360419397117,7,0.5242463958060288,56.175,29.44954128440367,0.17332896461336827,True,True,0.5242463958060288,56.175,29.44954128440367,0.17332896461336827,0.5242463958060288,56.175,0.17332896461336827,7.0,0.32030389800899745,6.0,3.122035061752229,0.6796961019910026,r29_c16,402.0,0.526867627785059,True,6.0,3.122035061752229,0.6796961019910026,r29_c16,402.0,0.526867627785059,0.6796961019910026
Nutrition | r28_c16 | Tuesday,Nutrition,r28_c16,Tuesday,839,52,True,13:00-13:30,0.5077473182359953,8,0.4922526817640047,59.05569007263924,29.070321811680575,0.17014302741358758,True,True,0.4922526817640047,59.05569007263924,29.070321811680575,0.17014302741358758,0.4922526817640047,59.05569007263924,0.17014302741358758,7.0,0.34198013697559815,6.0,2.924146439742945,0.6580198630244019,r29_c16,462.0,0.5506555423122765,True,6.0,2.924146439742945,0.6580198630244019,r29_c16,462.0,0.5506555423122765,0.6580198630244019
Nutrition | r28_c16 | Wednesday,Nutrition,r28_c16,Wednesday,974,52,True,12:30-13:00,0.5338809034907598,6,0.4661190965092402,54.11894273127753,25.225872689938395,0.15528747433264886,True,True,0.4661190965092402,54.11894273127753,25.225872689938395,0.15528747433264886,0.4661190965092402,54.11894273127753,0.15528747433264886,7.0,0.33529677150049114,6.0,2.982432534392999,0.6647032284995089,r29_c16,524.0,0.5379876796714579,True,6.0,2.982432534392999,0.6647032284995089,r29_c16,524.0,0.5379876796714579,0.6647032284995089
Nutrition | r28_c17 | Thursday,Nutrition,r28_c17,Thursday,1,1,True,11:30-12:00,1.0,1,0.0,,0.0,0.0,False,False,,,,,,,,1.0,1.0,0.0,1.0,0.0,r34_c22,1.0,1.0,False,,,,,,,
Nutrition | r28_c17 | Wednesday,Nutrition,r28_c17,Wednesday,1,1,True,12:00-12:30,1.0,1,0.0,,0.0,0.0,False,False,,,,,,,,1.0,1.0,0.0,1.0,0.0,r29_c14,1.0,1.0,False,,,,,,,
Nutrition | r28_c6 | Friday,Nutrition,r28_c6,Friday,45,43,True,07:00-07:30,0.5555555555555556,2,0.4444444444444444,30.0,13.333333333333332,0.1111111111111111,True,True,0.4444444444444444,30.0,13.333333333333332,0.1111111111111111,0.4444444444444444,30.0,0.1111111111111111,1.0,1.0,0.0,1.0,0.0,r25_c10,45.0,1.0,True,0.0,1.0,0.0,r25_c10,45.0,1.0,0.0
Nutrition | r28_c6 | Monday,Nutrition,r28_c6,Monday,46,44,True,07:00-07:30,0.5652173913043478,2,0.4347826086956522,29.999999999999996,13.043478260869565,0.10869565217391304,True,True,0.4347826086956522,29.999999999999996,13.043478260869565,0.10869565217391304,0.4347826086956522,29.999999999999996,0.10869565217391304,1.0,1.0,0.0,1.0,0.0,r25_c10,46.0,1.0,True,0.0,1.0,0.0,r25_c10,46.0,1.0,0.0
Nutrition | r28_c6 | Thursday,Nutrition,r28_c6,Thursday,45,43,True,07:00-07:30,0.5777777777777777,2,0.4222222222222223,29.999999999999996,12.666666666666666,0.10555555555555556,True,True,0.4222222222222223,29.999999999999996,12.666666666666666,0.10555555555555556,0.4222222222222223,29.999999999999996,0.10555555555555556,1.0,1.0,0.0,1.0,0.0,r25_c10,45.0,1.0,True,0.0,1.0,0.0,r25_c10,45.0,1.0,0.0
Nutrition | r28_c6 | Tuesday,Nutrition,r28_c6,Tuesday,46,44,True,07:00-07:30,0.5652173913043478,2,0.4347826086956522,29.999999999999996,13.043478260869565,0.10869565217391304,True,True,0.4347826086956522,29.999999999999996,13.043478260869565,0.10869565217391304,0.4347826086956522,29.999999999999996,0.10869565217391304,1.0,1.0,0.0,1.0,0.0,r25_c10,46.0,1.0,True,0.0,1.0,0.0,r25_c10,46.0,1.0,0.0
Nutrition | r28_c6 | Wednesday,Nutrition,r28_c6,Wednesday,50,43,True,07:00-07:30,0.58,3,0.42000000000000004,29.999999999999996,12.6,0.105,True,True,0.42000000000000004,29.999999999999996,12.6,0.105,0.42000000000000004,29.999999999999996,0.105,1.0,1.0,0.0,1.0,0.0,r25_c10,50.0,1.0,True,0.0,1.0,0.0,r25_c10,50.0,1.0,0.0
Nutrition | r28_c9 | Friday,Nutrition,r28_c9,Friday,25,22,True,08:00-08:30,1.0,1,0.0,,0.0,0.0,True,True,0.0,,0.0,0.0,0.0,,0.0,1.0,1.0,0.0,1.0,0.0,r27_c11,25.0,1.0,True,0.0,1.0,0.0,r27_c11,25.0,1.0,0.0
Nutrition | r28_c9 | Monday,Nutrition,r28_c9,Monday,22,21,True,08:00-08:30,1.0,1,0.0,,0.0,0.0,True,True,0.0,,0.0,0.0,0.0,,0.0,1.0,1.0,0.0,1.0,0.0,r27_c11,22.0,1.0,True,0.0,1.0,0.0,r27_c11,22.0,1.0,0.0
Nutrition | r28_c9 | Thursday,Nutrition,r28_c9,Thursday,6,6,True,08:00-08:30,1.0,1,0.0,,0.0,0.0,False,False,,,,,,,,1.0,1.0,0.0,1.0,0.0,r27_c11,6.0,1.0,False,,,,,,,
Nutrition | r28_c9 | Tuesday,Nutrition,r28_c9,Tuesday,5,5,True,08:00-08:30,1.0,1,0.0,,0.0,0.0,False,False,,,,,,,,1.0,1.0,0.0,1.0,0.0,r27_c11,5.0,1.0,False,,,,,,,
Nutrition | r28_c9 | Wednesday,Nutrition,r28_c9,Wednesday,18,18,True,08:00-08:30,1.0,1,0.0,,0.0,0.0,True,True,0.0,,0.0,0.0,0.0,,0.0,1.0,1.0,0.0,1.0,0.0,r27_c11,18.0,1.0,True,0.0,1.0,0.0,r27_c11,18.0,1.0,0.0
Nutrition | r29_c12 | Friday,Nutrition,r29_c12,Friday,4,2,True,08:30-09:00,0.5,2,0.5,30.0,15.0,0.125,False,False,,,,,,,,1.0,1.0,0.0,1.0,0.0,r27_c12,4.0,1.0,False,,,,,,,
Nutrition | r29_c12 | Monday,Nutrition,r29_c12,Monday,5,3,True,08:30-09:00,0.6,2,0.4,30.0,12.0,0.1,False,False,,,,,,,,1.0,1.0,0.0,1.0,0.0,r27_c12,5.0,1.0,False,,,,,,,
Nutrition | r29_c12 | Thursday,Nutrition,r29_c12,Thursday,4,2,True,08:30-09:00,0.5,2,0.5,30.0,15.0,0.125,False,False,,,,,,,,1.0,1.0,0.0,1.0,0.0,r27_c12,4.0,1.0,False,,,,,,,
Nutrition | r29_c12 | Tuesday,Nutrition,r29_c12,Tuesday,5,3,True,09:00-09:30,0.6,2,0.4,30.0,12.0,0.1,False,False,,,,,,,,1.0,1.0,0.0,1.0,0.0,r27_c12,5.0,1.0,False,,,,,,,
Nutrition | r29_c12 | Wednesday,Nutrition,r29_c12,Wednesday,6,3,True,09:00-09:30,0.5,3,0.5,30.0,15.0,0.125,False,False,,,,,,,,1.0,1.0,0.0,1.0,0.0,r27_c12,6.0,1.0,False,,,,,,,
Nutrition | r29_c13 | Friday,Nutrition,r29_c13,Friday,70,53,True,08:00-08:30,0.9857142857142858,2,0.014285714285714235,30.000000000000107,0.42857142857142855,0.0035714285714285713,True,True,0.014285714285714235,30.000000000000107,0.42857142857142855,0.0035714285714285713,0.014285714285714235,30.000000000000107,0.0035714285714285713,1.0,1.0,0.0,1.0,0.0,r30_c10,70.0,1.0,True,0.0,1.0,0.0,r30_c10,70.0,1.0,0.0
Nutrition | r29_c13 | Monday,Nutrition,r29_c13,Monday,68,52,True,08:00-08:30,1.0,1,0.0,,0.0,0.0,True,True,0.0,,0.0,0.0,0.0,,0.0,1.0,1.0,0.0,1.0,0.0,r30_c10,68.0,1.0,True,0.0,1.0,0.0,r30_c10,68.0,1.0,0.0
Nutrition | r29_c13 | Thursday,Nutrition,r29_c13,Thursday,66,52,True,08:00-08:30,1.0,1,0.0,,0.0,0.0,True,True,0.0,,0.0,0.0,0.0,,0.0,1.0,1.0,0.0,1.0,0.0,r30_c10,66.0,1.0,True,0.0,1.0,0.0,r30_c10,66.0,1.0,0.0
Nutrition | r29_c13 | Tuesday,Nutrition,r29_c13,Tuesday,64,52,True,08:00-08:30,1.0,1,0.0,,0.0,0.0,True,True,0.0,,0.0,0.0,0.0,,0.0,1.0,1.0,0.0,1.0,0.0,r30_c10,64.0,1.0,True,0.0,1.0,0.0,r30_c10,64.0,1.0,0.0
Nutrition | r29_c13 | Wednesday,Nutrition,r29_c13,Wednesday,68,52,True,08:00-08:30,0.9705882352941176,3,0.02941176470588236,74.99999999999999,2.2058823529411766,0.01838235294117647,True,True,0.02941176470588236,74.99999999999999,2.2058823529411766,0.01838235294117647,0.02941176470588236,74.99999999999999,0.01838235294117647,1.0,1.0,0.0,1.0,0.0,r30_c10,68.0,1.0,True,0.0,1.0,0.0,r30_c10,68.0,1.0,0.0
Nutrition | r29_c14 | Thursday,Nutrition,r29_c14,Thursday,1,1,True,12:30-13:00,1.0,1,0.0,,0.0,0.0,False,False,,,,,,,,1.0,1.0,0.0,1.0,0.0,r28_c15,1.0,1.0,False,,,,,,,
Nutrition | r29_c14 | Wednesday,Nutrition,r29_c14,Wednesday,4,3,True,10:00-10:30,0.75,2,0.25,120.0,30.0,0.25,False,False,,,,,,,,2.0,0.625,1.0,1.6,0.375,r28_c15,3.0,0.75,False,,,,,,,
Nutrition | r29_c15 | Friday,Nutrition,r29_c15,Friday,89,53,True,08:00-08:30,1.0,1,0.0,,0.0,0.0,True,True,0.0,,0.0,0.0,0.0,,0.0,1.0,1.0,0.0,1.0,0.0,r28_c16,89.0,1.0,True,0.0,1.0,0.0,r28_c16,89.0,1.0,0.0
Nutrition | r29_c15 | Monday,Nutrition,r29_c15,Monday,90,52,True,08:00-08:30,0.9666666666666667,3,0.033333333333333326,30.000000000000007,1.0,0.008333333333333333,True,True,0.033333333333333326,30.000000000000007,1.0,0.008333333333333333,0.033333333333333326,30.000000000000007,0.008333333333333333,1.0,1.0,0.0,1.0,0.0,r28_c16,90.0,1.0,True,0.0,1.0,0.0,r28_c16,90.0,1.0,0.0
Nutrition | r29_c15 | Thursday,Nutrition,r29_c15,Thursday,87,52,True,08:00-08:30,1.0,1,0.0,,0.0,0.0,True,True,0.0,,0.0,0.0,0.0,,0.0,1.0,1.0,0.0,1.0,0.0,r28_c16,87.0,1.0,True,0.0,1.0,0.0,r28_c16,87.0,1.0,0.0
Nutrition | r29_c15 | Tuesday,Nutrition,r29_c15,Tuesday,90,52,True,08:00-08:30,0.9777777777777777,2,0.022222222222222254,29.99999999999996,0.6666666666666667,0.005555555555555556,True,True,0.022222222222222254,29.99999999999996,0.6666666666666667,0.005555555555555556,0.022222222222222254,29.99999999999996,0.005555555555555556,1.0,1.0,0.0,1.0,0.0,r28_c16,90.0,1.0,True,0.0,1.0,0.0,r28_c16,90.0,1.0,0.0
Nutrition | r29_c15 | Wednesday,Nutrition,r29_c15,Wednesday,91,52,True,08:00-08:30,0.9560439560439561,3,0.04395604395604391,37.50000000000004,1.6483516483516485,0.013736263736263736,True,True,0.04395604395604391,37.50000000000004,1.6483516483516485,0.013736263736263736,0.04395604395604391,37.50000000000004,0.013736263736263736,1.0,1.0,0.0,1.0,0.0,r28_c16,91.0,1.0,True,0.0,1.0,0.0,r28_c16,91.0,1.0,0.0
Nutrition | r29_c16 | Friday,Nutrition,r29_c16,Friday,326,53,True,07:30-08:00,0.46932515337423314,6,0.5306748466257669,74.39306358381504,39.47852760736197,0.2684049079754601,True,True,0.5306748466257669,74.39306358381504,39.47852760736197,0.2684049079754601,0.5306748466257669,74.39306358381504,0.2684049079754601,9.0,0.9104783770559676,8.0,1.0983237221223205,0.08952162294403243,r28_c16,311.0,0.9539877300613497,True,8.0,1.0983237221223205,0.08952162294403243,r28_c16,311.0,0.9539877300613497,0.08952162294403243
Nutrition | r29_c16 | Monday,Nutrition,r29_c16,Monday,433,52,True,08:30-09:00,0.6836027713625866,4,0.3163972286374134,50.14598540145985,15.866050808314087,0.13221709006928406,True,True,0.3163972286374134,50.14598540145985,15.866050808314087,0.13221709006928406,0.3163972286374134,50.14598540145985,0.13221709006928406,1.0,1.0,0.0,1.0,0.0,r28_c16,433.0,1.0,True,0.0,1.0,0.0,r28_c16,433.0,1.0,0.0
Nutrition | r29_c16 | Thursday,Nutrition,r29_c16,Thursday,406,52,True,08:30-09:00,0.7364532019704434,4,0.2635467980295566,45.14018691588786,11.896551724137932,0.09913793103448276,True,True,0.2635467980295566,45.14018691588786,11.896551724137932,0.09913793103448276,0.2635467980295566,45.14018691588786,0.09913793103448276,1.0,1.0,0.0,1.0,0.0,r28_c16,406.0,1.0,True,0.0,1.0,0.0,r28_c16,406.0,1.0,0.0
Nutrition | r29_c16 | Tuesday,Nutrition,r29_c16,Tuesday,453,52,True,08:30-09:00,0.7726269315673289,4,0.22737306843267113,41.94174757281552,9.536423841059602,0.07947019867549669,True,True,0.22737306843267113,41.94174757281552,9.536423841059602,0.07947019867549669,0.22737306843267113,41.94174757281552,0.07947019867549669,1.0,1.0,0.0,1.0,0.0,r28_c16,453.0,1.0,True,0.0,1.0,0.0,r28_c16,453.0,1.0,0.0
Nutrition | r29_c16 | Wednesday,Nutrition,r29_c16,Wednesday,516,52,True,08:30-09:00,0.5813953488372093,5,0.41860465116279066,51.94444444444445,21.74418604651163,0.17877906976744187,True,True,0.41860465116279066,51.94444444444445,21.74418604651163,0.17877906976744187,0.41860465116279066,51.94444444444445,0.17877906976744187,2.0,0.9961315425755664,1.0,1.0038834805034198,0.0038684574244336467,r28_c16,515.0,0.998062015503876,True,1.0,1.0038834805034198,0.0038684574244336467,r28_c16,515.0,0.998062015503876,0.0038684574244336467
Nutrition | r30_c10 | Friday,Nutrition,r30_c10,Friday,494,53,True,13:00-13:30,0.7348178137651822,9,0.2651821862348178,256.2595419847328,67.95546558704453,0.24595141700404863,True,True,0.2651821862348178,256.2595419847328,67.95546558704453,0.24595141700404863,0.2651821862348178,256.2595419847328,0.24595141700404863,5.0,0.2845072038551689,4.0,3.514849488693648,0.7154927961448311,r30_c10,226.0,0.4574898785425101,True,4.0,3.514849488693648,0.7154927961448311,r30_c10,226.0,0.4574898785425101,0.7154927961448311
Nutrition | r30_c10 | Monday,Nutrition,r30_c10,Monday,421,52,True,13:00-13:30,0.7102137767220903,4,0.2897862232779097,258.1967213114754,74.82185273159145,0.2666270783847981,True,True,0.2897862232779097,258.1967213114754,74.82185273159145,0.2666270783847981,0.2897862232779097,258.1967213114754,0.2666270783847981,5.0,0.34248847614265326,4.0,2.9198062698713403,0.6575115238573468,r30_c10,217.0,0.5154394299287411,True,4.0,2.9198062698713403,0.6575115238573468,r30_c10,217.0,0.5154394299287411,0.6575115238573468
Nutrition | r30_c10 | Thursday,Nutrition,r30_c10,Thursday,380,52,True,13:00-13:30,0.6973684210526315,6,0.3026315789473685,272.6086956521739,82.5,0.29605263157894746,True,True,0.3026315789473685,272.6086956521739,82.5,0.29605263157894746,0.3026315789473685,272.6086956521739,0.29605263157894746,5.0,0.38101108033240993,4.0,2.6245955868988333,0.6189889196675901,r30_c10,214.0,0.5631578947368421,True,4.0,2.6245955868988333,0.6189889196675901,r30_c10,214.0,0.5631578947368421,0.6189889196675901
Nutrition | r30_c10 | Tuesday,Nutrition,r30_c10,Tuesday,370,52,True,13:00-13:30,0.7081081081081081,4,0.2918918918918919,280.27777777777777,81.8108108108108,0.28783783783783784,True,True,0.2918918918918919,280.27777777777777,81.8108108108108,0.28783783783783784,0.2918918918918919,280.27777777777777,0.28783783783783784,4.0,0.38623813002191376,3.0,2.589076329525683,0.6137618699780862,r30_c10,210.0,0.5675675675675675,True,3.0,2.589076329525683,0.6137618699780862,r30_c10,210.0,0.5675675675675675,0.6137618699780862
Nutrition | r30_c10 | Wednesday,Nutrition,r30_c10,Wednesday,488,52,True,13:00-13:30,0.7233606557377049,6,0.2766393442622951,246.22222222222226,68.11475409836066,0.24436475409836067,True,True,0.2766393442622951,246.22222222222226,68.11475409836066,0.24436475409836067,0.2766393442622951,246.22222222222226,0.24436475409836067,5.0,0.2859866299381887,4.0,3.4966669603265497,0.7140133700618113,r30_c10,224.0,0.45901639344262296,True,4.0,3.4966669603265497,0.7140133700618113,r30_c10,224.0,0.45901639344262296,0.7140133700618113
Nutrition | r30_c11 | Friday,Nutrition,r30_c11,Friday,82,53,True,08:30-09:00,0.5365853658536586,3,0.46341463414634143,31.57894736842105,14.634146341463413,0.12195121951219512,True,True,0.46341463414634143,31.57894736842105,14.634146341463413,0.12195121951219512,0.46341463414634143,31.57894736842105,0.12195121951219512,1.0,1.0,0.0,1.0,0.0,r30_c10,82.0,1.0,True,0.0,1.0,0.0,r30_c10,82.0,1.0,0.0
Nutrition | r30_c11 | Monday,Nutrition,r30_c11,Monday,80,52,True,08:30-09:00,0.525,2,0.475,30.0,14.25,0.11875,True,True,0.475,30.0,14.25,0.11875,0.475,30.0,0.11875,1.0,1.0,0.0,1.0,0.0,r30_c10,80.0,1.0,True,0.0,1.0,0.0,r30_c10,80.0,1.0,0.0
Nutrition | r30_c11 | Thursday,Nutrition,r30_c11,Thursday,46,43,True,08:00-08:30,0.6086956521739131,2,0.3913043478260869,30.000000000000004,11.73913043478261,0.09782608695652174,True,True,0.3913043478260869,30.000000000000004,11.73913043478261,0.09782608695652174,0.3913043478260869,30.000000000000004,0.09782608695652174,1.0,1.0,0.0,1.0,0.0,r30_c10,46.0,1.0,True,0.0,1.0,0.0,r30_c10,46.0,1.0,0.0
Nutrition | r30_c11 | Tuesday,Nutrition,r30_c11,Tuesday,42,41,True,08:00-08:30,0.6428571428571429,2,0.3571428571428571,30.000000000000007,10.714285714285715,0.08928571428571429,True,True,0.3571428571428571,30.000000000000007,10.714285714285715,0.08928571428571429,0.3571428571428571,30.000000000000007,0.08928571428571429,1.0,1.0,0.0,1.0,0.0,r30_c10,42.0,1.0,True,0.0,1.0,0.0,r30_c10,42.0,1.0,0.0
Nutrition | r30_c11 | Wednesday,Nutrition,r30_c11,Wednesday,84,52,True,08:00-08:30,0.4880952380952381,3,0.5119047619047619,30.0,15.357142857142856,0.12797619047619047,True,True,0.5119047619047619,30.0,15.357142857142856,0.12797619047619047,0.5119047619047619,30.0,0.12797619047619047,1.0,1.0,0.0,1.0,0.0,r30_c10,84.0,1.0,True,0.0,1.0,0.0,r30_c10,84.0,1.0,0.0
Nutrition | r30_c13 | Friday,Nutrition,r30_c13,Friday,66,42,True,08:00-08:30,0.5909090909090909,4,0.40909090909090906,48.88888888888889,20.0,0.16666666666666666,True,True,0.40909090909090906,48.88888888888889,20.0,0.16666666666666666,0.40909090909090906,48.88888888888889,0.16666666666666666,1.0,1.0,0.0,1.0,0.0,r31_c13,66.0,1.0,True,0.0,1.0,0.0,r31_c13,66.0,1.0,0.0
Nutrition | r30_c13 | Monday,Nutrition,r30_c13,Monday,63,41,True,08:00-08:30,0.6031746031746031,3,0.39682539682539686,47.99999999999999,19.047619047619047,0.15873015873015872,True,True,0.39682539682539686,47.99999999999999,19.047619047619047,0.15873015873015872,0.39682539682539686,47.99999999999999,0.15873015873015872,1.0,1.0,0.0,1.0,0.0,r31_c13,63.0,1.0,True,0.0,1.0,0.0,r31_c13,63.0,1.0,0.0
Nutrition | r30_c13 | Thursday,Nutrition,r30_c13,Thursday,62,42,True,08:00-08:30,0.6290322580645161,3,0.3709677419354839,50.869565217391305,18.870967741935484,0.15725806451612903,True,True,0.3709677419354839,50.869565217391305,18.870967741935484,0.15725806451612903,0.3709677419354839,50.869565217391305,0.15725806451612903,1.0,1.0,0.0,1.0,0.0,r31_c13,62.0,1.0,True,0.0,1.0,0.0,r31_c13,62.0,1.0,0.0
Nutrition | r30_c13 | Tuesday,Nutrition,r30_c13,Tuesday,64,41,True,08:00-08:30,0.609375,3,0.390625,50.4,19.6875,0.1640625,True,True,0.390625,50.4,19.6875,0.1640625,0.390625,50.4,0.1640625,1.0,1.0,0.0,1.0,0.0,r31_c13,64.0,1.0,True,0.0,1.0,0.0,r31_c13,64.0,1.0,0.0
Nutrition | r30_c13 | Wednesday,Nutrition,r30_c13,Wednesday,64,42,True,08:00-08:30,0.609375,3,0.390625,48.0,18.75,0.15625,True,True,0.390625,48.0,18.75,0.15625,0.390625,48.0,0.15625,1.0,1.0,0.0,1.0,0.0,r31_c13,64.0,1.0,True,0.0,1.0,0.0,r31_c13,64.0,1.0,0.0
Nutrition | r30_c14 | Friday,Nutrition,r30_c14,Friday,157,53,True,08:00-08:30,0.7452229299363057,4,0.2547770700636943,53.99999999999999,13.757961783439491,0.11464968152866242,True,True,0.2547770700636943,53.99999999999999,13.757961783439491,0.11464968152866242,0.2547770700636943,53.99999999999999,0.11464968152866242,1.0,1.0,0.0,1.0,0.0,r31_c13,157.0,1.0,True,0.0,1.0,0.0,r31_c13,157.0,1.0,0.0
Nutrition | r30_c14 | Monday,Nutrition,r30_c14,Monday,151,52,True,08:00-08:30,0.7483443708609272,3,0.2516556291390728,52.10526315789475,13.112582781456954,0.10927152317880795,True,True,0.2516556291390728,52.10526315789475,13.112582781456954,0.10927152317880795,0.2516556291390728,52.10526315789475,0.10927152317880795,1.0,1.0,0.0,1.0,0.0,r31_c13,151.0,1.0,True,0.0,1.0,0.0,r31_c13,151.0,1.0,0.0
Nutrition | r30_c14 | Thursday,Nutrition,r30_c14,Thursday,146,52,True,08:00-08:30,0.7397260273972602,4,0.26027397260273977,58.42105263157894,15.205479452054794,0.1267123287671233,True,True,0.26027397260273977,58.42105263157894,15.205479452054794,0.1267123287671233,0.26027397260273977,58.42105263157894,0.1267123287671233,1.0,1.0,0.0,1.0,0.0,r31_c13,146.0,1.0,True,0.0,1.0,0.0,r31_c13,146.0,1.0,0.0
Nutrition | r30_c14 | Tuesday,Nutrition,r30_c14,Tuesday,155,52,True,08:00-08:30,0.7096774193548387,3,0.29032258064516125,53.33333333333334,15.483870967741936,0.12903225806451613,True,True,0.29032258064516125,53.33333333333334,15.483870967741936,0.12903225806451613,0.29032258064516125,53.33333333333334,0.12903225806451613,1.0,1.0,0.0,1.0,0.0,r31_c13,155.0,1.0,True,0.0,1.0,0.0,r31_c13,155.0,1.0,0.0
Nutrition | r30_c14 | Wednesday,Nutrition,r30_c14,Wednesday,154,52,True,08:00-08:30,0.7012987012987013,3,0.2987012987012987,52.82608695652174,15.779220779220779,0.1314935064935065,True,True,0.2987012987012987,52.82608695652174,15.779220779220779,0.1314935064935065,0.2987012987012987,52.82608695652174,0.1314935064935065,1.0,1.0,0.0,1.0,0.0,r31_c13,154.0,1.0,True,0.0,1.0,0.0,r31_c13,154.0,1.0,0.0
Nutrition | r30_c15 | Friday,Nutrition,r30_c15,Friday,62,53,True,07:30-08:00,0.9354838709677419,3,0.06451612903225812,44.999999999999964,2.903225806451613,0.024193548387096774,True,True,0.06451612903225812,44.999999999999964,2.903225806451613,0.024193548387096774,0.06451612903225812,44.999999999999964,0.024193548387096774,1.0,1.0,0.0,1.0,0.0,r28_c16,62.0,1.0,True,0.0,1.0,0.0,r28_c16,62.0,1.0,0.0
Nutrition | r30_c15 | Monday,Nutrition,r30_c15,Monday,60,52,True,07:30-08:00,0.9333333333333333,3,0.06666666666666665,45.00000000000001,3.0,0.025,True,True,0.06666666666666665,45.00000000000001,3.0,0.025,0.06666666666666665,45.00000000000001,0.025,1.0,1.0,0.0,1.0,0.0,r28_c16,60.0,1.0,True,0.0,1.0,0.0,r28_c16,60.0,1.0,0.0
Nutrition | r30_c15 | Thursday,Nutrition,r30_c15,Thursday,34,32,True,07:30-08:00,0.9705882352941176,2,0.02941176470588236,29.999999999999993,0.8823529411764706,0.007352941176470588,True,True,0.02941176470588236,29.999999999999993,0.8823529411764706,0.007352941176470588,0.02941176470588236,29.999999999999993,0.007352941176470588,1.0,1.0,0.0,1.0,0.0,r28_c16,34.0,1.0,True,0.0,1.0,0.0,r28_c16,34.0,1.0,0.0
Nutrition | r30_c15 | Tuesday,Nutrition,r30_c15,Tuesday,33,31,True,07:30-08:00,0.9393939393939394,2,0.06060606060606055,30.00000000000003,1.8181818181818183,0.015151515151515154,True,True,0.06060606060606055,30.00000000000003,1.8181818181818183,0.015151515151515154,0.06060606060606055,30.00000000000003,0.015151515151515154,1.0,1.0,0.0,1.0,0.0,r28_c16,33.0,1.0,True,0.0,1.0,0.0,r28_c16,33.0,1.0,0.0
Nutrition | r30_c15 | Wednesday,Nutrition,r30_c15,Wednesday,65,52,True,07:30-08:00,0.9384615384615385,2,0.06153846153846154,30.0,1.8461538461538463,0.015384615384615385,True,True,0.06153846153846154,30.0,1.8461538461538463,0.015384615384615385,0.06153846153846154,30.0,0.015384615384615385,1.0,1.0,0.0,1.0,0.0,r28_c16,65.0,1.0,True,0.0,1.0,0.0,r28_c16,65.0,1.0,0.0
Nutrition | r30_c16 | Friday,Nutrition,r30_c16,Friday,156,53,True,07:30-08:00,0.3782051282051282,6,0.6217948717948718,47.93814432989691,29.807692307692307,0.24358974358974358,True,True,0.6217948717948718,47.93814432989691,29.807692307692307,0.24358974358974358,0.6217948717948718,47.93814432989691,0.24358974358974358,2.0,0.5841551610782381,1.0,1.7118739448508722,0.41584483892176194,r31_c15,110.0,0.7051282051282052,True,1.0,1.7118739448508722,0.41584483892176194,r31_c15,110.0,0.7051282051282052,0.41584483892176194
Nutrition | r30_c16 | Monday,Nutrition,r30_c16,Monday,101,52,True,08:00-08:30,0.43564356435643564,4,0.5643564356435644,31.57894736842104,17.821782178217816,0.14851485148514848,True,True,0.5643564356435644,31.57894736842104,17.821782178217816,0.14851485148514848,0.5643564356435644,31.57894736842104,0.14851485148514848,2.0,0.6376825801392021,1.0,1.5681783243658722,0.3623174198607979,r31_c15,77.0,0.7623762376237624,True,1.0,1.5681783243658722,0.3623174198607979,r31_c15,77.0,0.7623762376237624,0.3623174198607979
Nutrition | r30_c16 | Thursday,Nutrition,r30_c16,Thursday,62,34,True,07:30-08:00,0.6612903225806451,3,0.33870967741935487,52.85714285714285,17.903225806451612,0.14919354838709678,True,True,0.33870967741935487,52.85714285714285,17.903225806451612,0.14919354838709678,0.33870967741935487,52.85714285714285,0.14919354838709678,2.0,0.5520291363163371,1.0,1.8114985862393969,0.4479708636836629,r28_c16,41.0,0.6612903225806451,True,1.0,1.8114985862393969,0.4479708636836629,r28_c16,41.0,0.6612903225806451,0.4479708636836629
Nutrition | r30_c16 | Tuesday,Nutrition,r30_c16,Tuesday,73,37,True,07:30-08:00,0.6301369863013698,3,0.36986301369863017,54.44444444444443,20.13698630136986,0.1678082191780822,True,True,0.36986301369863017,54.44444444444443,20.13698630136986,0.1678082191780822,0.36986301369863017,54.44444444444443,0.1678082191780822,2.0,0.5158566335147308,1.0,1.9385230993088394,0.48414336648526923,r28_c16,43.0,0.589041095890411,True,1.0,1.9385230993088394,0.48414336648526923,r28_c16,43.0,0.589041095890411,0.48414336648526923
Nutrition | r30_c16 | Wednesday,Nutrition,r30_c16,Wednesday,127,52,True,08:30-09:00,0.3464566929133858,5,0.6535433070866141,47.71084337349398,31.181102362204722,0.25984251968503935,True,True,0.6535433070866141,47.71084337349398,31.181102362204722,0.25984251968503935,0.6535433070866141,47.71084337349398,0.25984251968503935,2.0,0.6743753487506976,1.0,1.4828537280500136,0.3256246512493024,r31_c15,101.0,0.7952755905511811,True,1.0,1.4828537280500136,0.3256246512493024,r31_c15,101.0,0.7952755905511811,0.3256246512493024
Nutrition | r30_c18 | Friday,Nutrition,r30_c18,Friday,109,53,True,08:30-09:00,0.981651376146789,2,0.01834862385321101,30.0,0.5504587155963303,0.0045871559633027525,True,True,0.01834862385321101,30.0,0.5504587155963303,0.0045871559633027525,0.01834862385321101,30.0,0.0045871559633027525,1.0,1.0,0.0,1.0,0.0,r32_c20,109.0,1.0,True,0.0,1.0,0.0,r32_c20,109.0,1.0,0.0
Nutrition | r30_c18 | Monday,Nutrition,r30_c18,Monday,59,52,True,08:30-09:00,1.0,1,0.0,,0.0,0.0,True,True,0.0,,0.0,0.0,0.0,,0.0,1.0,1.0,0.0,1.0,0.0,r32_c20,59.0,1.0,True,0.0,1.0,0.0,r32_c20,59.0,1.0,0.0
Nutrition | r30_c18 | Thursday,Nutrition,r30_c18,Thursday,163,52,True,08:30-09:00,1.0,1,0.0,,0.0,0.0,True,True,0.0,,0.0,0.0,0.0,,0.0,1.0,1.0,0.0,1.0,0.0,r32_c20,163.0,1.0,True,0.0,1.0,0.0,r32_c20,163.0,1.0,0.0
Nutrition | r30_c18 | Tuesday,Nutrition,r30_c18,Tuesday,162,52,True,08:30-09:00,0.9938271604938271,2,0.006172839506172867,29.999999999999865,0.18518518518518517,0.0015432098765432098,True,True,0.006172839506172867,29.999999999999865,0.18518518518518517,0.0015432098765432098,0.006172839506172867,29.999999999999865,0.0015432098765432098,1.0,1.0,0.0,1.0,0.0,r32_c20,162.0,1.0,True,0.0,1.0,0.0,r32_c20,162.0,1.0,0.0
Nutrition | r30_c18 | Wednesday,Nutrition,r30_c18,Wednesday,115,52,True,08:30-09:00,0.9739130434782609,2,0.02608695652173909,30.000000000000043,0.7826086956521738,0.006521739130434782,True,True,0.02608695652173909,30.000000000000043,0.7826086956521738,0.006521739130434782,0.02608695652173909,30.000000000000043,0.006521739130434782,1.0,1.0,0.0,1.0,0.0,r32_c20,115.0,1.0,True,0.0,1.0,0.0,r32_c20,115.0,1.0,0.0
Nutrition | r30_c19 | Friday,Nutrition,r30_c19,Friday,1,1,True,08:00-08:30,1.0,1,0.0,,0.0,0.0,False,False,,,,,,,,1.0,1.0,0.0,1.0,0.0,r32_c20,1.0,1.0,False,,,,,,,
Nutrition | r30_c19 | Thursday,Nutrition,r30_c19,Thursday,6,6,True,08:30-09:00,1.0,1,0.0,,0.0,0.0,False,False,,,,,,,,1.0,1.0,0.0,1.0,0.0,r32_c20,6.0,1.0,False,,,,,,,
Nutrition | r30_c19 | Tuesday,Nutrition,r30_c19,Tuesday,6,6,True,08:30-09:00,1.0,1,0.0,,0.0,0.0,False,False,,,,,,,,1.0,1.0,0.0,1.0,0.0,r32_c20,6.0,1.0,False,,,,,,,
Nutrition | r30_c19 | Wednesday,Nutrition,r30_c19,Wednesday,6,6,True,08:30-09:00,1.0,1,0.0,,0.0,0.0,False,False,,,,,,,,1.0,1.0,0.0,1.0,0.0,r32_c20,6.0,1.0,False,,,,,,,
Nutrition | r31_c10 | Friday,Nutrition,r31_c10,Friday,59,53,True,08:00-08:30,0.9322033898305084,3,0.06779661016949157,29.99999999999998,2.0338983050847457,0.01694915254237288,True,True,0.06779661016949157,29.99999999999998,2.0338983050847457,0.01694915254237288,0.06779661016949157,29.99999999999998,0.01694915254237288,1.0,1.0,0.0,1.0,0.0,r30_c10,59.0,1.0,True,0.0,1.0,0.0,r30_c10,59.0,1.0,0.0
Nutrition | r31_c10 | Monday,Nutrition,r31_c10,Monday,55,52,True,08:00-08:30,0.9818181818181818,2,0.018181818181818188,29.99999999999999,0.5454545454545454,0.004545454545454545,True,True,0.018181818181818188,29.99999999999999,0.5454545454545454,0.004545454545454545,0.018181818181818188,29.99999999999999,0.004545454545454545,1.0,1.0,0.0,1.0,0.0,r30_c10,55.0,1.0,True,0.0,1.0,0.0,r30_c10,55.0,1.0,0.0
Nutrition | r31_c10 | Thursday,Nutrition,r31_c10,Thursday,55,52,True,08:00-08:30,1.0,1,0.0,,0.0,0.0,True,True,0.0,,0.0,0.0,0.0,,0.0,1.0,1.0,0.0,1.0,0.0,r30_c10,55.0,1.0,True,0.0,1.0,0.0,r30_c10,55.0,1.0,0.0
Nutrition | r31_c10 | Tuesday,Nutrition,r31_c10,Tuesday,55,52,True,08:00-08:30,1.0,1,0.0,,0.0,0.0,True,True,0.0,,0.0,0.0,0.0,,0.0,1.0,1.0,0.0,1.0,0.0,r30_c10,55.0,1.0,True,0.0,1.0,0.0,r30_c10,55.0,1.0,0.0
Nutrition | r31_c10 | Wednesday,Nutrition,r31_c10,Wednesday,58,52,True,08:00-08:30,0.9655172413793104,3,0.03448275862068961,45.000000000000064,1.5517241379310347,0.01293103448275862,True,True,0.03448275862068961,45.000000000000064,1.5517241379310347,0.01293103448275862,0.03448275862068961,45.000000000000064,0.01293103448275862,1.0,1.0,0.0,1.0,0.0,r30_c10,58.0,1.0,True,0.0,1.0,0.0,r30_c10,58.0,1.0,0.0
Nutrition | r31_c12 | Friday,Nutrition,r31_c12,Friday,20,17,True,08:00-08:30,0.75,3,0.25,30.0,7.5,0.0625,True,True,0.25,30.0,7.5,0.0625,0.25,30.0,0.0625,1.0,1.0,0.0,1.0,0.0,r31_c13,20.0,1.0,True,0.0,1.0,0.0,r31_c13,20.0,1.0,0.0
Nutrition | r31_c12 | Monday,Nutrition,r31_c12,Monday,17,16,True,08:00-08:30,0.8235294117647058,2,0.17647058823529416,29.999999999999996,5.294117647058824,0.04411764705882353,True,True,0.17647058823529416,29.999999999999996,5.294117647058824,0.04411764705882353,0.17647058823529416,29.999999999999996,0.04411764705882353,1.0,1.0,0.0,1.0,0.0,r31_c13,17.0,1.0,True,0.0,1.0,0.0,r31_c13,17.0,1.0,0.0
Nutrition | r31_c12 | Saturday,Nutrition,r31_c12,Saturday,1,1,True,08:00-08:30,1.0,1,0.0,,0.0,0.0,False,False,,,,,,,,1.0,1.0,0.0,1.0,0.0,r31_c13,1.0,1.0,False,,,,,,,
Nutrition | r31_c12 | Sunday,Nutrition,r31_c12,Sunday,1,1,True,08:00-08:30,1.0,1,0.0,,0.0,0.0,False,False,,,,,,,,1.0,1.0,0.0,1.0,0.0,r31_c13,1.0,1.0,False,,,,,,,
Nutrition | r31_c12 | Thursday,Nutrition,r31_c12,Thursday,19,17,True,08:00-08:30,0.7894736842105263,2,0.21052631578947367,30.000000000000004,6.315789473684211,0.052631578947368425,True,True,0.21052631578947367,30.000000000000004,6.315789473684211,0.052631578947368425,0.21052631578947367,30.000000000000004,0.052631578947368425,1.0,1.0,0.0,1.0,0.0,r31_c13,19.0,1.0,True,0.0,1.0,0.0,r31_c13,19.0,1.0,0.0
Nutrition | r31_c12 | Tuesday,Nutrition,r31_c12,Tuesday,22,17,True,08:00-08:30,0.6818181818181818,3,0.31818181818181823,38.57142857142857,12.272727272727273,0.10227272727272727,True,True,0.31818181818181823,38.57142857142857,12.272727272727273,0.10227272727272727,0.31818181818181823,38.57142857142857,0.10227272727272727,1.0,1.0,0.0,1.0,0.0,r31_c13,22.0,1.0,True,0.0,1.0,0.0,r31_c13,22.0,1.0,0.0
Nutrition | r31_c12 | Wednesday,Nutrition,r31_c12,Wednesday,21,17,True,08:00-08:30,0.7142857142857143,2,0.2857142857142857,30.0,8.571428571428571,0.07142857142857142,True,True,0.2857142857142857,30.0,8.571428571428571,0.07142857142857142,0.2857142857142857,30.0,0.07142857142857142,1.0,1.0,0.0,1.0,0.0,r31_c13,21.0,1.0,True,0.0,1.0,0.0,r31_c13,21.0,1.0,0.0
Nutrition | r31_c13 | Friday,Nutrition,r31_c13,Friday,492,53,True,13:00-13:30,0.7073170731707317,11,0.29268292682926833,116.45833333333331,34.08536585365854,0.1509146341463415,True,True,0.29268292682926833,116.45833333333331,34.08536585365854,0.1509146341463415,0.29268292682926833,116.45833333333331,0.1509146341463415,10.0,0.20074856236367242,9.0,4.981355722928757,0.7992514376363276,r30_c14,150.0,0.3048780487804878,True,9.0,4.981355722928757,0.7992514376363276,r30_c14,150.0,0.3048780487804878,0.7992514376363276
Nutrition | r31_c13 | Monday,Nutrition,r31_c13,Monday,572,52,True,13:00-13:30,0.7045454545454546,7,0.2954545454545454,93.55029585798819,27.639860139860144,0.13024475524475523,True,True,0.2954545454545454,93.55029585798819,27.639860139860144,0.13024475524475523,0.2954545454545454,93.55029585798819,0.13024475524475523,9.0,0.19275392439728103,8.0,5.187961817778201,0.807246075602719,r33_c13,160.0,0.27972027972027974,True,8.0,5.187961817778201,0.807246075602719,r33_c13,160.0,0.27972027972027974,0.807246075602719
Nutrition | r31_c13 | Thursday,Nutrition,r31_c13,Thursday,534,52,True,13:00-13:30,0.7116104868913857,9,0.28838951310861427,103.24675324675323,29.775280898876403,0.13623595505617977,True,True,0.28838951310861427,103.24675324675323,29.775280898876403,0.13623595505617977,0.28838951310861427,103.24675324675323,0.13623595505617977,9.0,0.18145155634109048,8.0,5.511112829036374,0.8185484436589096,r30_c14,141.0,0.2640449438202247,True,8.0,5.511112829036374,0.8185484436589096,r30_c14,141.0,0.2640449438202247,0.8185484436589096
Nutrition | r31_c13 | Tuesday,Nutrition,r31_c13,Tuesday,630,52,True,13:00-13:30,0.7063492063492064,8,0.2936507936507936,93.08108108108111,27.333333333333336,0.12936507936507935,True,True,0.2936507936507936,93.08108108108111,27.333333333333336,0.12936507936507935,0.2936507936507936,93.08108108108111,0.12936507936507935,9.0,0.1746132527084908,8.0,5.726942167840241,0.8253867472915092,r33_c13,161.0,0.25555555555555554,True,8.0,5.726942167840241,0.8253867472915092,r33_c13,161.0,0.25555555555555554,0.8253867472915092
Nutrition | r31_c13 | Wednesday,Nutrition,r31_c13,Wednesday,566,52,True,13:00-13:30,0.7102473498233216,7,0.2897526501766784,96.95121951219514,28.091872791519435,0.13074204946996468,True,True,0.2897526501766784,96.95121951219514,28.091872791519435,0.13074204946996468,0.2897526501766784,96.95121951219514,0.13074204946996468,9.0,0.19182409569354092,8.0,5.213109418733321,0.8081759043064591,r33_c13,158.0,0.2791519434628975,True,8.0,5.213109418733321,0.8081759043064591,r33_c13,158.0,0.2791519434628975,0.8081759043064591
Nutrition | r31_c14 | Friday,Nutrition,r31_c14,Friday,20,18,True,08:00-08:30,0.95,2,0.050000000000000044,59.99999999999995,3.0,0.025,True,True,0.050000000000000044,59.99999999999995,3.0,0.025,0.050000000000000044,59.99999999999995,0.025,1.0,1.0,0.0,1.0,0.0,r31_c13,20.0,1.0,True,0.0,1.0,0.0,r31_c13,20.0,1.0,0.0
Nutrition | r31_c14 | Monday,Nutrition,r31_c14,Monday,77,52,True,08:00-08:30,0.7402597402597403,4,0.2597402597402597,58.5,15.194805194805193,0.1266233766233766,True,True,0.2597402597402597,58.5,15.194805194805193,0.1266233766233766,0.2597402597402597,58.5,0.1266233766233766,1.0,1.0,0.0,1.0,0.0,r31_c13,77.0,1.0,True,0.0,1.0,0.0,r31_c13,77.0,1.0,0.0
Nutrition | r31_c14 | Thursday,Nutrition,r31_c14,Thursday,19,17,True,08:00-08:30,0.9473684210526315,2,0.052631578947368474,59.99999999999994,3.1578947368421053,0.026315789473684213,True,True,0.052631578947368474,59.99999999999994,3.1578947368421053,0.026315789473684213,0.052631578947368474,59.99999999999994,0.026315789473684213,1.0,1.0,0.0,1.0,0.0,r31_c13,19.0,1.0,True,0.0,1.0,0.0,r31_c13,19.0,1.0,0.0
Nutrition | r31_c14 | Tuesday,Nutrition,r31_c14,Tuesday,84,52,True,08:00-08:30,0.6666666666666666,4,0.33333333333333337,55.7142857142857,18.57142857142857,0.15476190476190474,True,True,0.33333333333333337,55.7142857142857,18.57142857142857,0.15476190476190474,0.33333333333333337,55.7142857142857,0.15476190476190474,1.0,1.0,0.0,1.0,0.0,r31_c13,84.0,1.0,True,0.0,1.0,0.0,r31_c13,84.0,1.0,0.0
Nutrition | r31_c14 | Wednesday,Nutrition,r31_c14,Wednesday,82,52,True,08:00-08:30,0.6951219512195121,3,0.30487804878048785,60.0,18.292682926829272,0.15243902439024393,True,True,0.30487804878048785,60.0,18.292682926829272,0.15243902439024393,0.30487804878048785,60.0,0.15243902439024393,1.0,1.0,0.0,1.0,0.0,r31_c13,82.0,1.0,True,0.0,1.0,0.0,r31_c13,82.0,1.0,0.0
Nutrition | r31_c15 | Friday,Nutrition,r31_c15,Friday,280,53,True,12:30-13:00,0.5892857142857143,6,0.4107142857142857,46.69565217391304,19.178571428571427,0.15982142857142856,True,True,0.4107142857142857,46.69565217391304,19.178571428571427,0.15982142857142856,0.4107142857142857,46.69565217391304,0.15982142857142856,3.0,0.531734693877551,2.0,1.8806371137977356,0.468265306122449,r31_c16,178.0,0.6357142857142857,True,2.0,1.8806371137977356,0.468265306122449,r31_c16,178.0,0.6357142857142857,0.468265306122449
Nutrition | r31_c15 | Monday,Nutrition,r31_c15,Monday,250,52,True,12:30-13:00,0.656,4,0.344,55.11627906976745,18.96,0.158,True,True,0.344,55.11627906976745,18.96,0.158,0.344,55.11627906976745,0.158,3.0,0.588896,2.0,1.6980927022768029,0.411104,r31_c16,179.0,0.716,True,2.0,1.6980927022768029,0.411104,r31_c16,179.0,0.716,0.411104
Nutrition | r31_c15 | Thursday,Nutrition,r31_c15,Thursday,103,52,True,13:00-13:30,0.42718446601941745,8,0.5728155339805825,52.372881355932215,30.000000000000004,0.22330097087378636,True,True,0.5728155339805825,52.372881355932215,30.000000000000004,0.22330097087378636,0.5728155339805825,52.372881355932215,0.22330097087378636,4.0,0.6323875954378357,3.0,1.5813086898196453,0.36761240456216426,r31_c16,80.0,0.7766990291262136,True,3.0,1.5813086898196453,0.36761240456216426,r31_c16,80.0,0.7766990291262136,0.36761240456216426
Nutrition | r31_c15 | Tuesday,Nutrition,r31_c15,Tuesday,100,52,True,12:30-13:00,0.52,6,0.48,56.87499999999999,27.299999999999997,0.1975,True,True,0.48,56.87499999999999,27.299999999999997,0.1975,0.48,56.87499999999999,0.1975,4.0,0.5522,3.0,1.8109380659181455,0.4478,r31_c16,71.0,0.71,True,3.0,1.8109380659181455,0.4478,r31_c16,71.0,0.71,0.4478
Nutrition | r31_c15 | Wednesday,Nutrition,r31_c15,Wednesday,234,52,True,12:30-13:00,0.6965811965811965,6,0.30341880341880345,63.38028169014083,19.23076923076923,0.14743589743589744,True,True,0.30341880341880345,63.38028169014083,19.23076923076923,0.14743589743589744,0.30341880341880345,63.38028169014083,0.14743589743589744,4.0,0.4899554386733874,3.0,2.0410019382734457,0.5100445613266126,r31_c16,138.0,0.5897435897435898,True,3.0,2.0410019382734457,0.5100445613266126,r31_c16,138.0,0.5897435897435898,0.5100445613266126
Nutrition | r31_c16 | Friday,Nutrition,r31_c16,Friday,187,53,True,08:00-08:30,0.47058823529411764,5,0.5294117647058824,32.72727272727273,17.32620320855615,0.1443850267379679,True,True,0.5294117647058824,32.72727272727273,17.32620320855615,0.1443850267379679,0.5294117647058824,32.72727272727273,0.1443850267379679,1.0,1.0,0.0,1.0,0.0,r31_c15,187.0,1.0,True,0.0,1.0,0.0,r31_c15,187.0,1.0,0.0
Nutrition | r31_c16 | Monday,Nutrition,r31_c16,Monday,201,52,True,08:30-09:00,0.5223880597014925,4,0.4776119402985075,36.24999999999999,17.313432835820894,0.14427860696517414,True,True,0.4776119402985075,36.24999999999999,17.313432835820894,0.14427860696517414,0.4776119402985075,36.24999999999999,0.14427860696517414,1.0,1.0,0.0,1.0,0.0,r31_c15,201.0,1.0,True,0.0,1.0,0.0,r31_c15,201.0,1.0,0.0
Nutrition | r31_c16 | Thursday,Nutrition,r31_c16,Thursday,90,52,True,08:00-08:30,0.5111111111111111,4,0.48888888888888893,31.363636363636363,15.333333333333334,0.12777777777777777,True,True,0.48888888888888893,31.363636363636363,15.333333333333334,0.12777777777777777,0.48888888888888893,31.363636363636363,0.12777777777777777,1.0,1.0,0.0,1.0,0.0,r31_c15,90.0,1.0,True,0.0,1.0,0.0,r31_c15,90.0,1.0,0.0
Nutrition | r31_c16 | Tuesday,Nutrition,r31_c16,Tuesday,82,52,True,08:00-08:30,0.5365853658536586,4,0.46341463414634143,30.789473684210527,14.268292682926829,0.11890243902439025,True,True,0.46341463414634143,30.789473684210527,14.268292682926829,0.11890243902439025,0.46341463414634143,30.789473684210527,0.11890243902439025,1.0,1.0,0.0,1.0,0.0,r31_c15,82.0,1.0,True,0.0,1.0,0.0,r31_c15,82.0,1.0,0.0
Nutrition | r31_c16 | Wednesday,Nutrition,r31_c16,Wednesday,147,52,True,08:30-09:00,0.5306122448979592,5,0.4693877551020408,35.21739130434783,16.53061224489796,0.13775510204081634,True,True,0.4693877551020408,35.21739130434783,16.53061224489796,0.13775510204081634,0.4693877551020408,35.21739130434783,0.13775510204081634,1.0,1.0,0.0,1.0,0.0,r31_c15,147.0,1.0,True,0.0,1.0,0.0,r31_c15,147.0,1.0,0.0
Nutrition | r31_c18 | Friday,Nutrition,r31_c18,Friday,60,53,True,08:00-08:30,1.0,1,0.0,,0.0,0.0,True,True,0.0,,0.0,0.0,0.0,,0.0,1.0,1.0,0.0,1.0,0.0,r32_c20,60.0,1.0,True,0.0,1.0,0.0,r32_c20,60.0,1.0,0.0
Nutrition | r31_c18 | Monday,Nutrition,r31_c18,Monday,59,52,True,08:00-08:30,1.0,1,0.0,,0.0,0.0,True,True,0.0,,0.0,0.0,0.0,,0.0,1.0,1.0,0.0,1.0,0.0,r32_c20,59.0,1.0,True,0.0,1.0,0.0,r32_c20,59.0,1.0,0.0
Nutrition | r31_c18 | Thursday,Nutrition,r31_c18,Thursday,114,52,True,08:00-08:30,0.9912280701754386,2,0.00877192982456143,29.999999999999904,0.2631578947368421,0.0021929824561403508,True,True,0.00877192982456143,29.999999999999904,0.2631578947368421,0.0021929824561403508,0.00877192982456143,29.999999999999904,0.0021929824561403508,1.0,1.0,0.0,1.0,0.0,r32_c20,114.0,1.0,True,0.0,1.0,0.0,r32_c20,114.0,1.0,0.0
Nutrition | r31_c18 | Tuesday,Nutrition,r31_c18,Tuesday,117,52,True,08:00-08:30,1.0,1,0.0,,0.0,0.0,True,True,0.0,,0.0,0.0,0.0,,0.0,1.0,1.0,0.0,1.0,0.0,r32_c20,117.0,1.0,True,0.0,1.0,0.0,r32_c20,117.0,1.0,0.0
Nutrition | r31_c19 | Friday,Nutrition,r31_c19,Friday,57,53,True,08:30-09:00,0.9824561403508771,2,0.01754385964912286,29.999999999999904,0.5263157894736842,0.0043859649122807015,True,True,0.01754385964912286,29.999999999999904,0.5263157894736842,0.0043859649122807015,0.01754385964912286,29.999999999999904,0.0043859649122807015,1.0,1.0,0.0,1.0,0.0,r32_c20,57.0,1.0,True,0.0,1.0,0.0,r32_c20,57.0,1.0,0.0
Nutrition | r31_c19 | Monday,Nutrition,r31_c19,Monday,56,51,True,08:30-09:00,1.0,1,0.0,,0.0,0.0,True,True,0.0,,0.0,0.0,0.0,,0.0,1.0,1.0,0.0,1.0,0.0,r32_c20,56.0,1.0,True,0.0,1.0,0.0,r32_c20,56.0,1.0,0.0
Nutrition | r31_c19 | Thursday,Nutrition,r31_c19,Thursday,2,2,True,08:30-09:00,1.0,1,0.0,,0.0,0.0,False,False,,,,,,,,1.0,1.0,0.0,1.0,0.0,r32_c20,2.0,1.0,False,,,,,,,
Nutrition | r31_c19 | Tuesday,Nutrition,r31_c19,Tuesday,3,3,True,08:30-09:00,1.0,1,0.0,,0.0,0.0,False,False,,,,,,,,1.0,1.0,0.0,1.0,0.0,r32_c20,3.0,1.0,False,,,,,,,
Nutrition | r31_c19 | Wednesday,Nutrition,r31_c19,Wednesday,59,52,True,08:30-09:00,0.9491525423728814,3,0.05084745762711862,90.00000000000004,4.576271186440678,0.038135593220338986,True,True,0.05084745762711862,90.00000000000004,4.576271186440678,0.038135593220338986,0.05084745762711862,90.00000000000004,0.038135593220338986,1.0,1.0,0.0,1.0,0.0,r32_c20,59.0,1.0,True,0.0,1.0,0.0,r32_c20,59.0,1.0,0.0
Nutrition | r31_c20 | Thursday,Nutrition,r31_c20,Thursday,26,25,True,08:30-09:00,1.0,1,0.0,,0.0,0.0,True,True,0.0,,0.0,0.0,0.0,,0.0,1.0,1.0,0.0,1.0,0.0,r32_c20,26.0,1.0,True,0.0,1.0,0.0,r32_c20,26.0,1.0,0.0
Nutrition | r31_c20 | Wednesday,Nutrition,r31_c20,Wednesday,27,25,True,08:30-09:00,0.9629629629629629,2,0.03703703703703709,29.999999999999957,1.1111111111111112,0.00925925925925926,True,True,0.03703703703703709,29.999999999999957,1.1111111111111112,0.00925925925925926,0.03703703703703709,29.999999999999957,0.00925925925925926,1.0,1.0,0.0,1.0,0.0,r32_c20,27.0,1.0,True,0.0,1.0,0.0,r32_c20,27.0,1.0,0.0
Nutrition | r31_c9 | Friday,Nutrition,r31_c9,Friday,56,53,True,08:00-08:30,0.5178571428571429,2,0.4821428571428571,30.000000000000004,14.464285714285715,0.12053571428571429,True,True,0.4821428571428571,30.000000000000004,14.464285714285715,0.12053571428571429,0.4821428571428571,30.000000000000004,0.12053571428571429,1.0,1.0,0.0,1.0,0.0,r30_c10,56.0,1.0,True,0.0,1.0,0.0,r30_c10,56.0,1.0,0.0
Nutrition | r31_c9 | Monday,Nutrition,r31_c9,Monday,2,1,True,08:00-08:30,0.5,2,0.5,30.0,15.0,0.125,False,False,,,,,,,,1.0,1.0,0.0,1.0,0.0,r30_c10,2.0,1.0,False,,,,,,,
Nutrition | r31_c9 | Thursday,Nutrition,r31_c9,Thursday,1,1,True,08:30-09:00,1.0,1,0.0,,0.0,0.0,False,False,,,,,,,,1.0,1.0,0.0,1.0,0.0,r30_c10,1.0,1.0,False,,,,,,,
Nutrition | r31_c9 | Wednesday,Nutrition,r31_c9,Wednesday,64,52,True,08:00-08:30,0.46875,6,0.53125,49.411764705882355,26.25,0.20703125,True,True,0.53125,49.411764705882355,26.25,0.20703125,0.53125,49.411764705882355,0.20703125,1.0,1.0,0.0,1.0,0.0,r30_c10,64.0,1.0,True,0.0,1.0,0.0,r30_c10,64.0,1.0,0.0
Nutrition | r32_c11 | Tuesday,Nutrition,r32_c11,Tuesday,1,1,True,09:00-09:30,1.0,1,0.0,,0.0,0.0,False,False,,,,,,,,1.0,1.0,0.0,1.0,0.0,r27_c17,1.0,1.0,False,,,,,,,
Nutrition | r32_c13 | Friday,Nutrition,r32_c13,Friday,26,24,True,08:00-08:30,0.6153846153846154,3,0.3846153846153846,33.00000000000001,12.692307692307693,0.10576923076923077,True,True,0.3846153846153846,33.00000000000001,12.692307692307693,0.10576923076923077,0.3846153846153846,33.00000000000001,0.10576923076923077,1.0,1.0,0.0,1.0,0.0,r31_c13,26.0,1.0,True,0.0,1.0,0.0,r31_c13,26.0,1.0,0.0
Nutrition | r32_c13 | Monday,Nutrition,r32_c13,Monday,26,22,True,08:00-08:30,0.6923076923076923,2,0.3076923076923077,30.0,9.230769230769232,0.07692307692307693,True,True,0.3076923076923077,30.0,9.230769230769232,0.07692307692307693,0.3076923076923077,30.0,0.07692307692307693,1.0,1.0,0.0,1.0,0.0,r31_c13,26.0,1.0,True,0.0,1.0,0.0,r31_c13,26.0,1.0,0.0
Nutrition | r32_c13 | Thursday,Nutrition,r32_c13,Thursday,79,52,True,08:30-09:00,0.4177215189873418,4,0.5822784810126582,44.34782608695652,25.822784810126585,0.2151898734177215,True,True,0.5822784810126582,44.34782608695652,25.822784810126585,0.2151898734177215,0.5822784810126582,44.34782608695652,0.2151898734177215,1.0,1.0,0.0,1.0,0.0,r31_c13,79.0,1.0,True,0.0,1.0,0.0,r31_c13,79.0,1.0,0.0
Nutrition | r32_c13 | Tuesday,Nutrition,r32_c13,Tuesday,84,52,True,08:30-09:00,0.4523809523809524,4,0.5476190476190477,43.043478260869556,23.57142857142857,0.19642857142857142,True,True,0.5476190476190477,43.043478260869556,23.57142857142857,0.19642857142857142,0.5476190476190477,43.043478260869556,0.19642857142857142,1.0,1.0,0.0,1.0,0.0,r31_c13,84.0,1.0,True,0.0,1.0,0.0,r31_c13,84.0,1.0,0.0
Nutrition | r32_c13 | Wednesday,Nutrition,r32_c13,Wednesday,23,21,True,08:00-08:30,0.6521739130434783,2,0.34782608695652173,30.0,10.434782608695652,0.08695652173913043,True,True,0.34782608695652173,30.0,10.434782608695652,0.08695652173913043,0.34782608695652173,30.0,0.08695652173913043,1.0,1.0,0.0,1.0,0.0,r31_c13,23.0,1.0,True,0.0,1.0,0.0,r31_c13,23.0,1.0,0.0
Nutrition | r32_c14 | Friday,Nutrition,r32_c14,Friday,19,8,True,09:00-09:30,0.631578947368421,4,0.368421052631579,68.57142857142857,25.263157894736842,0.21052631578947367,True,True,0.368421052631579,68.57142857142857,25.263157894736842,0.21052631578947367,0.368421052631579,68.57142857142857,0.21052631578947367,1.0,1.0,0.0,1.0,0.0,r31_c13,19.0,1.0,True,0.0,1.0,0.0,r31_c13,19.0,1.0,0.0
Nutrition | r32_c14 | Monday,Nutrition,r32_c14,Monday,14,7,True,09:00-09:30,0.7142857142857143,3,0.2857142857142857,75.0,21.428571428571427,0.17857142857142855,True,True,0.2857142857142857,75.0,21.428571428571427,0.17857142857142855,0.2857142857142857,75.0,0.17857142857142855,1.0,1.0,0.0,1.0,0.0,r31_c13,14.0,1.0,True,0.0,1.0,0.0,r31_c13,14.0,1.0,0.0
Nutrition | r32_c14 | Thursday,Nutrition,r32_c14,Thursday,15,8,True,09:00-09:30,0.6666666666666666,3,0.33333333333333337,77.99999999999999,26.0,0.21666666666666667,True,True,0.33333333333333337,77.99999999999999,26.0,0.21666666666666667,0.33333333333333337,77.99999999999999,0.21666666666666667,1.0,1.0,0.0,1.0,0.0,r31_c13,15.0,1.0,True,0.0,1.0,0.0,r31_c13,15.0,1.0,0.0
Nutrition | r32_c14 | Tuesday,Nutrition,r32_c14,Tuesday,17,7,True,09:00-09:30,0.5294117647058824,3,0.47058823529411764,52.5,24.705882352941178,0.20588235294117646,True,True,0.47058823529411764,52.5,24.705882352941178,0.20588235294117646,0.47058823529411764,52.5,0.20588235294117646,1.0,1.0,0.0,1.0,0.0,r31_c13,17.0,1.0,True,0.0,1.0,0.0,r31_c13,17.0,1.0,0.0
Nutrition | r32_c14 | Wednesday,Nutrition,r32_c14,Wednesday,16,8,True,09:00-09:30,0.75,2,0.25,90.0,22.5,0.1875,True,True,0.25,90.0,22.5,0.1875,0.25,90.0,0.1875,1.0,1.0,0.0,1.0,0.0,r31_c13,16.0,1.0,True,0.0,1.0,0.0,r31_c13,16.0,1.0,0.0
Nutrition | r32_c17 | Friday,Nutrition,r32_c17,Friday,294,53,True,08:00-08:30,0.4523809523809524,3,0.5476190476190477,29.999999999999993,16.428571428571427,0.13690476190476192,True,True,0.5476190476190477,29.999999999999993,16.428571428571427,0.13690476190476192,0.5476190476190477,29.999999999999993,0.13690476190476192,1.0,1.0,0.0,1.0,0.0,r32_c18,294.0,1.0,True,0.0,1.0,0.0,r32_c18,294.0,1.0,0.0
Nutrition | r32_c17 | Monday,Nutrition,r32_c17,Monday,284,52,True,07:30-08:00,0.44366197183098594,3,0.556338028169014,38.73417721518988,21.549295774647888,0.17957746478873238,True,True,0.556338028169014,38.73417721518988,21.549295774647888,0.17957746478873238,0.556338028169014,38.73417721518988,0.17957746478873238,1.0,1.0,0.0,1.0,0.0,r32_c18,284.0,1.0,True,0.0,1.0,0.0,r32_c18,284.0,1.0,0.0
Nutrition | r32_c17 | Saturday,Nutrition,r32_c17,Saturday,2,2,True,07:30-08:00,1.0,1,0.0,,0.0,0.0,False,False,,,,,,,,1.0,1.0,0.0,1.0,0.0,r32_c18,2.0,1.0,False,,,,,,,
Nutrition | r32_c17 | Sunday,Nutrition,r32_c17,Sunday,7,5,True,08:00-08:30,0.7142857142857143,2,0.2857142857142857,30.0,8.571428571428571,0.07142857142857142,False,False,,,,,,,,1.0,1.0,0.0,1.0,0.0,r32_c18,7.0,1.0,False,,,,,,,
Nutrition | r32_c17 | Thursday,Nutrition,r32_c17,Thursday,264,52,True,08:00-08:30,0.44696969696969696,4,0.553030303030303,30.616438356164387,16.931818181818183,0.14109848484848486,True,True,0.553030303030303,30.616438356164387,16.931818181818183,0.14109848484848486,0.553030303030303,30.616438356164387,0.14109848484848486,1.0,1.0,0.0,1.0,0.0,r32_c18,264.0,1.0,True,0.0,1.0,0.0,r32_c18,264.0,1.0,0.0
Nutrition | r32_c17 | Tuesday,Nutrition,r32_c17,Tuesday,268,52,True,08:00-08:30,0.458955223880597,3,0.541044776119403,29.999999999999993,16.23134328358209,0.13526119402985073,True,True,0.541044776119403,29.999999999999993,16.23134328358209,0.13526119402985073,0.541044776119403,29.999999999999993,0.13526119402985073,1.0,1.0,0.0,1.0,0.0,r32_c18,268.0,1.0,True,0.0,1.0,0.0,r32_c18,268.0,1.0,0.0
Nutrition | r32_c17 | Wednesday,Nutrition,r32_c17,Wednesday,279,52,True,07:30-08:00,0.41935483870967744,4,0.5806451612903225,38.518518518518526,22.365591397849464,0.1863799283154122,True,True,0.5806451612903225,38.518518518518526,22.365591397849464,0.1863799283154122,0.5806451612903225,38.518518518518526,0.1863799283154122,1.0,1.0,0.0,1.0,0.0,r32_c18,279.0,1.0,True,0.0,1.0,0.0,r32_c18,279.0,1.0,0.0
Nutrition | r32_c18 | Friday,Nutrition,r32_c18,Friday,527,53,True,13:00-13:30,0.3870967741935484,7,0.6129032258064516,139.969040247678,85.78747628083491,0.32922201138519924,True,True,0.6129032258064516,139.969040247678,85.78747628083491,0.32922201138519924,0.6129032258064516,139.969040247678,0.32922201138519924,3.0,0.49774060324993075,2.0,2.0090786113703274,0.5022593967500693,r32_c17,277.0,0.5256166982922201,True,2.0,2.0090786113703274,0.5022593967500693,r32_c17,277.0,0.5256166982922201,0.5022593967500693
Nutrition | r32_c18 | Monday,Nutrition,r32_c18,Monday,512,52,True,13:00-13:30,0.423828125,5,0.576171875,151.22033898305085,87.12890625,0.32421875,True,True,0.576171875,151.22033898305085,87.12890625,0.32421875,0.576171875,151.22033898305085,0.32421875,2.0,0.5001220703125,1.0,1.9995118379301928,0.4998779296875,r32_c17,260.0,0.5078125,True,1.0,1.9995118379301928,0.4998779296875,r32_c17,260.0,0.5078125,0.4998779296875
Nutrition | r32_c18 | Thursday,Nutrition,r32_c18,Thursday,546,52,True,13:00-13:30,0.4249084249084249,8,0.575091575091575,140.44585987261146,80.76923076923076,0.31135531135531136,True,True,0.575091575091575,140.44585987261146,80.76923076923076,0.31135531135531136,0.575091575091575,140.44585987261146,0.31135531135531136,2.0,0.5017174522669028,1.0,1.9931537072942436,0.4982825477330972,r32_c17,289.0,0.5293040293040293,True,1.0,1.9931537072942436,0.4982825477330972,r32_c17,289.0,0.5293040293040293,0.4982825477330972
Nutrition | r32_c18 | Tuesday,Nutrition,r32_c18,Tuesday,530,52,True,13:00-13:30,0.39433962264150946,5,0.6056603773584905,142.2429906542056,86.15094339622641,0.3268867924528302,True,True,0.6056603773584905,142.2429906542056,86.15094339622641,0.3268867924528302,0.6056603773584905,142.2429906542056,0.3268867924528302,2.0,0.5010252758988964,1.0,1.9959072887208855,0.49897472410110355,r32_c17,277.0,0.5226415094339623,True,1.0,1.9959072887208855,0.49897472410110355,r32_c17,277.0,0.5226415094339623,0.49897472410110355
Nutrition | r32_c18 | Wednesday,Nutrition,r32_c18,Wednesday,504,52,True,13:00-13:30,0.41865079365079366,5,0.5813492063492063,148.7713310580205,86.48809523809524,0.3239087301587302,True,True,0.5813492063492063,148.7713310580205,86.48809523809524,0.3239087301587302,0.5813492063492063,148.7713310580205,0.3239087301587302,2.0,0.50050390526581,1.0,1.9979864082557262,0.49949609473419,r32_c17,260.0,0.5158730158730159,True,1.0,1.9979864082557262,0.49949609473419,r32_c17,260.0,0.5158730158730159,0.49949609473419
Nutrition | r32_c20 | Friday,Nutrition,r32_c20,Friday,380,53,True,12:30-13:00,0.7447368421052631,6,0.25526315789473686,169.1752577319587,43.18421052631578,0.19407894736842105,True,True,0.25526315789473686,169.1752577319587,43.18421052631578,0.19407894736842105,0.25526315789473686,169.1752577319587,0.19407894736842105,5.0,0.2643074792243767,4.0,3.7834722003877803,0.7356925207756233,r32_c20,126.0,0.33157894736842103,True,4.0,3.7834722003877803,0.7356925207756233,r32_c20,126.0,0.33157894736842103,0.7356925207756233
Nutrition | r32_c20 | Monday,Nutrition,r32_c20,Monday,293,52,True,12:30-13:00,0.78839590443686,3,0.21160409556313997,229.8387096774193,48.63481228668942,0.20392491467576793,True,True,0.21160409556313997,229.8387096774193,48.63481228668942,0.20392491467576793,0.21160409556313997,229.8387096774193,0.20392491467576793,5.0,0.27209402555650036,4.0,3.675200136992166,0.7279059744434997,r32_c20,117.0,0.3993174061433447,True,4.0,3.675200136992166,0.7279059744434997,r32_c20,117.0,0.3993174061433447,0.7279059744434997
Nutrition | r32_c20 | Thursday,Nutrition,r32_c20,Thursday,424,52,True,12:30-13:00,0.8372641509433962,5,0.16273584905660377,203.91304347826087,33.18396226415094,0.1420990566037736,True,True,0.16273584905660377,203.91304347826087,33.18396226415094,0.1420990566037736,0.16273584905660377,203.91304347826087,0.1420990566037736,7.0,0.28321911712353154,6.0,3.530835100950585,0.7167808828764685,r30_c18,161.0,0.37971698113207547,True,6.0,3.530835100950585,0.7167808828764685,r30_c18,161.0,0.37971698113207547,0.7167808828764685
Nutrition | r32_c20 | Tuesday,Nutrition,r32_c20,Tuesday,409,52,True,12:30-13:00,0.863080684596577,3,0.13691931540342295,236.2500000000001,32.34718826405869,0.13508557457212714,True,True,0.13691931540342295,236.2500000000001,32.34718826405869,0.13508557457212714,0.13691931540342295,236.2500000000001,0.13508557457212714,6.0,0.3187989072279577,5.0,3.1367736128560453,0.6812010927720423,r30_c18,165.0,0.4034229828850856,True,5.0,3.1367736128560453,0.6812010927720423,r30_c18,165.0,0.4034229828850856,0.6812010927720423
Nutrition | r32_c20 | Wednesday,Nutrition,r32_c20,Wednesday,340,52,True,12:30-13:00,0.8,4,0.19999999999999996,237.7941176470588,47.558823529411754,0.1977941176470588,True,True,0.19999999999999996,237.7941176470588,47.558823529411754,0.1977941176470588,0.19999999999999996,237.7941176470588,0.1977941176470588,6.0,0.28631487889273366,5.0,3.4926581666565943,0.7136851211072663,r32_c20,125.0,0.36764705882352944,True,5.0,3.4926581666565943,0.7136851211072663,r32_c20,125.0,0.36764705882352944,0.7136851211072663
Nutrition | r33_c11 | Wednesday,Nutrition,r33_c11,Wednesday,1,1,True,15:00-15:30,1.0,1,0.0,,0.0,0.0,False,False,,,,,,,,1.0,1.0,0.0,1.0,0.0,r35_c14,1.0,1.0,False,,,,,,,
Nutrition | r33_c13 | Friday,Nutrition,r33_c13,Friday,127,51,True,08:00-08:30,0.48031496062992124,4,0.5196850393700787,33.63636363636363,17.48031496062992,0.14566929133858267,True,True,0.5196850393700787,33.63636363636363,17.48031496062992,0.14566929133858267,0.5196850393700787,33.63636363636363,0.14566929133858267,1.0,1.0,0.0,1.0,0.0,r31_c13,127.0,1.0,True,0.0,1.0,0.0,r31_c13,127.0,1.0,0.0
Nutrition | r33_c13 | Monday,Nutrition,r33_c13,Monday,174,52,True,08:00-08:30,0.39080459770114945,5,0.6091954022988506,35.094339622641506,21.379310344827587,0.1781609195402299,True,True,0.6091954022988506,35.094339622641506,21.379310344827587,0.1781609195402299,0.6091954022988506,35.094339622641506,0.1781609195402299,2.0,0.9885718060509974,1.0,1.011560307383896,0.01142819394900263,r31_c13,173.0,0.9942528735632183,True,1.0,1.011560307383896,0.01142819394900263,r31_c13,173.0,0.9942528735632183,0.01142819394900263
Nutrition | r33_c13 | Thursday,Nutrition,r33_c13,Thursday,143,51,True,08:00-08:30,0.3916083916083916,6,0.6083916083916083,47.93103448275863,29.160839160839163,0.24125874125874128,True,True,0.6083916083916083,47.93103448275863,29.160839160839163,0.24125874125874128,0.6083916083916083,47.93103448275863,0.24125874125874128,2.0,0.759401437723116,1.0,1.3168265825230216,0.24059856227688403,r31_c13,123.0,0.8601398601398601,True,1.0,1.3168265825230216,0.24059856227688403,r31_c13,123.0,0.8601398601398601,0.24059856227688403
Nutrition | r33_c13 | Tuesday,Nutrition,r33_c13,Tuesday,191,52,True,08:30-09:00,0.3193717277486911,5,0.6806282722513088,41.769230769230774,28.429319371727747,0.2369109947643979,True,True,0.6806282722513088,41.769230769230774,28.429319371727747,0.2369109947643979,0.6806282722513088,41.769230769230774,0.2369109947643979,2.0,0.8552671253529234,1.0,1.1692253453414956,0.14473287464707663,r31_c13,176.0,0.9214659685863874,True,1.0,1.1692253453414956,0.14473287464707663,r31_c13,176.0,0.9214659685863874,0.14473287464707663
Nutrition | r33_c13 | Wednesday,Nutrition,r33_c13,Wednesday,179,52,True,08:00-08:30,0.33519553072625696,6,0.664804469273743,36.554621848739494,24.30167597765363,0.20251396648044692,True,True,0.664804469273743,36.554621848739494,24.30167597765363,0.20251396648044692,0.664804469273743,36.554621848739494,0.20251396648044692,1.0,1.0,0.0,1.0,0.0,r31_c13,179.0,1.0,True,0.0,1.0,0.0,r31_c13,179.0,1.0,0.0
Nutrition | r33_c20 | Friday,Nutrition,r33_c20,Friday,81,53,True,08:00-08:30,0.8765432098765432,3,0.12345679012345678,30.000000000000004,3.7037037037037037,0.030864197530864196,True,True,0.12345679012345678,30.000000000000004,3.7037037037037037,0.030864197530864196,0.12345679012345678,30.000000000000004,0.030864197530864196,3.0,0.7982014936747446,2.0,1.2528164979950356,0.20179850632525542,r35_c21,72.0,0.8888888888888888,True,2.0,1.2528164979950356,0.20179850632525542,r35_c21,72.0,0.8888888888888888,0.20179850632525542
Nutrition | r33_c20 | Monday,Nutrition,r33_c20,Monday,76,52,True,08:00-08:30,0.8947368421052632,3,0.10526315789473684,45.0,4.7368421052631575,0.03618421052631579,True,True,0.10526315789473684,45.0,4.7368421052631575,0.03618421052631579,0.10526315789473684,45.0,0.03618421052631579,2.0,0.8327562326869806,1.0,1.200831600831601,0.16724376731301938,r35_c21,69.0,0.9078947368421053,True,1.0,1.200831600831601,0.16724376731301938,r35_c21,69.0,0.9078947368421053,0.16724376731301938
Nutrition | r33_c20 | Thursday,Nutrition,r33_c20,Thursday,80,52,True,08:00-08:30,0.8625,2,0.13749999999999996,30.00000000000001,4.125,0.034375,True,True,0.13749999999999996,30.00000000000001,4.125,0.034375,0.13749999999999996,30.00000000000001,0.034375,2.0,0.7628125000000001,1.0,1.3109381401065134,0.23718749999999988,r35_c21,69.0,0.8625,True,1.0,1.3109381401065134,0.23718749999999988,r35_c21,69.0,0.8625,0.23718749999999988
Nutrition | r33_c20 | Tuesday,Nutrition,r33_c20,Tuesday,72,51,True,08:00-08:30,0.8472222222222222,2,0.1527777777777778,30.0,4.583333333333334,0.03819444444444445,True,True,0.1527777777777778,30.0,4.583333333333334,0.03819444444444445,0.1527777777777778,30.0,0.03819444444444445,2.0,0.7411265432098766,1.0,1.349297241020302,0.2588734567901234,r35_c21,61.0,0.8472222222222222,True,1.0,1.349297241020302,0.2588734567901234,r35_c21,61.0,0.8472222222222222,0.2588734567901234
Nutrition | r33_c20 | Wednesday,Nutrition,r33_c20,Wednesday,68,51,True,08:00-08:30,0.8970588235294118,2,0.1029411764705882,30.000000000000007,3.0882352941176467,0.025735294117647058,True,True,0.1029411764705882,30.000000000000007,3.0882352941176467,0.025735294117647058,0.1029411764705882,30.000000000000007,0.025735294117647058,3.0,0.7668685121107267,2.0,1.3040045121263395,0.2331314878892733,r35_c21,59.0,0.8676470588235294,True,2.0,1.3040045121263395,0.2331314878892733,r35_c21,59.0,0.8676470588235294,0.2331314878892733
Nutrition | r33_c21 | Friday,Nutrition,r33_c21,Friday,65,53,True,08:30-09:00,0.6,3,0.4,34.61538461538461,13.846153846153847,0.11538461538461539,True,True,0.4,34.61538461538461,13.846153846153847,0.11538461538461539,0.4,34.61538461538461,0.11538461538461539,2.0,0.9403550295857988,1.0,1.0634281399446264,0.05964497041420125,r35_c21,63.0,0.9692307692307692,True,1.0,1.0634281399446264,0.05964497041420125,r35_c21,63.0,0.9692307692307692,0.05964497041420125
Nutrition | r33_c21 | Monday,Nutrition,r33_c21,Monday,55,51,True,08:30-09:00,0.6363636363636364,2,0.36363636363636365,30.000000000000004,10.90909090909091,0.09090909090909091,True,True,0.36363636363636365,30.000000000000004,10.90909090909091,0.09090909090909091,0.36363636363636365,30.000000000000004,0.09090909090909091,1.0,1.0,0.0,1.0,0.0,r35_c21,55.0,1.0,True,0.0,1.0,0.0,r35_c21,55.0,1.0,0.0
Nutrition | r33_c21 | Thursday,Nutrition,r33_c21,Thursday,56,51,True,08:30-09:00,0.625,2,0.375,30.0,11.25,0.09375,True,True,0.375,30.0,11.25,0.09375,0.375,30.0,0.09375,1.0,1.0,0.0,1.0,0.0,r35_c21,56.0,1.0,True,0.0,1.0,0.0,r35_c21,56.0,1.0,0.0
Nutrition | r33_c21 | Tuesday,Nutrition,r33_c21,Tuesday,57,51,True,08:30-09:00,0.631578947368421,2,0.368421052631579,29.999999999999996,11.052631578947368,0.09210526315789473,True,True,0.368421052631579,29.999999999999996,11.052631578947368,0.09210526315789473,0.368421052631579,29.999999999999996,0.09210526315789473,1.0,1.0,0.0,1.0,0.0,r35_c21,57.0,1.0,True,0.0,1.0,0.0,r35_c21,57.0,1.0,0.0
Nutrition | r33_c21 | Wednesday,Nutrition,r33_c21,Wednesday,60,52,True,08:30-09:00,0.6333333333333333,2,0.3666666666666667,29.999999999999996,11.0,0.09166666666666666,True,True,0.3666666666666667,29.999999999999996,11.0,0.09166666666666666,0.3666666666666667,29.999999999999996,0.09166666666666666,2.0,0.9672222222222222,1.0,1.0338885697874785,0.032777777777777795,r35_c21,59.0,0.9833333333333333,True,1.0,1.0338885697874785,0.032777777777777795,r35_c21,59.0,0.9833333333333333,0.032777777777777795
Nutrition | r34_c18 | Tuesday,Nutrition,r34_c18,Tuesday,1,1,True,11:30-12:00,1.0,1,0.0,,0.0,0.0,False,False,,,,,,,,1.0,1.0,0.0,1.0,0.0,r35_c16,1.0,1.0,False,,,,,,,
Nutrition | r34_c20 | Friday,Nutrition,r34_c20,Friday,78,53,True,08:00-08:30,0.9358974358974359,4,0.0641025641025641,48.0,3.0769230769230766,0.02564102564102564,True,True,0.0641025641025641,48.0,3.0769230769230766,0.02564102564102564,0.0641025641025641,48.0,0.02564102564102564,2.0,0.8800131492439185,1.0,1.1363466567052671,0.11998685075608151,r35_c21,73.0,0.9358974358974359,True,1.0,1.1363466567052671,0.11998685075608151,r35_c21,73.0,0.9358974358974359,0.11998685075608151
Nutrition | r34_c20 | Monday,Nutrition,r34_c20,Monday,98,52,True,08:00-08:30,1.0,1,0.0,,0.0,0.0,True,True,0.0,,0.0,0.0,0.0,,0.0,1.0,1.0,0.0,1.0,0.0,r35_c21,98.0,1.0,True,0.0,1.0,0.0,r35_c21,98.0,1.0,0.0
Nutrition | r34_c20 | Saturday,Nutrition,r34_c20,Saturday,2,2,True,08:00-08:30,1.0,1,0.0,,0.0,0.0,False,False,,,,,,,,1.0,1.0,0.0,1.0,0.0,r35_c21,2.0,1.0,False,,,,,,,
Nutrition | r34_c20 | Sunday,Nutrition,r34_c20,Sunday,2,2,True,08:00-08:30,1.0,1,0.0,,0.0,0.0,False,False,,,,,,,,1.0,1.0,0.0,1.0,0.0,r35_c21,2.0,1.0,False,,,,,,,
Nutrition | r34_c20 | Thursday,Nutrition,r34_c20,Thursday,94,52,True,08:00-08:30,1.0,1,0.0,,0.0,0.0,True,True,0.0,,0.0,0.0,0.0,,0.0,1.0,1.0,0.0,1.0,0.0,r35_c21,94.0,1.0,True,0.0,1.0,0.0,r35_c21,94.0,1.0,0.0
Nutrition | r34_c20 | Tuesday,Nutrition,r34_c20,Tuesday,102,52,True,08:00-08:30,1.0,1,0.0,,0.0,0.0,True,True,0.0,,0.0,0.0,0.0,,0.0,1.0,1.0,0.0,1.0,0.0,r35_c21,102.0,1.0,True,0.0,1.0,0.0,r35_c21,102.0,1.0,0.0
Nutrition | r34_c20 | Wednesday,Nutrition,r34_c20,Wednesday,75,52,True,08:00-08:30,0.9733333333333334,3,0.026666666666666616,45.00000000000009,1.2000000000000002,0.01,True,True,0.026666666666666616,45.00000000000009,1.2000000000000002,0.01,0.026666666666666616,45.00000000000009,0.01,2.0,0.973688888888889,1.0,1.0270220923863427,0.026311111111110952,r35_c21,74.0,0.9866666666666667,True,1.0,1.0270220923863427,0.026311111111110952,r35_c21,74.0,0.9866666666666667,0.026311111111110952
Nutrition | r34_c21 | Friday,Nutrition,r34_c21,Friday,245,53,True,08:00-08:30,0.6530612244897959,4,0.34693877551020413,32.11764705882352,11.142857142857142,0.09285714285714285,True,True,0.34693877551020413,32.11764705882352,11.142857142857142,0.09285714285714285,0.34693877551020413,32.11764705882352,0.09285714285714285,2.0,0.936826322365681,1.0,1.0674337133000196,0.06317367763431903,r35_c21,237.0,0.9673469387755103,True,1.0,1.0674337133000196,0.06317367763431903,r35_c21,237.0,0.9673469387755103,0.06317367763431903
Nutrition | r34_c21 | Monday,Nutrition,r34_c21,Monday,211,52,True,08:00-08:30,0.6966824644549763,3,0.3033175355450237,29.999999999999996,9.09952606635071,0.07582938388625593,True,True,0.3033175355450237,29.999999999999996,9.09952606635071,0.07582938388625593,0.3033175355450237,29.999999999999996,0.07582938388625593,1.0,1.0,0.0,1.0,0.0,r35_c21,211.0,1.0,True,0.0,1.0,0.0,r35_c21,211.0,1.0,0.0
Nutrition | r34_c21 | Thursday,Nutrition,r34_c21,Thursday,155,52,True,08:00-08:30,0.7096774193548387,3,0.29032258064516125,30.0,8.709677419354838,0.07258064516129033,True,True,0.29032258064516125,30.0,8.709677419354838,0.07258064516129033,0.29032258064516125,30.0,0.07258064516129033,1.0,1.0,0.0,1.0,0.0,r35_c21,155.0,1.0,True,0.0,1.0,0.0,r35_c21,155.0,1.0,0.0
Nutrition | r34_c21 | Tuesday,Nutrition,r34_c21,Tuesday,158,52,True,08:00-08:30,0.7215189873417721,3,0.2784810126582279,29.999999999999996,8.354430379746836,0.06962025316455697,True,True,0.2784810126582279,29.999999999999996,8.354430379746836,0.06962025316455697,0.2784810126582279,29.999999999999996,0.06962025316455697,1.0,1.0,0.0,1.0,0.0,r35_c21,158.0,1.0,True,0.0,1.0,0.0,r35_c21,158.0,1.0,0.0
Nutrition | r34_c21 | Wednesday,Nutrition,r34_c21,Wednesday,219,52,True,08:00-08:30,0.6986301369863014,3,0.3013698630136986,30.000000000000004,9.04109589041096,0.07534246575342465,True,True,0.3013698630136986,30.000000000000004,9.04109589041096,0.07534246575342465,0.3013698630136986,30.000000000000004,0.07534246575342465,3.0,0.9552136110589853,2.0,1.0468862549931244,0.04478638894101472,r35_c21,214.0,0.9771689497716894,True,2.0,1.0468862549931244,0.04478638894101472,r35_c21,214.0,0.9771689497716894,0.04478638894101472
Nutrition | r34_c22 | Friday,Nutrition,r34_c22,Friday,109,53,True,08:30-09:00,0.4954128440366973,3,0.5045871559633027,31.090909090909093,15.688073394495413,0.13073394495412843,True,True,0.5045871559633027,31.090909090909093,15.688073394495413,0.13073394495412843,0.5045871559633027,31.090909090909093,0.13073394495412843,2.0,0.9639760962881911,1.0,1.0373701213655813,0.03602390371180886,r35_c21,107.0,0.981651376146789,True,1.0,1.0373701213655813,0.03602390371180886,r35_c21,107.0,0.981651376146789,0.03602390371180886
Nutrition | r34_c22 | Monday,Nutrition,r34_c22,Monday,70,52,True,08:00-08:30,0.6,2,0.4,30.0,12.0,0.1,True,True,0.4,30.0,12.0,0.1,0.4,30.0,0.1,1.0,1.0,0.0,1.0,0.0,r35_c21,70.0,1.0,True,0.0,1.0,0.0,r35_c21,70.0,1.0,0.0
Nutrition | r34_c22 | Thursday,Nutrition,r34_c22,Thursday,99,52,True,08:30-09:00,0.5353535353535354,2,0.46464646464646464,30.0,13.93939393939394,0.11616161616161616,True,True,0.46464646464646464,30.0,13.93939393939394,0.11616161616161616,0.46464646464646464,30.0,0.11616161616161616,1.0,1.0,0.0,1.0,0.0,r35_c21,99.0,1.0,True,0.0,1.0,0.0,r35_c21,99.0,1.0,0.0
Nutrition | r34_c22 | Tuesday,Nutrition,r34_c22,Tuesday,107,52,True,08:00-08:30,0.5046728971962616,2,0.4953271028037384,29.999999999999996,14.85981308411215,0.12383177570093458,True,True,0.4953271028037384,29.999999999999996,14.85981308411215,0.12383177570093458,0.4953271028037384,29.999999999999996,0.12383177570093458,1.0,1.0,0.0,1.0,0.0,r35_c21,107.0,1.0,True,0.0,1.0,0.0,r35_c21,107.0,1.0,0.0
Nutrition | r34_c22 | Wednesday,Nutrition,r34_c22,Wednesday,110,52,True,08:30-09:00,0.5272727272727272,2,0.4727272727272728,29.999999999999996,14.181818181818182,0.11818181818181818,True,True,0.4727272727272728,29.999999999999996,14.181818181818182,0.11818181818181818,0.4727272727272728,29.999999999999996,0.11818181818181818,2.0,0.9819834710743802,1.0,1.0183470796162262,0.01801652892561978,r35_c21,109.0,0.990909090909091,True,1.0,1.0183470796162262,0.01801652892561978,r35_c21,109.0,0.990909090909091,0.01801652892561978
Nutrition | r35_c14 | Thursday,Nutrition,r35_c14,Thursday,1,1,True,10:00-10:30,1.0,1,0.0,,0.0,0.0,False,False,,,,,,,,1.0,1.0,0.0,1.0,0.0,r30_c20,1.0,1.0,False,,,,,,,
Nutrition | r35_c16 | Tuesday,Nutrition,r35_c16,Tuesday,1,1,True,13:30-14:00,1.0,1,0.0,,0.0,0.0,False,False,,,,,,,,1.0,1.0,0.0,1.0,0.0,r34_c18,1.0,1.0,False,,,,,,,
Nutrition | r35_c20 | Friday,Nutrition,r35_c20,Friday,56,50,True,08:00-08:30,0.9821428571428571,2,0.017857142857142905,29.99999999999992,0.5357142857142857,0.004464285714285714,True,True,0.017857142857142905,29.99999999999992,0.5357142857142857,0.004464285714285714,0.017857142857142905,29.99999999999992,0.004464285714285714,2.0,0.9649234693877551,1.0,1.0363516192994051,0.035076530612244916,r35_c21,55.0,0.9821428571428571,True,1.0,1.0363516192994051,0.035076530612244916,r35_c21,55.0,0.9821428571428571,0.035076530612244916
Nutrition | r35_c20 | Monday,Nutrition,r35_c20,Monday,54,50,True,08:00-08:30,1.0,1,0.0,,0.0,0.0,True,True,0.0,,0.0,0.0,0.0,,0.0,1.0,1.0,0.0,1.0,0.0,r35_c21,54.0,1.0,True,0.0,1.0,0.0,r35_c21,54.0,1.0,0.0
Nutrition | r35_c20 | Tuesday,Nutrition,r35_c20,Tuesday,56,50,True,08:00-08:30,1.0,1,0.0,,0.0,0.0,True,True,0.0,,0.0,0.0,0.0,,0.0,1.0,1.0,0.0,1.0,0.0,r35_c21,56.0,1.0,True,0.0,1.0,0.0,r35_c21,56.0,1.0,0.0
Nutrition | r35_c20 | Wednesday,Nutrition,r35_c20,Wednesday,54,50,True,08:00-08:30,1.0,1,0.0,,0.0,0.0,True,True,0.0,,0.0,0.0,0.0,,0.0,1.0,1.0,0.0,1.0,0.0,r35_c21,54.0,1.0,True,0.0,1.0,0.0,r35_c21,54.0,1.0,0.0
Nutrition | r35_c21 | Friday,Nutrition,r35_c21,Friday,782,53,True,13:00-13:30,0.7723785166240409,10,0.2276214833759591,201.2359550561798,45.80562659846548,0.1815856777493606,True,True,0.2276214833759591,201.2359550561798,45.80562659846548,0.1815856777493606,0.2276214833759591,201.2359550561798,0.1815856777493606,9.0,0.18685448159025653,8.0,5.351758178285753,0.8131455184097435,r34_c21,230.0,0.29411764705882354,True,8.0,5.351758178285753,0.8131455184097435,r34_c21,230.0,0.29411764705882354,0.8131455184097435
Nutrition | r35_c21 | Monday,Nutrition,r35_c21,Monday,762,52,True,13:00-13:30,0.8018372703412073,7,0.19816272965879267,215.7615894039735,42.75590551181102,0.1601049868766404,True,True,0.19816272965879267,215.7615894039735,42.75590551181102,0.1601049868766404,0.19816272965879267,215.7615894039735,0.1601049868766404,8.0,0.18272814323406425,7.0,5.472610744580584,0.8172718567659357,r34_c21,211.0,0.2769028871391076,True,7.0,5.472610744580584,0.8172718567659357,r34_c21,211.0,0.2769028871391076,0.8172718567659357
Nutrition | r35_c21 | Thursday,Nutrition,r35_c21,Thursday,690,52,True,13:00-13:30,0.7608695652173914,9,0.23913043478260865,203.09090909090915,48.56521739130435,0.1934782608695652,True,True,0.23913043478260865,203.09090909090915,48.56521739130435,0.1934782608695652,0.23913043478260865,203.09090909090915,0.1934782608695652,8.0,0.18821256038647344,7.0,5.313141683778234,0.8117874396135265,r35_c21,175.0,0.2536231884057971,True,7.0,5.313141683778234,0.8117874396135265,r35_c21,175.0,0.2536231884057971,0.8117874396135265
Nutrition | r35_c21 | Tuesday,Nutrition,r35_c21,Tuesday,744,52,True,13:00-13:30,0.782258064516129,6,0.217741935483871,213.51851851851845,46.49193548387096,0.17506720430107528,True,True,0.217741935483871,213.51851851851845,46.49193548387096,0.17506720430107528,0.217741935483871,213.51851851851845,0.17506720430107528,8.0,0.17332206035379813,7.0,5.769606003752346,0.8266779396462018,r35_c21,192.0,0.25806451612903225,True,7.0,5.769606003752346,0.8266779396462018,r35_c21,192.0,0.25806451612903225,0.8266779396462018
Nutrition | r35_c21 | Wednesday,Nutrition,r35_c21,Wednesday,745,52,True,13:00-13:30,0.7798657718120805,8,0.2201342281879195,221.1585365853658,48.68456375838926,0.18120805369127516,True,True,0.2201342281879195,221.1585365853658,48.68456375838926,0.18120805369127516,0.2201342281879195,221.1585365853658,0.18120805369127516,9.0,0.18857709112202153,8.0,5.302871064825873,0.8114229088779785,r34_c21,211.0,0.2832214765100671,True,8.0,5.302871064825873,0.8114229088779785,r34_c21,211.0,0.2832214765100671,0.8114229088779785
Nutrition | r36_c15 | Friday,Nutrition,r36_c15,Friday,24,13,True,07:00-07:30,0.6666666666666666,3,0.33333333333333337,33.74999999999999,11.25,0.09375,True,True,0.33333333333333337,33.74999999999999,11.25,0.09375,0.33333333333333337,33.74999999999999,0.09375,1.0,1.0,0.0,1.0,0.0,r40_c16,24.0,1.0,True,0.0,1.0,0.0,r40_c16,24.0,1.0,0.0
Nutrition | r36_c15 | Monday,Nutrition,r36_c15,Monday,5,5,True,07:00-07:30,1.0,1,0.0,,0.0,0.0,False,False,,,,,,,,1.0,1.0,0.0,1.0,0.0,r40_c16,5.0,1.0,False,,,,,,,
Nutrition | r36_c15 | Wednesday,Nutrition,r36_c15,Wednesday,19,14,True,07:00-07:30,0.5263157894736842,3,0.4736842105263158,33.333333333333336,15.789473684210527,0.13157894736842107,True,True,0.4736842105263158,33.333333333333336,15.789473684210527,0.13157894736842107,0.4736842105263158,33.333333333333336,0.13157894736842107,1.0,1.0,0.0,1.0,0.0,r40_c16,19.0,1.0,True,0.0,1.0,0.0,r40_c16,19.0,1.0,0.0
Nutrition | r36_c21 | Friday,Nutrition,r36_c21,Friday,2,2,True,08:30-09:00,1.0,1,0.0,,0.0,0.0,False,False,,,,,,,,1.0,1.0,0.0,1.0,0.0,r35_c21,2.0,1.0,False,,,,,,,
Nutrition | r36_c21 | Monday,Nutrition,r36_c21,Monday,1,1,True,08:30-09:00,1.0,1,0.0,,0.0,0.0,False,False,,,,,,,,1.0,1.0,0.0,1.0,0.0,r35_c21,1.0,1.0,False,,,,,,,
Nutrition | r36_c21 | Thursday,Nutrition,r36_c21,Thursday,1,1,True,08:30-09:00,1.0,1,0.0,,0.0,0.0,False,False,,,,,,,,1.0,1.0,0.0,1.0,0.0,r35_c21,1.0,1.0,False,,,,,,,
Nutrition | r36_c21 | Tuesday,Nutrition,r36_c21,Tuesday,1,1,True,08:30-09:00,1.0,1,0.0,,0.0,0.0,False,False,,,,,,,,1.0,1.0,0.0,1.0,0.0,r35_c21,1.0,1.0,False,,,,,,,
Nutrition | r36_c21 | Wednesday,Nutrition,r36_c21,Wednesday,1,1,True,08:30-09:00,1.0,1,0.0,,0.0,0.0,False,False,,,,,,,,1.0,1.0,0.0,1.0,0.0,r35_c21,1.0,1.0,False,,,,,,,
Nutrition | r37_c22 | Friday,Nutrition,r37_c22,Friday,21,21,True,08:00-08:30,1.0,1,0.0,,0.0,0.0,True,True,0.0,,0.0,0.0,0.0,,0.0,1.0,1.0,0.0,1.0,0.0,r38_c24,21.0,1.0,True,0.0,1.0,0.0,r38_c24,21.0,1.0,0.0
Nutrition | r37_c22 | Monday,Nutrition,r37_c22,Monday,23,21,True,08:00-08:30,1.0,1,0.0,,0.0,0.0,True,True,0.0,,0.0,0.0,0.0,,0.0,1.0,1.0,0.0,1.0,0.0,r38_c24,23.0,1.0,True,0.0,1.0,0.0,r38_c24,23.0,1.0,0.0
Nutrition | r37_c22 | Thursday,Nutrition,r37_c22,Thursday,22,21,True,08:00-08:30,1.0,1,0.0,,0.0,0.0,True,True,0.0,,0.0,0.0,0.0,,0.0,1.0,1.0,0.0,1.0,0.0,r38_c24,22.0,1.0,True,0.0,1.0,0.0,r38_c24,22.0,1.0,0.0
Nutrition | r37_c22 | Tuesday,Nutrition,r37_c22,Tuesday,22,21,True,08:00-08:30,1.0,1,0.0,,0.0,0.0,True,True,0.0,,0.0,0.0,0.0,,0.0,1.0,1.0,0.0,1.0,0.0,r38_c24,22.0,1.0,True,0.0,1.0,0.0,r38_c24,22.0,1.0,0.0
Nutrition | r37_c22 | Wednesday,Nutrition,r37_c22,Wednesday,22,21,True,08:00-08:30,0.9545454545454546,2,0.045454545454545414,30.00000000000003,1.3636363636363638,0.011363636363636364,True,True,0.045454545454545414,30.00000000000003,1.3636363636363638,0.011363636363636364,0.045454545454545414,30.00000000000003,0.011363636363636364,1.0,1.0,0.0,1.0,0.0,r38_c24,22.0,1.0,True,0.0,1.0,0.0,r38_c24,22.0,1.0,0.0
Nutrition | r37_c24 | Friday,Nutrition,r37_c24,Friday,2,1,True,08:30-09:00,1.0,1,0.0,,0.0,0.0,False,False,,,,,,,,1.0,1.0,0.0,1.0,0.0,r38_c24,2.0,1.0,False,,,,,,,
Nutrition | r37_c24 | Thursday,Nutrition,r37_c24,Thursday,26,21,True,08:30-09:00,1.0,1,0.0,,0.0,0.0,True,True,0.0,,0.0,0.0,0.0,,0.0,1.0,1.0,0.0,1.0,0.0,r38_c24,26.0,1.0,True,0.0,1.0,0.0,r38_c24,26.0,1.0,0.0
Nutrition | r37_c24 | Tuesday,Nutrition,r37_c24,Tuesday,24,21,True,08:30-09:00,1.0,1,0.0,,0.0,0.0,True,True,0.0,,0.0,0.0,0.0,,0.0,1.0,1.0,0.0,1.0,0.0,r38_c24,24.0,1.0,True,0.0,1.0,0.0,r38_c24,24.0,1.0,0.0
Nutrition | r38_c24 | Friday,Nutrition,r38_c24,Friday,26,21,True,12:30-13:00,0.9230769230769231,2,0.07692307692307687,240.0000000000002,18.461538461538463,0.07692307692307693,True,True,0.07692307692307687,240.0000000000002,18.461538461538463,0.07692307692307693,0.07692307692307687,240.0000000000002,0.07692307692307693,3.0,0.7307692307692307,2.0,1.368421052631579,0.2692307692307693,r37_c22,22.0,0.8461538461538461,True,2.0,1.368421052631579,0.2692307692307693,r37_c22,22.0,0.8461538461538461,0.2692307692307693
Nutrition | r38_c24 | Monday,Nutrition,r38_c24,Monday,24,21,True,12:30-13:00,1.0,1,0.0,,0.0,0.0,True,True,0.0,,0.0,0.0,0.0,,0.0,1.0,1.0,0.0,1.0,0.0,r37_c22,24.0,1.0,True,0.0,1.0,0.0,r37_c22,24.0,1.0,0.0
Nutrition | r38_c24 | Thursday,Nutrition,r38_c24,Thursday,54,21,True,12:30-13:00,0.9259259259259259,3,0.07407407407407407,202.5,14.999999999999998,0.06944444444444445,True,True,0.07407407407407407,202.5,14.999999999999998,0.06944444444444445,0.07407407407407407,202.5,0.06944444444444445,3.0,0.41015089163237306,2.0,2.4381270903010037,0.5898491083676269,r37_c24,26.0,0.48148148148148145,True,2.0,2.4381270903010037,0.5898491083676269,r37_c24,26.0,0.48148148148148145,0.5898491083676269
Nutrition | r38_c24 | Tuesday,Nutrition,r38_c24,Tuesday,53,21,True,12:30-13:00,0.9433962264150944,2,0.05660377358490565,240.00000000000006,13.584905660377359,0.05660377358490566,True,True,0.05660377358490565,240.00000000000006,13.584905660377359,0.05660377358490566,0.05660377358490565,240.00000000000006,0.05660377358490566,3.0,0.4061943752224991,2.0,2.461875547765118,0.5938056247775009,r37_c24,24.0,0.4528301886792453,True,2.0,2.461875547765118,0.5938056247775009,r37_c24,24.0,0.4528301886792453,0.5938056247775009
Nutrition | r38_c24 | Wednesday,Nutrition,r38_c24,Wednesday,28,21,True,12:30-13:00,0.8571428571428571,3,0.1428571428571429,247.4999999999999,35.357142857142854,0.14285714285714285,True,True,0.1428571428571429,247.4999999999999,35.357142857142854,0.14285714285714285,0.1428571428571429,247.4999999999999,0.14285714285714285,2.0,0.625,1.0,1.6,0.375,r37_c22,21.0,0.75,True,1.0,1.6,0.375,r37_c22,21.0,0.75,0.375
Nutrition | r39_c13 | Friday,Nutrition,r39_c13,Friday,24,15,True,07:00-07:30,0.5416666666666666,3,0.45833333333333337,57.272727272727266,26.25,0.21875,True,True,0.45833333333333337,57.272727272727266,26.25,0.21875,0.45833333333333337,57.272727272727266,0.21875,1.0,1.0,0.0,1.0,0.0,r40_c16,24.0,1.0,True,0.0,1.0,0.0,r40_c16,24.0,1.0,0.0
Nutrition | r39_c13 | Monday,Nutrition,r39_c13,Monday,20,15,True,07:00-07:30,0.5,2,0.5,60.0,30.0,0.25,True,True,0.5,60.0,30.0,0.25,0.5,60.0,0.25,1.0,1.0,0.0,1.0,0.0,r40_c16,20.0,1.0,True,0.0,1.0,0.0,r40_c16,20.0,1.0,0.0
Nutrition | r39_c13 | Thursday,Nutrition,r39_c13,Thursday,22,15,True,07:00-07:30,0.5454545454545454,3,0.4545454545454546,54.0,24.545454545454547,0.20454545454545456,True,True,0.4545454545454546,54.0,24.545454545454547,0.20454545454545456,0.4545454545454546,54.0,0.20454545454545456,1.0,1.0,0.0,1.0,0.0,r40_c16,22.0,1.0,True,0.0,1.0,0.0,r40_c16,22.0,1.0,0.0
Nutrition | r39_c13 | Tuesday,Nutrition,r39_c13,Tuesday,19,15,True,07:00-07:30,0.5263157894736842,2,0.4736842105263158,59.99999999999999,28.421052631578945,0.23684210526315788,True,True,0.4736842105263158,59.99999999999999,28.421052631578945,0.23684210526315788,0.4736842105263158,59.99999999999999,0.23684210526315788,1.0,1.0,0.0,1.0,0.0,r40_c16,19.0,1.0,True,0.0,1.0,0.0,r40_c16,19.0,1.0,0.0
Nutrition | r39_c13 | Wednesday,Nutrition,r39_c13,Wednesday,19,15,True,07:00-07:30,0.5263157894736842,2,0.4736842105263158,59.99999999999999,28.421052631578945,0.23684210526315788,True,True,0.4736842105263158,59.99999999999999,28.421052631578945,0.23684210526315788,0.4736842105263158,59.99999999999999,0.23684210526315788,1.0,1.0,0.0,1.0,0.0,r40_c16,19.0,1.0,True,0.0,1.0,0.0,r40_c16,19.0,1.0,0.0
Nutrition | r40_c16 | Friday,Nutrition,r40_c16,Friday,45,15,True,13:00-13:30,0.9333333333333333,3,0.06666666666666665,40.000000000000014,2.666666666666667,0.022222222222222223,True,True,0.06666666666666665,40.000000000000014,2.666666666666667,0.022222222222222223,0.06666666666666665,40.000000000000014,0.022222222222222223,2.0,0.5002469135802469,1.0,1.9990128331688057,0.49975308641975313,r36_c15,23.0,0.5111111111111111,True,1.0,1.9990128331688057,0.49975308641975313,r36_c15,23.0,0.5111111111111111,0.49975308641975313
Nutrition | r40_c16 | Monday,Nutrition,r40_c16,Monday,21,15,True,13:00-13:30,0.9523809523809523,2,0.04761904761904767,29.999999999999964,1.4285714285714284,0.011904761904761902,True,True,0.04761904761904767,29.999999999999964,1.4285714285714284,0.011904761904761902,0.04761904761904767,29.999999999999964,0.011904761904761902,2.0,0.6371882086167799,1.0,1.5693950177935945,0.36281179138322006,r39_c13,16.0,0.7619047619047619,True,1.0,1.5693950177935945,0.36281179138322006,r39_c13,16.0,0.7619047619047619,0.36281179138322006
Nutrition | r40_c16 | Thursday,Nutrition,r40_c16,Thursday,15,15,True,13:00-13:30,1.0,1,0.0,,0.0,0.0,True,True,0.0,,0.0,0.0,0.0,,0.0,1.0,1.0,0.0,1.0,0.0,r39_c13,15.0,1.0,True,0.0,1.0,0.0,r39_c13,15.0,1.0,0.0
Nutrition | r40_c16 | Tuesday,Nutrition,r40_c16,Tuesday,15,15,True,13:00-13:30,1.0,1,0.0,,0.0,0.0,True,True,0.0,,0.0,0.0,0.0,,0.0,1.0,1.0,0.0,1.0,0.0,r39_c13,15.0,1.0,True,0.0,1.0,0.0,r39_c13,15.0,1.0,0.0
Nutrition | r40_c16 | Wednesday,Nutrition,r40_c16,Wednesday,32,15,True,13:00-13:30,1.0,1,0.0,,0.0,0.0,True,True,0.0,,0.0,0.0,0.0,,0.0,2.0,0.501953125,1.0,1.9922178988326849,0.498046875,r36_c15,17.0,0.53125,True,1.0,1.9922178988326849,0.498046875,r36_c15,17.0,0.53125,0.498046875
Nutrition | r9_c18 | Friday,Nutrition,r9_c18,Friday,64,53,True,08:30-09:00,0.46875,3,0.53125,79.41176470588235,42.1875,0.3515625,True,True,0.53125,79.41176470588235,42.1875,0.3515625,0.53125,79.41176470588235,0.3515625,1.0,1.0,0.0,1.0,0.0,r12_c21,64.0,1.0,True,0.0,1.0,0.0,r12_c21,64.0,1.0,0.0
Nutrition | r9_c18 | Monday,Nutrition,r9_c18,Monday,62,52,True,08:30-09:00,0.46774193548387094,3,0.532258064516129,78.18181818181819,41.61290322580645,0.34677419354838707,True,True,0.532258064516129,78.18181818181819,41.61290322580645,0.34677419354838707,0.532258064516129,78.18181818181819,0.34677419354838707,1.0,1.0,0.0,1.0,0.0,r12_c21,62.0,1.0,True,0.0,1.0,0.0,r12_c21,62.0,1.0,0.0
Nutrition | r9_c18 | Thursday,Nutrition,r9_c18,Thursday,62,52,True,08:30-09:00,0.46774193548387094,3,0.532258064516129,79.0909090909091,42.096774193548384,0.35080645161290325,True,True,0.532258064516129,79.0909090909091,42.096774193548384,0.35080645161290325,0.532258064516129,79.0909090909091,0.35080645161290325,1.0,1.0,0.0,1.0,0.0,r12_c21,62.0,1.0,True,0.0,1.0,0.0,r12_c21,62.0,1.0,0.0
Nutrition | r9_c18 | Tuesday,Nutrition,r9_c18,Tuesday,63,52,True,08:30-09:00,0.4603174603174603,3,0.5396825396825398,78.52941176470587,42.38095238095238,0.35317460317460314,True,True,0.5396825396825398,78.52941176470587,42.38095238095238,0.35317460317460314,0.5396825396825398,78.52941176470587,0.35317460317460314,1.0,1.0,0.0,1.0,0.0,r12_c21,63.0,1.0,True,0.0,1.0,0.0,r12_c21,63.0,1.0,0.0
Nutrition | r9_c18 | Wednesday,Nutrition,r9_c18,Wednesday,62,52,True,08:30-09:00,0.46774193548387094,3,0.532258064516129,78.18181818181819,41.61290322580645,0.34677419354838707,True,True,0.532258064516129,78.18181818181819,41.61290322580645,0.34677419354838707,0.532258064516129,78.18181818181819,0.34677419354838707,1.0,1.0,0.0,1.0,0.0,r12_c21,62.0,1.0,True,0.0,1.0,0.0,r12_c21,62.0,1.0,0.0
Nutrition | r9_c19 | Friday,Nutrition,r9_c19,Friday,2,2,True,08:00-08:30,1.0,1,0.0,,0.0,0.0,False,False,,,,,,,,1.0,1.0,0.0,1.0,0.0,r12_c21,2.0,1.0,False,,,,,,,
Nutrition | r9_c19 | Monday,Nutrition,r9_c19,Monday,2,2,True,08:00-08:30,1.0,1,0.0,,0.0,0.0,False,False,,,,,,,,1.0,1.0,0.0,1.0,0.0,r12_c21,2.0,1.0,False,,,,,,,
Nutrition | r9_c19 | Thursday,Nutrition,r9_c19,Thursday,2,2,True,08:00-08:30,1.0,1,0.0,,0.0,0.0,False,False,,,,,,,,1.0,1.0,0.0,1.0,0.0,r12_c21,2.0,1.0,False,,,,,,,
Nutrition | r9_c19 | Tuesday,Nutrition,r9_c19,Tuesday,2,2,True,08:00-08:30,1.0,1,0.0,,0.0,0.0,False,False,,,,,,,,1.0,1.0,0.0,1.0,0.0,r12_c21,2.0,1.0,False,,,,,,,
Nutrition | r9_c19 | Wednesday,Nutrition,r9_c19,Wednesday,2,2,True,08:00-08:30,1.0,1,0.0,,0.0,0.0,False,False,,,,,,,,1.0,1.0,0.0,1.0,0.0,r12_c21,2.0,1.0,False,,,,,,,
Personal | r10_c14 | Friday,Personal,r10_c14,Friday,15,4,True,10:00-10:30,0.3333333333333333,7,0.6666666666666667,179.99999999999997,120.0,0.4666666666666667,True,True,0.6666666666666667,179.99999999999997,120.0,0.4666666666666667,0.6666666666666667,179.99999999999997,0.4666666666666667,5.0,0.29777777777777775,4.0,3.3582089552238807,0.7022222222222223,r31_c19,6.0,0.4,True,4.0,3.3582089552238807,0.7022222222222223,r31_c19,6.0,0.4,0.7022222222222223
Personal | r10_c14 | Monday,Personal,r10_c14,Monday,8,1,True,09:00-09:30,0.5,3,0.5,45.0,22.5,0.1875,False,False,,,,,,,,1.0,1.0,0.0,1.0,0.0,r14_c24,8.0,1.0,False,,,,,,,
Personal | r10_c14 | Thursday,Personal,r10_c14,Thursday,18,1,True,10:00-10:30,0.2222222222222222,7,0.7777777777777778,79.28571428571428,61.66666666666666,0.5,False,False,,,,,,,,1.0,1.0,0.0,1.0,0.0,r31_c19,18.0,1.0,False,,,,,,,
Personal | r10_c14 | Tuesday,Personal,r10_c14,Tuesday,3,1,True,11:30-12:00,0.3333333333333333,3,0.6666666666666667,74.99999999999999,50.0,0.41666666666666663,False,False,,,,,,,,1.0,1.0,0.0,1.0,0.0,r11_c18,3.0,1.0,False,,,,,,,
Personal | r10_c14 | Wednesday,Personal,r10_c14,Wednesday,8,2,True,10:00-10:30,0.25,5,0.75,195.0,146.25,0.75,False,False,,,,,,,,2.0,0.625,1.0,1.6,0.375,r11_c18,6.0,0.75,False,,,,,,,
Personal | r10_c15 | Monday,Personal,r10_c15,Monday,9,2,True,10:00-10:30,0.6666666666666666,3,0.33333333333333337,39.99999999999999,13.333333333333332,0.1111111111111111,False,False,,,,,,,,2.0,0.5555555555555556,1.0,1.7999999999999998,0.4444444444444444,r22_c24,6.0,0.6666666666666666,False,,,,,,,
Personal | r10_c15 | Thursday,Personal,r10_c15,Thursday,2,1,True,10:00-10:30,1.0,1,0.0,,0.0,0.0,False,False,,,,,,,,1.0,1.0,0.0,1.0,0.0,r14_c24,2.0,1.0,False,,,,,,,
Personal | r10_c15 | Tuesday,Personal,r10_c15,Tuesday,8,5,True,09:30-10:00,0.75,2,0.25,30.0,7.5,0.0625,False,False,,,,,,,,1.0,1.0,0.0,1.0,0.0,r14_c24,8.0,1.0,False,,,,,,,
Personal | r10_c18 | Friday,Personal,r10_c18,Friday,4,1,True,11:30-12:00,0.5,3,0.5,120.0,60.0,0.375,False,False,,,,,,,,1.0,1.0,0.0,1.0,0.0,r10_c18,4.0,1.0,False,,,,,,,
Personal | r10_c18 | Thursday,Personal,r10_c18,Thursday,2,1,True,09:30-10:00,0.5,2,0.5,120.0,60.0,0.5,False,False,,,,,,,,1.0,1.0,0.0,1.0,0.0,r16_c17,2.0,1.0,False,,,,,,,
Personal | r10_c18 | Tuesday,Personal,r10_c18,Tuesday,4,2,True,13:30-14:00,0.5,3,0.5,210.0,105.0,0.5,False,False,,,,,,,,2.0,0.625,1.0,1.6,0.375,r10_c18,3.0,0.75,False,,,,,,,
Personal | r10_c18 | Wednesday,Personal,r10_c18,Wednesday,7,4,True,10:00-10:30,0.5714285714285714,2,0.4285714285714286,29.999999999999996,12.857142857142856,0.10714285714285714,False,False,,,,,,,,3.0,0.5510204081632654,2.0,1.8148148148148147,0.44897959183673464,r13_c19,5.0,0.7142857142857143,False,,,,,,,
Personal | r11_c15 | Monday,Personal,r11_c15,Monday,3,2,True,09:00-09:30,0.6666666666666666,2,0.33333333333333337,29.999999999999996,10.0,0.08333333333333333,False,False,,,,,,,,1.0,1.0,0.0,1.0,0.0,r20_c16,3.0,1.0,False,,,,,,,
Personal | r11_c18 | Friday,Personal,r11_c18,Friday,20,6,True,09:30-10:00,0.3,7,0.7,68.57142857142857,48.0,0.36250000000000004,True,True,0.7,68.57142857142857,48.0,0.36250000000000004,0.7,68.57142857142857,0.36250000000000004,4.0,0.4050000000000001,3.0,2.469135802469135,0.595,r29_c16,11.0,0.55,True,3.0,2.469135802469135,0.595,r29_c16,11.0,0.55,0.595
Personal | r11_c18 | Monday,Personal,r11_c18,Monday,18,5,True,09:00-09:30,0.3333333333333333,6,0.6666666666666667,52.49999999999999,35.0,0.29166666666666663,True,True,0.6666666666666667,52.49999999999999,35.0,0.29166666666666663,0.6666666666666667,52.49999999999999,0.29166666666666663,5.0,0.3209876543209877,4.0,3.115384615384615,0.6790123456790123,r29_c16,9.0,0.5,True,4.0,3.115384615384615,0.6790123456790123,r29_c16,9.0,0.5,0.6790123456790123
Personal | r11_c18 | Thursday,Personal,r11_c18,Thursday,8,5,True,09:30-10:00,0.375,4,0.625,42.0,26.25,0.21875,False,False,,,,,,,,4.0,0.4375,3.0,2.2857142857142856,0.5625,r29_c16,5.0,0.625,False,,,,,,,
Personal | r11_c18 | Tuesday,Personal,r11_c18,Tuesday,5,5,True,09:00-09:30,0.4,3,0.6,40.0,24.0,0.2,False,False,,,,,,,,4.0,0.28,3.0,3.571428571428571,0.72,r29_c16,2.0,0.4,False,,,,,,,
Personal | r11_c18 | Wednesday,Personal,r11_c18,Wednesday,10,4,True,09:30-10:00,0.4,3,0.6,40.0,24.0,0.2,True,True,0.6,40.0,24.0,0.2,0.6,40.0,0.2,3.0,0.38,2.0,2.6315789473684212,0.62,r29_c16,5.0,0.5,True,2.0,2.6315789473684212,0.62,r29_c16,5.0,0.5,0.62
Personal | r12_c19 | Monday,Personal,r12_c19,Monday,1,1,True,12:00-12:30,1.0,1,0.0,,0.0,0.0,False,False,,,,,,,,1.0,1.0,0.0,1.0,0.0,r11_c18,1.0,1.0,False,,,,,,,
Personal | r12_c25 | Friday,Personal,r12_c25,Friday,6,4,True,09:00-09:30,0.16666666666666666,6,0.8333333333333334,120.0,100.0,0.6249999999999999,False,False,,,,,,,,4.0,0.33333333333333337,3.0,2.9999999999999996,0.6666666666666666,r16_c17,3.0,0.5,False,,,,,,,
Personal | r12_c25 | Monday,Personal,r12_c25,Monday,4,1,True,11:00-11:30,0.5,3,0.5,45.0,22.5,0.1875,False,False,,,,,,,,1.0,1.0,0.0,1.0,0.0,r16_c17,4.0,1.0,False,,,,,,,
Personal | r12_c25 | Thursday,Personal,r12_c25,Thursday,6,6,True,10:00-10:30,0.3333333333333333,4,0.6666666666666667,37.49999999999999,25.0,0.20833333333333331,False,False,,,,,,,,3.0,0.5,2.0,2.0,0.5,r16_c17,4.0,0.6666666666666666,False,,,,,,,
Personal | r12_c25 | Tuesday,Personal,r12_c25,Tuesday,3,3,True,09:30-10:00,0.3333333333333333,3,0.6666666666666667,44.99999999999999,30.0,0.25,False,False,,,,,,,,3.0,0.3333333333333333,2.0,3.0,0.6666666666666667,r14_c24,1.0,0.3333333333333333,False,,,,,,,
Personal | r13_c16 | Tuesday,Personal,r13_c16,Tuesday,2,2,True,09:00-09:30,0.5,2,0.5,30.0,15.0,0.125,False,False,,,,,,,,1.0,1.0,0.0,1.0,0.0,r20_c17,2.0,1.0,False,,,,,,,
Personal | r13_c16 | Wednesday,Personal,r13_c16,Wednesday,3,1,True,09:00-09:30,0.3333333333333333,3,0.6666666666666667,89.99999999999999,60.0,0.5,False,False,,,,,,,,1.0,1.0,0.0,1.0,0.0,r20_c17,3.0,1.0,False,,,,,,,
Personal | r13_c19 | Thursday,Personal,r13_c19,Thursday,10,1,True,11:30-12:00,0.2,7,0.8,78.75,63.0,0.5,False,False,,,,,,,,1.0,1.0,0.0,1.0,0.0,r31_c19,10.0,1.0,False,,,,,,,
Personal | r13_c19 | Tuesday,Personal,r13_c19,Tuesday,3,2,True,07:00-07:30,0.3333333333333333,3,0.6666666666666667,104.99999999999999,70.0,0.41666666666666663,False,False,,,,,,,,2.0,0.5555555555555556,1.0,1.7999999999999998,0.4444444444444444,r31_c19,2.0,0.6666666666666666,False,,,,,,,
Personal | r13_c19 | Wednesday,Personal,r13_c19,Wednesday,10,2,True,12:00-12:30,0.7,2,0.30000000000000004,29.999999999999996,9.0,0.075,False,False,,,,,,,,1.0,1.0,0.0,1.0,0.0,r10_c18,10.0,1.0,False,,,,,,,
Personal | r13_c24 | Thursday,Personal,r13_c24,Thursday,6,2,True,10:00-10:30,0.6666666666666666,2,0.33333333333333337,29.999999999999996,10.0,0.08333333333333333,False,False,,,,,,,,1.0,1.0,0.0,1.0,0.0,r14_c24,6.0,1.0,False,,,,,,,
Personal | r14_c23 | Tuesday,Personal,r14_c23,Tuesday,4,1,True,13:30-14:00,0.25,4,0.75,60.0,45.0,0.375,False,False,,,,,,,,1.0,1.0,0.0,1.0,0.0,r13_c19,4.0,1.0,False,,,,,,,
Personal | r14_c24 | Friday,Personal,r14_c24,Friday,24,10,True,10:30-11:00,0.125,13,0.875,181.42857142857142,158.75,0.7604166666666665,True,True,0.875,181.42857142857142,158.75,0.7604166666666665,0.875,181.42857142857142,0.7604166666666665,6.0,0.3541666666666666,5.0,2.8235294117647065,0.6458333333333335,r19_c14,13.0,0.5416666666666666,True,5.0,2.8235294117647065,0.6458333333333335,r19_c14,13.0,0.5416666666666666,0.6458333333333335
Personal | r14_c24 | Monday,Personal,r14_c24,Monday,12,6,True,09:00-09:30,0.16666666666666666,7,0.8333333333333334,120.0,100.0,0.6458333333333334,True,True,0.8333333333333334,120.0,100.0,0.6458333333333334,0.8333333333333334,120.0,0.6458333333333334,4.0,0.40277777777777785,3.0,2.482758620689655,0.5972222222222221,r16_c17,7.0,0.5833333333333334,True,3.0,2.482758620689655,0.5972222222222221,r16_c17,7.0,0.5833333333333334,0.5972222222222221
Personal | r14_c24 | Thursday,Personal,r14_c24,Thursday,25,10,True,13:30-14:00,0.2,11,0.8,130.5,104.4,0.5599999999999999,True,True,0.8,130.5,104.4,0.5599999999999999,0.8,130.5,0.5599999999999999,9.0,0.1552,8.0,6.443298969072165,0.8448,r13_c24,6.0,0.24,True,8.0,6.443298969072165,0.8448,r13_c24,6.0,0.24,0.8448
Personal | r14_c24 | Tuesday,Personal,r14_c24,Tuesday,38,13,True,12:30-13:00,0.21052631578947367,11,0.7894736842105263,107.0,84.47368421052632,0.5921052631578947,True,True,0.7894736842105263,107.0,84.47368421052632,0.5921052631578947,0.7894736842105263,107.0,0.5921052631578947,6.0,0.28670360110803317,5.0,3.4879227053140105,0.7132963988919668,r16_c17,16.0,0.42105263157894735,True,5.0,3.4879227053140105,0.7132963988919668,r16_c17,16.0,0.42105263157894735,0.7132963988919668
Personal | r14_c24 | Wednesday,Personal,r14_c24,Wednesday,17,4,True,10:30-11:00,0.35294117647058826,6,0.6470588235294117,51.81818181818183,33.529411764705884,0.27941176470588236,True,True,0.6470588235294117,51.81818181818183,33.529411764705884,0.27941176470588236,0.6470588235294117,51.81818181818183,0.27941176470588236,3.0,0.6955017301038062,2.0,1.4378109452736318,0.3044982698961938,r16_c17,14.0,0.8235294117647058,True,2.0,1.4378109452736318,0.3044982698961938,r16_c17,14.0,0.8235294117647058,0.3044982698961938
Personal | r15_c16 | Friday,Personal,r15_c16,Friday,1,1,True,12:30-13:00,1.0,1,0.0,,0.0,0.0,False,False,,,,,,,,1.0,1.0,0.0,1.0,0.0,r17_c16,1.0,1.0,False,,,,,,,
Personal | r15_c16 | Thursday,Personal,r15_c16,Thursday,12,7,True,12:00-12:30,0.3333333333333333,6,0.6666666666666667,82.49999999999999,55.0,0.4583333333333333,True,True,0.6666666666666667,82.49999999999999,55.0,0.4583333333333333,0.6666666666666667,82.49999999999999,0.4583333333333333,2.0,0.8472222222222221,1.0,1.1803278688524592,0.1527777777777779,r17_c16,11.0,0.9166666666666666,True,1.0,1.1803278688524592,0.1527777777777779,r17_c16,11.0,0.9166666666666666,0.1527777777777779
Personal | r15_c16 | Tuesday,Personal,r15_c16,Tuesday,6,1,True,11:30-12:00,0.3333333333333333,3,0.6666666666666667,44.99999999999999,30.0,0.25,False,False,,,,,,,,1.0,1.0,0.0,1.0,0.0,r10_c18,6.0,1.0,False,,,,,,,
Personal | r15_c16 | Wednesday,Personal,r15_c16,Wednesday,5,4,True,12:00-12:30,0.8,2,0.19999999999999996,90.00000000000001,18.0,0.15,False,False,,,,,,,,2.0,0.6800000000000002,1.0,1.4705882352941173,0.31999999999999984,r17_c16,4.0,0.8,False,,,,,,,
Personal | r15_c20 | Thursday,Personal,r15_c20,Thursday,4,2,True,09:00-09:30,0.5,3,0.5,75.0,37.5,0.3125,False,False,,,,,,,,1.0,1.0,0.0,1.0,0.0,r14_c24,4.0,1.0,False,,,,,,,
Personal | r16_c16 | Monday,Personal,r16_c16,Monday,2,1,True,10:00-10:30,0.5,2,0.5,180.0,90.0,0.5,False,False,,,,,,,,1.0,1.0,0.0,1.0,0.0,r16_c16,2.0,1.0,False,,,,,,,
Personal | r16_c16 | Thursday,Personal,r16_c16,Thursday,8,2,True,11:00-11:30,0.25,5,0.75,125.0,93.75,0.6875,False,False,,,,,,,,2.0,0.625,1.0,1.6,0.375,r16_c29,6.0,0.75,False,,,,,,,
Personal | r16_c17 | Friday,Personal,r16_c17,Friday,29,5,True,13:30-14:00,0.1724137931034483,9,0.8275862068965517,61.25,50.689655172413794,0.4224137931034483,True,True,0.8275862068965517,61.25,50.689655172413794,0.4224137931034483,0.8275862068965517,61.25,0.4224137931034483,2.0,0.8145065398335316,1.0,1.227737226277372,0.1854934601664684,r14_c24,26.0,0.896551724137931,True,1.0,1.227737226277372,0.1854934601664684,r14_c24,26.0,0.896551724137931,0.1854934601664684
Personal | r16_c17 | Monday,Personal,r16_c17,Monday,6,4,True,11:30-12:00,0.3333333333333333,4,0.6666666666666667,82.49999999999999,55.0,0.375,False,False,,,,,,,,2.0,0.7222222222222223,1.0,1.3846153846153844,0.2777777777777777,r14_c24,5.0,0.8333333333333334,False,,,,,,,
Personal | r16_c17 | Thursday,Personal,r16_c17,Thursday,26,8,True,14:00-14:30,0.23076923076923078,9,0.7692307692307692,61.50000000000001,47.30769230769231,0.3846153846153847,True,True,0.7692307692307692,61.50000000000001,47.30769230769231,0.3846153846153847,0.7692307692307692,61.50000000000001,0.3846153846153847,4.0,0.6686390532544378,3.0,1.4955752212389382,0.33136094674556216,r12_c25,21.0,0.8076923076923077,True,3.0,1.4955752212389382,0.33136094674556216,r12_c25,21.0,0.8076923076923077,0.33136094674556216
Personal | r16_c17 | Tuesday,Personal,r16_c17,Tuesday,14,4,True,14:00-14:30,0.2857142857142857,6,0.7142857142857143,44.99999999999999,32.14285714285714,0.26785714285714285,True,True,0.7142857142857143,44.99999999999999,32.14285714285714,0.26785714285714285,0.7142857142857143,44.99999999999999,0.26785714285714285,2.0,0.7551020408163265,1.0,1.3243243243243243,0.24489795918367352,r12_c25,12.0,0.8571428571428571,True,1.0,1.3243243243243243,0.24489795918367352,r12_c25,12.0,0.8571428571428571,0.24489795918367352
Personal | r16_c17 | Wednesday,Personal,r16_c17,Wednesday,2,1,True,11:30-12:00,0.5,2,0.5,30.0,15.0,0.125,False,False,,,,,,,,1.0,1.0,0.0,1.0,0.0,r10_c18,2.0,1.0,False,,,,,,,
Personal | r16_c29 | Thursday,Personal,r16_c29,Thursday,3,1,True,10:00-10:30,0.6666666666666666,2,0.33333333333333337,59.99999999999999,20.0,0.16666666666666666,False,False,,,,,,,,1.0,1.0,0.0,1.0,0.0,r16_c16,3.0,1.0,False,,,,,,,
Personal | r17_c11 | Friday,Personal,r17_c11,Friday,9,1,True,11:00-11:30,0.2222222222222222,8,0.7777777777777778,119.99999999999999,93.33333333333333,0.5277777777777777,False,False,,,,,,,,1.0,1.0,0.0,1.0,0.0,r23_c31,9.0,1.0,False,,,,,,,
Personal | r17_c12 | Tuesday,Personal,r17_c12,Tuesday,3,1,True,10:30-11:00,0.3333333333333333,3,0.6666666666666667,89.99999999999999,60.0,0.5,False,False,,,,,,,,1.0,1.0,0.0,1.0,0.0,r24_c13,3.0,1.0,False,,,,,,,
Personal | r17_c16 | Friday,Personal,r17_c16,Friday,45,33,True,09:30-10:00,0.7555555555555555,4,0.24444444444444446,84.54545454545455,20.666666666666668,0.09444444444444446,True,True,0.24444444444444446,84.54545454545455,20.666666666666668,0.09444444444444446,0.24444444444444446,84.54545454545455,0.09444444444444446,2.0,0.9150617283950617,1.0,1.0928224500809498,0.08493827160493828,r18_c16,43.0,0.9555555555555556,True,1.0,1.0928224500809498,0.08493827160493828,r18_c16,43.0,0.9555555555555556,0.08493827160493828
Personal | r17_c16 | Monday,Personal,r17_c16,Monday,3,1,True,12:00-12:30,1.0,1,0.0,,0.0,0.0,False,False,,,,,,,,1.0,1.0,0.0,1.0,0.0,r11_c18,3.0,1.0,False,,,,,,,
Personal | r17_c16 | Thursday,Personal,r17_c16,Thursday,15,7,True,14:30-15:00,0.26666666666666666,5,0.7333333333333334,46.36363636363636,34.0,0.2833333333333333,True,True,0.7333333333333334,46.36363636363636,34.0,0.2833333333333333,0.7333333333333334,46.36363636363636,0.2833333333333333,2.0,0.8755555555555556,1.0,1.1421319796954315,0.12444444444444436,r15_c16,14.0,0.9333333333333333,True,1.0,1.1421319796954315,0.12444444444444436,r15_c16,14.0,0.9333333333333333,0.12444444444444436
Personal | r17_c16 | Wednesday,Personal,r17_c16,Wednesday,13,4,True,15:30-16:00,0.46153846153846156,4,0.5384615384615384,34.28571428571429,18.461538461538463,0.15384615384615385,True,True,0.5384615384615384,34.28571428571429,18.461538461538463,0.15384615384615385,0.5384615384615384,34.28571428571429,0.15384615384615385,2.0,0.8579881656804735,1.0,1.1655172413793102,0.14201183431952646,r15_c16,12.0,0.9230769230769231,True,1.0,1.1655172413793102,0.14201183431952646,r15_c16,12.0,0.9230769230769231,0.14201183431952646
Personal | r17_c17 | Friday,Personal,r17_c17,Friday,3,2,True,14:00-14:30,0.3333333333333333,3,0.6666666666666667,44.99999999999999,30.0,0.25,False,False,,,,,,,,1.0,1.0,0.0,1.0,0.0,r29_c17,3.0,1.0,False,,,,,,,
Personal | r17_c17 | Monday,Personal,r17_c17,Monday,2,1,True,14:00-14:30,0.5,2,0.5,30.0,15.0,0.125,False,False,,,,,,,,1.0,1.0,0.0,1.0,0.0,r29_c17,2.0,1.0,False,,,,,,,
Personal | r17_c17 | Thursday,Personal,r17_c17,Thursday,9,3,True,12:30-13:00,0.2222222222222222,7,0.7777777777777778,64.28571428571428,49.99999999999999,0.38888888888888895,False,False,,,,,,,,1.0,1.0,0.0,1.0,0.0,r29_c17,9.0,1.0,False,,,,,,,
Personal | r17_c17 | Tuesday,Personal,r17_c17,Tuesday,8,5,True,14:00-14:30,0.25,7,0.75,115.0,86.25,0.5,False,False,,,,,,,,1.0,1.0,0.0,1.0,0.0,r29_c17,8.0,1.0,False,,,,,,,
Personal | r17_c17 | Wednesday,Personal,r17_c17,Wednesday,1,1,True,13:30-14:00,1.0,1,0.0,,0.0,0.0,False,False,,,,,,,,1.0,1.0,0.0,1.0,0.0,r29_c17,1.0,1.0,False,,,,,,,
Personal | r18_c15 | Friday,Personal,r18_c15,Friday,1,1,True,10:00-10:30,1.0,1,0.0,,0.0,0.0,False,False,,,,,,,,1.0,1.0,0.0,1.0,0.0,r20_c16,1.0,1.0,False,,,,,,,
Personal | r18_c15 | Monday,Personal,r18_c15,Monday,1,1,True,10:30-11:00,1.0,1,0.0,,0.0,0.0,False,False,,,,,,,,1.0,1.0,0.0,1.0,0.0,r20_c16,1.0,1.0,False,,,,,,,
Personal | r18_c15 | Thursday,Personal,r18_c15,Thursday,4,1,True,09:30-10:00,0.25,4,0.75,60.0,45.0,0.375,False,False,,,,,,,,1.0,1.0,0.0,1.0,0.0,r20_c16,4.0,1.0,False,,,,,,,
Personal | r18_c15 | Tuesday,Personal,r18_c15,Tuesday,4,3,True,10:00-10:30,0.75,2,0.25,30.0,7.5,0.0625,False,False,,,,,,,,1.0,1.0,0.0,1.0,0.0,r20_c16,4.0,1.0,False,,,,,,,
Personal | r18_c15 | Wednesday,Personal,r18_c15,Wednesday,1,1,True,10:00-10:30,1.0,1,0.0,,0.0,0.0,False,False,,,,,,,,1.0,1.0,0.0,1.0,0.0,r17_c16,1.0,1.0,False,,,,,,,
Personal | r18_c16 | Friday,Personal,r18_c16,Friday,55,32,True,12:30-13:00,0.9272727272727272,4,0.07272727272727275,82.49999999999996,5.999999999999999,0.05,True,True,0.07272727272727275,82.49999999999996,5.999999999999999,0.05,0.07272727272727275,82.49999999999996,0.05,1.0,1.0,0.0,1.0,0.0,r17_c16,55.0,1.0,True,0.0,1.0,0.0,r17_c16,55.0,1.0,0.0
Personal | r18_c17 | Friday,Personal,r18_c17,Friday,13,2,True,14:00-14:30,0.38461538461538464,6,0.6153846153846154,48.75,30.000000000000004,0.25,False,False,,,,,,,,2.0,0.8579881656804735,1.0,1.1655172413793102,0.14201183431952646,r19_c14,12.0,0.9230769230769231,False,,,,,,,
Personal | r18_c17 | Monday,Personal,r18_c17,Monday,1,1,True,12:00-12:30,1.0,1,0.0,,0.0,0.0,False,False,,,,,,,,1.0,1.0,0.0,1.0,0.0,r11_c18,1.0,1.0,False,,,,,,,
Personal | r18_c17 | Thursday,Personal,r18_c17,Thursday,1,1,True,11:30-12:00,1.0,1,0.0,,0.0,0.0,False,False,,,,,,,,1.0,1.0,0.0,1.0,0.0,r21_c17,1.0,1.0,False,,,,,,,
Personal | r18_c17 | Tuesday,Personal,r18_c17,Tuesday,3,1,True,11:00-11:30,0.6666666666666666,2,0.33333333333333337,59.99999999999999,20.0,0.16666666666666666,False,False,,,,,,,,1.0,1.0,0.0,1.0,0.0,r11_c18,3.0,1.0,False,,,,,,,
Personal | r18_c17 | Wednesday,Personal,r18_c17,Wednesday,4,3,True,16:00-16:30,0.5,3,0.5,180.0,90.0,0.5,False,False,,,,,,,,2.0,0.5,1.0,2.0,0.5,r19_c14,2.0,0.5,False,,,,,,,
Personal | r19_c14 | Friday,Personal,r19_c14,Friday,32,5,True,10:00-10:30,0.34375,8,0.65625,65.71428571428571,43.125,0.3515625,True,True,0.65625,65.71428571428571,43.125,0.3515625,0.65625,65.71428571428571,0.3515625,4.0,0.673828125,3.0,1.4840579710144928,0.326171875,r14_c24,26.0,0.8125,True,3.0,1.4840579710144928,0.326171875,r14_c24,26.0,0.8125,0.326171875
Personal | r19_c14 | Monday,Personal,r19_c14,Monday,8,2,True,10:00-10:30,0.5,5,0.5,82.5,41.25,0.28125,False,False,,,,,,,,3.0,0.46875,2.0,2.1333333333333333,0.53125,r14_c24,5.0,0.625,False,,,,,,,
Personal | r19_c14 | Thursday,Personal,r19_c14,Thursday,1,1,True,09:30-10:00,1.0,1,0.0,,0.0,0.0,False,False,,,,,,,,1.0,1.0,0.0,1.0,0.0,r14_c24,1.0,1.0,False,,,,,,,
Personal | r19_c14 | Tuesday,Personal,r19_c14,Tuesday,17,4,True,09:30-10:00,0.29411764705882354,6,0.7058823529411764,47.50000000000001,33.529411764705884,0.27941176470588236,True,True,0.7058823529411764,47.50000000000001,33.529411764705884,0.27941176470588236,0.7058823529411764,47.50000000000001,0.27941176470588236,2.0,0.8892733564013842,1.0,1.1245136186770428,0.11072664359861584,r14_c24,16.0,0.9411764705882353,True,1.0,1.1245136186770428,0.11072664359861584,r14_c24,16.0,0.9411764705882353,0.11072664359861584
Personal | r19_c14 | Wednesday,Personal,r19_c14,Wednesday,12,3,True,11:00-11:30,0.4166666666666667,5,0.5833333333333333,38.57142857142858,22.5,0.1875,True,True,0.5833333333333333,38.57142857142858,22.5,0.1875,0.5833333333333333,38.57142857142858,0.1875,2.0,0.625,1.0,1.6,0.375,r18_c17,9.0,0.75,True,1.0,1.6,0.375,r18_c17,9.0,0.75,0.375
Personal | r19_c16 | Friday,Personal,r19_c16,Friday,16,5,True,12:30-13:00,0.375,4,0.625,36.0,22.5,0.1875,True,True,0.625,36.0,22.5,0.1875,0.625,36.0,0.1875,1.0,1.0,0.0,1.0,0.0,r23_c16,16.0,1.0,True,0.0,1.0,0.0,r23_c16,16.0,1.0,0.0
Personal | r19_c16 | Thursday,Personal,r19_c16,Thursday,23,10,True,12:00-12:30,0.391304347826087,6,0.6086956521739131,49.285714285714285,30.0,0.24999999999999997,True,True,0.6086956521739131,49.285714285714285,30.0,0.24999999999999997,0.6086956521739131,49.285714285714285,0.24999999999999997,2.0,0.7731568998109641,1.0,1.293398533007335,0.22684310018903586,r23_c16,20.0,0.8695652173913043,True,1.0,1.293398533007335,0.22684310018903586,r23_c16,20.0,0.8695652173913043,0.22684310018903586
Personal | r19_c16 | Wednesday,Personal,r19_c16,Wednesday,9,5,True,12:00-12:30,0.5555555555555556,2,0.4444444444444444,90.0,40.0,0.3333333333333333,False,False,,,,,,,,1.0,1.0,0.0,1.0,0.0,r23_c16,9.0,1.0,False,,,,,,,
Personal | r19_c17 | Thursday,Personal,r19_c17,Thursday,1,1,True,14:30-15:00,1.0,1,0.0,,0.0,0.0,False,False,,,,,,,,1.0,1.0,0.0,1.0,0.0,r27_c19,1.0,1.0,False,,,,,,,
Personal | r20_c16 | Friday,Personal,r20_c16,Friday,1,1,True,13:30-14:00,1.0,1,0.0,,0.0,0.0,False,False,,,,,,,,1.0,1.0,0.0,1.0,0.0,r18_c15,1.0,1.0,False,,,,,,,
Personal | r20_c16 | Monday,Personal,r20_c16,Monday,10,4,True,12:30-13:00,0.4,6,0.6,110.0,66.0,0.4000000000000001,True,True,0.6,110.0,66.0,0.4000000000000001,0.6,110.0,0.4000000000000001,4.0,0.30000000000000004,3.0,3.333333333333333,0.7,r20_c16,4.0,0.4,True,3.0,3.333333333333333,0.7,r20_c16,4.0,0.4,0.7
Personal | r20_c16 | Thursday,Personal,r20_c16,Thursday,4,1,True,14:00-14:30,0.5,3,0.5,45.0,22.5,0.1875,False,False,,,,,,,,1.0,1.0,0.0,1.0,0.0,r18_c15,4.0,1.0,False,,,,,,,
Personal | r20_c16 | Tuesday,Personal,r20_c16,Tuesday,12,3,True,13:30-14:00,0.4166666666666667,5,0.5833333333333333,42.85714285714286,25.0,0.20833333333333331,True,True,0.5833333333333333,42.85714285714286,25.0,0.20833333333333331,0.5833333333333333,42.85714285714286,0.20833333333333331,1.0,1.0,0.0,1.0,0.0,r18_c15,12.0,1.0,True,0.0,1.0,0.0,r18_c15,12.0,1.0,0.0
Personal | r20_c17 | Tuesday,Personal,r20_c17,Tuesday,2,2,True,12:00-12:30,0.5,2,0.5,60.0,30.0,0.25,False,False,,,,,,,,1.0,1.0,0.0,1.0,0.0,r13_c16,2.0,1.0,False,,,,,,,
Personal | r20_c21 | Friday,Personal,r20_c21,Friday,6,3,True,09:00-09:30,0.6666666666666666,3,0.33333333333333337,134.99999999999997,45.0,0.3333333333333333,False,False,,,,,,,,1.0,1.0,0.0,1.0,0.0,r25_c21,6.0,1.0,False,,,,,,,
Personal | r20_c21 | Thursday,Personal,r20_c21,Thursday,11,4,True,10:00-10:30,0.45454545454545453,4,0.5454545454545454,55.00000000000001,30.0,0.25,True,True,0.5454545454545454,55.00000000000001,30.0,0.25,0.5454545454545454,55.00000000000001,0.25,1.0,1.0,0.0,1.0,0.0,r25_c21,11.0,1.0,True,0.0,1.0,0.0,r25_c21,11.0,1.0,0.0
Personal | r20_c21 | Tuesday,Personal,r20_c21,Tuesday,3,1,True,10:00-10:30,0.3333333333333333,3,0.6666666666666667,44.99999999999999,30.0,0.25,False,False,,,,,,,,1.0,1.0,0.0,1.0,0.0,r27_c19,3.0,1.0,False,,,,,,,
Personal | r20_c21 | Wednesday,Personal,r20_c21,Wednesday,17,6,True,10:00-10:30,0.4117647058823529,5,0.5882352941176471,45.00000000000001,26.470588235294123,0.22058823529411767,True,True,0.5882352941176471,45.00000000000001,26.470588235294123,0.22058823529411767,0.5882352941176471,45.00000000000001,0.22058823529411767,2.0,0.6401384083044982,1.0,1.5621621621621624,0.3598615916955018,r25_c21,13.0,0.7647058823529411,True,1.0,1.5621621621621624,0.3598615916955018,r25_c21,13.0,0.7647058823529411,0.3598615916955018
Personal | r20_c7 | Monday,Personal,r20_c7,Monday,1,1,True,13:30-14:00,1.0,1,0.0,,0.0,0.0,False,False,,,,,,,,1.0,1.0,0.0,1.0,0.0,r26_c10,1.0,1.0,False,,,,,,,
Personal | r20_c7 | Wednesday,Personal,r20_c7,Wednesday,3,1,True,13:30-14:00,1.0,1,0.0,,0.0,0.0,False,False,,,,,,,,1.0,1.0,0.0,1.0,0.0,r26_c10,3.0,1.0,False,,,,,,,
Personal | r21_c12 | Friday,Personal,r21_c12,Friday,2,1,True,11:30-12:00,0.5,2,0.5,30.0,15.0,0.125,False,False,,,,,,,,1.0,1.0,0.0,1.0,0.0,r21_c17,2.0,1.0,False,,,,,,,
Personal | r21_c12 | Tuesday,Personal,r21_c12,Tuesday,5,1,True,13:30-14:00,0.4,4,0.6,40.0,24.0,0.2,False,False,,,,,,,,1.0,1.0,0.0,1.0,0.0,r22_c9,5.0,1.0,False,,,,,,,
Personal | r21_c12 | Wednesday,Personal,r21_c12,Wednesday,1,1,True,14:00-14:30,1.0,1,0.0,,0.0,0.0,False,False,,,,,,,,1.0,1.0,0.0,1.0,0.0,r21_c17,1.0,1.0,False,,,,,,,
Personal | r21_c13 | Monday,Personal,r21_c13,Monday,2,1,True,10:00-10:30,1.0,1,0.0,,0.0,0.0,False,False,,,,,,,,1.0,1.0,0.0,1.0,0.0,r26_c14,2.0,1.0,False,,,,,,,
Personal | r21_c16 | Thursday,Personal,r21_c16,Thursday,1,1,True,14:00-14:30,1.0,1,0.0,,0.0,0.0,False,False,,,,,,,,1.0,1.0,0.0,1.0,0.0,r24_c23,1.0,1.0,False,,,,,,,
Personal | r21_c17 | Friday,Personal,r21_c17,Friday,10,7,True,09:00-09:30,0.2,7,0.8,206.25,165.0,0.75,True,True,0.8,206.25,165.0,0.75,0.8,206.25,0.75,4.0,0.30000000000000004,3.0,3.333333333333333,0.7,r23_c17,4.0,0.4,True,3.0,3.333333333333333,0.7,r23_c17,4.0,0.4,0.7
Personal | r21_c17 | Monday,Personal,r21_c17,Monday,1,1,True,10:30-11:00,1.0,1,0.0,,0.0,0.0,False,False,,,,,,,,1.0,1.0,0.0,1.0,0.0,r14_c24,1.0,1.0,False,,,,,,,
Personal | r21_c17 | Thursday,Personal,r21_c17,Thursday,6,3,True,09:30-10:00,0.3333333333333333,4,0.6666666666666667,74.99999999999999,50.0,0.29166666666666663,False,False,,,,,,,,3.0,0.5,2.0,2.0,0.5,r14_c24,4.0,0.6666666666666666,False,,,,,,,
Personal | r21_c17 | Tuesday,Personal,r21_c17,Tuesday,4,2,True,09:00-09:30,0.75,2,0.25,180.0,45.0,0.25,False,False,,,,,,,,3.0,0.375,2.0,2.6666666666666665,0.625,r33_c22,2.0,0.5,False,,,,,,,
Personal | r21_c17 | Wednesday,Personal,r21_c17,Wednesday,6,2,True,15:00-15:30,0.5,3,0.5,120.0,60.0,0.3333333333333333,False,False,,,,,,,,2.0,0.7222222222222223,1.0,1.3846153846153844,0.2777777777777777,r18_c17,5.0,0.8333333333333334,False,,,,,,,
Personal | r21_c23 | Wednesday,Personal,r21_c23,Wednesday,1,1,True,15:00-15:30,1.0,1,0.0,,0.0,0.0,False,False,,,,,,,,1.0,1.0,0.0,1.0,0.0,r26_c23,1.0,1.0,False,,,,,,,
Personal | r21_c31 | Thursday,Personal,r21_c31,Thursday,3,1,True,13:30-14:00,0.3333333333333333,3,0.6666666666666667,44.99999999999999,30.0,0.25,False,False,,,,,,,,1.0,1.0,0.0,1.0,0.0,r22_c24,3.0,1.0,False,,,,,,,
Personal | r21_c9 | Friday,Personal,r21_c9,Friday,3,1,True,10:30-11:00,0.6666666666666666,2,0.33333333333333337,59.99999999999999,20.0,0.16666666666666666,False,False,,,,,,,,1.0,1.0,0.0,1.0,0.0,r21_c17,3.0,1.0,False,,,,,,,
Personal | r21_c9 | Thursday,Personal,r21_c9,Thursday,5,4,True,09:30-10:00,0.2,5,0.8,240.0,192.0,0.8,False,False,,,,,,,,2.0,0.6800000000000002,1.0,1.4705882352941173,0.31999999999999984,r31_c20,4.0,0.8,False,,,,,,,
Personal | r21_c9 | Tuesday,Personal,r21_c9,Tuesday,5,1,True,14:00-14:30,0.4,4,0.6,90.0,54.0,0.35,False,False,,,,,,,,2.0,0.52,1.0,1.923076923076923,0.48,r26_c10,3.0,0.6,False,,,,,,,
Personal | r21_c9 | Wednesday,Personal,r21_c9,Wednesday,5,2,True,14:30-15:00,0.4,4,0.6,110.0,66.0,0.3,False,False,,,,,,,,3.0,0.44000000000000006,2.0,2.2727272727272725,0.5599999999999999,r31_c20,3.0,0.6,False,,,,,,,
Personal | r22_c10 | Tuesday,Personal,r22_c10,Tuesday,2,1,True,11:30-12:00,1.0,1,0.0,,0.0,0.0,False,False,,,,,,,,2.0,0.5,1.0,2.0,0.5,r26_c10,1.0,0.5,False,,,,,,,
Personal | r22_c11 | Tuesday,Personal,r22_c11,Tuesday,2,1,True,11:00-11:30,1.0,1,0.0,,0.0,0.0,False,False,,,,,,,,1.0,1.0,0.0,1.0,0.0,r31_c13,2.0,1.0,False,,,,,,,
Personal | r22_c13 | Friday,Personal,r22_c13,Friday,4,1,True,09:00-09:30,1.0,1,0.0,,0.0,0.0,False,False,,,,,,,,1.0,1.0,0.0,1.0,0.0,r26_c10,4.0,1.0,False,,,,,,,
Personal | r22_c13 | Thursday,Personal,r22_c13,Thursday,5,2,True,09:00-09:30,0.8,2,0.19999999999999996,30.000000000000007,6.0,0.05,False,False,,,,,,,,2.0,0.52,1.0,1.923076923076923,0.48,r26_c10,3.0,0.6,False,,,,,,,
Personal | r22_c13 | Tuesday,Personal,r22_c13,Tuesday,6,2,True,07:30-08:00,0.3333333333333333,4,0.6666666666666667,74.99999999999999,50.0,0.4166666666666667,False,False,,,,,,,,2.0,0.5555555555555556,1.0,1.7999999999999998,0.4444444444444444,r27_c10,4.0,0.6666666666666666,False,,,,,,,
Personal | r22_c15 | Friday,Personal,r22_c15,Friday,1,1,True,15:00-15:30,1.0,1,0.0,,0.0,0.0,False,False,,,,,,,,1.0,1.0,0.0,1.0,0.0,r19_c14,1.0,1.0,False,,,,,,,
Personal | r22_c16 | Monday,Personal,r22_c16,Monday,1,1,True,10:00-10:30,1.0,1,0.0,,0.0,0.0,False,False,,,,,,,,1.0,1.0,0.0,1.0,0.0,r29_c17,1.0,1.0,False,,,,,,,
Personal | r22_c16 | Thursday,Personal,r22_c16,Thursday,3,2,True,15:00-15:30,0.6666666666666666,2,0.33333333333333337,119.99999999999999,40.0,0.3333333333333333,False,False,,,,,,,,2.0,0.5555555555555556,1.0,1.7999999999999998,0.4444444444444444,r24_c11,2.0,0.6666666666666666,False,,,,,,,
Personal | r22_c16 | Tuesday,Personal,r22_c16,Tuesday,20,3,True,10:00-10:30,0.15,10,0.85,232.94117647058823,198.0,0.8500000000000001,True,True,0.85,232.94117647058823,198.0,0.8500000000000001,0.85,232.94117647058823,0.8500000000000001,3.0,0.34500000000000003,2.0,2.8985507246376807,0.655,r23_c16,8.0,0.4,True,2.0,2.8985507246376807,0.655,r23_c16,8.0,0.4,0.655
Personal | r22_c16 | Wednesday,Personal,r22_c16,Wednesday,8,3,True,13:30-14:00,0.625,4,0.375,70.0,26.25,0.21875,False,False,,,,,,,,3.0,0.46875,2.0,2.1333333333333333,0.53125,r24_c11,5.0,0.625,False,,,,,,,
Personal | r22_c17 | Friday,Personal,r22_c17,Friday,1,1,True,10:30-11:00,1.0,1,0.0,,0.0,0.0,False,False,,,,,,,,1.0,1.0,0.0,1.0,0.0,r23_c16,1.0,1.0,False,,,,,,,
Personal | r22_c17 | Thursday,Personal,r22_c17,Thursday,3,2,True,10:00-10:30,1.0,1,0.0,,0.0,0.0,False,False,,,,,,,,2.0,0.5555555555555556,1.0,1.7999999999999998,0.4444444444444444,r23_c16,2.0,0.6666666666666666,False,,,,,,,
Personal | r22_c17 | Tuesday,Personal,r22_c17,Tuesday,4,3,True,10:00-10:30,1.0,1,0.0,,0.0,0.0,False,False,,,,,,,,2.0,0.625,1.0,1.6,0.375,r23_c16,3.0,0.75,False,,,,,,,
Personal | r22_c19 | Monday,Personal,r22_c19,Monday,2,1,True,09:00-09:30,0.5,2,0.5,60.0,30.0,0.25,False,False,,,,,,,,1.0,1.0,0.0,1.0,0.0,r20_c16,2.0,1.0,False,,,,,,,
Personal | r22_c24 | Monday,Personal,r22_c24,Monday,1,1,True,15:30-16:00,1.0,1,0.0,,0.0,0.0,False,False,,,,,,,,1.0,1.0,0.0,1.0,0.0,r10_c15,1.0,1.0,False,,,,,,,
Personal | r22_c24 | Thursday,Personal,r22_c24,Thursday,1,1,True,14:00-14:30,1.0,1,0.0,,0.0,0.0,False,False,,,,,,,,1.0,1.0,0.0,1.0,0.0,r21_c31,1.0,1.0,False,,,,,,,
Personal | r22_c9 | Thursday,Personal,r22_c9,Thursday,1,1,True,10:00-10:30,1.0,1,0.0,,0.0,0.0,False,False,,,,,,,,1.0,1.0,0.0,1.0,0.0,r23_c16,1.0,1.0,False,,,,,,,
Personal | r22_c9 | Tuesday,Personal,r22_c9,Tuesday,3,2,True,10:00-10:30,0.3333333333333333,3,0.6666666666666667,134.99999999999997,90.0,0.6666666666666666,False,False,,,,,,,,2.0,0.5555555555555556,1.0,1.7999999999999998,0.4444444444444444,r25_c9,2.0,0.6666666666666666,False,,,,,,,
Personal | r22_c9 | Wednesday,Personal,r22_c9,Wednesday,1,1,True,11:30-12:00,1.0,1,0.0,,0.0,0.0,False,False,,,,,,,,1.0,1.0,0.0,1.0,0.0,r24_c7,1.0,1.0,False,,,,,,,
Personal | r23_c10 | Tuesday,Personal,r23_c10,Tuesday,5,2,True,13:30-14:00,0.4,3,0.6,30.0,18.0,0.15000000000000002,False,False,,,,,,,,1.0,1.0,0.0,1.0,0.0,r33_c12,5.0,1.0,False,,,,,,,
Personal | r23_c15 | Monday,Personal,r23_c15,Monday,1,1,True,13:30-14:00,1.0,1,0.0,,0.0,0.0,False,False,,,,,,,,1.0,1.0,0.0,1.0,0.0,r29_c13,1.0,1.0,False,,,,,,,
Personal | r23_c16 | Friday,Personal,r23_c16,Friday,9,5,True,12:30-13:00,0.2222222222222222,6,0.7777777777777778,111.42857142857142,86.66666666666666,0.5555555555555556,False,False,,,,,,,,4.0,0.3333333333333333,3.0,3.0,0.6666666666666667,r14_c24,4.0,0.4444444444444444,False,,,,,,,
Personal | r23_c16 | Monday,Personal,r23_c16,Monday,1,1,True,14:00-14:30,1.0,1,0.0,,0.0,0.0,False,False,,,,,,,,1.0,1.0,0.0,1.0,0.0,r11_c18,1.0,1.0,False,,,,,,,
Personal | r23_c16 | Thursday,Personal,r23_c16,Thursday,2,2,True,11:30-12:00,0.5,2,0.5,30.0,15.0,0.125,False,False,,,,,,,,2.0,0.5,1.0,2.0,0.5,r22_c17,1.0,0.5,False,,,,,,,
Personal | r23_c16 | Tuesday,Personal,r23_c16,Tuesday,10,4,True,11:30-12:00,0.3,5,0.7,188.57142857142858,132.0,0.7000000000000001,True,True,0.7,188.57142857142858,132.0,0.7000000000000001,0.7,188.57142857142858,0.7000000000000001,3.0,0.33999999999999997,2.0,2.9411764705882355,0.66,r19_c14,4.0,0.4,True,2.0,2.9411764705882355,0.66,r19_c14,4.0,0.4,0.66
Personal | r23_c16 | Wednesday,Personal,r23_c16,Wednesday,2,1,True,14:30-15:00,0.5,2,0.5,30.0,15.0,0.125,False,False,,,,,,,,1.0,1.0,0.0,1.0,0.0,r19_c14,2.0,1.0,False,,,,,,,
Personal | r23_c17 | Friday,Personal,r23_c17,Friday,8,6,True,10:30-11:00,0.25,6,0.75,100.0,75.0,0.46875,False,False,,,,,,,,2.0,0.78125,1.0,1.28,0.21875,r21_c17,7.0,0.875,False,,,,,,,
Personal | r23_c17 | Thursday,Personal,r23_c17,Thursday,7,2,True,15:00-15:30,0.42857142857142855,5,0.5714285714285714,52.5,29.999999999999996,0.24999999999999994,False,False,,,,,,,,1.0,1.0,0.0,1.0,0.0,r14_c24,7.0,1.0,False,,,,,,,
Personal | r23_c17 | Wednesday,Personal,r23_c17,Wednesday,4,2,True,14:00-14:30,0.5,3,0.5,165.0,82.5,0.3125,False,False,,,,,,,,1.0,1.0,0.0,1.0,0.0,r21_c17,4.0,1.0,False,,,,,,,
Personal | r23_c22 | Thursday,Personal,r23_c22,Thursday,1,1,True,11:00-11:30,1.0,1,0.0,,0.0,0.0,False,False,,,,,,,,1.0,1.0,0.0,1.0,0.0,r33_c10,1.0,1.0,False,,,,,,,
Personal | r24_c10 | Friday,Personal,r24_c10,Friday,1,1,True,12:30-13:00,1.0,1,0.0,,0.0,0.0,False,False,,,,,,,,1.0,1.0,0.0,1.0,0.0,r24_c7,1.0,1.0,False,,,,,,,
Personal | r24_c10 | Thursday,Personal,r24_c10,Thursday,7,1,True,13:00-13:30,0.2857142857142857,4,0.7142857142857143,42.0,30.0,0.25,False,False,,,,,,,,1.0,1.0,0.0,1.0,0.0,r24_c7,7.0,1.0,False,,,,,,,
Personal | r24_c11 | Friday,Personal,r24_c11,Friday,10,4,True,13:30-14:00,0.2,6,0.8,105.0,84.0,0.65,True,True,0.8,105.0,84.0,0.65,0.8,105.0,0.65,3.0,0.44000000000000006,2.0,2.2727272727272725,0.5599999999999999,r31_c5,6.0,0.6,True,2.0,2.2727272727272725,0.5599999999999999,r31_c5,6.0,0.6,0.5599999999999999
Personal | r24_c11 | Thursday,Personal,r24_c11,Thursday,37,10,True,13:00-13:30,0.21621621621621623,11,0.7837837837837838,69.31034482758622,54.32432432432433,0.40540540540540543,True,True,0.7837837837837838,69.31034482758622,54.32432432432433,0.40540540540540543,0.7837837837837838,69.31034482758622,0.40540540540540543,5.0,0.6712929145361578,4.0,1.4896626768226333,0.3287070854638422,r33_c9,30.0,0.8108108108108109,True,4.0,1.4896626768226333,0.3287070854638422,r33_c9,30.0,0.8108108108108109,0.3287070854638422
Personal | r24_c11 | Tuesday,Personal,r24_c11,Tuesday,8,3,True,12:00-12:30,0.25,5,0.75,185.0,138.75,0.65625,False,False,,,,,,,,3.0,0.46875,2.0,2.1333333333333333,0.53125,r31_c5,5.0,0.625,False,,,,,,,
Personal | r24_c11 | Wednesday,Personal,r24_c11,Wednesday,2,1,True,15:00-15:30,0.5,2,0.5,60.0,30.0,0.25,False,False,,,,,,,,1.0,1.0,0.0,1.0,0.0,r31_c5,2.0,1.0,False,,,,,,,
Personal | r24_c13 | Tuesday,Personal,r24_c13,Tuesday,1,1,True,13:00-13:30,1.0,1,0.0,,0.0,0.0,False,False,,,,,,,,1.0,1.0,0.0,1.0,0.0,r17_c12,1.0,1.0,False,,,,,,,
Personal | r24_c16 | Friday,Personal,r24_c16,Friday,3,1,True,12:00-12:30,1.0,1,0.0,,0.0,0.0,False,False,,,,,,,,1.0,1.0,0.0,1.0,0.0,r10_c14,3.0,1.0,False,,,,,,,
Personal | r24_c16 | Monday,Personal,r24_c16,Monday,1,1,True,11:00-11:30,1.0,1,0.0,,0.0,0.0,False,False,,,,,,,,1.0,1.0,0.0,1.0,0.0,r23_c16,1.0,1.0,False,,,,,,,
Personal | r24_c17 | Tuesday,Personal,r24_c17,Tuesday,2,2,True,11:30-12:00,0.5,2,0.5,60.0,30.0,0.25,False,False,,,,,,,,2.0,0.5,1.0,2.0,0.5,r24_c16,1.0,0.5,False,,,,,,,
Personal | r24_c20 | Monday,Personal,r24_c20,Monday,3,1,True,15:00-15:30,0.6666666666666666,2,0.33333333333333337,29.999999999999996,10.0,0.08333333333333333,False,False,,,,,,,,1.0,1.0,0.0,1.0,0.0,r19_c14,3.0,1.0,False,,,,,,,
Personal | r24_c22 | Thursday,Personal,r24_c22,Thursday,1,1,True,12:30-13:00,1.0,1,0.0,,0.0,0.0,False,False,,,,,,,,1.0,1.0,0.0,1.0,0.0,r25_c23,1.0,1.0,False,,,,,,,
Personal | r24_c22 | Wednesday,Personal,r24_c22,Wednesday,13,3,True,13:00-13:30,0.46153846153846156,5,0.5384615384615384,51.42857142857143,27.692307692307693,0.2307692307692308,True,True,0.5384615384615384,51.42857142857143,27.692307692307693,0.2307692307692308,0.5384615384615384,51.42857142857143,0.2307692307692308,2.0,0.57396449704142,1.0,1.7422680412371137,0.42603550295857995,r25_c23,9.0,0.6923076923076923,True,1.0,1.7422680412371137,0.42603550295857995,r25_c23,9.0,0.6923076923076923,0.42603550295857995
Personal | r24_c23 | Friday,Personal,r24_c23,Friday,1,1,True,12:30-13:00,1.0,1,0.0,,0.0,0.0,False,False,,,,,,,,1.0,1.0,0.0,1.0,0.0,r21_c16,1.0,1.0,False,,,,,,,
Personal | r24_c23 | Thursday,Personal,r24_c23,Thursday,7,1,True,14:00-14:30,0.2857142857142857,6,0.7142857142857143,119.99999999999999,85.71428571428571,0.5357142857142857,False,False,,,,,,,,1.0,1.0,0.0,1.0,0.0,r21_c16,7.0,1.0,False,,,,,,,
Personal | r24_c23 | Wednesday,Personal,r24_c23,Wednesday,2,1,True,10:30-11:00,1.0,1,0.0,,0.0,0.0,False,False,,,,,,,,1.0,1.0,0.0,1.0,0.0,r24_c22,2.0,1.0,False,,,,,,,
Personal | r24_c7 | Friday,Personal,r24_c7,Friday,1,1,True,10:00-10:30,1.0,1,0.0,,0.0,0.0,False,False,,,,,,,,1.0,1.0,0.0,1.0,0.0,r24_c10,1.0,1.0,False,,,,,,,
Personal | r24_c7 | Thursday,Personal,r24_c7,Thursday,7,3,True,10:00-10:30,0.8571428571428571,2,0.1428571428571429,29.99999999999999,4.285714285714286,0.03571428571428571,False,False,,,,,,,,3.0,0.346938775510204,2.0,2.882352941176471,0.653061224489796,r24_c11,3.0,0.42857142857142855,False,,,,,,,
Personal | r24_c7 | Tuesday,Personal,r24_c7,Tuesday,3,2,True,10:00-10:30,0.6666666666666666,2,0.33333333333333337,29.999999999999996,10.0,0.08333333333333333,False,False,,,,,,,,2.0,0.5555555555555556,1.0,1.7999999999999998,0.4444444444444444,r24_c10,2.0,0.6666666666666666,False,,,,,,,
Personal | r24_c7 | Wednesday,Personal,r24_c7,Wednesday,1,1,True,10:00-10:30,1.0,1,0.0,,0.0,0.0,False,False,,,,,,,,1.0,1.0,0.0,1.0,0.0,r22_c9,1.0,1.0,False,,,,,,,
Personal | r25_c11 | Thursday,Personal,r25_c11,Thursday,5,1,True,13:00-13:30,0.4,3,0.6,70.0,42.0,0.35,False,False,,,,,,,,1.0,1.0,0.0,1.0,0.0,r34_c18,5.0,1.0,False,,,,,,,
Personal | r25_c12 | Tuesday,Personal,r25_c12,Tuesday,2,1,True,13:00-13:30,0.5,2,0.5,30.0,15.0,0.125,False,False,,,,,,,,1.0,1.0,0.0,1.0,0.0,r33_c9,2.0,1.0,False,,,,,,,
Personal | r25_c16 | Tuesday,Personal,r25_c16,Tuesday,1,1,True,14:00-14:30,1.0,1,0.0,,0.0,0.0,False,False,,,,,,,,1.0,1.0,0.0,1.0,0.0,r35_c15,1.0,1.0,False,,,,,,,
Personal | r25_c16 | Wednesday,Personal,r25_c16,Wednesday,1,1,True,09:00-09:30,1.0,1,0.0,,0.0,0.0,False,False,,,,,,,,1.0,1.0,0.0,1.0,0.0,r35_c15,1.0,1.0,False,,,,,,,
Personal | r25_c18 | Tuesday,Personal,r25_c18,Tuesday,3,1,True,09:00-09:30,0.3333333333333333,3,0.6666666666666667,44.99999999999999,30.0,0.25,False,False,,,,,,,,1.0,1.0,0.0,1.0,0.0,r24_c17,3.0,1.0,False,,,,,,,
Personal | r25_c21 | Friday,Personal,r25_c21,Friday,2,2,True,13:00-13:30,0.5,2,0.5,60.0,30.0,0.25,False,False,,,,,,,,1.0,1.0,0.0,1.0,0.0,r20_c21,2.0,1.0,False,,,,,,,
Personal | r25_c21 | Thursday,Personal,r25_c21,Thursday,6,3,True,13:30-14:00,0.5,2,0.5,30.0,15.0,0.125,False,False,,,,,,,,1.0,1.0,0.0,1.0,0.0,r20_c21,6.0,1.0,False,,,,,,,
Personal | r25_c21 | Wednesday,Personal,r25_c21,Wednesday,6,5,True,13:30-14:00,0.5,4,0.5,40.0,20.0,0.16666666666666666,False,False,,,,,,,,1.0,1.0,0.0,1.0,0.0,r20_c21,6.0,1.0,False,,,,,,,
Personal | r25_c23 | Thursday,Personal,r25_c23,Thursday,10,3,True,10:00-10:30,0.4,5,0.6,110.0,66.0,0.44999999999999996,True,True,0.6,110.0,66.0,0.44999999999999996,0.6,110.0,0.44999999999999996,2.0,0.6800000000000002,1.0,1.4705882352941173,0.31999999999999984,r25_c23,8.0,0.8,True,1.0,1.4705882352941173,0.31999999999999984,r25_c23,8.0,0.8,0.31999999999999984
Personal | r25_c23 | Tuesday,Personal,r25_c23,Tuesday,1,1,True,10:00-10:30,1.0,1,0.0,,0.0,0.0,False,False,,,,,,,,1.0,1.0,0.0,1.0,0.0,r29_c16,1.0,1.0,False,,,,,,,
Personal | r25_c23 | Wednesday,Personal,r25_c23,Wednesday,14,3,True,09:30-10:00,0.2857142857142857,6,0.7142857142857143,107.99999999999999,77.14285714285714,0.4107142857142857,True,True,0.7142857142857143,107.99999999999999,77.14285714285714,0.4107142857142857,0.7142857142857143,107.99999999999999,0.4107142857142857,2.0,0.510204081632653,1.0,1.9600000000000004,0.48979591836734704,r24_c22,8.0,0.5714285714285714,True,1.0,1.9600000000000004,0.48979591836734704,r24_c22,8.0,0.5714285714285714,0.48979591836734704
Personal | r25_c9 | Friday,Personal,r25_c9,Friday,1,1,True,11:00-11:30,1.0,1,0.0,,0.0,0.0,False,False,,,,,,,,1.0,1.0,0.0,1.0,0.0,r31_c19,1.0,1.0,False,,,,,,,
Personal | r26_c10 | Friday,Personal,r26_c10,Friday,59,35,True,12:00-12:30,0.864406779661017,7,0.13559322033898302,120.00000000000001,16.271186440677965,0.08898305084745763,True,True,0.13559322033898302,120.00000000000001,16.271186440677965,0.08898305084745763,0.13559322033898302,120.00000000000001,0.08898305084745763,3.0,0.8718758977305372,2.0,1.1469522240527183,0.1281241022694628,r28_c12,55.0,0.9322033898305084,True,2.0,1.1469522240527183,0.1281241022694628,r28_c12,55.0,0.9322033898305084,0.1281241022694628
Personal | r26_c10 | Monday,Personal,r26_c10,Monday,3,1,True,09:30-10:00,0.6666666666666666,2,0.33333333333333337,29.999999999999996,10.0,0.08333333333333333,False,False,,,,,,,,1.0,1.0,0.0,1.0,0.0,r20_c7,3.0,1.0,False,,,,,,,
Personal | r26_c10 | Saturday,Personal,r26_c10,Saturday,5,1,True,09:30-10:00,0.6,3,0.4,30.0,12.0,0.1,False,False,,,,,,,,1.0,1.0,0.0,1.0,0.0,r28_c10,5.0,1.0,False,,,,,,,
Personal | r26_c10 | Thursday,Personal,r26_c10,Thursday,39,29,True,09:00-09:30,0.8461538461538461,6,0.15384615384615385,114.99999999999997,17.69230769230769,0.12179487179487178,True,True,0.15384615384615385,114.99999999999997,17.69230769230769,0.12179487179487178,0.15384615384615385,114.99999999999997,0.12179487179487178,4.0,0.7251808021038791,3.0,1.3789664551223932,0.27481919789612086,r28_c10,33.0,0.8461538461538461,True,3.0,1.3789664551223932,0.27481919789612086,r28_c10,33.0,0.8461538461538461,0.27481919789612086
Personal | r26_c10 | Tuesday,Personal,r26_c10,Tuesday,4,4,True,09:30-10:00,0.5,3,0.5,75.0,37.5,0.3125,False,False,,,,,,,,4.0,0.25,3.0,4.0,0.75,r21_c9,1.0,0.25,False,,,,,,,
Personal | r26_c10 | Wednesday,Personal,r26_c10,Wednesday,7,3,True,10:00-10:30,0.8571428571428571,2,0.1428571428571429,59.99999999999998,8.571428571428571,0.07142857142857142,False,False,,,,,,,,3.0,0.5510204081632654,2.0,1.8148148148148147,0.44897959183673464,r20_c7,5.0,0.7142857142857143,False,,,,,,,
Personal | r26_c12 | Wednesday,Personal,r26_c12,Wednesday,1,1,True,13:30-14:00,1.0,1,0.0,,0.0,0.0,False,False,,,,,,,,1.0,1.0,0.0,1.0,0.0,r27_c10,1.0,1.0,False,,,,,,,
Personal | r26_c13 | Friday,Personal,r26_c13,Friday,3,2,True,11:00-11:30,0.6666666666666666,2,0.33333333333333337,59.99999999999999,20.0,0.16666666666666666,False,False,,,,,,,,1.0,1.0,0.0,1.0,0.0,r29_c10,3.0,1.0,False,,,,,,,
Personal | r26_c13 | Monday,Personal,r26_c13,Monday,3,1,True,09:00-09:30,0.3333333333333333,3,0.6666666666666667,44.99999999999999,30.0,0.25,False,False,,,,,,,,1.0,1.0,0.0,1.0,0.0,r28_c10,3.0,1.0,False,,,,,,,
Personal | r26_c13 | Thursday,Personal,r26_c13,Thursday,7,2,True,13:30-14:00,0.2857142857142857,4,0.7142857142857143,65.99999999999999,47.14285714285714,0.3928571428571428,False,False,,,,,,,,2.0,0.7551020408163265,1.0,1.3243243243243243,0.24489795918367352,r29_c10,6.0,0.8571428571428571,False,,,,,,,
Personal | r26_c13 | Tuesday,Personal,r26_c13,Tuesday,1,1,True,09:30-10:00,1.0,1,0.0,,0.0,0.0,False,False,,,,,,,,1.0,1.0,0.0,1.0,0.0,r28_c10,1.0,1.0,False,,,,,,,
Personal | r26_c13 | Wednesday,Personal,r26_c13,Wednesday,1,1,True,09:30-10:00,1.0,1,0.0,,0.0,0.0,False,False,,,,,,,,1.0,1.0,0.0,1.0,0.0,r28_c10,1.0,1.0,False,,,,,,,
Personal | r26_c14 | Monday,Personal,r26_c14,Monday,1,1,True,12:00-12:30,1.0,1,0.0,,0.0,0.0,False,False,,,,,,,,1.0,1.0,0.0,1.0,0.0,r21_c13,1.0,1.0,False,,,,,,,
Personal | r26_c14 | Thursday,Personal,r26_c14,Thursday,1,1,True,15:00-15:30,1.0,1,0.0,,0.0,0.0,False,False,,,,,,,,1.0,1.0,0.0,1.0,0.0,r23_c16,1.0,1.0,False,,,,,,,
Personal | r26_c15 | Friday,Personal,r26_c15,Friday,1,1,True,12:00-12:30,1.0,1,0.0,,0.0,0.0,False,False,,,,,,,,1.0,1.0,0.0,1.0,0.0,r26_c15,1.0,1.0,False,,,,,,,
Personal | r26_c15 | Monday,Personal,r26_c15,Monday,1,1,True,09:00-09:30,1.0,1,0.0,,0.0,0.0,False,False,,,,,,,,1.0,1.0,0.0,1.0,0.0,r33_c23,1.0,1.0,False,,,,,,,
Personal | r26_c15 | Thursday,Personal,r26_c15,Thursday,1,1,True,09:30-10:00,1.0,1,0.0,,0.0,0.0,False,False,,,,,,,,1.0,1.0,0.0,1.0,0.0,r33_c23,1.0,1.0,False,,,,,,,
Personal | r26_c15 | Tuesday,Personal,r26_c15,Tuesday,3,2,True,10:30-11:00,0.6666666666666666,2,0.33333333333333337,89.99999999999999,30.0,0.25,False,False,,,,,,,,1.0,1.0,0.0,1.0,0.0,r33_c23,3.0,1.0,False,,,,,,,
Personal | r26_c15 | Wednesday,Personal,r26_c15,Wednesday,5,3,True,10:00-10:30,0.6,2,0.4,30.0,12.0,0.1,False,False,,,,,,,,1.0,1.0,0.0,1.0,0.0,r33_c23,5.0,1.0,False,,,,,,,
Personal | r26_c16 | Monday,Personal,r26_c16,Monday,1,1,True,13:30-14:00,1.0,1,0.0,,0.0,0.0,False,False,,,,,,,,1.0,1.0,0.0,1.0,0.0,r35_c14,1.0,1.0,False,,,,,,,
Personal | r26_c17 | Friday,Personal,r26_c17,Friday,1,1,True,13:30-14:00,1.0,1,0.0,,0.0,0.0,False,False,,,,,,,,1.0,1.0,0.0,1.0,0.0,r27_c17,1.0,1.0,False,,,,,,,
Personal | r26_c17 | Thursday,Personal,r26_c17,Thursday,3,1,True,14:30-15:00,0.6666666666666666,2,0.33333333333333337,119.99999999999999,40.0,0.3333333333333333,False,False,,,,,,,,1.0,1.0,0.0,1.0,0.0,r27_c17,3.0,1.0,False,,,,,,,
Personal | r26_c17 | Tuesday,Personal,r26_c17,Tuesday,3,2,True,12:00-12:30,0.3333333333333333,3,0.6666666666666667,134.99999999999997,90.0,0.6666666666666666,False,False,,,,,,,,1.0,1.0,0.0,1.0,0.0,r27_c17,3.0,1.0,False,,,,,,,
Personal | r26_c19 | Friday,Personal,r26_c19,Friday,3,3,True,13:30-14:00,0.6666666666666666,2,0.33333333333333337,59.99999999999999,20.0,0.16666666666666666,False,False,,,,,,,,1.0,1.0,0.0,1.0,0.0,r27_c17,3.0,1.0,False,,,,,,,
Personal | r26_c19 | Monday,Personal,r26_c19,Monday,2,2,True,14:30-15:00,1.0,1,0.0,,0.0,0.0,False,False,,,,,,,,1.0,1.0,0.0,1.0,0.0,r27_c17,2.0,1.0,False,,,,,,,
Personal | r26_c19 | Thursday,Personal,r26_c19,Thursday,3,2,True,14:00-14:30,0.6666666666666666,2,0.33333333333333337,89.99999999999999,30.0,0.25,False,False,,,,,,,,1.0,1.0,0.0,1.0,0.0,r27_c17,3.0,1.0,False,,,,,,,
Personal | r26_c19 | Tuesday,Personal,r26_c19,Tuesday,10,5,True,14:00-14:30,0.5,4,0.5,54.0,27.0,0.225,True,True,0.5,54.0,27.0,0.225,0.5,54.0,0.225,1.0,1.0,0.0,1.0,0.0,r27_c17,10.0,1.0,True,0.0,1.0,0.0,r27_c17,10.0,1.0,0.0
Personal | r26_c19 | Wednesday,Personal,r26_c19,Wednesday,1,1,True,14:00-14:30,1.0,1,0.0,,0.0,0.0,False,False,,,,,,,,1.0,1.0,0.0,1.0,0.0,r27_c17,1.0,1.0,False,,,,,,,
Personal | r26_c23 | Wednesday,Personal,r26_c23,Wednesday,1,1,True,13:00-13:30,1.0,1,0.0,,0.0,0.0,False,False,,,,,,,,1.0,1.0,0.0,1.0,0.0,r21_c23,1.0,1.0,False,,,,,,,
Personal | r27_c10 | Friday,Personal,r27_c10,Friday,11,7,True,10:00-10:30,0.45454545454545453,6,0.5454545454545454,110.00000000000001,60.0,0.36363636363636365,True,True,0.5454545454545454,110.00000000000001,60.0,0.36363636363636365,0.5454545454545454,110.00000000000001,0.36363636363636365,5.0,0.256198347107438,4.0,3.9032258064516134,0.743801652892562,r27_c10,4.0,0.36363636363636365,True,4.0,3.9032258064516134,0.743801652892562,r27_c10,4.0,0.36363636363636365,0.743801652892562
Personal | r27_c10 | Monday,Personal,r27_c10,Monday,1,1,True,09:30-10:00,1.0,1,0.0,,0.0,0.0,False,False,,,,,,,,1.0,1.0,0.0,1.0,0.0,r27_c12,1.0,1.0,False,,,,,,,
Personal | r27_c10 | Thursday,Personal,r27_c10,Thursday,10,8,True,10:00-10:30,0.5,3,0.5,48.0,24.0,0.2,True,True,0.5,48.0,24.0,0.2,0.5,48.0,0.2,3.0,0.45999999999999996,2.0,2.173913043478261,0.54,r27_c12,6.0,0.6,True,2.0,2.173913043478261,0.54,r27_c12,6.0,0.6,0.54
Personal | r27_c10 | Tuesday,Personal,r27_c10,Tuesday,18,11,True,10:00-10:30,0.2777777777777778,7,0.7222222222222222,85.38461538461539,61.666666666666664,0.34722222222222227,True,True,0.7222222222222222,85.38461538461539,61.666666666666664,0.34722222222222227,0.7222222222222222,85.38461538461539,0.34722222222222227,7.0,0.23456790123456794,6.0,4.263157894736842,0.7654320987654321,r27_c12,7.0,0.3888888888888889,True,6.0,4.263157894736842,0.7654320987654321,r27_c12,7.0,0.3888888888888889,0.7654320987654321
Personal | r27_c10 | Wednesday,Personal,r27_c10,Wednesday,1,1,True,10:00-10:30,1.0,1,0.0,,0.0,0.0,False,False,,,,,,,,1.0,1.0,0.0,1.0,0.0,r26_c12,1.0,1.0,False,,,,,,,
Personal | r27_c12 | Friday,Personal,r27_c12,Friday,2,2,True,13:30-14:00,0.5,2,0.5,60.0,30.0,0.25,False,False,,,,,,,,1.0,1.0,0.0,1.0,0.0,r27_c10,2.0,1.0,False,,,,,,,
Personal | r27_c12 | Monday,Personal,r27_c12,Monday,6,2,True,12:00-12:30,0.3333333333333333,4,0.6666666666666667,67.49999999999999,45.0,0.2916666666666667,False,False,,,,,,,,2.0,0.7222222222222223,1.0,1.3846153846153844,0.2777777777777777,r34_c20,5.0,0.8333333333333334,False,,,,,,,
Personal | r27_c12 | Thursday,Personal,r27_c12,Thursday,8,5,True,13:00-13:30,0.375,4,0.625,36.0,22.5,0.1875,False,False,,,,,,,,1.0,1.0,0.0,1.0,0.0,r27_c10,8.0,1.0,False,,,,,,,
Personal | r27_c12 | Tuesday,Personal,r27_c12,Tuesday,16,5,True,12:30-13:00,0.4375,6,0.5625,53.333333333333336,30.0,0.25,True,True,0.5625,53.333333333333336,30.0,0.25,0.5625,53.333333333333336,0.25,1.0,1.0,0.0,1.0,0.0,r27_c10,16.0,1.0,True,0.0,1.0,0.0,r27_c10,16.0,1.0,0.0
Personal | r27_c12 | Wednesday,Personal,r27_c12,Wednesday,2,2,True,10:00-10:30,0.5,2,0.5,120.0,60.0,0.5,False,False,,,,,,,,2.0,0.5,1.0,2.0,0.5,r24_c11,1.0,0.5,False,,,,,,,
Personal | r27_c13 | Monday,Personal,r27_c13,Monday,3,1,True,15:00-15:30,0.6666666666666666,2,0.33333333333333337,29.999999999999996,10.0,0.08333333333333333,False,False,,,,,,,,1.0,1.0,0.0,1.0,0.0,r33_c16,3.0,1.0,False,,,,,,,
Personal | r27_c13 | Thursday,Personal,r27_c13,Thursday,1,1,True,15:00-15:30,1.0,1,0.0,,0.0,0.0,False,False,,,,,,,,1.0,1.0,0.0,1.0,0.0,r33_c16,1.0,1.0,False,,,,,,,
Personal | r27_c14 | Tuesday,Personal,r27_c14,Tuesday,1,1,True,10:00-10:30,1.0,1,0.0,,0.0,0.0,False,False,,,,,,,,1.0,1.0,0.0,1.0,0.0,r27_c12,1.0,1.0,False,,,,,,,
Personal | r27_c15 | Thursday,Personal,r27_c15,Thursday,3,2,True,15:30-16:00,0.6666666666666666,2,0.33333333333333337,29.999999999999996,10.0,0.08333333333333333,False,False,,,,,,,,1.0,1.0,0.0,1.0,0.0,r35_c17,3.0,1.0,False,,,,,,,
Personal | r27_c16 | Thursday,Personal,r27_c16,Thursday,7,4,True,12:00-12:30,0.2857142857142857,5,0.7142857142857143,72.0,51.42857142857143,0.39285714285714285,False,False,,,,,,,,3.0,0.5510204081632654,2.0,1.8148148148148147,0.44897959183673464,r34_c20,5.0,0.7142857142857143,False,,,,,,,
Personal | r27_c16 | Wednesday,Personal,r27_c16,Wednesday,3,2,True,12:00-12:30,0.6666666666666666,2,0.33333333333333337,119.99999999999999,40.0,0.3333333333333333,False,False,,,,,,,,2.0,0.5555555555555556,1.0,1.7999999999999998,0.4444444444444444,r33_c22,2.0,0.6666666666666666,False,,,,,,,
Personal | r27_c17 | Friday,Personal,r27_c17,Friday,8,6,True,11:00-11:30,0.5,4,0.5,97.5,48.75,0.375,False,False,,,,,,,,4.0,0.4375,3.0,2.2857142857142856,0.5625,r26_c19,5.0,0.625,False,,,,,,,
Personal | r27_c17 | Monday,Personal,r27_c17,Monday,2,2,True,10:30-11:00,0.5,2,0.5,30.0,15.0,0.125,False,False,,,,,,,,1.0,1.0,0.0,1.0,0.0,r26_c19,2.0,1.0,False,,,,,,,
Personal | r27_c17 | Thursday,Personal,r27_c17,Thursday,8,3,True,10:30-11:00,0.875,2,0.125,30.0,3.75,0.03125,False,False,,,,,,,,2.0,0.78125,1.0,1.28,0.21875,r26_c19,7.0,0.875,False,,,,,,,
Personal | r27_c17 | Tuesday,Personal,r27_c17,Tuesday,17,7,True,11:00-11:30,0.35294117647058826,5,0.6470588235294117,43.63636363636365,28.23529411764706,0.23529411764705882,True,True,0.6470588235294117,43.63636363636365,28.23529411764706,0.23529411764705882,0.6470588235294117,43.63636363636365,0.23529411764705882,3.0,0.47404844290657444,2.0,2.1094890510948905,0.5259515570934256,r26_c19,10.0,0.5882352941176471,True,2.0,2.1094890510948905,0.5259515570934256,r26_c19,10.0,0.5882352941176471,0.5259515570934256
Personal | r27_c17 | Wednesday,Personal,r27_c17,Wednesday,2,2,True,10:00-10:30,0.5,2,0.5,30.0,15.0,0.125,False,False,,,,,,,,2.0,0.5,1.0,2.0,0.5,r26_c19,1.0,0.5,False,,,,,,,
Personal | r27_c18 | Wednesday,Personal,r27_c18,Wednesday,1,1,True,14:00-14:30,1.0,1,0.0,,0.0,0.0,False,False,,,,,,,,1.0,1.0,0.0,1.0,0.0,r27_c17,1.0,1.0,False,,,,,,,
Personal | r27_c20 | Monday,Personal,r27_c20,Monday,2,1,True,13:30-14:00,0.5,2,0.5,30.0,15.0,0.125,False,False,,,,,,,,1.0,1.0,0.0,1.0,0.0,r9_c19,2.0,1.0,False,,,,,,,
Personal | r28_c10 | Thursday,Personal,r28_c10,Thursday,25,19,True,11:30-12:00,0.68,3,0.31999999999999995,30.000000000000004,9.6,0.08,True,True,0.31999999999999995,30.000000000000004,9.6,0.08,0.31999999999999995,30.000000000000004,0.08,4.0,0.46559999999999996,3.0,2.1477663230240553,0.5344,r26_c10,15.0,0.6,True,3.0,2.1477663230240553,0.5344,r26_c10,15.0,0.6,0.5344
Personal | r28_c10 | Tuesday,Personal,r28_c10,Tuesday,6,1,True,12:00-12:30,0.3333333333333333,4,0.6666666666666667,44.99999999999999,30.0,0.25,False,False,,,,,,,,1.0,1.0,0.0,1.0,0.0,r26_c13,6.0,1.0,False,,,,,,,
Personal | r28_c10 | Wednesday,Personal,r28_c10,Wednesday,1,1,True,12:00-12:30,1.0,1,0.0,,0.0,0.0,False,False,,,,,,,,1.0,1.0,0.0,1.0,0.0,r26_c13,1.0,1.0,False,,,,,,,
Personal | r28_c11 | Thursday,Personal,r28_c11,Thursday,3,2,True,08:30-09:00,0.3333333333333333,3,0.6666666666666667,134.99999999999997,90.0,0.5833333333333333,False,False,,,,,,,,2.0,0.5555555555555556,1.0,1.7999999999999998,0.4444444444444444,r29_c16,2.0,0.6666666666666666,False,,,,,,,
Personal | r28_c11 | Wednesday,Personal,r28_c11,Wednesday,1,1,True,10:00-10:30,1.0,1,0.0,,0.0,0.0,False,False,,,,,,,,1.0,1.0,0.0,1.0,0.0,r26_c10,1.0,1.0,False,,,,,,,
Personal | r28_c12 | Friday,Personal,r28_c12,Friday,46,36,True,13:30-14:00,0.9565217391304348,3,0.04347826086956519,150.00000000000009,6.521739130434782,0.02717391304347826,True,True,0.04347826086956519,150.00000000000009,6.521739130434782,0.02717391304347826,0.04347826086956519,150.00000000000009,0.02717391304347826,1.0,1.0,0.0,1.0,0.0,r26_c10,46.0,1.0,True,0.0,1.0,0.0,r26_c10,46.0,1.0,0.0
Personal | r28_c12 | Monday,Personal,r28_c12,Monday,4,1,True,10:30-11:00,0.5,3,0.5,30.0,15.0,0.125,False,False,,,,,,,,1.0,1.0,0.0,1.0,0.0,r35_c16,4.0,1.0,False,,,,,,,
Personal | r28_c12 | Tuesday,Personal,r28_c12,Tuesday,2,2,True,10:00-10:30,1.0,1,0.0,,0.0,0.0,False,False,,,,,,,,1.0,1.0,0.0,1.0,0.0,r35_c16,2.0,1.0,False,,,,,,,
Personal | r28_c13 | Friday,Personal,r28_c13,Friday,1,1,True,12:00-12:30,1.0,1,0.0,,0.0,0.0,False,False,,,,,,,,1.0,1.0,0.0,1.0,0.0,r30_c16,1.0,1.0,False,,,,,,,
Personal | r28_c13 | Thursday,Personal,r28_c13,Thursday,3,2,True,10:30-11:00,0.3333333333333333,3,0.6666666666666667,89.99999999999999,60.0,0.5,False,False,,,,,,,,2.0,0.5555555555555556,1.0,1.7999999999999998,0.4444444444444444,r33_c24,2.0,0.6666666666666666,False,,,,,,,
Personal | r28_c13 | Tuesday,Personal,r28_c13,Tuesday,1,1,True,11:30-12:00,1.0,1,0.0,,0.0,0.0,False,False,,,,,,,,1.0,1.0,0.0,1.0,0.0,r33_c24,1.0,1.0,False,,,,,,,
Personal | r28_c13 | Wednesday,Personal,r28_c13,Wednesday,2,2,True,11:00-11:30,0.5,2,0.5,60.0,30.0,0.25,False,False,,,,,,,,2.0,0.5,1.0,2.0,0.5,r23_c16,1.0,0.5,False,,,,,,,
Personal | r28_c14 | Thursday,Personal,r28_c14,Thursday,1,1,True,09:00-09:30,1.0,1,0.0,,0.0,0.0,False,False,,,,,,,,1.0,1.0,0.0,1.0,0.0,r35_c16,1.0,1.0,False,,,,,,,
Personal | r28_c15 | Tuesday,Personal,r28_c15,Tuesday,3,1,True,11:00-11:30,0.6666666666666666,2,0.33333333333333337,59.99999999999999,20.0,0.16666666666666666,False,False,,,,,,,,2.0,0.5555555555555556,1.0,1.7999999999999998,0.4444444444444444,r35_c23,2.0,0.6666666666666666,False,,,,,,,
Personal | r28_c16 | Monday,Personal,r28_c16,Monday,2,1,True,11:30-12:00,1.0,1,0.0,,0.0,0.0,False,False,,,,,,,,1.0,1.0,0.0,1.0,0.0,r33_c24,2.0,1.0,False,,,,,,,
Personal | r28_c16 | Tuesday,Personal,r28_c16,Tuesday,2,2,True,13:00-13:30,1.0,1,0.0,,0.0,0.0,False,False,,,,,,,,2.0,0.5,1.0,2.0,0.5,r21_c17,1.0,0.5,False,,,,,,,
Personal | r28_c17 | Friday,Personal,r28_c17,Friday,3,2,True,15:30-16:00,0.6666666666666666,2,0.33333333333333337,209.99999999999997,70.0,0.3333333333333333,False,False,,,,,,,,2.0,0.5555555555555556,1.0,1.7999999999999998,0.4444444444444444,r27_c16,2.0,0.6666666666666666,False,,,,,,,
Personal | r28_c17 | Thursday,Personal,r28_c17,Thursday,1,1,True,10:30-11:00,1.0,1,0.0,,0.0,0.0,False,False,,,,,,,,1.0,1.0,0.0,1.0,0.0,r27_c16,1.0,1.0,False,,,,,,,
Personal | r28_c17 | Tuesday,Personal,r28_c17,Tuesday,1,1,True,11:00-11:30,1.0,1,0.0,,0.0,0.0,False,False,,,,,,,,1.0,1.0,0.0,1.0,0.0,r27_c16,1.0,1.0,False,,,,,,,
Personal | r28_c17 | Wednesday,Personal,r28_c17,Wednesday,2,2,True,09:00-09:30,0.5,2,0.5,60.0,30.0,0.25,False,False,,,,,,,,1.0,1.0,0.0,1.0,0.0,r27_c16,2.0,1.0,False,,,,,,,
Personal | r29_c10 | Friday,Personal,r29_c10,Friday,1,1,True,10:00-10:30,1.0,1,0.0,,0.0,0.0,False,False,,,,,,,,1.0,1.0,0.0,1.0,0.0,r26_c13,1.0,1.0,False,,,,,,,
Personal | r29_c10 | Thursday,Personal,r29_c10,Thursday,3,3,True,10:00-10:30,0.6666666666666666,2,0.33333333333333337,29.999999999999996,10.0,0.08333333333333333,False,False,,,,,,,,2.0,0.5555555555555556,1.0,1.7999999999999998,0.4444444444444444,r26_c13,2.0,0.6666666666666666,False,,,,,,,
Personal | r29_c13 | Friday,Personal,r29_c13,Friday,1,1,True,14:00-14:30,1.0,1,0.0,,0.0,0.0,False,False,,,,,,,,1.0,1.0,0.0,1.0,0.0,r32_c21,1.0,1.0,False,,,,,,,
Personal | r29_c13 | Monday,Personal,r29_c13,Monday,1,1,True,10:00-10:30,1.0,1,0.0,,0.0,0.0,False,False,,,,,,,,1.0,1.0,0.0,1.0,0.0,r23_c15,1.0,1.0,False,,,,,,,
Personal | r29_c15 | Friday,Personal,r29_c15,Friday,5,2,True,12:30-13:00,0.6,2,0.4,30.0,12.0,0.1,False,False,,,,,,,,2.0,0.6800000000000002,1.0,1.4705882352941173,0.31999999999999984,r30_c21,4.0,0.8,False,,,,,,,
Personal | r29_c15 | Thursday,Personal,r29_c15,Thursday,1,1,True,12:30-13:00,1.0,1,0.0,,0.0,0.0,False,False,,,,,,,,1.0,1.0,0.0,1.0,0.0,r30_c21,1.0,1.0,False,,,,,,,
Personal | r29_c15 | Wednesday,Personal,r29_c15,Wednesday,1,1,True,12:30-13:00,1.0,1,0.0,,0.0,0.0,False,False,,,,,,,,1.0,1.0,0.0,1.0,0.0,r30_c21,1.0,1.0,False,,,,,,,
Personal | r29_c16 | Friday,Personal,r29_c16,Friday,28,9,True,13:00-13:30,0.35714285714285715,6,0.6428571428571428,50.0,32.14285714285714,0.26785714285714285,True,True,0.6428571428571428,50.0,32.14285714285714,0.26785714285714285,0.6428571428571428,50.0,0.26785714285714285,5.0,0.3571428571428571,4.0,2.8000000000000003,0.6428571428571429,r32_c21,15.0,0.5357142857142857,True,4.0,2.8000000000000003,0.6428571428571429,r32_c21,15.0,0.5357142857142857,0.6428571428571429
Personal | r29_c16 | Monday,Personal,r29_c16,Monday,7,3,True,14:00-14:30,0.42857142857142855,5,0.5714285714285714,45.00000000000001,25.714285714285715,0.21428571428571427,False,False,,,,,,,,2.0,0.5918367346938775,1.0,1.6896551724137931,0.40816326530612246,r11_c18,5.0,0.7142857142857143,False,,,,,,,
Personal | r29_c16 | Thursday,Personal,r29_c16,Thursday,12,7,True,13:30-14:00,0.3333333333333333,5,0.6666666666666667,63.74999999999999,42.5,0.35416666666666663,True,True,0.6666666666666667,63.74999999999999,42.5,0.35416666666666663,0.6666666666666667,63.74999999999999,0.35416666666666663,6.0,0.25,5.0,4.0,0.75,r32_c21,5.0,0.4166666666666667,True,5.0,4.0,0.75,r32_c21,5.0,0.4166666666666667,0.75
Personal | r29_c16 | Tuesday,Personal,r29_c16,Tuesday,15,7,True,13:30-14:00,0.4,5,0.6,53.333333333333336,32.0,0.26666666666666666,True,True,0.6,53.333333333333336,32.0,0.26666666666666666,0.6,53.333333333333336,0.26666666666666666,6.0,0.33333333333333326,5.0,3.000000000000001,0.6666666666666667,r11_c18,8.0,0.5333333333333333,True,5.0,3.000000000000001,0.6666666666666667,r11_c18,8.0,0.5333333333333333,0.6666666666666667
Personal | r29_c16 | Wednesday,Personal,r29_c16,Wednesday,33,18,True,13:00-13:30,0.3333333333333333,6,0.6666666666666667,57.27272727272727,38.18181818181819,0.3181818181818182,True,True,0.6666666666666667,57.27272727272727,38.18181818181819,0.3181818181818182,0.6666666666666667,57.27272727272727,0.3181818181818182,3.0,0.6106519742883378,2.0,1.6375939849624062,0.38934802571166216,r33_c22,25.0,0.7575757575757576,True,2.0,1.6375939849624062,0.38934802571166216,r33_c22,25.0,0.7575757575757576,0.38934802571166216
Personal | r29_c17 | Friday,Personal,r29_c17,Friday,25,6,True,10:00-10:30,0.2,9,0.8,205.5,164.4,0.7000000000000001,True,True,0.8,205.5,164.4,0.7000000000000001,0.8,205.5,0.7000000000000001,4.0,0.5616000000000001,3.0,1.7806267806267804,0.4383999999999999,r17_c17,18.0,0.72,True,3.0,1.7806267806267804,0.4383999999999999,r17_c17,18.0,0.72,0.4383999999999999
Personal | r29_c17 | Monday,Personal,r29_c17,Monday,3,3,True,15:00-15:30,0.3333333333333333,3,0.6666666666666667,44.99999999999999,30.0,0.25,False,False,,,,,,,,3.0,0.3333333333333333,2.0,3.0,0.6666666666666667,r22_c16,1.0,0.3333333333333333,False,,,,,,,
Personal | r29_c17 | Thursday,Personal,r29_c17,Thursday,19,6,True,13:00-13:30,0.15789473684210525,10,0.8421052631578947,131.25,110.52631578947368,0.7368421052631581,True,True,0.8421052631578947,131.25,110.52631578947368,0.7368421052631581,0.8421052631578947,131.25,0.7368421052631581,4.0,0.3130193905817174,3.0,3.194690265486726,0.6869806094182827,r17_c17,8.0,0.42105263157894735,True,3.0,3.194690265486726,0.6869806094182827,r17_c17,8.0,0.42105263157894735,0.6869806094182827
Personal | r29_c17 | Tuesday,Personal,r29_c17,Tuesday,8,7,True,15:00-15:30,0.375,6,0.625,156.0,97.5,0.46875,False,False,,,,,,,,4.0,0.4375,3.0,2.2857142857142856,0.5625,r35_c15,5.0,0.625,False,,,,,,,
Personal | r29_c17 | Wednesday,Personal,r29_c17,Wednesday,6,5,True,10:00-10:30,0.3333333333333333,4,0.6666666666666667,247.49999999999997,165.0,0.6666666666666666,False,False,,,,,,,,4.0,0.2777777777777778,3.0,3.5999999999999996,0.7222222222222222,r17_c17,2.0,0.3333333333333333,False,,,,,,,
Personal | r29_c18 | Tuesday,Personal,r29_c18,Tuesday,3,1,True,10:00-10:30,0.6666666666666666,2,0.33333333333333337,29.999999999999996,10.0,0.08333333333333333,False,False,,,,,,,,1.0,1.0,0.0,1.0,0.0,r22_c13,3.0,1.0,False,,,,,,,
Personal | r29_c19 | Monday,Personal,r29_c19,Monday,6,5,True,09:00-09:30,0.6666666666666666,2,0.33333333333333337,59.99999999999999,20.0,0.16666666666666666,False,False,,,,,,,,1.0,1.0,0.0,1.0,0.0,r30_c21,6.0,1.0,False,,,,,,,
Personal | r29_c19 | Thursday,Personal,r29_c19,Thursday,2,1,True,08:00-08:30,0.5,2,0.5,60.0,30.0,0.25,False,False,,,,,,,,1.0,1.0,0.0,1.0,0.0,r30_c21,2.0,1.0,False,,,,,,,
Personal | r29_c19 | Wednesday,Personal,r29_c19,Wednesday,14,7,True,09:00-09:30,0.5714285714285714,2,0.4285714285714286,59.99999999999999,25.71428571428571,0.21428571428571427,True,True,0.4285714285714286,59.99999999999999,25.71428571428571,0.21428571428571427,0.4285714285714286,59.99999999999999,0.21428571428571427,1.0,1.0,0.0,1.0,0.0,r30_c21,14.0,1.0,True,0.0,1.0,0.0,r30_c21,14.0,1.0,0.0
Personal | r29_c22 | Friday,Personal,r29_c22,Friday,2,1,True,10:30-11:00,0.5,2,0.5,90.0,45.0,0.375,False,False,,,,,,,,1.0,1.0,0.0,1.0,0.0,r30_c15,2.0,1.0,False,,,,,,,
Personal | r29_c22 | Tuesday,Personal,r29_c22,Tuesday,1,1,True,12:30-13:00,1.0,1,0.0,,0.0,0.0,False,False,,,,,,,,1.0,1.0,0.0,1.0,0.0,r30_c15,1.0,1.0,False,,,,,,,
Personal | r29_c22 | Wednesday,Personal,r29_c22,Wednesday,1,1,True,12:30-13:00,1.0,1,0.0,,0.0,0.0,False,False,,,,,,,,1.0,1.0,0.0,1.0,0.0,r30_c15,1.0,1.0,False,,,,,,,
Personal | r30_c14 | Friday,Personal,r30_c14,Friday,2,1,True,10:30-11:00,1.0,1,0.0,,0.0,0.0,False,False,,,,,,,,1.0,1.0,0.0,1.0,0.0,r29_c16,2.0,1.0,False,,,,,,,
Personal | r30_c15 | Friday,Personal,r30_c15,Friday,3,2,True,09:00-09:30,0.6666666666666666,2,0.33333333333333337,269.99999999999994,90.0,0.3333333333333333,False,False,,,,,,,,2.0,0.5555555555555556,1.0,1.7999999999999998,0.4444444444444444,r34_c23,2.0,0.6666666666666666,False,,,,,,,
Personal | r30_c15 | Monday,Personal,r30_c15,Monday,1,1,True,10:30-11:00,1.0,1,0.0,,0.0,0.0,False,False,,,,,,,,1.0,1.0,0.0,1.0,0.0,r34_c23,1.0,1.0,False,,,,,,,
Personal | r30_c15 | Thursday,Personal,r30_c15,Thursday,2,1,True,08:00-08:30,0.5,2,0.5,60.0,30.0,0.25,False,False,,,,,,,,1.0,1.0,0.0,1.0,0.0,r34_c23,2.0,1.0,False,,,,,,,
Personal | r30_c15 | Tuesday,Personal,r30_c15,Tuesday,4,2,True,11:00-11:30,0.25,4,0.75,160.0,120.0,0.625,False,False,,,,,,,,2.0,0.5,1.0,2.0,0.5,r29_c22,2.0,0.5,False,,,,,,,
Personal | r30_c15 | Wednesday,Personal,r30_c15,Wednesday,3,2,True,15:30-16:00,0.6666666666666666,2,0.33333333333333337,359.99999999999994,120.0,0.3333333333333333,False,False,,,,,,,,2.0,0.5555555555555556,1.0,1.7999999999999998,0.4444444444444444,r29_c22,2.0,0.6666666666666666,False,,,,,,,
Personal | r30_c16 | Friday,Personal,r30_c16,Friday,2,2,True,12:30-13:00,0.5,2,0.5,90.0,45.0,0.375,False,False,,,,,,,,2.0,0.5,1.0,2.0,0.5,r28_c13,1.0,0.5,False,,,,,,,
Personal | r30_c16 | Monday,Personal,r30_c16,Monday,1,1,True,11:30-12:00,1.0,1,0.0,,0.0,0.0,False,False,,,,,,,,1.0,1.0,0.0,1.0,0.0,r33_c24,1.0,1.0,False,,,,,,,
Personal | r30_c16 | Thursday,Personal,r30_c16,Thursday,2,1,True,13:30-14:00,0.5,2,0.5,30.0,15.0,0.125,False,False,,,,,,,,1.0,1.0,0.0,1.0,0.0,r31_c14,2.0,1.0,False,,,,,,,
Personal | r30_c16 | Tuesday,Personal,r30_c16,Tuesday,8,4,True,13:30-14:00,0.5,4,0.5,112.5,56.25,0.40625,False,False,,,,,,,,3.0,0.375,2.0,2.6666666666666665,0.625,r21_c17,4.0,0.5,False,,,,,,,
Personal | r30_c16 | Wednesday,Personal,r30_c16,Wednesday,1,1,True,11:00-11:30,1.0,1,0.0,,0.0,0.0,False,False,,,,,,,,1.0,1.0,0.0,1.0,0.0,r33_c24,1.0,1.0,False,,,,,,,
Personal | r30_c17 | Tuesday,Personal,r30_c17,Tuesday,3,1,True,15:00-15:30,0.3333333333333333,3,0.6666666666666667,44.99999999999999,30.0,0.25,False,False,,,,,,,,1.0,1.0,0.0,1.0,0.0,r34_c18,3.0,1.0,False,,,,,,,
Personal | r30_c18 | Thursday,Personal,r30_c18,Thursday,3,2,True,14:00-14:30,0.6666666666666666,2,0.33333333333333337,239.99999999999997,80.0,0.3333333333333333,False,False,,,,,,,,2.0,0.5555555555555556,1.0,1.7999999999999998,0.4444444444444444,r24_c7,2.0,0.6666666666666666,False,,,,,,,
Personal | r30_c18 | Tuesday,Personal,r30_c18,Tuesday,3,2,True,10:00-10:30,0.6666666666666666,2,0.33333333333333337,239.99999999999997,80.0,0.3333333333333333,False,False,,,,,,,,2.0,0.5555555555555556,1.0,1.7999999999999998,0.4444444444444444,r35_c23,2.0,0.6666666666666666,False,,,,,,,
Personal | r30_c19 | Monday,Personal,r30_c19,Monday,1,1,True,14:00-14:30,1.0,1,0.0,,0.0,0.0,False,False,,,,,,,,1.0,1.0,0.0,1.0,0.0,r35_c15,1.0,1.0,False,,,,,,,
Personal | r30_c19 | Tuesday,Personal,r30_c19,Tuesday,1,1,True,14:00-14:30,1.0,1,0.0,,0.0,0.0,False,False,,,,,,,,1.0,1.0,0.0,1.0,0.0,r35_c15,1.0,1.0,False,,,,,,,
Personal | r30_c19 | Wednesday,Personal,r30_c19,Wednesday,1,1,True,14:00-14:30,1.0,1,0.0,,0.0,0.0,False,False,,,,,,,,1.0,1.0,0.0,1.0,0.0,r35_c15,1.0,1.0,False,,,,,,,
Personal | r30_c20 | Tuesday,Personal,r30_c20,Tuesday,3,2,True,12:00-12:30,0.3333333333333333,3,0.6666666666666667,164.99999999999997,110.0,0.6666666666666666,False,False,,,,,,,,2.0,0.5555555555555556,1.0,1.7999999999999998,0.4444444444444444,r27_c10,2.0,0.6666666666666666,False,,,,,,,
Personal | r30_c21 | Friday,Personal,r30_c21,Friday,4,2,True,09:30-10:00,0.5,3,0.5,45.0,22.5,0.1875,False,False,,,,,,,,2.0,0.5,1.0,2.0,0.5,r29_c15,2.0,0.5,False,,,,,,,
Personal | r30_c21 | Monday,Personal,r30_c21,Monday,5,4,True,14:00-14:30,0.8,2,0.19999999999999996,120.00000000000003,24.0,0.2,False,False,,,,,,,,2.0,0.6800000000000002,1.0,1.4705882352941173,0.31999999999999984,r29_c19,4.0,0.8,False,,,,,,,
Personal | r30_c21 | Thursday,Personal,r30_c21,Thursday,6,4,True,09:30-10:00,0.3333333333333333,5,0.6666666666666667,164.99999999999997,110.0,0.5416666666666666,False,False,,,,,,,,5.0,0.22222222222222227,4.0,4.499999999999999,0.7777777777777777,r29_c15,2.0,0.3333333333333333,False,,,,,,,
Personal | r30_c21 | Tuesday,Personal,r30_c21,Tuesday,3,2,True,10:00-10:30,0.6666666666666666,2,0.33333333333333337,89.99999999999999,30.0,0.25,False,False,,,,,,,,2.0,0.5555555555555556,1.0,1.7999999999999998,0.4444444444444444,r31_c19,2.0,0.6666666666666666,False,,,,,,,
Personal | r30_c21 | Wednesday,Personal,r30_c21,Wednesday,13,8,True,14:00-14:30,0.46153846153846156,6,0.5384615384615384,192.85714285714286,103.84615384615384,0.44230769230769235,True,True,0.5384615384615384,192.85714285714286,103.84615384615384,0.44230769230769235,0.5384615384615384,192.85714285714286,0.44230769230769235,4.0,0.6094674556213019,3.0,1.640776699029126,0.3905325443786981,r29_c19,10.0,0.7692307692307693,True,3.0,1.640776699029126,0.3905325443786981,r29_c19,10.0,0.7692307692307693,0.3905325443786981
Personal | r30_c23 | Friday,Personal,r30_c23,Friday,18,1,True,10:00-10:30,0.16666666666666666,10,0.8333333333333334,79.99999999999999,66.66666666666666,0.5,False,False,,,,,,,,1.0,1.0,0.0,1.0,0.0,r25_c22,18.0,1.0,False,,,,,,,
Personal | r30_c25 | Tuesday,Personal,r30_c25,Tuesday,2,1,True,13:00-13:30,0.5,2,0.5,60.0,30.0,0.25,False,False,,,,,,,,1.0,1.0,0.0,1.0,0.0,r28_c15,2.0,1.0,False,,,,,,,
Personal | r31_c13 | Friday,Personal,r31_c13,Friday,6,2,True,09:00-09:30,0.6666666666666666,2,0.33333333333333337,29.999999999999996,10.0,0.08333333333333333,False,False,,,,,,,,1.0,1.0,0.0,1.0,0.0,r23_c16,6.0,1.0,False,,,,,,,
Personal | r31_c13 | Tuesday,Personal,r31_c13,Tuesday,12,2,True,12:00-12:30,0.25,7,0.75,216.66666666666666,162.5,0.625,False,False,,,,,,,,2.0,0.513888888888889,1.0,1.9459459459459456,0.48611111111111105,r22_c11,7.0,0.5833333333333334,False,,,,,,,
Personal | r31_c13 | Wednesday,Personal,r31_c13,Wednesday,3,1,True,15:00-15:30,1.0,1,0.0,,0.0,0.0,False,False,,,,,,,,1.0,1.0,0.0,1.0,0.0,r32_c12,3.0,1.0,False,,,,,,,
Personal | r31_c14 | Friday,Personal,r31_c14,Friday,9,2,True,10:30-11:00,0.5555555555555556,3,0.4444444444444444,37.5,16.666666666666664,0.1388888888888889,False,False,,,,,,,,2.0,0.5555555555555556,1.0,1.7999999999999998,0.4444444444444444,r29_c17,6.0,0.6666666666666666,False,,,,,,,
Personal | r31_c14 | Thursday,Personal,r31_c14,Thursday,4,2,True,10:00-10:30,1.0,1,0.0,,0.0,0.0,False,False,,,,,,,,2.0,0.5,1.0,2.0,0.5,r29_c17,2.0,0.5,False,,,,,,,
Personal | r31_c14 | Wednesday,Personal,r31_c14,Wednesday,3,1,True,10:00-10:30,1.0,1,0.0,,0.0,0.0,False,False,,,,,,,,1.0,1.0,0.0,1.0,0.0,r29_c17,3.0,1.0,False,,,,,,,
Personal | r31_c16 | Tuesday,Personal,r31_c16,Tuesday,1,1,True,15:00-15:30,1.0,1,0.0,,0.0,0.0,False,False,,,,,,,,1.0,1.0,0.0,1.0,0.0,r34_c20,1.0,1.0,False,,,,,,,
Personal | r31_c16 | Wednesday,Personal,r31_c16,Wednesday,1,1,True,12:30-13:00,1.0,1,0.0,,0.0,0.0,False,False,,,,,,,,1.0,1.0,0.0,1.0,0.0,r30_c21,1.0,1.0,False,,,,,,,
Personal | r31_c19 | Friday,Personal,r31_c19,Friday,19,3,True,12:00-12:30,0.21052631578947367,7,0.7894736842105263,70.0,55.26315789473684,0.4605263157894737,True,True,0.7894736842105263,70.0,55.26315789473684,0.4605263157894737,0.7894736842105263,70.0,0.4605263157894737,3.0,0.7229916897506924,2.0,1.3831417624521076,0.2770083102493076,r10_c14,16.0,0.8421052631578947,True,2.0,1.3831417624521076,0.2770083102493076,r10_c14,16.0,0.8421052631578947,0.2770083102493076
Personal | r31_c19 | Tuesday,Personal,r31_c19,Tuesday,13,2,True,11:30-12:00,0.3076923076923077,6,0.6923076923076923,70.00000000000001,48.46153846153847,0.40384615384615385,False,False,,,,,,,,2.0,0.8579881656804735,1.0,1.1655172413793102,0.14201183431952646,r13_c19,12.0,0.9230769230769231,False,,,,,,,
Personal | r31_c20 | Thursday,Personal,r31_c20,Thursday,10,4,True,09:00-09:30,0.5,5,0.5,132.0,66.0,0.375,True,True,0.5,132.0,66.0,0.375,0.5,132.0,0.375,3.0,0.6600000000000001,2.0,1.515151515151515,0.33999999999999986,r21_c9,8.0,0.8,True,2.0,1.515151515151515,0.33999999999999986,r21_c9,8.0,0.8,0.33999999999999986
Personal | r31_c20 | Wednesday,Personal,r31_c20,Wednesday,2,1,True,11:00-11:30,1.0,1,0.0,,0.0,0.0,False,False,,,,,,,,1.0,1.0,0.0,1.0,0.0,r21_c9,2.0,1.0,False,,,,,,,
Personal | r31_c26 | Tuesday,Personal,r31_c26,Tuesday,1,1,True,10:00-10:30,1.0,1,0.0,,0.0,0.0,False,False,,,,,,,,1.0,1.0,0.0,1.0,0.0,r29_c16,1.0,1.0,False,,,,,,,
Personal | r31_c5 | Friday,Personal,r31_c5,Friday,8,2,True,10:00-10:30,0.375,4,0.625,60.0,37.5,0.3125,False,False,,,,,,,,1.0,1.0,0.0,1.0,0.0,r29_c16,8.0,1.0,False,,,,,,,
Personal | r31_c5 | Monday,Personal,r31_c5,Monday,1,1,True,09:00-09:30,1.0,1,0.0,,0.0,0.0,False,False,,,,,,,,1.0,1.0,0.0,1.0,0.0,r29_c16,1.0,1.0,False,,,,,,,
Personal | r31_c5 | Thursday,Personal,r31_c5,Thursday,1,1,True,09:00-09:30,1.0,1,0.0,,0.0,0.0,False,False,,,,,,,,1.0,1.0,0.0,1.0,0.0,r29_c16,1.0,1.0,False,,,,,,,
Personal | r31_c5 | Tuesday,Personal,r31_c5,Tuesday,3,2,True,10:00-10:30,0.6666666666666666,2,0.33333333333333337,59.99999999999999,20.0,0.16666666666666666,False,False,,,,,,,,2.0,0.5555555555555556,1.0,1.7999999999999998,0.4444444444444444,r29_c16,2.0,0.6666666666666666,False,,,,,,,
Personal | r31_c5 | Wednesday,Personal,r31_c5,Wednesday,3,1,True,10:00-10:30,0.6666666666666666,2,0.33333333333333337,119.99999999999999,40.0,0.3333333333333333,False,False,,,,,,,,1.0,1.0,0.0,1.0,0.0,r24_c11,3.0,1.0,False,,,,,,,
Personal | r32_c12 | Thursday,Personal,r32_c12,Thursday,3,1,True,10:30-11:00,1.0,1,0.0,,0.0,0.0,False,False,,,,,,,,1.0,1.0,0.0,1.0,0.0,r28_c17,3.0,1.0,False,,,,,,,
Personal | r32_c12 | Wednesday,Personal,r32_c12,Wednesday,2,1,True,11:30-12:00,0.5,2,0.5,30.0,15.0,0.125,False,False,,,,,,,,1.0,1.0,0.0,1.0,0.0,r31_c13,2.0,1.0,False,,,,,,,
Personal | r32_c18 | Friday,Personal,r32_c18,Friday,1,1,True,11:30-12:00,1.0,1,0.0,,0.0,0.0,False,False,,,,,,,,1.0,1.0,0.0,1.0,0.0,r34_c18,1.0,1.0,False,,,,,,,
Personal | r32_c20 | Friday,Personal,r32_c20,Friday,2,2,True,14:30-15:00,1.0,1,0.0,,0.0,0.0,False,False,,,,,,,,1.0,1.0,0.0,1.0,0.0,r34_c18,2.0,1.0,False,,,,,,,
Personal | r32_c20 | Thursday,Personal,r32_c20,Thursday,5,3,True,12:30-13:00,0.4,3,0.6,130.0,78.0,0.6000000000000001,False,False,,,,,,,,3.0,0.44000000000000006,2.0,2.2727272727272725,0.5599999999999999,r34_c18,3.0,0.6,False,,,,,,,
Personal | r32_c20 | Tuesday,Personal,r32_c20,Tuesday,5,1,True,11:00-11:30,0.2,5,0.8,127.5,102.0,0.7,False,False,,,,,,,,1.0,1.0,0.0,1.0,0.0,r34_c18,5.0,1.0,False,,,,,,,
Personal | r32_c20 | Wednesday,Personal,r32_c20,Wednesday,1,1,True,14:30-15:00,1.0,1,0.0,,0.0,0.0,False,False,,,,,,,,1.0,1.0,0.0,1.0,0.0,r34_c18,1.0,1.0,False,,,,,,,
Personal | r32_c21 | Friday,Personal,r32_c21,Friday,16,7,True,11:00-11:30,0.375,5,0.625,69.0,43.125,0.34375,True,True,0.625,69.0,43.125,0.34375,0.625,69.0,0.34375,4.0,0.515625,3.0,1.9393939393939394,0.484375,r29_c16,11.0,0.6875,True,3.0,1.9393939393939394,0.484375,r29_c16,11.0,0.6875,0.484375
Personal | r32_c21 | Thursday,Personal,r32_c21,Thursday,13,5,True,10:30-11:00,0.38461538461538464,7,0.6153846153846154,74.99999999999999,46.153846153846146,0.34615384615384615,True,True,0.6153846153846154,74.99999999999999,46.153846153846146,0.34615384615384615,0.6153846153846154,74.99999999999999,0.34615384615384615,3.0,0.455621301775148,2.0,2.1948051948051948,0.544378698224852,r29_c17,8.0,0.6153846153846154,True,2.0,2.1948051948051948,0.544378698224852,r29_c17,8.0,0.6153846153846154,0.544378698224852
Personal | r32_c21 | Wednesday,Personal,r32_c21,Wednesday,3,1,True,11:00-11:30,1.0,1,0.0,,0.0,0.0,False,False,,,,,,,,2.0,0.5555555555555556,1.0,1.7999999999999998,0.4444444444444444,r29_c17,2.0,0.6666666666666666,False,,,,,,,
Personal | r32_c22 | Friday,Personal,r32_c22,Friday,3,1,True,14:00-14:30,0.3333333333333333,3,0.6666666666666667,44.99999999999999,30.0,0.25,False,False,,,,,,,,1.0,1.0,0.0,1.0,0.0,r33_c21,3.0,1.0,False,,,,,,,
Personal | r32_c22 | Thursday,Personal,r32_c22,Thursday,1,1,True,15:00-15:30,1.0,1,0.0,,0.0,0.0,False,False,,,,,,,,1.0,1.0,0.0,1.0,0.0,r33_c21,1.0,1.0,False,,,,,,,
Personal | r32_c22 | Tuesday,Personal,r32_c22,Tuesday,1,1,True,14:00-14:30,1.0,1,0.0,,0.0,0.0,False,False,,,,,,,,1.0,1.0,0.0,1.0,0.0,r37_c17,1.0,1.0,False,,,,,,,
Personal | r32_c9 | Friday,Personal,r32_c9,Friday,1,1,True,09:30-10:00,1.0,1,0.0,,0.0,0.0,False,False,,,,,,,,1.0,1.0,0.0,1.0,0.0,r29_c17,1.0,1.0,False,,,,,,,
Personal | r33_c10 | Thursday,Personal,r33_c10,Thursday,1,1,True,10:00-10:30,1.0,1,0.0,,0.0,0.0,False,False,,,,,,,,1.0,1.0,0.0,1.0,0.0,r35_c16,1.0,1.0,False,,,,,,,
Personal | r33_c11 | Wednesday,Personal,r33_c11,Wednesday,2,1,True,15:00-15:30,0.5,2,0.5,30.0,15.0,0.125,False,False,,,,,,,,1.0,1.0,0.0,1.0,0.0,r35_c14,2.0,1.0,False,,,,,,,
Personal | r33_c12 | Monday,Personal,r33_c12,Monday,2,1,True,10:00-10:30,1.0,1,0.0,,0.0,0.0,False,False,,,,,,,,1.0,1.0,0.0,1.0,0.0,r36_c16,2.0,1.0,False,,,,,,,
Personal | r33_c12 | Thursday,Personal,r33_c12,Thursday,1,1,True,10:00-10:30,1.0,1,0.0,,0.0,0.0,False,False,,,,,,,,1.0,1.0,0.0,1.0,0.0,r36_c16,1.0,1.0,False,,,,,,,
Personal | r33_c12 | Tuesday,Personal,r33_c12,Tuesday,4,2,True,09:30-10:00,0.5,2,0.5,30.0,15.0,0.125,False,False,,,,,,,,2.0,0.5,1.0,2.0,0.5,r23_c10,2.0,0.5,False,,,,,,,
Personal | r33_c16 | Monday,Personal,r33_c16,Monday,1,1,True,09:00-09:30,1.0,1,0.0,,0.0,0.0,False,False,,,,,,,,1.0,1.0,0.0,1.0,0.0,r27_c13,1.0,1.0,False,,,,,,,
Personal | r33_c16 | Thursday,Personal,r33_c16,Thursday,2,2,True,09:00-09:30,0.5,2,0.5,300.0,150.0,0.5,False,False,,,,,,,,2.0,0.5,1.0,2.0,0.5,r27_c13,1.0,0.5,False,,,,,,,
Personal | r33_c16 | Wednesday,Personal,r33_c16,Wednesday,2,1,True,10:00-10:30,1.0,1,0.0,,0.0,0.0,False,False,,,,,,,,1.0,1.0,0.0,1.0,0.0,r35_c16,2.0,1.0,False,,,,,,,
Personal | r33_c17 | Monday,Personal,r33_c17,Monday,2,1,True,11:00-11:30,0.5,2,0.5,120.0,60.0,0.5,False,False,,,,,,,,1.0,1.0,0.0,1.0,0.0,r34_c18,2.0,1.0,False,,,,,,,
Personal | r33_c17 | Thursday,Personal,r33_c17,Thursday,2,1,True,10:00-10:30,1.0,1,0.0,,0.0,0.0,False,False,,,,,,,,2.0,0.5,1.0,2.0,0.5,r34_c20,1.0,0.5,False,,,,,,,
Personal | r33_c18 | Tuesday,Personal,r33_c18,Tuesday,5,1,True,14:00-14:30,0.4,4,0.6,120.0,72.0,0.5,False,False,,,,,,,,1.0,1.0,0.0,1.0,0.0,r19_c16,5.0,1.0,False,,,,,,,
Personal | r33_c20 | Friday,Personal,r33_c20,Friday,15,14,True,14:00-14:30,0.5333333333333333,3,0.4666666666666667,42.857142857142854,20.0,0.16666666666666669,True,True,0.4666666666666667,42.857142857142854,20.0,0.16666666666666669,0.4666666666666667,42.857142857142854,0.16666666666666669,2.0,0.5555555555555556,1.0,1.7999999999999998,0.4444444444444444,r35_c15,10.0,0.6666666666666666,True,1.0,1.7999999999999998,0.4444444444444444,r35_c15,10.0,0.6666666666666666,0.4444444444444444
Personal | r33_c20 | Monday,Personal,r33_c20,Monday,14,9,True,14:00-14:30,0.35714285714285715,4,0.6428571428571428,60.0,38.57142857142857,0.3214285714285714,True,True,0.6428571428571428,60.0,38.57142857142857,0.3214285714285714,0.6428571428571428,60.0,0.3214285714285714,2.0,0.6632653061224489,1.0,1.5076923076923079,0.33673469387755106,r35_c15,11.0,0.7857142857142857,True,1.0,1.5076923076923079,0.33673469387755106,r35_c15,11.0,0.7857142857142857,0.33673469387755106
Personal | r33_c20 | Thursday,Personal,r33_c20,Thursday,10,8,True,14:00-14:30,0.6,3,0.4,52.5,21.0,0.175,True,True,0.4,52.5,21.0,0.175,0.4,52.5,0.175,1.0,1.0,0.0,1.0,0.0,r35_c15,10.0,1.0,True,0.0,1.0,0.0,r35_c15,10.0,1.0,0.0
Personal | r33_c20 | Tuesday,Personal,r33_c20,Tuesday,11,9,True,14:00-14:30,0.7272727272727273,2,0.2727272727272727,60.0,16.363636363636363,0.13636363636363635,True,True,0.2727272727272727,60.0,16.363636363636363,0.13636363636363635,0.2727272727272727,60.0,0.13636363636363635,2.0,0.8347107438016528,1.0,1.1980198019801982,0.16528925619834722,r35_c15,10.0,0.9090909090909091,True,1.0,1.1980198019801982,0.16528925619834722,r35_c15,10.0,0.9090909090909091,0.16528925619834722
Personal | r33_c20 | Wednesday,Personal,r33_c20,Wednesday,8,7,True,14:00-14:30,0.75,3,0.25,45.0,11.25,0.09375,False,False,,,,,,,,1.0,1.0,0.0,1.0,0.0,r35_c15,8.0,1.0,False,,,,,,,
Personal | r33_c21 | Friday,Personal,r33_c21,Friday,3,1,True,11:00-11:30,0.3333333333333333,3,0.6666666666666667,44.99999999999999,30.0,0.25,False,False,,,,,,,,1.0,1.0,0.0,1.0,0.0,r32_c22,3.0,1.0,False,,,,,,,
Personal | r33_c21 | Monday,Personal,r33_c21,Monday,2,1,True,10:30-11:00,1.0,1,0.0,,0.0,0.0,False,False,,,,,,,,1.0,1.0,0.0,1.0,0.0,r25_c22,2.0,1.0,False,,,,,,,
Personal | r33_c21 | Thursday,Personal,r33_c21,Thursday,2,2,True,10:30-11:00,0.5,2,0.5,210.0,105.0,0.5,False,False,,,,,,,,2.0,0.5,1.0,2.0,0.5,r32_c22,1.0,0.5,False,,,,,,,
Personal | r33_c21 | Tuesday,Personal,r33_c21,Tuesday,1,1,True,08:30-09:00,1.0,1,0.0,,0.0,0.0,False,False,,,,,,,,1.0,1.0,0.0,1.0,0.0,r36_c16,1.0,1.0,False,,,,,,,
Personal | r33_c21 | Wednesday,Personal,r33_c21,Wednesday,3,1,True,12:00-12:30,0.3333333333333333,3,0.6666666666666667,59.99999999999999,40.0,0.3333333333333333,False,False,,,,,,,,1.0,1.0,0.0,1.0,0.0,r32_c21,3.0,1.0,False,,,,,,,
Personal | r33_c22 | Thursday,Personal,r33_c22,Thursday,2,2,True,09:00-09:30,0.5,2,0.5,30.0,15.0,0.125,False,False,,,,,,,,2.0,0.5,1.0,2.0,0.5,r26_c13,1.0,0.5,False,,,,,,,
Personal | r33_c22 | Tuesday,Personal,r33_c22,Tuesday,3,1,True,16:00-16:30,0.6666666666666666,2,0.33333333333333337,29.999999999999996,10.0,0.08333333333333333,False,False,,,,,,,,1.0,1.0,0.0,1.0,0.0,r21_c17,3.0,1.0,False,,,,,,,
Personal | r33_c22 | Wednesday,Personal,r33_c22,Wednesday,24,16,True,09:00-09:30,0.25,5,0.75,73.33333333333333,55.0,0.45833333333333337,True,True,0.75,73.33333333333333,55.0,0.45833333333333337,0.75,73.33333333333333,0.45833333333333337,2.0,0.9201388888888891,1.0,1.0867924528301884,0.07986111111111094,r29_c16,23.0,0.9583333333333334,True,1.0,1.0867924528301884,0.07986111111111094,r29_c16,23.0,0.9583333333333334,0.07986111111111094
Personal | r33_c23 | Friday,Personal,r33_c23,Friday,5,2,True,12:00-12:30,0.6,3,0.4,45.0,18.0,0.15000000000000002,False,False,,,,,,,,1.0,1.0,0.0,1.0,0.0,r35_c15,5.0,1.0,False,,,,,,,
Personal | r33_c23 | Monday,Personal,r33_c23,Monday,6,2,True,15:00-15:30,0.3333333333333333,4,0.6666666666666667,112.49999999999999,75.0,0.41666666666666663,False,False,,,,,,,,2.0,0.5555555555555556,1.0,1.7999999999999998,0.4444444444444444,r26_c15,4.0,0.6666666666666666,False,,,,,,,
Personal | r33_c23 | Thursday,Personal,r33_c23,Thursday,4,1,True,14:00-14:30,0.5,3,0.5,30.0,15.0,0.125,False,False,,,,,,,,1.0,1.0,0.0,1.0,0.0,r26_c15,4.0,1.0,False,,,,,,,
Personal | r33_c23 | Tuesday,Personal,r33_c23,Tuesday,13,3,True,12:00-12:30,0.15384615384615385,8,0.8461538461538461,87.27272727272728,73.84615384615385,0.5576923076923077,True,True,0.8461538461538461,87.27272727272728,73.84615384615385,0.5576923076923077,0.8461538461538461,87.27272727272728,0.5576923076923077,2.0,0.5266272189349113,1.0,1.898876404494382,0.47337278106508873,r35_c15,8.0,0.6153846153846154,True,1.0,1.898876404494382,0.47337278106508873,r35_c15,8.0,0.6153846153846154,0.47337278106508873
Personal | r33_c23 | Wednesday,Personal,r33_c23,Wednesday,24,5,True,13:30-14:00,0.2916666666666667,6,0.7083333333333333,61.76470588235295,43.75,0.3645833333333333,True,True,0.7083333333333333,61.76470588235295,43.75,0.3645833333333333,0.7083333333333333,61.76470588235295,0.3645833333333333,4.0,0.3090277777777778,3.0,3.235955056179775,0.6909722222222222,r22_c14,8.0,0.3333333333333333,True,3.0,3.235955056179775,0.6909722222222222,r22_c14,8.0,0.3333333333333333,0.6909722222222222
Personal | r33_c24 | Monday,Personal,r33_c24,Monday,6,2,True,09:00-09:30,0.5,3,0.5,50.0,25.0,0.20833333333333331,False,False,,,,,,,,2.0,0.7222222222222223,1.0,1.3846153846153844,0.2777777777777777,r30_c16,5.0,0.8333333333333334,False,,,,,,,
Personal | r33_c24 | Wednesday,Personal,r33_c24,Wednesday,1,1,True,09:00-09:30,1.0,1,0.0,,0.0,0.0,False,False,,,,,,,,1.0,1.0,0.0,1.0,0.0,r30_c16,1.0,1.0,False,,,,,,,
Personal | r33_c9 | Friday,Personal,r33_c9,Friday,10,3,True,11:00-11:30,0.2,7,0.8,71.25,57.0,0.4750000000000001,True,True,0.8,71.25,57.0,0.4750000000000001,0.8,71.25,0.4750000000000001,2.0,0.8200000000000001,1.0,1.2195121951219512,0.17999999999999994,r24_c11,9.0,0.9,True,1.0,1.2195121951219512,0.17999999999999994,r24_c11,9.0,0.9,0.17999999999999994
Personal | r33_c9 | Thursday,Personal,r33_c9,Thursday,17,7,True,10:30-11:00,0.35294117647058826,5,0.6470588235294117,62.72727272727274,40.58823529411765,0.3382352941176471,True,True,0.6470588235294117,62.72727272727274,40.58823529411765,0.3382352941176471,0.6470588235294117,62.72727272727274,0.3382352941176471,2.0,0.8892733564013842,1.0,1.1245136186770428,0.11072664359861584,r24_c11,16.0,0.9411764705882353,True,1.0,1.1245136186770428,0.11072664359861584,r24_c11,16.0,0.9411764705882353,0.11072664359861584
Personal | r33_c9 | Tuesday,Personal,r33_c9,Tuesday,1,1,True,10:30-11:00,1.0,1,0.0,,0.0,0.0,False,False,,,,,,,,1.0,1.0,0.0,1.0,0.0,r25_c12,1.0,1.0,False,,,,,,,
Personal | r34_c18 | Friday,Personal,r34_c18,Friday,21,13,True,10:30-11:00,0.2857142857142857,5,0.7142857142857143,68.0,48.57142857142857,0.38095238095238093,True,True,0.7142857142857143,68.0,48.57142857142857,0.38095238095238093,0.7142857142857143,68.0,0.38095238095238093,7.0,0.21541950113378686,6.0,4.6421052631578945,0.7845804988662132,r32_c20,6.0,0.2857142857142857,True,6.0,4.6421052631578945,0.7845804988662132,r32_c20,6.0,0.2857142857142857,0.7845804988662132
Personal | r34_c18 | Monday,Personal,r34_c18,Monday,10,5,True,09:00-09:30,0.5,3,0.5,54.0,27.0,0.225,True,True,0.5,54.0,27.0,0.225,0.5,54.0,0.225,5.0,0.22000000000000003,4.0,4.545454545454545,0.78,r32_c20,3.0,0.3,True,4.0,4.545454545454545,0.78,r32_c20,3.0,0.3,0.78
Personal | r34_c18 | Thursday,Personal,r34_c18,Thursday,26,14,True,10:00-10:30,0.6923076923076923,7,0.3076923076923077,56.25000000000001,17.30769230769231,0.14423076923076925,True,True,0.3076923076923077,56.25000000000001,17.30769230769231,0.14423076923076925,0.3076923076923077,56.25000000000001,0.14423076923076925,8.0,0.15088757396449706,7.0,6.6274509803921555,0.849112426035503,r34_c24,6.0,0.23076923076923078,True,7.0,6.6274509803921555,0.849112426035503,r34_c24,6.0,0.23076923076923078,0.849112426035503
Personal | r34_c18 | Tuesday,Personal,r34_c18,Tuesday,21,8,True,10:00-10:30,0.2857142857142857,10,0.7142857142857143,176.0,125.71428571428571,0.6309523809523808,True,True,0.7142857142857143,176.0,125.71428571428571,0.6309523809523808,0.7142857142857143,176.0,0.6309523809523808,5.0,0.3514739229024943,4.0,2.845161290322581,0.6485260770975056,r30_c17,11.0,0.5238095238095238,True,4.0,2.845161290322581,0.6485260770975056,r30_c17,11.0,0.5238095238095238,0.6485260770975056
Personal | r34_c18 | Wednesday,Personal,r34_c18,Wednesday,16,7,True,10:00-10:30,0.3125,8,0.6875,106.36363636363636,73.125,0.40625,True,True,0.6875,106.36363636363636,73.125,0.40625,0.6875,106.36363636363636,0.40625,7.0,0.2109375,6.0,4.7407407407407405,0.7890625,r34_c24,5.0,0.3125,True,6.0,4.7407407407407405,0.7890625,r34_c24,5.0,0.3125,0.7890625
Personal | r34_c20 | Friday,Personal,r34_c20,Friday,1,1,True,10:00-10:30,1.0,1,0.0,,0.0,0.0,False,False,,,,,,,,1.0,1.0,0.0,1.0,0.0,r29_c15,1.0,1.0,False,,,,,,,
Personal | r34_c20 | Monday,Personal,r34_c20,Monday,3,2,True,09:00-09:30,0.6666666666666666,2,0.33333333333333337,29.999999999999996,10.0,0.08333333333333333,False,False,,,,,,,,3.0,0.3333333333333333,2.0,3.0,0.6666666666666667,r27_c12,1.0,0.3333333333333333,False,,,,,,,
Personal | r34_c20 | Thursday,Personal,r34_c20,Thursday,3,3,True,09:30-10:00,0.6666666666666666,2,0.33333333333333337,29.999999999999996,10.0,0.08333333333333333,False,False,,,,,,,,3.0,0.3333333333333333,2.0,3.0,0.6666666666666667,r27_c14,1.0,0.3333333333333333,False,,,,,,,
Personal | r34_c20 | Tuesday,Personal,r34_c20,Tuesday,2,2,True,09:30-10:00,0.5,2,0.5,180.0,90.0,0.5,False,False,,,,,,,,2.0,0.5,1.0,2.0,0.5,r27_c12,1.0,0.5,False,,,,,,,
Personal | r34_c20 | Wednesday,Personal,r34_c20,Wednesday,1,1,True,11:00-11:30,1.0,1,0.0,,0.0,0.0,False,False,,,,,,,,1.0,1.0,0.0,1.0,0.0,r34_c24,1.0,1.0,False,,,,,,,
Personal | r34_c21 | Friday,Personal,r34_c21,Friday,2,2,True,10:30-11:00,0.5,2,0.5,240.0,120.0,0.5,False,False,,,,,,,,2.0,0.5,1.0,2.0,0.5,r34_c18,1.0,0.5,False,,,,,,,
Personal | r34_c21 | Monday,Personal,r34_c21,Monday,9,1,True,14:30-15:00,0.3333333333333333,5,0.6666666666666667,44.99999999999999,30.0,0.24999999999999997,False,False,,,,,,,,1.0,1.0,0.0,1.0,0.0,r34_c18,9.0,1.0,False,,,,,,,
Personal | r34_c21 | Thursday,Personal,r34_c21,Thursday,1,1,True,10:00-10:30,1.0,1,0.0,,0.0,0.0,False,False,,,,,,,,1.0,1.0,0.0,1.0,0.0,r30_c16,1.0,1.0,False,,,,,,,
Personal | r34_c21 | Tuesday,Personal,r34_c21,Tuesday,1,1,True,09:30-10:00,1.0,1,0.0,,0.0,0.0,False,False,,,,,,,,1.0,1.0,0.0,1.0,0.0,r31_c19,1.0,1.0,False,,,,,,,
Personal | r34_c21 | Wednesday,Personal,r34_c21,Wednesday,1,1,True,14:30-15:00,1.0,1,0.0,,0.0,0.0,False,False,,,,,,,,1.0,1.0,0.0,1.0,0.0,r35_c15,1.0,1.0,False,,,,,,,
Personal | r34_c22 | Friday,Personal,r34_c22,Friday,1,1,True,16:00-16:30,1.0,1,0.0,,0.0,0.0,False,False,,,,,,,,1.0,1.0,0.0,1.0,0.0,r32_c20,1.0,1.0,False,,,,,,,
Personal | r34_c23 | Friday,Personal,r34_c23,Friday,2,2,True,12:30-13:00,0.5,2,0.5,60.0,30.0,0.25,False,False,,,,,,,,2.0,0.5,1.0,2.0,0.5,r30_c15,1.0,0.5,False,,,,,,,
Personal | r34_c23 | Monday,Personal,r34_c23,Monday,2,2,True,12:00-12:30,0.5,2,0.5,30.0,15.0,0.125,False,False,,,,,,,,2.0,0.5,1.0,2.0,0.5,r30_c15,1.0,0.5,False,,,,,,,
Personal | r34_c23 | Thursday,Personal,r34_c23,Thursday,8,5,True,12:00-12:30,0.625,4,0.375,60.0,22.5,0.1875,False,False,,,,,,,,4.0,0.4375,3.0,2.2857142857142856,0.5625,r35_c15,5.0,0.625,False,,,,,,,
Personal | r34_c23 | Tuesday,Personal,r34_c23,Tuesday,7,2,True,12:30-13:00,0.2857142857142857,4,0.7142857142857143,48.0,34.285714285714285,0.2857142857142857,False,False,,,,,,,,1.0,1.0,0.0,1.0,0.0,r35_c15,7.0,1.0,False,,,,,,,
Personal | r34_c23 | Wednesday,Personal,r34_c23,Wednesday,3,3,True,12:00-12:30,0.6666666666666666,2,0.33333333333333337,29.999999999999996,10.0,0.08333333333333333,False,False,,,,,,,,2.0,0.5555555555555556,1.0,1.7999999999999998,0.4444444444444444,r35_c15,2.0,0.6666666666666666,False,,,,,,,
Personal | r34_c24 | Friday,Personal,r34_c24,Friday,2,1,True,14:00-14:30,0.5,2,0.5,60.0,30.0,0.25,False,False,,,,,,,,1.0,1.0,0.0,1.0,0.0,r34_c18,2.0,1.0,False,,,,,,,
Personal | r34_c24 | Thursday,Personal,r34_c24,Thursday,8,3,True,15:00-15:30,0.375,4,0.625,36.0,22.5,0.1875,False,False,,,,,,,,1.0,1.0,0.0,1.0,0.0,r34_c18,8.0,1.0,False,,,,,,,
Personal | r34_c24 | Wednesday,Personal,r34_c24,Wednesday,8,3,True,14:30-15:00,0.375,4,0.625,54.0,33.75,0.25,False,False,,,,,,,,2.0,0.53125,1.0,1.8823529411764706,0.46875,r34_c18,5.0,0.625,False,,,,,,,
Personal | r35_c14 | Friday,Personal,r35_c14,Friday,3,2,True,09:00-09:30,0.3333333333333333,3,0.6666666666666667,89.99999999999999,60.0,0.5,False,False,,,,,,,,2.0,0.5555555555555556,1.0,1.7999999999999998,0.4444444444444444,r29_c16,2.0,0.6666666666666666,False,,,,,,,
Personal | r35_c14 | Monday,Personal,r35_c14,Monday,2,1,True,10:00-10:30,0.5,2,0.5,120.0,60.0,0.5,False,False,,,,,,,,1.0,1.0,0.0,1.0,0.0,r26_c16,2.0,1.0,False,,,,,,,
Personal | r35_c14 | Thursday,Personal,r35_c14,Thursday,1,1,True,10:00-10:30,1.0,1,0.0,,0.0,0.0,False,False,,,,,,,,1.0,1.0,0.0,1.0,0.0,r35_c16,1.0,1.0,False,,,,,,,
Personal | r35_c14 | Tuesday,Personal,r35_c14,Tuesday,2,2,True,09:30-10:00,0.5,2,0.5,30.0,15.0,0.125,False,False,,,,,,,,2.0,0.5,1.0,2.0,0.5,r30_c20,1.0,0.5,False,,,,,,,
Personal | r35_c14 | Wednesday,Personal,r35_c14,Wednesday,1,1,True,10:30-11:00,1.0,1,0.0,,0.0,0.0,False,False,,,,,,,,1.0,1.0,0.0,1.0,0.0,r35_c16,1.0,1.0,False,,,,,,,
Personal | r35_c15 | Friday,Personal,r35_c15,Friday,16,16,True,10:00-10:30,0.5,3,0.5,30.0,15.0,0.125,True,True,0.5,30.0,15.0,0.125,0.5,30.0,0.125,5.0,0.375,4.0,2.6666666666666665,0.625,r33_c20,9.0,0.5625,True,4.0,2.6666666666666665,0.625,r33_c20,9.0,0.5625,0.625
Personal | r35_c15 | Monday,Personal,r35_c15,Monday,16,12,True,10:00-10:30,0.4375,6,0.5625,50.0,28.125,0.234375,True,True,0.5625,50.0,28.125,0.234375,0.5625,50.0,0.234375,4.0,0.3671875,3.0,2.723404255319149,0.6328125,r33_c20,8.0,0.5,True,3.0,2.723404255319149,0.6328125,r33_c20,8.0,0.5,0.6328125
Personal | r35_c15 | Thursday,Personal,r35_c15,Thursday,25,16,True,09:00-09:30,0.32,9,0.6799999999999999,97.05882352941177,66.0,0.4,True,True,0.6799999999999999,97.05882352941177,66.0,0.4,0.6799999999999999,97.05882352941177,0.4,5.0,0.38880000000000003,4.0,2.5720164609053495,0.6112,r33_c20,14.0,0.56,True,4.0,2.5720164609053495,0.6112,r33_c20,14.0,0.56,0.6112
Personal | r35_c15 | Tuesday,Personal,r35_c15,Tuesday,30,16,True,09:30-10:00,0.3333333333333333,6,0.6666666666666667,41.99999999999999,28.0,0.2333333333333333,True,True,0.6666666666666667,41.99999999999999,28.0,0.2333333333333333,0.6666666666666667,41.99999999999999,0.2333333333333333,5.0,0.25555555555555554,4.0,3.91304347826087,0.7444444444444445,r33_c20,11.0,0.36666666666666664,True,4.0,3.91304347826087,0.7444444444444445,r33_c20,11.0,0.36666666666666664,0.7444444444444445
Personal | r35_c15 | Wednesday,Personal,r35_c15,Wednesday,21,17,True,09:30-10:00,0.38095238095238093,7,0.6190476190476191,48.46153846153846,30.0,0.25,True,True,0.6190476190476191,48.46153846153846,30.0,0.25,0.6190476190476191,48.46153846153846,0.25,6.0,0.2970521541950113,5.0,3.3664122137404586,0.7029478458049887,r33_c20,10.0,0.47619047619047616,True,5.0,3.3664122137404586,0.7029478458049887,r33_c20,10.0,0.47619047619047616,0.7029478458049887
Personal | r35_c16 | Friday,Personal,r35_c16,Friday,7,7,True,12:00-12:30,0.42857142857142855,5,0.5714285714285714,75.0,42.857142857142854,0.3214285714285714,False,False,,,,,,,,3.0,0.5510204081632654,2.0,1.8148148148148147,0.44897959183673464,r34_c18,5.0,0.7142857142857143,False,,,,,,,
Personal | r35_c16 | Monday,Personal,r35_c16,Monday,3,1,True,14:30-15:00,0.3333333333333333,3,0.6666666666666667,44.99999999999999,30.0,0.25,False,False,,,,,,,,1.0,1.0,0.0,1.0,0.0,r43_c19,3.0,1.0,False,,,,,,,
Personal | r35_c16 | Thursday,Personal,r35_c16,Thursday,6,5,True,12:00-12:30,0.5,4,0.5,100.0,50.0,0.375,False,False,,,,,,,,4.0,0.33333333333333337,3.0,2.9999999999999996,0.6666666666666666,r34_c18,3.0,0.5,False,,,,,,,
Personal | r35_c16 | Tuesday,Personal,r35_c16,Tuesday,4,4,True,14:00-14:30,0.5,3,0.5,180.0,90.0,0.5,False,False,,,,,,,,3.0,0.375,2.0,2.6666666666666665,0.625,r28_c12,2.0,0.5,False,,,,,,,
Personal | r35_c16 | Wednesday,Personal,r35_c16,Wednesday,4,3,True,12:00-12:30,0.5,3,0.5,105.0,52.5,0.4375,False,False,,,,,,,,4.0,0.25,3.0,4.0,0.75,r33_c11,1.0,0.25,False,,,,,,,
Personal | r35_c17 | Thursday,Personal,r35_c17,Thursday,8,3,True,09:30-10:00,0.375,4,0.625,36.0,22.5,0.1875,False,False,,,,,,,,1.0,1.0,0.0,1.0,0.0,r27_c15,8.0,1.0,False,,,,,,,
Personal | r35_c20 | Monday,Personal,r35_c20,Monday,1,1,True,12:00-12:30,1.0,1,0.0,,0.0,0.0,False,False,,,,,,,,1.0,1.0,0.0,1.0,0.0,r34_c18,1.0,1.0,False,,,,,,,
Personal | r35_c21 | Thursday,Personal,r35_c21,Thursday,8,1,True,12:00-12:30,0.25,5,0.75,50.0,37.5,0.3125,False,False,,,,,,,,1.0,1.0,0.0,1.0,0.0,r33_c9,8.0,1.0,False,,,,,,,
Personal | r35_c22 | Friday,Personal,r35_c22,Friday,3,1,True,15:30-16:00,0.6666666666666666,2,0.33333333333333337,29.999999999999996,10.0,0.08333333333333333,False,False,,,,,,,,1.0,1.0,0.0,1.0,0.0,r31_c20,3.0,1.0,False,,,,,,,
Personal | r35_c22 | Tuesday,Personal,r35_c22,Tuesday,6,1,True,14:00-14:30,0.3333333333333333,4,0.6666666666666667,44.99999999999999,30.0,0.24999999999999997,False,False,,,,,,,,1.0,1.0,0.0,1.0,0.0,r35_c15,6.0,1.0,False,,,,,,,
Personal | r35_c23 | Monday,Personal,r35_c23,Monday,2,1,True,10:00-10:30,0.5,2,0.5,150.0,75.0,0.5,False,False,,,,,,,,1.0,1.0,0.0,1.0,0.0,r34_c20,2.0,1.0,False,,,,,,,
Personal | r35_c23 | Tuesday,Personal,r35_c23,Tuesday,8,2,True,13:30-14:00,0.375,5,0.625,66.0,41.25,0.28125,False,False,,,,,,,,2.0,0.625,1.0,1.6,0.375,r28_c15,6.0,0.75,False,,,,,,,
Personal | r35_c23 | Wednesday,Personal,r35_c23,Wednesday,1,1,True,14:30-15:00,1.0,1,0.0,,0.0,0.0,False,False,,,,,,,,1.0,1.0,0.0,1.0,0.0,r34_c20,1.0,1.0,False,,,,,,,
Personal | r36_c16 | Monday,Personal,r36_c16,Monday,2,2,True,12:30-13:00,0.5,2,0.5,90.0,45.0,0.375,False,False,,,,,,,,2.0,0.5,1.0,2.0,0.5,r33_c12,1.0,0.5,False,,,,,,,
Personal | r36_c16 | Thursday,Personal,r36_c16,Thursday,7,2,True,13:00-13:30,0.42857142857142855,4,0.5714285714285714,60.0,34.285714285714285,0.2857142857142857,False,False,,,,,,,,2.0,0.7551020408163265,1.0,1.3243243243243243,0.24489795918367352,r34_c18,6.0,0.8571428571428571,False,,,,,,,
Personal | r36_c16 | Tuesday,Personal,r36_c16,Tuesday,1,1,True,11:00-11:30,1.0,1,0.0,,0.0,0.0,False,False,,,,,,,,1.0,1.0,0.0,1.0,0.0,r33_c21,1.0,1.0,False,,,,,,,
Personal | r36_c16 | Wednesday,Personal,r36_c16,Wednesday,1,1,True,14:00-14:30,1.0,1,0.0,,0.0,0.0,False,False,,,,,,,,1.0,1.0,0.0,1.0,0.0,r43_c19,1.0,1.0,False,,,,,,,
Personal | r36_c21 | Thursday,Personal,r36_c21,Thursday,2,2,True,10:00-10:30,0.5,2,0.5,300.0,150.0,0.5,False,False,,,,,,,,2.0,0.5,1.0,2.0,0.5,r32_c20,1.0,0.5,False,,,,,,,
Personal | r36_c23 | Friday,Personal,r36_c23,Friday,1,1,True,08:30-09:00,1.0,1,0.0,,0.0,0.0,False,False,,,,,,,,1.0,1.0,0.0,1.0,0.0,r29_c16,1.0,1.0,False,,,,,,,
Personal | r36_c23 | Thursday,Personal,r36_c23,Thursday,1,1,True,08:30-09:00,1.0,1,0.0,,0.0,0.0,False,False,,,,,,,,1.0,1.0,0.0,1.0,0.0,r29_c16,1.0,1.0,False,,,,,,,
Personal | r36_c23 | Tuesday,Personal,r36_c23,Tuesday,6,2,True,10:30-11:00,0.5,4,0.5,60.0,30.0,0.25,False,False,,,,,,,,2.0,0.5555555555555556,1.0,1.7999999999999998,0.4444444444444444,r29_c16,4.0,0.6666666666666666,False,,,,,,,
Personal | r36_c23 | Wednesday,Personal,r36_c23,Wednesday,2,1,True,08:30-09:00,0.5,2,0.5,30.0,15.0,0.125,False,False,,,,,,,,1.0,1.0,0.0,1.0,0.0,r29_c16,2.0,1.0,False,,,,,,,
Personal | r36_c24 | Thursday,Personal,r36_c24,Thursday,10,1,True,15:30-16:00,0.5,6,0.5,66.0,33.0,0.27499999999999997,False,False,,,,,,,,1.0,1.0,0.0,1.0,0.0,r28_c13,10.0,1.0,False,,,,,,,
Personal | r36_c8 | Tuesday,Personal,r36_c8,Tuesday,1,1,True,09:30-10:00,1.0,1,0.0,,0.0,0.0,False,False,,,,,,,,1.0,1.0,0.0,1.0,0.0,r29_c16,1.0,1.0,False,,,,,,,
Personal | r37_c16 | Thursday,Personal,r37_c16,Thursday,3,1,True,07:30-08:00,0.6666666666666666,2,0.33333333333333337,89.99999999999999,30.0,0.25,False,False,,,,,,,,1.0,1.0,0.0,1.0,0.0,r33_c21,3.0,1.0,False,,,,,,,
Personal | r37_c16 | Tuesday,Personal,r37_c16,Tuesday,2,2,True,08:00-08:30,0.5,2,0.5,150.0,75.0,0.5,False,False,,,,,,,,2.0,0.5,1.0,2.0,0.5,r33_c12,1.0,0.5,False,,,,,,,
Personal | r37_c17 | Tuesday,Personal,r37_c17,Tuesday,1,1,True,09:30-10:00,1.0,1,0.0,,0.0,0.0,False,False,,,,,,,,1.0,1.0,0.0,1.0,0.0,r32_c22,1.0,1.0,False,,,,,,,
Personal | r38_c16 | Thursday,Personal,r38_c16,Thursday,5,1,True,09:30-10:00,0.4,3,0.6,70.0,42.0,0.35,False,False,,,,,,,,1.0,1.0,0.0,1.0,0.0,r40_c16,5.0,1.0,False,,,,,,,
Personal | r38_c16 | Wednesday,Personal,r38_c16,Wednesday,2,1,True,09:30-10:00,0.5,2,0.5,30.0,15.0,0.125,False,False,,,,,,,,1.0,1.0,0.0,1.0,0.0,r40_c16,2.0,1.0,False,,,,,,,
Personal | r40_c16 | Thursday,Personal,r40_c16,Thursday,3,1,True,13:30-14:00,0.3333333333333333,3,0.6666666666666667,44.99999999999999,30.0,0.25,False,False,,,,,,,,1.0,1.0,0.0,1.0,0.0,r38_c16,3.0,1.0,False,,,,,,,
Personal | r40_c16 | Wednesday,Personal,r40_c16,Wednesday,3,1,True,13:30-14:00,0.3333333333333333,3,0.6666666666666667,44.99999999999999,30.0,0.25,False,False,,,,,,,,1.0,1.0,0.0,1.0,0.0,r38_c16,3.0,1.0,False,,,,,,,
Personal | r42_c16 | Thursday,Personal,r42_c16,Thursday,11,1,True,11:30-12:00,0.18181818181818182,7,0.8181818181818181,73.33333333333336,60.000000000000014,0.4772727272727273,False,False,,,,,,,,1.0,1.0,0.0,1.0,0.0,r43_c16,11.0,1.0,False,,,,,,,
Personal | r43_c16 | Thursday,Personal,r43_c16,Thursday,1,1,True,09:30-10:00,1.0,1,0.0,,0.0,0.0,False,False,,,,,,,,1.0,1.0,0.0,1.0,0.0,r42_c16,1.0,1.0,False,,,,,,,
Personal | r43_c19 | Friday,Personal,r43_c19,Friday,6,2,True,08:30-09:00,0.5,3,0.5,40.0,20.0,0.16666666666666666,False,False,,,,,,,,2.0,0.5555555555555556,1.0,1.7999999999999998,0.4444444444444444,r34_c23,4.0,0.6666666666666666,False,,,,,,,
Personal | r43_c19 | Monday,Personal,r43_c19,Monday,13,4,True,09:30-10:00,0.23076923076923078,7,0.7692307692307692,156.0,120.0,0.5769230769230769,True,True,0.7692307692307692,156.0,120.0,0.5769230769230769,0.7692307692307692,156.0,0.5769230769230769,4.0,0.3727810650887574,3.0,2.6825396825396823,0.6272189349112426,r35_c16,6.0,0.46153846153846156,True,3.0,2.6825396825396823,0.6272189349112426,r35_c16,6.0,0.46153846153846156,0.6272189349112426
Personal | r43_c19 | Thursday,Personal,r43_c19,Thursday,5,2,True,09:00-09:30,1.0,1,0.0,,0.0,0.0,False,False,,,,,,,,3.0,0.44000000000000006,2.0,2.2727272727272725,0.5599999999999999,r34_c23,3.0,0.6,False,,,,,,,
Personal | r43_c19 | Tuesday,Personal,r43_c19,Tuesday,4,1,True,09:00-09:30,0.5,3,0.5,30.0,15.0,0.125,False,False,,,,,,,,1.0,1.0,0.0,1.0,0.0,r34_c23,4.0,1.0,False,,,,,,,
Personal | r43_c19 | Wednesday,Personal,r43_c19,Wednesday,4,1,True,08:30-09:00,0.75,2,0.25,60.0,15.0,0.125,False,False,,,,,,,,1.0,1.0,0.0,1.0,0.0,r36_c16,4.0,1.0,False,,,,,,,
Personal | r9_c19 | Friday,Personal,r9_c19,Friday,5,2,True,11:00-11:30,0.4,4,0.6,80.0,48.0,0.30000000000000004,False,False,,,,,,,,2.0,0.6800000000000002,1.0,1.4705882352941173,0.31999999999999984,r10_c14,4.0,0.8,False,,,,,,,
Recreation | r10_c15 | Thursday,Recreation,r10_c15,Thursday,1,1,True,08:00-08:30,1.0,1,0.0,,0.0,0.0,False,False,,,,,,,,1.0,1.0,0.0,1.0,0.0,r20_c17,1.0,1.0,False,,,,,,,
Recreation | r10_c20 | Monday,Recreation,r10_c20,Monday,1,1,True,10:00-10:30,1.0,1,0.0,,0.0,0.0,False,False,,,,,,,,1.0,1.0,0.0,1.0,0.0,r23_c17,1.0,1.0,False,,,,,,,
Recreation | r10_c20 | Wednesday,Recreation,r10_c20,Wednesday,1,1,True,10:00-10:30,1.0,1,0.0,,0.0,0.0,False,False,,,,,,,,1.0,1.0,0.0,1.0,0.0,r23_c17,1.0,1.0,False,,,,,,,
Recreation | r13_c16 | Monday,Recreation,r13_c16,Monday,1,1,True,09:00-09:30,1.0,1,0.0,,0.0,0.0,False,False,,,,,,,,1.0,1.0,0.0,1.0,0.0,r20_c17,1.0,1.0,False,,,,,,,
Recreation | r13_c16 | Thursday,Recreation,r13_c16,Thursday,2,2,True,11:00-11:30,0.5,2,0.5,120.0,60.0,0.5,False,False,,,,,,,,1.0,1.0,0.0,1.0,0.0,r20_c17,2.0,1.0,False,,,,,,,
Recreation | r13_c16 | Tuesday,Recreation,r13_c16,Tuesday,6,6,True,09:00-09:30,0.8333333333333334,2,0.16666666666666663,30.000000000000007,5.0,0.041666666666666664,False,False,,,,,,,,1.0,1.0,0.0,1.0,0.0,r20_c17,6.0,1.0,False,,,,,,,
Recreation | r13_c16 | Wednesday,Recreation,r13_c16,Wednesday,11,6,True,10:00-10:30,0.6363636363636364,4,0.36363636363636365,67.5,24.545454545454547,0.20454545454545456,True,True,0.36363636363636365,67.5,24.545454545454547,0.20454545454545456,0.36363636363636365,67.5,0.20454545454545456,1.0,1.0,0.0,1.0,0.0,r20_c17,11.0,1.0,True,0.0,1.0,0.0,r20_c17,11.0,1.0,0.0
Recreation | r14_c24 | Friday,Recreation,r14_c24,Friday,7,3,True,10:30-11:00,0.2857142857142857,6,0.7142857142857143,59.99999999999999,42.857142857142854,0.3571428571428571,False,False,,,,,,,,1.0,1.0,0.0,1.0,0.0,r20_c17,7.0,1.0,False,,,,,,,
Recreation | r14_c24 | Wednesday,Recreation,r14_c24,Wednesday,5,1,True,07:30-08:00,0.8,2,0.19999999999999996,30.000000000000007,6.0,0.05,False,False,,,,,,,,1.0,1.0,0.0,1.0,0.0,r17_c15,5.0,1.0,False,,,,,,,
Recreation | r15_c16 | Monday,Recreation,r15_c16,Monday,1,1,True,13:30-14:00,1.0,1,0.0,,0.0,0.0,False,False,,,,,,,,1.0,1.0,0.0,1.0,0.0,r13_c16,1.0,1.0,False,,,,,,,
Recreation | r15_c16 | Thursday,Recreation,r15_c16,Thursday,1,1,True,13:30-14:00,1.0,1,0.0,,0.0,0.0,False,False,,,,,,,,1.0,1.0,0.0,1.0,0.0,r20_c17,1.0,1.0,False,,,,,,,
Recreation | r15_c16 | Wednesday,Recreation,r15_c16,Wednesday,1,1,True,12:30-13:00,1.0,1,0.0,,0.0,0.0,False,False,,,,,,,,1.0,1.0,0.0,1.0,0.0,r20_c17,1.0,1.0,False,,,,,,,
Recreation | r16_c16 | Wednesday,Recreation,r16_c16,Wednesday,1,1,True,07:30-08:00,1.0,1,0.0,,0.0,0.0,False,False,,,,,,,,1.0,1.0,0.0,1.0,0.0,r17_c15,1.0,1.0,False,,,,,,,
Recreation | r17_c15 | Wednesday,Recreation,r17_c15,Wednesday,15,1,True,13:30-14:00,0.8666666666666667,2,0.1333333333333333,30.000000000000007,4.0,0.03333333333333333,False,False,,,,,,,,3.0,0.44000000000000006,2.0,2.2727272727272725,0.5599999999999999,r21_c31,9.0,0.6,False,,,,,,,
Recreation | r17_c6 | Friday,Recreation,r17_c6,Friday,3,1,True,12:00-12:30,1.0,1,0.0,,0.0,0.0,False,False,,,,,,,,1.0,1.0,0.0,1.0,0.0,r31_c13,3.0,1.0,False,,,,,,,
Recreation | r17_c9 | Friday,Recreation,r17_c9,Friday,1,1,True,07:00-07:30,1.0,1,0.0,,0.0,0.0,False,False,,,,,,,,1.0,1.0,0.0,1.0,0.0,r25_c19,1.0,1.0,False,,,,,,,
Recreation | r20_c17 | Friday,Recreation,r20_c17,Friday,2,2,True,13:30-14:00,0.5,2,0.5,90.0,45.0,0.375,False,False,,,,,,,,1.0,1.0,0.0,1.0,0.0,r14_c24,2.0,1.0,False,,,,,,,
Recreation | r20_c17 | Monday,Recreation,r20_c17,Monday,6,1,True,12:00-12:30,0.5,3,0.5,30.0,15.0,0.125,False,False,,,,,,,,2.0,0.5555555555555556,1.0,1.7999999999999998,0.4444444444444444,r15_c16,4.0,0.6666666666666666,False,,,,,,,
Recreation | r20_c17 | Thursday,Recreation,r20_c17,Thursday,5,2,True,15:30-16:00,0.6,3,0.4,180.0,72.0,0.35,False,False,,,,,,,,2.0,0.6800000000000002,1.0,1.4705882352941173,0.31999999999999984,r13_c16,4.0,0.8,False,,,,,,,
Recreation | r20_c17 | Tuesday,Recreation,r20_c17,Tuesday,7,6,True,12:30-13:00,0.8571428571428571,2,0.1428571428571429,29.99999999999999,4.285714285714286,0.03571428571428571,False,False,,,,,,,,1.0,1.0,0.0,1.0,0.0,r13_c16,7.0,1.0,False,,,,,,,
Recreation | r20_c17 | Wednesday,Recreation,r20_c17,Wednesday,8,4,True,12:30-13:00,0.5,5,0.5,82.5,41.25,0.3125,False,False,,,,,,,,2.0,0.78125,1.0,1.28,0.21875,r13_c16,7.0,0.875,False,,,,,,,
Recreation | r21_c31 | Wednesday,Recreation,r21_c31,Wednesday,10,1,True,07:00-07:30,0.7,2,0.30000000000000004,59.99999999999999,18.0,0.15,False,False,,,,,,,,1.0,1.0,0.0,1.0,0.0,r17_c15,10.0,1.0,False,,,,,,,
Recreation | r22_c17 | Friday,Recreation,r22_c17,Friday,2,1,True,08:00-08:30,0.5,2,0.5,150.0,75.0,0.5,False,False,,,,,,,,1.0,1.0,0.0,1.0,0.0,r29_c16,2.0,1.0,False,,,,,,,
Recreation | r22_c20 | Friday,Recreation,r22_c20,Friday,8,2,True,10:00-10:30,0.875,2,0.125,30.0,3.75,0.03125,False,False,,,,,,,,1.0,1.0,0.0,1.0,0.0,r28_c16,8.0,1.0,False,,,,,,,
Recreation | r24_c11 | Friday,Recreation,r24_c11,Friday,20,12,True,15:00-15:30,0.7,3,0.30000000000000004,29.999999999999996,9.0,0.07500000000000001,True,True,0.30000000000000004,29.999999999999996,9.0,0.07500000000000001,0.30000000000000004,29.999999999999996,0.07500000000000001,1.0,1.0,0.0,1.0,0.0,r29_c10,20.0,1.0,True,0.0,1.0,0.0,r29_c10,20.0,1.0,0.0
Recreation | r24_c11 | Monday,Recreation,r24_c11,Monday,1,1,True,15:30-16:00,1.0,1,0.0,,0.0,0.0,False,False,,,,,,,,1.0,1.0,0.0,1.0,0.0,r29_c10,1.0,1.0,False,,,,,,,
Recreation | r24_c11 | Thursday,Recreation,r24_c11,Thursday,22,11,True,15:00-15:30,0.6363636363636364,5,0.36363636363636365,45.0,16.363636363636363,0.13636363636363635,True,True,0.36363636363636365,45.0,16.363636363636363,0.13636363636363635,0.36363636363636365,45.0,0.13636363636363635,1.0,1.0,0.0,1.0,0.0,r29_c10,22.0,1.0,True,0.0,1.0,0.0,r29_c10,22.0,1.0,0.0
Recreation | r24_c11 | Tuesday,Recreation,r24_c11,Tuesday,2,2,True,15:00-15:30,0.5,2,0.5,30.0,15.0,0.125,False,False,,,,,,,,1.0,1.0,0.0,1.0,0.0,r29_c10,2.0,1.0,False,,,,,,,
Recreation | r24_c11 | Wednesday,Recreation,r24_c11,Wednesday,7,2,True,15:30-16:00,0.5714285714285714,2,0.4285714285714286,29.999999999999996,12.857142857142856,0.10714285714285714,False,False,,,,,,,,3.0,0.5510204081632654,2.0,1.8148148148148147,0.44897959183673464,r29_c10,5.0,0.7142857142857143,False,,,,,,,
Recreation | r24_c13 | Thursday,Recreation,r24_c13,Thursday,1,1,True,14:00-14:30,1.0,1,0.0,,0.0,0.0,False,False,,,,,,,,1.0,1.0,0.0,1.0,0.0,r32_c21,1.0,1.0,False,,,,,,,
Recreation | r24_c17 | Friday,Recreation,r24_c17,Friday,4,2,True,09:00-09:30,0.5,3,0.5,75.0,37.5,0.3125,False,False,,,,,,,,1.0,1.0,0.0,1.0,0.0,r26_c10,4.0,1.0,False,,,,,,,
Recreation | r24_c17 | Thursday,Recreation,r24_c17,Thursday,1,1,True,08:00-08:30,1.0,1,0.0,,0.0,0.0,False,False,,,,,,,,1.0,1.0,0.0,1.0,0.0,r26_c10,1.0,1.0,False,,,,,,,
Recreation | r24_c17 | Tuesday,Recreation,r24_c17,Tuesday,1,1,True,13:30-14:00,1.0,1,0.0,,0.0,0.0,False,False,,,,,,,,1.0,1.0,0.0,1.0,0.0,r27_c11,1.0,1.0,False,,,,,,,
Recreation | r24_c17 | Wednesday,Recreation,r24_c17,Wednesday,1,1,True,08:00-08:30,1.0,1,0.0,,0.0,0.0,False,False,,,,,,,,1.0,1.0,0.0,1.0,0.0,r26_c10,1.0,1.0,False,,,,,,,
Recreation | r25_c11 | Tuesday,Recreation,r25_c11,Tuesday,1,1,True,10:00-10:30,1.0,1,0.0,,0.0,0.0,False,False,,,,,,,,1.0,1.0,0.0,1.0,0.0,r26_c11,1.0,1.0,False,,,,,,,
Recreation | r25_c19 | Friday,Recreation,r25_c19,Friday,29,14,True,11:00-11:30,0.4482758620689655,4,0.5517241379310345,35.625,19.655172413793103,0.16379310344827586,True,True,0.5517241379310345,35.625,19.655172413793103,0.16379310344827586,0.5517241379310345,35.625,0.16379310344827586,1.0,1.0,0.0,1.0,0.0,r17_c9,29.0,1.0,True,0.0,1.0,0.0,r17_c9,29.0,1.0,0.0
Recreation | r25_c19 | Monday,Recreation,r25_c19,Monday,17,11,True,10:30-11:00,0.5882352941176471,3,0.4117647058823529,34.28571428571429,14.11764705882353,0.11764705882352941,True,True,0.4117647058823529,34.28571428571429,14.11764705882353,0.11764705882352941,0.4117647058823529,34.28571428571429,0.11764705882352941,1.0,1.0,0.0,1.0,0.0,r17_c9,17.0,1.0,True,0.0,1.0,0.0,r17_c9,17.0,1.0,0.0
Recreation | r25_c19 | Wednesday,Recreation,r25_c19,Wednesday,33,13,True,11:00-11:30,0.5454545454545454,6,0.4545454545454546,48.0,21.81818181818182,0.17424242424242425,True,True,0.4545454545454546,48.0,21.81818181818182,0.17424242424242425,0.4545454545454546,48.0,0.17424242424242425,1.0,1.0,0.0,1.0,0.0,r17_c9,33.0,1.0,True,0.0,1.0,0.0,r17_c9,33.0,1.0,0.0
Recreation | r26_c10 | Friday,Recreation,r26_c10,Friday,17,14,True,12:00-12:30,0.8823529411764706,3,0.11764705882352944,74.99999999999999,8.823529411764707,0.07352941176470587,True,True,0.11764705882352944,74.99999999999999,8.823529411764707,0.07352941176470587,0.11764705882352944,74.99999999999999,0.07352941176470587,1.0,1.0,0.0,1.0,0.0,r28_c12,17.0,1.0,True,0.0,1.0,0.0,r28_c12,17.0,1.0,0.0
Recreation | r26_c10 | Wednesday,Recreation,r26_c10,Wednesday,2,1,True,15:00-15:30,1.0,1,0.0,,0.0,0.0,False,False,,,,,,,,1.0,1.0,0.0,1.0,0.0,r28_c13,2.0,1.0,False,,,,,,,
Recreation | r26_c11 | Tuesday,Recreation,r26_c11,Tuesday,1,1,True,11:30-12:00,1.0,1,0.0,,0.0,0.0,False,False,,,,,,,,1.0,1.0,0.0,1.0,0.0,r25_c11,1.0,1.0,False,,,,,,,
Recreation | r26_c16 | Monday,Recreation,r26_c16,Monday,2,1,True,11:00-11:30,1.0,1,0.0,,0.0,0.0,False,False,,,,,,,,1.0,1.0,0.0,1.0,0.0,r28_c16,2.0,1.0,False,,,,,,,
Recreation | r26_c16 | Thursday,Recreation,r26_c16,Thursday,1,1,True,11:30-12:00,1.0,1,0.0,,0.0,0.0,False,False,,,,,,,,1.0,1.0,0.0,1.0,0.0,r28_c16,1.0,1.0,False,,,,,,,
Recreation | r26_c17 | Thursday,Recreation,r26_c17,Thursday,4,1,True,12:30-13:00,0.5,3,0.5,60.0,30.0,0.25,False,False,,,,,,,,1.0,1.0,0.0,1.0,0.0,r32_c18,4.0,1.0,False,,,,,,,
Recreation | r27_c11 | Friday,Recreation,r27_c11,Friday,3,1,True,09:00-09:30,0.6666666666666666,2,0.33333333333333337,29.999999999999996,10.0,0.08333333333333333,False,False,,,,,,,,1.0,1.0,0.0,1.0,0.0,r28_c16,3.0,1.0,False,,,,,,,
Recreation | r27_c11 | Tuesday,Recreation,r27_c11,Tuesday,3,1,True,09:30-10:00,0.3333333333333333,3,0.6666666666666667,149.99999999999997,100.0,0.41666666666666663,False,False,,,,,,,,2.0,0.5555555555555556,1.0,1.7999999999999998,0.4444444444444444,r24_c17,2.0,0.6666666666666666,False,,,,,,,
Recreation | r27_c11 | Wednesday,Recreation,r27_c11,Wednesday,6,1,True,13:30-14:00,0.6666666666666666,2,0.33333333333333337,329.99999999999994,110.0,0.3333333333333333,False,False,,,,,,,,2.0,0.5555555555555556,1.0,1.7999999999999998,0.4444444444444444,r28_c11,4.0,0.6666666666666666,False,,,,,,,
Recreation | r27_c12 | Friday,Recreation,r27_c12,Friday,11,3,True,09:00-09:30,0.36363636363636365,4,0.6363636363636364,85.71428571428572,54.54545454545455,0.2954545454545454,True,True,0.6363636363636364,85.71428571428572,54.54545454545455,0.2954545454545454,0.6363636363636364,85.71428571428572,0.2954545454545454,3.0,0.42148760330578505,2.0,2.3725490196078436,0.578512396694215,r28_c16,5.0,0.45454545454545453,True,2.0,2.3725490196078436,0.578512396694215,r28_c16,5.0,0.45454545454545453,0.578512396694215
Recreation | r27_c12 | Thursday,Recreation,r27_c12,Thursday,7,1,True,09:00-09:30,0.8571428571428571,2,0.1428571428571429,59.99999999999998,8.571428571428571,0.07142857142857142,False,False,,,,,,,,3.0,0.5510204081632654,2.0,1.8148148148148147,0.44897959183673464,r29_c15,5.0,0.7142857142857143,False,,,,,,,
Recreation | r27_c12 | Wednesday,Recreation,r27_c12,Wednesday,5,2,True,08:00-08:30,0.6,2,0.4,300.0,120.0,0.4,False,False,,,,,,,,2.0,0.52,1.0,1.923076923076923,0.48,r29_c16,3.0,0.6,False,,,,,,,
Recreation | r27_c13 | Wednesday,Recreation,r27_c13,Wednesday,2,1,True,13:00-13:30,1.0,1,0.0,,0.0,0.0,False,False,,,,,,,,1.0,1.0,0.0,1.0,0.0,r28_c16,2.0,1.0,False,,,,,,,
Recreation | r27_c17 | Friday,Recreation,r27_c17,Friday,11,5,True,09:00-09:30,0.18181818181818182,8,0.8181818181818181,180.00000000000003,147.27272727272728,0.6363636363636365,True,True,0.8181818181818181,180.00000000000003,147.27272727272728,0.6363636363636365,0.8181818181818181,180.00000000000003,0.6363636363636365,2.0,0.8347107438016528,1.0,1.1980198019801982,0.16528925619834722,r27_c17,10.0,0.9090909090909091,True,1.0,1.1980198019801982,0.16528925619834722,r27_c17,10.0,0.9090909090909091,0.16528925619834722
Recreation | r27_c17 | Monday,Recreation,r27_c17,Monday,7,3,True,09:30-10:00,0.2857142857142857,5,0.7142857142857143,155.99999999999997,111.42857142857142,0.49999999999999994,False,False,,,,,,,,1.0,1.0,0.0,1.0,0.0,r27_c17,7.0,1.0,False,,,,,,,
Recreation | r27_c17 | Thursday,Recreation,r27_c17,Thursday,42,31,True,14:00-14:30,0.8571428571428571,3,0.1428571428571429,29.99999999999999,4.285714285714286,0.03571428571428571,True,True,0.1428571428571429,29.99999999999999,4.285714285714286,0.03571428571428571,0.1428571428571429,29.99999999999999,0.03571428571428571,4.0,0.7823129251700679,3.0,1.2782608695652176,0.2176870748299321,r34_c16,37.0,0.8809523809523809,True,3.0,1.2782608695652176,0.2176870748299321,r34_c16,37.0,0.8809523809523809,0.2176870748299321
Recreation | r27_c17 | Tuesday,Recreation,r27_c17,Tuesday,38,33,True,14:00-14:30,0.9736842105263158,2,0.02631578947368418,30.000000000000036,0.7894736842105263,0.006578947368421053,True,True,0.02631578947368418,30.000000000000036,0.7894736842105263,0.006578947368421053,0.02631578947368418,30.000000000000036,0.006578947368421053,2.0,0.9487534626038783,1.0,1.054014598540146,0.05124653739612173,r34_c16,37.0,0.9736842105263158,True,1.0,1.054014598540146,0.05124653739612173,r34_c16,37.0,0.9736842105263158,0.05124653739612173
Recreation | r27_c17 | Wednesday,Recreation,r27_c17,Wednesday,8,4,True,09:30-10:00,0.375,5,0.625,168.0,105.0,0.53125,False,False,,,,,,,,1.0,1.0,0.0,1.0,0.0,r27_c17,8.0,1.0,False,,,,,,,
Recreation | r28_c11 | Tuesday,Recreation,r28_c11,Tuesday,1,1,True,08:00-08:30,1.0,1,0.0,,0.0,0.0,False,False,,,,,,,,1.0,1.0,0.0,1.0,0.0,r27_c11,1.0,1.0,False,,,,,,,
Recreation | r28_c11 | Wednesday,Recreation,r28_c11,Wednesday,6,1,True,07:30-08:00,0.8333333333333334,2,0.16666666666666663,30.000000000000007,5.0,0.041666666666666664,False,False,,,,,,,,1.0,1.0,0.0,1.0,0.0,r27_c11,6.0,1.0,False,,,,,,,
Recreation | r28_c12 | Friday,Recreation,r28_c12,Friday,17,14,True,13:30-14:00,0.9411764705882353,2,0.05882352941176472,29.999999999999993,1.7647058823529411,0.014705882352941176,True,True,0.05882352941176472,29.999999999999993,1.7647058823529411,0.014705882352941176,0.05882352941176472,29.999999999999993,0.014705882352941176,1.0,1.0,0.0,1.0,0.0,r26_c10,17.0,1.0,True,0.0,1.0,0.0,r26_c10,17.0,1.0,0.0
Recreation | r28_c15 | Tuesday,Recreation,r28_c15,Tuesday,9,2,True,14:00-14:30,0.6666666666666666,2,0.33333333333333337,89.99999999999999,30.0,0.25,False,False,,,,,,,,1.0,1.0,0.0,1.0,0.0,r28_c16,9.0,1.0,False,,,,,,,
Recreation | r28_c15 | Wednesday,Recreation,r28_c15,Wednesday,3,1,True,13:30-14:00,1.0,1,0.0,,0.0,0.0,False,False,,,,,,,,1.0,1.0,0.0,1.0,0.0,r28_c16,3.0,1.0,False,,,,,,,
Recreation | r28_c16 | Friday,Recreation,r28_c16,Friday,21,4,True,13:00-13:30,0.3333333333333333,8,0.6666666666666667,111.4285714285714,74.28571428571428,0.3571428571428571,True,True,0.6666666666666667,111.4285714285714,74.28571428571428,0.3571428571428571,0.6666666666666667,111.4285714285714,0.3571428571428571,8.0,0.17913832199546484,7.0,5.582278481012659,0.8208616780045351,r28_c16,6.0,0.2857142857142857,True,7.0,5.582278481012659,0.8208616780045351,r28_c16,6.0,0.2857142857142857,0.8208616780045351
Recreation | r28_c16 | Monday,Recreation,r28_c16,Monday,6,1,True,08:30-09:00,0.5,3,0.5,120.0,60.0,0.25,False,False,,,,,,,,2.0,0.5,1.0,2.0,0.5,r26_c16,3.0,0.5,False,,,,,,,
Recreation | r28_c16 | Thursday,Recreation,r28_c16,Thursday,7,2,True,09:30-10:00,0.2857142857142857,6,0.7142857142857143,107.99999999999999,77.14285714285714,0.49999999999999994,False,False,,,,,,,,3.0,0.42857142857142855,2.0,2.3333333333333335,0.5714285714285714,r29_c15,4.0,0.5714285714285714,False,,,,,,,
Recreation | r28_c16 | Tuesday,Recreation,r28_c16,Tuesday,13,3,True,09:30-10:00,0.5384615384615384,2,0.46153846153846156,30.0,13.846153846153847,0.11538461538461539,True,True,0.46153846153846156,30.0,13.846153846153847,0.11538461538461539,0.46153846153846156,30.0,0.11538461538461539,2.0,0.7396449704142012,1.0,1.352,0.2603550295857988,r28_c15,11.0,0.8461538461538461,True,1.0,1.352,0.2603550295857988,r28_c15,11.0,0.8461538461538461,0.2603550295857988
Recreation | r28_c16 | Wednesday,Recreation,r28_c16,Wednesday,26,2,True,16:00-16:30,0.5384615384615384,7,0.46153846153846156,147.5,68.07692307692308,0.36538461538461536,False,False,,,,,,,,5.0,0.22781065088757402,4.0,4.389610389610389,0.772189349112426,r29_c17,8.0,0.3076923076923077,False,,,,,,,
Recreation | r29_c10 | Friday,Recreation,r29_c10,Friday,13,12,True,10:00-10:30,0.6923076923076923,3,0.3076923076923077,30.0,9.230769230769232,0.07692307692307693,True,True,0.3076923076923077,30.0,9.230769230769232,0.07692307692307693,0.3076923076923077,30.0,0.07692307692307693,1.0,1.0,0.0,1.0,0.0,r24_c11,13.0,1.0,True,0.0,1.0,0.0,r24_c11,13.0,1.0,0.0
Recreation | r29_c10 | Monday,Recreation,r29_c10,Monday,1,1,True,09:30-10:00,1.0,1,0.0,,0.0,0.0,False,False,,,,,,,,1.0,1.0,0.0,1.0,0.0,r24_c11,1.0,1.0,False,,,,,,,
Recreation | r29_c10 | Thursday,Recreation,r29_c10,Thursday,13,11,True,10:00-10:30,0.7692307692307693,3,0.23076923076923073,30.000000000000007,6.923076923076923,0.057692307692307696,True,True,0.23076923076923073,30.000000000000007,6.923076923076923,0.057692307692307696,0.23076923076923073,30.000000000000007,0.057692307692307696,1.0,1.0,0.0,1.0,0.0,r24_c11,13.0,1.0,True,0.0,1.0,0.0,r24_c11,13.0,1.0,0.0
Recreation | r29_c10 | Tuesday,Recreation,r29_c10,Tuesday,2,2,True,09:30-10:00,0.5,2,0.5,30.0,15.0,0.125,False,False,,,,,,,,1.0,1.0,0.0,1.0,0.0,r24_c11,2.0,1.0,False,,,,,,,
Recreation | r29_c10 | Wednesday,Recreation,r29_c10,Wednesday,2,2,True,09:30-10:00,0.5,2,0.5,30.0,15.0,0.125,False,False,,,,,,,,1.0,1.0,0.0,1.0,0.0,r24_c11,2.0,1.0,False,,,,,,,
Recreation | r29_c15 | Thursday,Recreation,r29_c15,Thursday,44,6,True,12:30-13:00,0.75,5,0.25,92.72727272727273,23.181818181818183,0.19318181818181818,True,True,0.25,92.72727272727273,23.181818181818183,0.19318181818181818,0.25,92.72727272727273,0.19318181818181818,14.0,0.09814049586776857,13.0,10.189473684210528,0.9018595041322315,r33_c16,7.0,0.1590909090909091,True,13.0,10.189473684210528,0.9018595041322315,r33_c16,7.0,0.1590909090909091,0.9018595041322315
Recreation | r29_c15 | Tuesday,Recreation,r29_c15,Tuesday,5,4,True,14:00-14:30,0.8,2,0.19999999999999996,60.000000000000014,12.0,0.1,False,False,,,,,,,,1.0,1.0,0.0,1.0,0.0,r33_c16,5.0,1.0,False,,,,,,,
Recreation | r29_c16 | Friday,Recreation,r29_c16,Friday,33,3,True,12:30-13:00,0.48484848484848486,5,0.5151515151515151,105.88235294117648,54.54545454545455,0.3106060606060606,True,True,0.5151515151515151,105.88235294117648,54.54545454545455,0.3106060606060606,0.5151515151515151,105.88235294117648,0.3106060606060606,6.0,0.25987144168962356,5.0,3.848056537102473,0.7401285583103765,r31_c13,14.0,0.42424242424242425,True,5.0,3.848056537102473,0.7401285583103765,r31_c13,14.0,0.42424242424242425,0.7401285583103765
Recreation | r29_c16 | Monday,Recreation,r29_c16,Monday,1,1,True,14:00-14:30,1.0,1,0.0,,0.0,0.0,False,False,,,,,,,,1.0,1.0,0.0,1.0,0.0,r31_c15,1.0,1.0,False,,,,,,,
Recreation | r29_c16 | Thursday,Recreation,r29_c16,Thursday,1,1,True,12:30-13:00,1.0,1,0.0,,0.0,0.0,False,False,,,,,,,,1.0,1.0,0.0,1.0,0.0,r27_c12,1.0,1.0,False,,,,,,,
Recreation | r29_c16 | Tuesday,Recreation,r29_c16,Tuesday,4,1,True,12:30-13:00,0.5,3,0.5,30.0,15.0,0.125,False,False,,,,,,,,3.0,0.375,2.0,2.6666666666666665,0.625,r31_c13,2.0,0.5,False,,,,,,,
Recreation | r29_c16 | Wednesday,Recreation,r29_c16,Wednesday,28,1,True,13:00-13:30,1.0,1,0.0,,0.0,0.0,False,False,,,,,,,,15.0,0.08673469387755102,14.0,11.529411764705882,0.9132653061224489,r31_c15,4.0,0.14285714285714285,False,,,,,,,
Recreation | r29_c17 | Tuesday,Recreation,r29_c17,Tuesday,4,1,True,14:00-14:30,0.75,2,0.25,180.0,45.0,0.25,False,False,,,,,,,,1.0,1.0,0.0,1.0,0.0,r31_c15,4.0,1.0,False,,,,,,,
Recreation | r29_c17 | Wednesday,Recreation,r29_c17,Wednesday,6,1,True,13:30-14:00,0.8333333333333334,2,0.16666666666666663,30.000000000000007,5.0,0.041666666666666664,False,False,,,,,,,,1.0,1.0,0.0,1.0,0.0,r28_c16,6.0,1.0,False,,,,,,,
Recreation | r30_c10 | Friday,Recreation,r30_c10,Friday,8,3,True,09:30-10:00,0.5,3,0.5,45.0,22.5,0.1875,False,False,,,,,,,,3.0,0.375,2.0,2.6666666666666665,0.625,r32_c22,4.0,0.5,False,,,,,,,
Recreation | r30_c10 | Monday,Recreation,r30_c10,Monday,7,1,True,09:00-09:30,1.0,1,0.0,,0.0,0.0,False,False,,,,,,,,1.0,1.0,0.0,1.0,0.0,r35_c21,7.0,1.0,False,,,,,,,
Recreation | r30_c10 | Thursday,Recreation,r30_c10,Thursday,5,1,True,09:00-09:30,1.0,1,0.0,,0.0,0.0,False,False,,,,,,,,1.0,1.0,0.0,1.0,0.0,r29_c15,5.0,1.0,False,,,,,,,
Recreation | r30_c10 | Wednesday,Recreation,r30_c10,Wednesday,3,1,True,08:00-08:30,1.0,1,0.0,,0.0,0.0,False,False,,,,,,,,1.0,1.0,0.0,1.0,0.0,r29_c16,3.0,1.0,False,,,,,,,
Recreation | r30_c15 | Friday,Recreation,r30_c15,Friday,26,2,True,12:30-13:00,1.0,1,0.0,,0.0,0.0,False,False,,,,,,,,1.0,1.0,0.0,1.0,0.0,r31_c13,26.0,1.0,False,,,,,,,
Recreation | r30_c15 | Thursday,Recreation,r30_c15,Thursday,6,1,True,12:30-13:00,1.0,1,0.0,,0.0,0.0,False,False,,,,,,,,1.0,1.0,0.0,1.0,0.0,r31_c13,6.0,1.0,False,,,,,,,
Recreation | r30_c19 | Friday,Recreation,r30_c19,Friday,1,1,True,08:30-09:00,1.0,1,0.0,,0.0,0.0,False,False,,,,,,,,1.0,1.0,0.0,1.0,0.0,r32_c20,1.0,1.0,False,,,,,,,
Recreation | r30_c20 | Thursday,Recreation,r30_c20,Thursday,2,1,True,13:30-14:00,1.0,1,0.0,,0.0,0.0,False,False,,,,,,,,2.0,0.5,1.0,2.0,0.5,r28_c17,1.0,0.5,False,,,,,,,
Recreation | r30_c21 | Wednesday,Recreation,r30_c21,Wednesday,3,1,True,08:00-08:30,1.0,1,0.0,,0.0,0.0,False,False,,,,,,,,1.0,1.0,0.0,1.0,0.0,r29_c16,3.0,1.0,False,,,,,,,
Recreation | r31_c13 | Friday,Recreation,r31_c13,Friday,39,5,True,08:30-09:00,0.3333333333333333,7,0.6666666666666667,65.76923076923077,43.846153846153854,0.36538461538461536,True,True,0.6666666666666667,65.76923076923077,43.846153846153854,0.36538461538461536,0.6666666666666667,65.76923076923077,0.36538461538461536,3.0,0.43326758711374097,2.0,2.3080424886191198,0.566732412886259,r30_c15,19.0,0.48717948717948717,True,2.0,2.3080424886191198,0.566732412886259,r30_c15,19.0,0.48717948717948717,0.566732412886259
Recreation | r31_c13 | Thursday,Recreation,r31_c13,Thursday,11,2,True,10:00-10:30,0.5454545454545454,2,0.4545454545454546,59.99999999999999,27.272727272727273,0.22727272727272727,False,False,,,,,,,,2.0,0.5041322314049586,1.0,1.9836065573770496,0.49586776859504145,r30_c15,6.0,0.5454545454545454,False,,,,,,,
Recreation | r31_c13 | Tuesday,Recreation,r31_c13,Tuesday,7,1,True,08:00-08:30,0.8571428571428571,2,0.1428571428571429,59.99999999999998,8.571428571428571,0.07142857142857142,False,False,,,,,,,,1.0,1.0,0.0,1.0,0.0,r29_c16,7.0,1.0,False,,,,,,,
Recreation | r31_c13 | Wednesday,Recreation,r31_c13,Wednesday,2,1,True,08:00-08:30,1.0,1,0.0,,0.0,0.0,False,False,,,,,,,,1.0,1.0,0.0,1.0,0.0,r29_c16,2.0,1.0,False,,,,,,,
Recreation | r31_c15 | Friday,Recreation,r31_c15,Friday,4,1,True,08:00-08:30,0.75,2,0.25,60.0,15.0,0.125,False,False,,,,,,,,1.0,1.0,0.0,1.0,0.0,r29_c16,4.0,1.0,False,,,,,,,
Recreation | r31_c15 | Monday,Recreation,r31_c15,Monday,1,1,True,09:00-09:30,1.0,1,0.0,,0.0,0.0,False,False,,,,,,,,1.0,1.0,0.0,1.0,0.0,r29_c16,1.0,1.0,False,,,,,,,
Recreation | r31_c15 | Thursday,Recreation,r31_c15,Thursday,3,1,True,09:00-09:30,1.0,1,0.0,,0.0,0.0,False,False,,,,,,,,1.0,1.0,0.0,1.0,0.0,r29_c15,3.0,1.0,False,,,,,,,
Recreation | r31_c15 | Tuesday,Recreation,r31_c15,Tuesday,2,1,True,10:00-10:30,1.0,1,0.0,,0.0,0.0,False,False,,,,,,,,1.0,1.0,0.0,1.0,0.0,r29_c17,2.0,1.0,False,,,,,,,
Recreation | r31_c15 | Wednesday,Recreation,r31_c15,Wednesday,5,1,True,08:00-08:30,1.0,1,0.0,,0.0,0.0,False,False,,,,,,,,1.0,1.0,0.0,1.0,0.0,r29_c16,5.0,1.0,False,,,,,,,
Recreation | r32_c11 | Thursday,Recreation,r32_c11,Thursday,1,1,True,09:00-09:30,1.0,1,0.0,,0.0,0.0,False,False,,,,,,,,1.0,1.0,0.0,1.0,0.0,r27_c17,1.0,1.0,False,,,,,,,
Recreation | r32_c11 | Tuesday,Recreation,r32_c11,Tuesday,1,1,True,09:00-09:30,1.0,1,0.0,,0.0,0.0,False,False,,,,,,,,1.0,1.0,0.0,1.0,0.0,r27_c17,1.0,1.0,False,,,,,,,
Recreation | r32_c16 | Friday,Recreation,r32_c16,Friday,1,1,True,09:00-09:30,1.0,1,0.0,,0.0,0.0,False,False,,,,,,,,1.0,1.0,0.0,1.0,0.0,r27_c17,1.0,1.0,False,,,,,,,
Recreation | r32_c17 | Wednesday,Recreation,r32_c17,Wednesday,1,1,True,08:00-08:30,1.0,1,0.0,,0.0,0.0,False,False,,,,,,,,1.0,1.0,0.0,1.0,0.0,r32_c18,1.0,1.0,False,,,,,,,
Recreation | r32_c18 | Friday,Recreation,r32_c18,Friday,1,1,True,09:00-09:30,1.0,1,0.0,,0.0,0.0,False,False,,,,,,,,1.0,1.0,0.0,1.0,0.0,r28_c16,1.0,1.0,False,,,,,,,
Recreation | r32_c18 | Thursday,Recreation,r32_c18,Thursday,6,2,True,09:00-09:30,0.8333333333333334,2,0.16666666666666663,30.000000000000007,5.0,0.041666666666666664,False,False,,,,,,,,2.0,0.5555555555555556,1.0,1.7999999999999998,0.4444444444444444,r29_c15,4.0,0.6666666666666666,False,,,,,,,
Recreation | r32_c18 | Wednesday,Recreation,r32_c18,Wednesday,6,1,True,08:00-08:30,0.6666666666666666,2,0.33333333333333337,329.99999999999994,110.0,0.3333333333333333,False,False,,,,,,,,3.0,0.5,2.0,2.0,0.5,r29_c16,4.0,0.6666666666666666,False,,,,,,,
Recreation | r32_c20 | Friday,Recreation,r32_c20,Friday,4,1,True,09:00-09:30,0.5,3,0.5,285.0,142.5,0.5,False,False,,,,,,,,2.0,0.5,1.0,2.0,0.5,r28_c16,2.0,0.5,False,,,,,,,
Recreation | r32_c20 | Thursday,Recreation,r32_c20,Thursday,4,1,True,09:00-09:30,1.0,1,0.0,,0.0,0.0,False,False,,,,,,,,1.0,1.0,0.0,1.0,0.0,r29_c15,4.0,1.0,False,,,,,,,
Recreation | r32_c20 | Wednesday,Recreation,r32_c20,Wednesday,2,1,True,08:00-08:30,1.0,1,0.0,,0.0,0.0,False,False,,,,,,,,1.0,1.0,0.0,1.0,0.0,r29_c16,2.0,1.0,False,,,,,,,
Recreation | r32_c21 | Thursday,Recreation,r32_c21,Thursday,2,1,True,09:00-09:30,1.0,1,0.0,,0.0,0.0,False,False,,,,,,,,1.0,1.0,0.0,1.0,0.0,r24_c13,2.0,1.0,False,,,,,,,
Recreation | r32_c22 | Friday,Recreation,r32_c22,Friday,4,1,True,12:30-13:00,1.0,1,0.0,,0.0,0.0,False,False,,,,,,,,1.0,1.0,0.0,1.0,0.0,r30_c10,4.0,1.0,False,,,,,,,
Recreation | r32_c22 | Wednesday,Recreation,r32_c22,Wednesday,1,1,True,15:00-15:30,1.0,1,0.0,,0.0,0.0,False,False,,,,,,,,1.0,1.0,0.0,1.0,0.0,r35_c20,1.0,1.0,False,,,,,,,
Recreation | r33_c16 | Thursday,Recreation,r33_c16,Thursday,10,6,True,09:00-09:30,0.6,4,0.4,45.0,18.0,0.15,True,True,0.4,45.0,18.0,0.15,0.4,45.0,0.15,1.0,1.0,0.0,1.0,0.0,r29_c15,10.0,1.0,True,0.0,1.0,0.0,r29_c15,10.0,1.0,0.0
Recreation | r33_c16 | Tuesday,Recreation,r33_c16,Tuesday,26,8,True,09:00-09:30,0.5384615384615384,5,0.46153846153846156,39.99999999999999,18.46153846153846,0.15384615384615385,True,True,0.46153846153846156,39.99999999999999,18.46153846153846,0.15384615384615385,0.46153846153846156,39.99999999999999,0.15384615384615385,1.0,1.0,0.0,1.0,0.0,r29_c15,26.0,1.0,True,0.0,1.0,0.0,r29_c15,26.0,1.0,0.0
Recreation | r33_c20 | Thursday,Recreation,r33_c20,Thursday,1,1,True,08:00-08:30,1.0,1,0.0,,0.0,0.0,False,False,,,,,,,,1.0,1.0,0.0,1.0,0.0,r29_c15,1.0,1.0,False,,,,,,,
Recreation | r33_c21 | Thursday,Recreation,r33_c21,Thursday,1,1,True,08:00-08:30,1.0,1,0.0,,0.0,0.0,False,False,,,,,,,,1.0,1.0,0.0,1.0,0.0,r29_c15,1.0,1.0,False,,,,,,,
Recreation | r33_c21 | Wednesday,Recreation,r33_c21,Wednesday,1,1,True,08:00-08:30,1.0,1,0.0,,0.0,0.0,False,False,,,,,,,,1.0,1.0,0.0,1.0,0.0,r29_c16,1.0,1.0,False,,,,,,,
Recreation | r34_c16 | Thursday,Recreation,r34_c16,Thursday,37,30,True,07:00-07:30,0.972972972972973,2,0.027027027027026973,30.00000000000006,0.8108108108108109,0.006756756756756757,True,True,0.027027027027026973,30.00000000000006,0.8108108108108109,0.006756756756756757,0.027027027027026973,30.00000000000006,0.006756756756756757,1.0,1.0,0.0,1.0,0.0,r27_c17,37.0,1.0,True,0.0,1.0,0.0,r27_c17,37.0,1.0,0.0
Recreation | r34_c16 | Tuesday,Recreation,r34_c16,Tuesday,44,32,True,07:00-07:30,0.9090909090909091,2,0.09090909090909094,29.999999999999993,2.7272727272727275,0.022727272727272728,True,True,0.09090909090909094,29.999999999999993,2.7272727272727275,0.022727272727272728,0.09090909090909094,29.999999999999993,0.022727272727272728,1.0,1.0,0.0,1.0,0.0,r27_c17,44.0,1.0,True,0.0,1.0,0.0,r27_c17,44.0,1.0,0.0
Recreation | r34_c18 | Thursday,Recreation,r34_c18,Thursday,1,1,True,09:30-10:00,1.0,1,0.0,,0.0,0.0,False,False,,,,,,,,1.0,1.0,0.0,1.0,0.0,r29_c18,1.0,1.0,False,,,,,,,
Recreation | r34_c19 | Thursday,Recreation,r34_c19,Thursday,3,2,True,09:00-09:30,1.0,1,0.0,,0.0,0.0,False,False,,,,,,,,1.0,1.0,0.0,1.0,0.0,r27_c17,3.0,1.0,False,,,,,,,
Recreation | r34_c20 | Friday,Recreation,r34_c20,Friday,1,1,True,08:00-08:30,1.0,1,0.0,,0.0,0.0,False,False,,,,,,,,1.0,1.0,0.0,1.0,0.0,r29_c16,1.0,1.0,False,,,,,,,
Recreation | r34_c20 | Thursday,Recreation,r34_c20,Thursday,1,1,True,07:30-08:00,1.0,1,0.0,,0.0,0.0,False,False,,,,,,,,1.0,1.0,0.0,1.0,0.0,r29_c15,1.0,1.0,False,,,,,,,
Recreation | r34_c20 | Wednesday,Recreation,r34_c20,Wednesday,1,1,True,07:30-08:00,1.0,1,0.0,,0.0,0.0,False,False,,,,,,,,1.0,1.0,0.0,1.0,0.0,r29_c16,1.0,1.0,False,,,,,,,
Recreation | r34_c21 | Thursday,Recreation,r34_c21,Thursday,3,1,True,08:00-08:30,1.0,1,0.0,,0.0,0.0,False,False,,,,,,,,1.0,1.0,0.0,1.0,0.0,r29_c15,3.0,1.0,False,,,,,,,
Recreation | r34_c22 | Thursday,Recreation,r34_c22,Thursday,2,1,True,07:30-08:00,0.5,2,0.5,30.0,15.0,0.125,False,False,,,,,,,,1.0,1.0,0.0,1.0,0.0,r29_c15,2.0,1.0,False,,,,,,,
Recreation | r35_c20 | Wednesday,Recreation,r35_c20,Wednesday,1,1,True,12:00-12:30,1.0,1,0.0,,0.0,0.0,False,False,,,,,,,,1.0,1.0,0.0,1.0,0.0,r32_c22,1.0,1.0,False,,,,,,,
Recreation | r35_c21 | Monday,Recreation,r35_c21,Monday,6,1,True,13:00-13:30,1.0,1,0.0,,0.0,0.0,False,False,,,,,,,,1.0,1.0,0.0,1.0,0.0,r30_c10,6.0,1.0,False,,,,,,,
Recreation | r35_c21 | Thursday,Recreation,r35_c21,Thursday,2,1,True,09:00-09:30,1.0,1,0.0,,0.0,0.0,False,False,,,,,,,,2.0,0.5,1.0,2.0,0.5,r29_c15,1.0,0.5,False,,,,,,,
Recreation | r35_c21 | Tuesday,Recreation,r35_c21,Tuesday,1,1,True,08:00-08:30,1.0,1,0.0,,0.0,0.0,False,False,,,,,,,,1.0,1.0,0.0,1.0,0.0,r29_c16,1.0,1.0,False,,,,,,,
Recreation | r35_c21 | Wednesday,Recreation,r35_c21,Wednesday,1,1,True,08:00-08:30,1.0,1,0.0,,0.0,0.0,False,False,,,,,,,,1.0,1.0,0.0,1.0,0.0,r29_c16,1.0,1.0,False,,,,,,,
Recreation | r35_c23 | Thursday,Recreation,r35_c23,Thursday,1,1,True,13:00-13:30,1.0,1,0.0,,0.0,0.0,False,False,,,,,,,,1.0,1.0,0.0,1.0,0.0,r37_c24,1.0,1.0,False,,,,,,,
Recreation | r35_c23 | Tuesday,Recreation,r35_c23,Tuesday,1,1,True,13:00-13:30,1.0,1,0.0,,0.0,0.0,False,False,,,,,,,,1.0,1.0,0.0,1.0,0.0,r37_c24,1.0,1.0,False,,,,,,,
Recreation | r37_c24 | Thursday,Recreation,r37_c24,Thursday,2,1,True,08:00-08:30,0.5,2,0.5,60.0,30.0,0.25,False,False,,,,,,,,1.0,1.0,0.0,1.0,0.0,r35_c23,2.0,1.0,False,,,,,,,
Recreation | r37_c24 | Tuesday,Recreation,r37_c24,Tuesday,2,1,True,08:00-08:30,0.5,2,0.5,90.0,45.0,0.375,False,False,,,,,,,,1.0,1.0,0.0,1.0,0.0,r35_c23,2.0,1.0,False,,,,,,,
Recreation | r42_c16 | Thursday,Recreation,r42_c16,Thursday,1,1,True,09:30-10:00,1.0,1,0.0,,0.0,0.0,False,False,,,,,,,,1.0,1.0,0.0,1.0,0.0,r27_c17,1.0,1.0,False,,,,,,,
Shopping | r10_c14 | Friday,Shopping,r10_c14,Friday,13,7,True,12:00-12:30,0.3076923076923077,5,0.6923076923076923,140.0,96.92307692307692,0.6730769230769231,True,True,0.6923076923076923,140.0,96.92307692307692,0.6730769230769231,0.6923076923076923,140.0,0.6730769230769231,4.0,0.3254437869822485,3.0,3.0727272727272728,0.6745562130177515,r16_c17,6.0,0.46153846153846156,True,3.0,3.0727272727272728,0.6745562130177515,r16_c17,6.0,0.46153846153846156,0.6745562130177515
Shopping | r10_c14 | Monday,Shopping,r10_c14,Monday,6,3,True,10:00-10:30,0.5,4,0.5,60.0,30.0,0.24999999999999997,False,False,,,,,,,,2.0,0.5555555555555556,1.0,1.7999999999999998,0.4444444444444444,r16_c17,4.0,0.6666666666666666,False,,,,,,,
Shopping | r10_c14 | Thursday,Shopping,r10_c14,Thursday,15,6,True,10:00-10:30,0.4,6,0.6,50.0,30.0,0.25,True,True,0.6,50.0,30.0,0.25,0.6,50.0,0.25,1.0,1.0,0.0,1.0,0.0,r16_c17,15.0,1.0,True,0.0,1.0,0.0,r16_c17,15.0,1.0,0.0
Shopping | r10_c14 | Tuesday,Shopping,r10_c14,Tuesday,7,3,True,09:30-10:00,0.5714285714285714,2,0.4285714285714286,29.999999999999996,12.857142857142856,0.10714285714285714,False,False,,,,,,,,1.0,1.0,0.0,1.0,0.0,r16_c17,7.0,1.0,False,,,,,,,
Shopping | r10_c14 | Wednesday,Shopping,r10_c14,Wednesday,11,3,True,09:30-10:00,0.36363636363636365,5,0.6363636363636364,68.57142857142857,43.63636363636363,0.36363636363636365,True,True,0.6363636363636364,68.57142857142857,43.63636363636363,0.36363636363636365,0.6363636363636364,68.57142857142857,0.36363636363636365,1.0,1.0,0.0,1.0,0.0,r16_c17,11.0,1.0,True,0.0,1.0,0.0,r16_c17,11.0,1.0,0.0
Shopping | r10_c15 | Friday,Shopping,r10_c15,Friday,1,1,True,10:00-10:30,1.0,1,0.0,,0.0,0.0,False,False,,,,,,,,1.0,1.0,0.0,1.0,0.0,r10_c14,1.0,1.0,False,,,,,,,
Shopping | r10_c15 | Thursday,Shopping,r10_c15,Thursday,17,5,True,10:00-10:30,0.47058823529411764,5,0.5294117647058824,43.333333333333336,22.941176470588236,0.19117647058823528,True,True,0.5294117647058824,43.333333333333336,22.941176470588236,0.19117647058823528,0.5294117647058824,43.333333333333336,0.19117647058823528,5.0,0.27335640138408307,4.0,3.6582278481012653,0.726643598615917,r22_c25,7.0,0.4117647058823529,True,4.0,3.6582278481012653,0.726643598615917,r22_c25,7.0,0.4117647058823529,0.726643598615917
Shopping | r10_c15 | Tuesday,Shopping,r10_c15,Tuesday,19,11,True,09:30-10:00,0.42105263157894735,3,0.5789473684210527,30.0,17.36842105263158,0.14473684210526316,True,True,0.5789473684210527,30.0,17.36842105263158,0.14473684210526316,0.5789473684210527,30.0,0.14473684210526316,5.0,0.31855955678670356,4.0,3.1391304347826092,0.6814404432132964,r16_c17,9.0,0.47368421052631576,True,4.0,3.1391304347826092,0.6814404432132964,r16_c17,9.0,0.47368421052631576,0.6814404432132964
Shopping | r10_c15 | Wednesday,Shopping,r10_c15,Wednesday,6,1,True,10:30-11:00,0.3333333333333333,4,0.6666666666666667,37.49999999999999,25.0,0.20833333333333331,False,False,,,,,,,,1.0,1.0,0.0,1.0,0.0,r22_c25,6.0,1.0,False,,,,,,,
Shopping | r10_c18 | Monday,Shopping,r10_c18,Monday,4,3,True,09:30-10:00,0.5,3,0.5,45.0,22.5,0.1875,False,False,,,,,,,,3.0,0.375,2.0,2.6666666666666665,0.625,r16_c17,2.0,0.5,False,,,,,,,
Shopping | r10_c18 | Thursday,Shopping,r10_c18,Thursday,2,2,True,10:00-10:30,0.5,2,0.5,30.0,15.0,0.125,False,False,,,,,,,,2.0,0.5,1.0,2.0,0.5,r10_c19,1.0,0.5,False,,,,,,,
Shopping | r10_c18 | Tuesday,Shopping,r10_c18,Tuesday,5,2,True,10:00-10:30,0.8,2,0.19999999999999996,30.000000000000007,6.0,0.05,False,False,,,,,,,,2.0,0.52,1.0,1.923076923076923,0.48,r12_c19,3.0,0.6,False,,,,,,,
Shopping | r10_c18 | Wednesday,Shopping,r10_c18,Wednesday,4,2,True,09:30-10:00,0.5,3,0.5,45.0,22.5,0.1875,False,False,,,,,,,,1.0,1.0,0.0,1.0,0.0,r10_c19,4.0,1.0,False,,,,,,,
Shopping | r10_c19 | Monday,Shopping,r10_c19,Monday,1,1,True,12:00-12:30,1.0,1,0.0,,0.0,0.0,False,False,,,,,,,,1.0,1.0,0.0,1.0,0.0,r10_c18,1.0,1.0,False,,,,,,,
Shopping | r10_c19 | Thursday,Shopping,r10_c19,Thursday,5,1,True,12:00-12:30,0.6,3,0.4,30.0,12.0,0.1,False,False,,,,,,,,1.0,1.0,0.0,1.0,0.0,r10_c18,5.0,1.0,False,,,,,,,
Shopping | r10_c19 | Tuesday,Shopping,r10_c19,Tuesday,1,1,True,12:00-12:30,1.0,1,0.0,,0.0,0.0,False,False,,,,,,,,1.0,1.0,0.0,1.0,0.0,r10_c18,1.0,1.0,False,,,,,,,
Shopping | r10_c19 | Wednesday,Shopping,r10_c19,Wednesday,1,1,True,12:00-12:30,1.0,1,0.0,,0.0,0.0,False,False,,,,,,,,1.0,1.0,0.0,1.0,0.0,r10_c18,1.0,1.0,False,,,,,,,
Shopping | r11_c18 | Friday,Shopping,r11_c18,Friday,2,2,True,09:30-10:00,0.5,2,0.5,30.0,15.0,0.125,False,False,,,,,,,,2.0,0.5,1.0,2.0,0.5,r12_c19,1.0,0.5,False,,,,,,,
Shopping | r11_c18 | Monday,Shopping,r11_c18,Monday,4,2,True,10:00-10:30,0.5,3,0.5,45.0,22.5,0.1875,False,False,,,,,,,,2.0,0.5,1.0,2.0,0.5,r12_c19,2.0,0.5,False,,,,,,,
Shopping | r11_c18 | Thursday,Shopping,r11_c18,Thursday,2,2,True,09:30-10:00,0.5,2,0.5,30.0,15.0,0.125,False,False,,,,,,,,2.0,0.5,1.0,2.0,0.5,r12_c19,1.0,0.5,False,,,,,,,
Shopping | r11_c18 | Tuesday,Shopping,r11_c18,Tuesday,7,5,True,10:00-10:30,0.5714285714285714,3,0.4285714285714286,30.0,12.857142857142858,0.10714285714285714,False,False,,,,,,,,3.0,0.346938775510204,2.0,2.882352941176471,0.653061224489796,r16_c17,3.0,0.42857142857142855,False,,,,,,,
Shopping | r11_c18 | Wednesday,Shopping,r11_c18,Wednesday,14,4,True,13:30-14:00,0.35714285714285715,7,0.6428571428571428,156.66666666666669,100.71428571428572,0.5535714285714285,True,True,0.6428571428571428,156.66666666666669,100.71428571428572,0.5535714285714285,0.6428571428571428,156.66666666666669,0.5535714285714285,4.0,0.336734693877551,3.0,2.9696969696969697,0.6632653061224489,r22_c16,6.0,0.42857142857142855,True,3.0,2.9696969696969697,0.6632653061224489,r22_c16,6.0,0.42857142857142855,0.6632653061224489
Shopping | r12_c19 | Friday,Shopping,r12_c19,Friday,1,1,True,12:00-12:30,1.0,1,0.0,,0.0,0.0,False,False,,,,,,,,1.0,1.0,0.0,1.0,0.0,r11_c18,1.0,1.0,False,,,,,,,
Shopping | r12_c19 | Monday,Shopping,r12_c19,Monday,1,1,True,11:30-12:00,1.0,1,0.0,,0.0,0.0,False,False,,,,,,,,1.0,1.0,0.0,1.0,0.0,r11_c18,1.0,1.0,False,,,,,,,
Shopping | r12_c19 | Thursday,Shopping,r12_c19,Thursday,13,4,True,12:30-13:00,0.3076923076923077,6,0.6923076923076923,60.00000000000001,41.53846153846154,0.3461538461538462,True,True,0.6923076923076923,60.00000000000001,41.53846153846154,0.3461538461538462,0.6923076923076923,60.00000000000001,0.3461538461538462,1.0,1.0,0.0,1.0,0.0,r13_c19,13.0,1.0,True,0.0,1.0,0.0,r13_c19,13.0,1.0,0.0
Shopping | r12_c19 | Tuesday,Shopping,r12_c19,Tuesday,5,3,True,11:30-12:00,0.2,5,0.8,97.5,78.0,0.6000000000000001,False,False,,,,,,,,2.0,0.52,1.0,1.923076923076923,0.48,r10_c18,3.0,0.6,False,,,,,,,
Shopping | r12_c25 | Friday,Shopping,r12_c25,Friday,20,9,True,10:00-10:30,0.4,5,0.6,40.0,24.0,0.2,True,True,0.6,40.0,24.0,0.2,0.6,40.0,0.2,2.0,0.9049999999999999,1.0,1.1049723756906078,0.09500000000000008,r16_c17,19.0,0.95,True,1.0,1.1049723756906078,0.09500000000000008,r16_c17,19.0,0.95,0.09500000000000008
Shopping | r12_c25 | Monday,Shopping,r12_c25,Monday,24,5,True,10:00-10:30,0.375,5,0.625,40.0,25.0,0.20833333333333331,True,True,0.625,40.0,25.0,0.20833333333333331,0.625,40.0,0.20833333333333331,2.0,0.5868055555555556,1.0,1.7041420118343193,0.4131944444444444,r16_c17,17.0,0.7083333333333334,True,1.0,1.7041420118343193,0.4131944444444444,r16_c17,17.0,0.7083333333333334,0.4131944444444444
Shopping | r12_c25 | Thursday,Shopping,r12_c25,Thursday,21,10,True,09:30-10:00,0.38095238095238093,4,0.6190476190476191,41.53846153846153,25.71428571428571,0.21428571428571427,True,True,0.6190476190476191,41.53846153846153,25.71428571428571,0.21428571428571427,0.6190476190476191,41.53846153846153,0.21428571428571427,2.0,0.8276643990929706,1.0,1.2082191780821916,0.17233560090702937,r16_c17,19.0,0.9047619047619048,True,1.0,1.2082191780821916,0.17233560090702937,r16_c17,19.0,0.9047619047619048,0.17233560090702937
Shopping | r12_c25 | Tuesday,Shopping,r12_c25,Tuesday,15,9,True,09:30-10:00,0.3333333333333333,4,0.6666666666666667,41.99999999999999,28.0,0.23333333333333334,True,True,0.6666666666666667,41.99999999999999,28.0,0.23333333333333334,0.6666666666666667,41.99999999999999,0.23333333333333334,1.0,1.0,0.0,1.0,0.0,r16_c17,15.0,1.0,True,0.0,1.0,0.0,r16_c17,15.0,1.0,0.0
Shopping | r12_c25 | Wednesday,Shopping,r12_c25,Wednesday,10,5,True,10:00-10:30,0.3,4,0.7,38.57142857142858,27.0,0.225,True,True,0.7,38.57142857142858,27.0,0.225,0.7,38.57142857142858,0.225,1.0,1.0,0.0,1.0,0.0,r16_c17,10.0,1.0,True,0.0,1.0,0.0,r16_c17,10.0,1.0,0.0
Shopping | r13_c16 | Friday,Shopping,r13_c16,Friday,4,2,True,10:00-10:30,0.5,2,0.5,30.0,15.0,0.125,False,False,,,,,,,,2.0,0.5,1.0,2.0,0.5,r10_c14,2.0,0.5,False,,,,,,,
Shopping | r13_c19 | Monday,Shopping,r13_c19,Monday,2,1,True,12:00-12:30,0.5,2,0.5,90.0,45.0,0.375,False,False,,,,,,,,1.0,1.0,0.0,1.0,0.0,r14_c24,2.0,1.0,False,,,,,,,
Shopping | r13_c19 | Thursday,Shopping,r13_c19,Thursday,11,5,True,10:00-10:30,0.5454545454545454,4,0.4545454545454546,89.99999999999999,40.90909090909091,0.25,True,True,0.4545454545454546,89.99999999999999,40.90909090909091,0.25,0.4545454545454546,89.99999999999999,0.25,2.0,0.8347107438016528,1.0,1.1980198019801982,0.16528925619834722,r12_c19,10.0,0.9090909090909091,True,1.0,1.1980198019801982,0.16528925619834722,r12_c19,10.0,0.9090909090909091,0.16528925619834722
Shopping | r13_c19 | Tuesday,Shopping,r13_c19,Tuesday,1,1,True,14:00-14:30,1.0,1,0.0,,0.0,0.0,False,False,,,,,,,,1.0,1.0,0.0,1.0,0.0,r14_c24,1.0,1.0,False,,,,,,,
Shopping | r13_c22 | Friday,Shopping,r13_c22,Friday,1,1,True,08:00-08:30,1.0,1,0.0,,0.0,0.0,False,False,,,,,,,,1.0,1.0,0.0,1.0,0.0,r12_c18,1.0,1.0,False,,,,,,,
Shopping | r14_c24 | Friday,Shopping,r14_c24,Friday,11,5,True,10:00-10:30,0.36363636363636365,6,0.6363636363636364,154.2857142857143,98.18181818181819,0.5000000000000001,True,True,0.6363636363636364,154.2857142857143,98.18181818181819,0.5000000000000001,0.6363636363636364,154.2857142857143,0.5000000000000001,2.0,0.5041322314049586,1.0,1.9836065573770496,0.49586776859504145,r16_c17,6.0,0.5454545454545454,True,1.0,1.9836065573770496,0.49586776859504145,r16_c17,6.0,0.5454545454545454,0.49586776859504145
Shopping | r14_c24 | Monday,Shopping,r14_c24,Monday,6,3,True,09:00-09:30,0.5,4,0.5,180.0,90.0,0.41666666666666663,False,False,,,,,,,,3.0,0.3888888888888889,2.0,2.571428571428571,0.6111111111111112,r13_c19,3.0,0.5,False,,,,,,,
Shopping | r14_c24 | Thursday,Shopping,r14_c24,Thursday,5,3,True,09:30-10:00,0.2,5,0.8,240.0,192.0,0.7,False,False,,,,,,,,3.0,0.44000000000000006,2.0,2.2727272727272725,0.5599999999999999,r10_c15,3.0,0.6,False,,,,,,,
Shopping | r14_c24 | Tuesday,Shopping,r14_c24,Tuesday,10,6,True,10:00-10:30,0.3,6,0.7,85.71428571428572,60.0,0.45000000000000007,True,True,0.7,85.71428571428572,60.0,0.45000000000000007,0.7,85.71428571428572,0.45000000000000007,3.0,0.3600000000000001,2.0,2.7777777777777772,0.6399999999999999,r10_c15,4.0,0.4,True,2.0,2.7777777777777772,0.6399999999999999,r10_c15,4.0,0.4,0.6399999999999999
Shopping | r14_c24 | Wednesday,Shopping,r14_c24,Wednesday,4,3,True,10:00-10:30,1.0,1,0.0,,0.0,0.0,False,False,,,,,,,,1.0,1.0,0.0,1.0,0.0,r16_c17,4.0,1.0,False,,,,,,,
Shopping | r15_c16 | Friday,Shopping,r15_c16,Friday,2,2,True,10:00-10:30,0.5,2,0.5,210.0,105.0,0.5,False,False,,,,,,,,2.0,0.5,1.0,2.0,0.5,r13_c16,1.0,0.5,False,,,,,,,
Shopping | r15_c16 | Thursday,Shopping,r15_c16,Thursday,2,2,True,09:30-10:00,0.5,2,0.5,30.0,15.0,0.125,False,False,,,,,,,,2.0,0.5,1.0,2.0,0.5,r16_c16,1.0,0.5,False,,,,,,,
Shopping | r15_c16 | Tuesday,Shopping,r15_c16,Tuesday,3,3,True,09:30-10:00,0.3333333333333333,3,0.6666666666666667,149.99999999999997,100.0,0.41666666666666663,False,False,,,,,,,,2.0,0.5555555555555556,1.0,1.7999999999999998,0.4444444444444444,r22_c15,2.0,0.6666666666666666,False,,,,,,,
Shopping | r15_c16 | Wednesday,Shopping,r15_c16,Wednesday,2,1,True,09:30-10:00,0.5,2,0.5,30.0,15.0,0.125,False,False,,,,,,,,1.0,1.0,0.0,1.0,0.0,r22_c15,2.0,1.0,False,,,,,,,
Shopping | r16_c16 | Friday,Shopping,r16_c16,Friday,6,1,True,12:00-12:30,0.16666666666666666,6,0.8333333333333334,90.0,75.0,0.5833333333333333,False,False,,,,,,,,1.0,1.0,0.0,1.0,0.0,r16_c29,6.0,1.0,False,,,,,,,
Shopping | r16_c16 | Monday,Shopping,r16_c16,Monday,2,2,True,13:00-13:30,0.5,2,0.5,60.0,30.0,0.25,False,False,,,,,,,,2.0,0.5,1.0,2.0,0.5,r16_c29,1.0,0.5,False,,,,,,,
Shopping | r16_c16 | Thursday,Shopping,r16_c16,Thursday,2,2,True,12:00-12:30,0.5,2,0.5,30.0,15.0,0.125,False,False,,,,,,,,2.0,0.5,1.0,2.0,0.5,r15_c16,1.0,0.5,False,,,,,,,
Shopping | r16_c16 | Tuesday,Shopping,r16_c16,Tuesday,2,1,True,13:30-14:00,1.0,1,0.0,,0.0,0.0,False,False,,,,,,,,1.0,1.0,0.0,1.0,0.0,r10_c15,2.0,1.0,False,,,,,,,
Shopping | r16_c16 | Wednesday,Shopping,r16_c16,Wednesday,3,2,True,12:00-12:30,0.6666666666666666,2,0.33333333333333337,29.999999999999996,10.0,0.08333333333333333,False,False,,,,,,,,2.0,0.5555555555555556,1.0,1.7999999999999998,0.4444444444444444,r11_c18,2.0,0.6666666666666666,False,,,,,,,
Shopping | r16_c17 | Friday,Shopping,r16_c17,Friday,25,12,True,14:00-14:30,0.4,7,0.6,46.00000000000001,27.6,0.23,True,True,0.6,46.00000000000001,27.6,0.23,0.6,46.00000000000001,0.23,6.0,0.2384,5.0,4.194630872483222,0.7616,r14_c24,8.0,0.32,True,5.0,4.194630872483222,0.7616,r14_c24,8.0,0.32,0.7616
Shopping | r16_c17 | Monday,Shopping,r16_c17,Monday,17,9,True,13:00-13:30,0.17647058823529413,8,0.8235294117647058,62.14285714285716,51.176470588235304,0.42647058823529416,True,True,0.8235294117647058,62.14285714285716,51.176470588235304,0.42647058823529416,0.8235294117647058,62.14285714285716,0.42647058823529416,5.0,0.3079584775086505,4.0,3.247191011235955,0.6920415224913494,r12_c25,8.0,0.47058823529411764,True,4.0,3.247191011235955,0.6920415224913494,r12_c25,8.0,0.47058823529411764,0.6920415224913494
Shopping | r16_c17 | Thursday,Shopping,r16_c17,Thursday,48,14,True,14:00-14:30,0.25,9,0.75,66.66666666666667,50.0,0.3958333333333333,True,True,0.75,66.66666666666667,50.0,0.3958333333333333,0.75,66.66666666666667,0.3958333333333333,7.0,0.38368055555555564,6.0,2.606334841628959,0.6163194444444444,r12_c25,28.0,0.5833333333333334,True,6.0,2.606334841628959,0.6163194444444444,r12_c25,28.0,0.5833333333333334,0.6163194444444444
Shopping | r16_c17 | Tuesday,Shopping,r16_c17,Tuesday,64,21,True,14:00-14:30,0.21875,9,0.78125,67.2,52.5,0.4296875,True,True,0.78125,67.2,52.5,0.4296875,0.78125,67.2,0.4296875,8.0,0.232421875,7.0,4.302521008403361,0.767578125,r12_c25,22.0,0.34375,True,7.0,4.302521008403361,0.767578125,r12_c25,22.0,0.34375,0.767578125
Shopping | r16_c17 | Wednesday,Shopping,r16_c17,Wednesday,27,12,True,14:00-14:30,0.2222222222222222,9,0.7777777777777778,62.857142857142854,48.888888888888886,0.4074074074074074,True,True,0.7777777777777778,62.857142857142854,48.888888888888886,0.4074074074074074,0.7777777777777778,62.857142857142854,0.4074074074074074,7.0,0.17695473251028807,6.0,5.651162790697675,0.823045267489712,r12_c25,7.0,0.25925925925925924,True,6.0,5.651162790697675,0.823045267489712,r12_c25,7.0,0.25925925925925924,0.823045267489712
Shopping | r16_c29 | Friday,Shopping,r16_c29,Friday,1,1,True,09:00-09:30,1.0,1,0.0,,0.0,0.0,False,False,,,,,,,,1.0,1.0,0.0,1.0,0.0,r16_c16,1.0,1.0,False,,,,,,,
Shopping | r16_c29 | Monday,Shopping,r16_c29,Monday,1,1,True,09:00-09:30,1.0,1,0.0,,0.0,0.0,False,False,,,,,,,,1.0,1.0,0.0,1.0,0.0,r16_c16,1.0,1.0,False,,,,,,,
Shopping | r16_c29 | Thursday,Shopping,r16_c29,Thursday,6,1,True,09:00-09:30,0.5,3,0.5,30.0,15.0,0.125,False,False,,,,,,,,1.0,1.0,0.0,1.0,0.0,r16_c16,6.0,1.0,False,,,,,,,
Shopping | r16_c29 | Wednesday,Shopping,r16_c29,Wednesday,3,1,True,09:00-09:30,0.6666666666666666,2,0.33333333333333337,29.999999999999996,10.0,0.08333333333333333,False,False,,,,,,,,1.0,1.0,0.0,1.0,0.0,r16_c16,3.0,1.0,False,,,,,,,
Shopping | r17_c16 | Monday,Shopping,r17_c16,Monday,7,3,True,09:00-09:30,0.2857142857142857,5,0.7142857142857143,185.99999999999997,132.85714285714283,0.49999999999999994,False,False,,,,,,,,2.0,0.5918367346938775,1.0,1.6896551724137931,0.40816326530612246,r16_c17,5.0,0.7142857142857143,False,,,,,,,
Shopping | r17_c16 | Thursday,Shopping,r17_c16,Thursday,3,1,True,13:30-14:00,0.6666666666666666,2,0.33333333333333337,29.999999999999996,10.0,0.08333333333333333,False,False,,,,,,,,1.0,1.0,0.0,1.0,0.0,r10_c15,3.0,1.0,False,,,,,,,
Shopping | r17_c16 | Tuesday,Shopping,r17_c16,Tuesday,7,3,True,15:00-15:30,0.2857142857142857,6,0.7142857142857143,132.0,94.28571428571429,0.4285714285714285,False,False,,,,,,,,3.0,0.5510204081632654,2.0,1.8148148148148147,0.44897959183673464,r19_c14,5.0,0.7142857142857143,False,,,,,,,
Shopping | r17_c16 | Wednesday,Shopping,r17_c16,Wednesday,4,2,True,09:30-10:00,0.75,2,0.25,30.0,7.5,0.0625,False,False,,,,,,,,1.0,1.0,0.0,1.0,0.0,r16_c17,4.0,1.0,False,,,,,,,
Shopping | r18_c15 | Friday,Shopping,r18_c15,Friday,14,6,True,11:00-11:30,0.2857142857142857,8,0.7142857142857143,71.99999999999999,51.42857142857142,0.3928571428571428,True,True,0.7142857142857143,71.99999999999999,51.42857142857142,0.3928571428571428,0.7142857142857143,71.99999999999999,0.3928571428571428,5.0,0.2653061224489796,4.0,3.769230769230769,0.7346938775510203,r22_c16,5.0,0.35714285714285715,True,4.0,3.769230769230769,0.7346938775510203,r22_c16,5.0,0.35714285714285715,0.7346938775510203
Shopping | r18_c15 | Monday,Shopping,r18_c15,Monday,1,1,True,10:30-11:00,1.0,1,0.0,,0.0,0.0,False,False,,,,,,,,1.0,1.0,0.0,1.0,0.0,r18_c16,1.0,1.0,False,,,,,,,
Shopping | r18_c15 | Thursday,Shopping,r18_c15,Thursday,14,8,True,10:00-10:30,0.21428571428571427,7,0.7857142857142857,92.72727272727272,72.85714285714285,0.5,True,True,0.7857142857142857,92.72727272727272,72.85714285714285,0.5,0.7857142857142857,92.72727272727272,0.5,4.0,0.4591836734693879,3.0,2.177777777777777,0.5408163265306121,r18_c15,9.0,0.6428571428571429,True,3.0,2.177777777777777,0.5408163265306121,r18_c15,9.0,0.6428571428571429,0.5408163265306121
Shopping | r18_c15 | Tuesday,Shopping,r18_c15,Tuesday,11,6,True,11:00-11:30,0.2727272727272727,6,0.7272727272727273,108.74999999999999,79.09090909090908,0.5454545454545454,True,True,0.7272727272727273,108.74999999999999,79.09090909090908,0.5454545454545454,0.7272727272727273,108.74999999999999,0.5454545454545454,3.0,0.6859504132231405,2.0,1.4578313253012047,0.31404958677685946,r18_c15,9.0,0.8181818181818182,True,2.0,1.4578313253012047,0.31404958677685946,r18_c15,9.0,0.8181818181818182,0.31404958677685946
Shopping | r18_c15 | Wednesday,Shopping,r18_c15,Wednesday,23,7,True,10:00-10:30,0.34782608695652173,6,0.6521739130434783,72.0,46.95652173913044,0.32608695652173914,True,True,0.6521739130434783,72.0,46.95652173913044,0.32608695652173914,0.6521739130434783,72.0,0.32608695652173914,4.0,0.2892249527410208,3.0,3.457516339869281,0.7107750472589792,r18_c15,8.0,0.34782608695652173,True,3.0,3.457516339869281,0.7107750472589792,r18_c15,8.0,0.34782608695652173,0.7107750472589792
Shopping | r18_c16 | Monday,Shopping,r18_c16,Monday,1,1,True,13:30-14:00,1.0,1,0.0,,0.0,0.0,False,False,,,,,,,,1.0,1.0,0.0,1.0,0.0,r18_c15,1.0,1.0,False,,,,,,,
Shopping | r18_c16 | Thursday,Shopping,r18_c16,Thursday,5,3,True,14:30-15:00,0.4,4,0.6,200.0,120.0,0.45,False,False,,,,,,,,2.0,0.52,1.0,1.923076923076923,0.48,r10_c18,3.0,0.6,False,,,,,,,
Shopping | r18_c17 | Friday,Shopping,r18_c17,Friday,2,1,True,12:00-12:30,0.5,2,0.5,30.0,15.0,0.125,False,False,,,,,,,,1.0,1.0,0.0,1.0,0.0,r21_c17,2.0,1.0,False,,,,,,,
Shopping | r19_c14 | Friday,Shopping,r19_c14,Friday,4,2,True,10:00-10:30,0.5,2,0.5,60.0,30.0,0.25,False,False,,,,,,,,2.0,0.625,1.0,1.6,0.375,r16_c17,3.0,0.75,False,,,,,,,
Shopping | r19_c14 | Tuesday,Shopping,r19_c14,Tuesday,5,2,True,10:00-10:30,0.6,2,0.4,30.0,12.0,0.1,False,False,,,,,,,,2.0,0.52,1.0,1.923076923076923,0.48,r16_c17,3.0,0.6,False,,,,,,,
Shopping | r19_c14 | Wednesday,Shopping,r19_c14,Wednesday,8,2,True,10:30-11:00,0.375,6,0.625,84.0,52.5,0.40625,False,False,,,,,,,,1.0,1.0,0.0,1.0,0.0,r16_c17,8.0,1.0,False,,,,,,,
Shopping | r19_c16 | Monday,Shopping,r19_c16,Monday,1,1,True,10:30-11:00,1.0,1,0.0,,0.0,0.0,False,False,,,,,,,,1.0,1.0,0.0,1.0,0.0,r16_c17,1.0,1.0,False,,,,,,,
Shopping | r19_c16 | Thursday,Shopping,r19_c16,Thursday,6,3,True,10:30-11:00,0.6666666666666666,2,0.33333333333333337,29.999999999999996,10.0,0.08333333333333333,False,False,,,,,,,,1.0,1.0,0.0,1.0,0.0,r22_c24,6.0,1.0,False,,,,,,,
Shopping | r20_c17 | Tuesday,Shopping,r20_c17,Tuesday,1,1,True,12:30-13:00,1.0,1,0.0,,0.0,0.0,False,False,,,,,,,,1.0,1.0,0.0,1.0,0.0,r15_c16,1.0,1.0,False,,,,,,,
Shopping | r20_c22 | Friday,Shopping,r20_c22,Friday,7,2,True,10:00-10:30,0.42857142857142855,4,0.5714285714285714,45.0,25.71428571428571,0.21428571428571425,False,False,,,,,,,,1.0,1.0,0.0,1.0,0.0,r22_c24,7.0,1.0,False,,,,,,,
Shopping | r20_c22 | Thursday,Shopping,r20_c22,Thursday,9,3,True,09:30-10:00,0.2222222222222222,7,0.7777777777777778,77.14285714285714,59.99999999999999,0.4722222222222222,False,False,,,,,,,,1.0,1.0,0.0,1.0,0.0,r22_c24,9.0,1.0,False,,,,,,,
Shopping | r20_c7 | Wednesday,Shopping,r20_c7,Wednesday,2,1,True,13:00-13:30,0.5,2,0.5,30.0,15.0,0.125,False,False,,,,,,,,1.0,1.0,0.0,1.0,0.0,r26_c10,2.0,1.0,False,,,,,,,
Shopping | r21_c13 | Monday,Shopping,r21_c13,Monday,1,1,True,10:30-11:00,1.0,1,0.0,,0.0,0.0,False,False,,,,,,,,1.0,1.0,0.0,1.0,0.0,r22_c9,1.0,1.0,False,,,,,,,
Shopping | r21_c13 | Tuesday,Shopping,r21_c13,Tuesday,2,1,True,10:30-11:00,1.0,1,0.0,,0.0,0.0,False,False,,,,,,,,1.0,1.0,0.0,1.0,0.0,r22_c9,2.0,1.0,False,,,,,,,
Shopping | r21_c17 | Friday,Shopping,r21_c17,Friday,2,1,True,11:30-12:00,0.5,2,0.5,30.0,15.0,0.125,False,False,,,,,,,,1.0,1.0,0.0,1.0,0.0,r12_c25,2.0,1.0,False,,,,,,,
Shopping | r21_c17 | Monday,Shopping,r21_c17,Monday,1,1,True,11:00-11:30,1.0,1,0.0,,0.0,0.0,False,False,,,,,,,,1.0,1.0,0.0,1.0,0.0,r12_c25,1.0,1.0,False,,,,,,,
Shopping | r21_c17 | Thursday,Shopping,r21_c17,Thursday,6,2,True,13:30-14:00,0.5,3,0.5,30.0,15.0,0.125,False,False,,,,,,,,2.0,0.7222222222222223,1.0,1.3846153846153844,0.2777777777777777,r12_c25,5.0,0.8333333333333334,False,,,,,,,
Shopping | r21_c31 | Friday,Shopping,r21_c31,Friday,3,1,True,09:00-09:30,0.3333333333333333,3,0.6666666666666667,44.99999999999999,30.0,0.25,False,False,,,,,,,,1.0,1.0,0.0,1.0,0.0,r22_c24,3.0,1.0,False,,,,,,,
Shopping | r21_c31 | Monday,Shopping,r21_c31,Monday,4,2,True,08:30-09:00,0.5,3,0.5,60.0,30.0,0.25,False,False,,,,,,,,1.0,1.0,0.0,1.0,0.0,r22_c24,4.0,1.0,False,,,,,,,
Shopping | r21_c31 | Thursday,Shopping,r21_c31,Thursday,1,1,True,10:00-10:30,1.0,1,0.0,,0.0,0.0,False,False,,,,,,,,1.0,1.0,0.0,1.0,0.0,r22_c24,1.0,1.0,False,,,,,,,
Shopping | r21_c31 | Tuesday,Shopping,r21_c31,Tuesday,3,2,True,10:00-10:30,1.0,1,0.0,,0.0,0.0,False,False,,,,,,,,1.0,1.0,0.0,1.0,0.0,r22_c24,3.0,1.0,False,,,,,,,
Shopping | r21_c9 | Friday,Shopping,r21_c9,Friday,2,2,True,09:30-10:00,0.5,2,0.5,330.0,165.0,0.5,False,False,,,,,,,,2.0,0.5,1.0,2.0,0.5,r22_c16,1.0,0.5,False,,,,,,,
Shopping | r21_c9 | Wednesday,Shopping,r21_c9,Wednesday,1,1,True,09:00-09:30,1.0,1,0.0,,0.0,0.0,False,False,,,,,,,,1.0,1.0,0.0,1.0,0.0,r22_c16,1.0,1.0,False,,,,,,,
Shopping | r22_c15 | Friday,Shopping,r22_c15,Friday,5,1,True,13:00-13:30,0.4,3,0.6,50.0,30.0,0.25,False,False,,,,,,,,1.0,1.0,0.0,1.0,0.0,r15_c16,5.0,1.0,False,,,,,,,
Shopping | r22_c15 | Monday,Shopping,r22_c15,Monday,3,1,True,10:00-10:30,0.6666666666666666,2,0.33333333333333337,209.99999999999997,70.0,0.3333333333333333,False,False,,,,,,,,1.0,1.0,0.0,1.0,0.0,r22_c15,3.0,1.0,False,,,,,,,
Shopping | r22_c15 | Thursday,Shopping,r22_c15,Thursday,9,2,True,14:00-14:30,0.4444444444444444,4,0.5555555555555556,41.99999999999999,23.333333333333332,0.19444444444444442,False,False,,,,,,,,1.0,1.0,0.0,1.0,0.0,r15_c16,9.0,1.0,False,,,,,,,
Shopping | r22_c15 | Tuesday,Shopping,r22_c15,Tuesday,8,3,True,14:00-14:30,0.375,4,0.625,36.0,22.5,0.1875,False,False,,,,,,,,2.0,0.78125,1.0,1.28,0.21875,r15_c16,7.0,0.875,False,,,,,,,
Shopping | r22_c16 | Friday,Shopping,r22_c16,Friday,9,3,True,14:00-14:30,0.5555555555555556,4,0.4444444444444444,37.5,16.666666666666664,0.1388888888888889,False,False,,,,,,,,3.0,0.4074074074074074,2.0,2.4545454545454546,0.5925925925925926,r18_c15,4.0,0.4444444444444444,False,,,,,,,
Shopping | r22_c16 | Thursday,Shopping,r22_c16,Thursday,8,1,True,14:00-14:30,0.5,3,0.5,37.5,18.75,0.15625,False,False,,,,,,,,1.0,1.0,0.0,1.0,0.0,r18_c15,8.0,1.0,False,,,,,,,
Shopping | r22_c16 | Tuesday,Shopping,r22_c16,Tuesday,8,2,True,13:00-13:30,0.25,6,0.75,85.0,63.75,0.5,False,False,,,,,,,,2.0,0.78125,1.0,1.28,0.21875,r18_c15,7.0,0.875,False,,,,,,,
Shopping | r22_c16 | Wednesday,Shopping,r22_c16,Wednesday,32,21,True,14:00-14:30,0.34375,6,0.65625,47.142857142857146,30.9375,0.2578125,True,True,0.65625,47.142857142857146,30.9375,0.2578125,0.65625,47.142857142857146,0.2578125,4.0,0.72265625,3.0,1.3837837837837839,0.27734375,r24_c11,27.0,0.84375,True,3.0,1.3837837837837839,0.27734375,r24_c11,27.0,0.84375,0.27734375
Shopping | r22_c17 | Friday,Shopping,r22_c17,Friday,2,1,True,13:00-13:30,0.5,2,0.5,30.0,15.0,0.125,False,False,,,,,,,,1.0,1.0,0.0,1.0,0.0,r23_c16,2.0,1.0,False,,,,,,,
Shopping | r22_c17 | Thursday,Shopping,r22_c17,Thursday,3,1,True,09:30-10:00,0.3333333333333333,3,0.6666666666666667,44.99999999999999,30.0,0.25,False,False,,,,,,,,1.0,1.0,0.0,1.0,0.0,r21_c17,3.0,1.0,False,,,,,,,
Shopping | r22_c23 | Monday,Shopping,r22_c23,Monday,1,1,True,12:30-13:00,1.0,1,0.0,,0.0,0.0,False,False,,,,,,,,1.0,1.0,0.0,1.0,0.0,r21_c31,1.0,1.0,False,,,,,,,
Shopping | r22_c23 | Thursday,Shopping,r22_c23,Thursday,1,1,True,12:00-12:30,1.0,1,0.0,,0.0,0.0,False,False,,,,,,,,1.0,1.0,0.0,1.0,0.0,r10_c15,1.0,1.0,False,,,,,,,
Shopping | r22_c24 | Friday,Shopping,r22_c24,Friday,1,1,True,13:00-13:30,1.0,1,0.0,,0.0,0.0,False,False,,,,,,,,1.0,1.0,0.0,1.0,0.0,r20_c22,1.0,1.0,False,,,,,,,
Shopping | r22_c24 | Monday,Shopping,r22_c24,Monday,5,1,True,12:30-13:00,0.4,4,0.6,60.0,36.0,0.3,False,False,,,,,,,,1.0,1.0,0.0,1.0,0.0,r21_c31,5.0,1.0,False,,,,,,,
Shopping | r22_c24 | Thursday,Shopping,r22_c24,Thursday,7,3,True,13:30-14:00,0.42857142857142855,4,0.5714285714285714,82.5,47.14285714285714,0.39285714285714285,False,False,,,,,,,,2.0,0.7551020408163265,1.0,1.3243243243243243,0.24489795918367352,r20_c22,6.0,0.8571428571428571,False,,,,,,,
Shopping | r22_c24 | Tuesday,Shopping,r22_c24,Tuesday,1,1,True,13:00-13:30,1.0,1,0.0,,0.0,0.0,False,False,,,,,,,,1.0,1.0,0.0,1.0,0.0,r21_c31,1.0,1.0,False,,,,,,,
Shopping | r22_c25 | Tuesday,Shopping,r22_c25,Tuesday,23,1,True,13:00-13:30,0.30434782608695654,8,0.6956521739130435,75.00000000000001,52.173913043478265,0.42391304347826086,False,False,,,,,,,,1.0,1.0,0.0,1.0,0.0,r10_c15,23.0,1.0,False,,,,,,,
Shopping | r22_c29 | Friday,Shopping,r22_c29,Friday,13,1,True,10:30-11:00,0.15384615384615385,8,0.8461538461538461,79.0909090909091,66.92307692307692,0.5192307692307693,False,False,,,,,,,,1.0,1.0,0.0,1.0,0.0,r22_c24,13.0,1.0,False,,,,,,,
Shopping | r22_c29 | Thursday,Shopping,r22_c29,Thursday,8,1,True,11:00-11:30,0.25,7,0.75,80.0,60.0,0.46875,False,False,,,,,,,,1.0,1.0,0.0,1.0,0.0,r22_c24,8.0,1.0,False,,,,,,,
Shopping | r22_c9 | Tuesday,Shopping,r22_c9,Tuesday,2,1,True,12:30-13:00,0.5,2,0.5,60.0,30.0,0.25,False,False,,,,,,,,1.0,1.0,0.0,1.0,0.0,r21_c13,2.0,1.0,False,,,,,,,
Shopping | r22_c9 | Wednesday,Shopping,r22_c9,Wednesday,3,1,True,12:30-13:00,0.6666666666666666,2,0.33333333333333337,29.999999999999996,10.0,0.08333333333333333,False,False,,,,,,,,1.0,1.0,0.0,1.0,0.0,r26_c10,3.0,1.0,False,,,,,,,
Shopping | r23_c16 | Friday,Shopping,r23_c16,Friday,11,3,True,14:00-14:30,0.45454545454545453,3,0.5454545454545454,40.00000000000001,21.81818181818182,0.18181818181818182,True,True,0.5454545454545454,40.00000000000001,21.81818181818182,0.18181818181818182,0.5454545454545454,40.00000000000001,0.18181818181818182,3.0,0.5702479338842975,2.0,1.7536231884057971,0.4297520661157025,r18_c15,8.0,0.7272727272727273,True,2.0,1.7536231884057971,0.4297520661157025,r18_c15,8.0,0.7272727272727273,0.4297520661157025
Shopping | r23_c16 | Thursday,Shopping,r23_c16,Thursday,8,5,True,13:30-14:00,0.5,4,0.5,37.5,18.75,0.15625,False,False,,,,,,,,4.0,0.28125,3.0,3.5555555555555554,0.71875,r18_c15,3.0,0.375,False,,,,,,,
Shopping | r23_c16 | Tuesday,Shopping,r23_c16,Tuesday,4,2,True,11:30-12:00,0.5,3,0.5,90.0,45.0,0.3125,False,False,,,,,,,,2.0,0.625,1.0,1.6,0.375,r11_c18,3.0,0.75,False,,,,,,,
Shopping | r23_c16 | Wednesday,Shopping,r23_c16,Wednesday,6,5,True,15:00-15:30,0.3333333333333333,5,0.6666666666666667,89.99999999999999,60.0,0.41666666666666663,False,False,,,,,,,,3.0,0.3888888888888889,2.0,2.571428571428571,0.6111111111111112,r24_c7,3.0,0.5,False,,,,,,,
Shopping | r24_c10 | Friday,Shopping,r24_c10,Friday,1,1,True,12:00-12:30,1.0,1,0.0,,0.0,0.0,False,False,,,,,,,,1.0,1.0,0.0,1.0,0.0,r26_c10,1.0,1.0,False,,,,,,,
Shopping | r24_c11 | Friday,Shopping,r24_c11,Friday,1,1,True,09:00-09:30,1.0,1,0.0,,0.0,0.0,False,False,,,,,,,,1.0,1.0,0.0,1.0,0.0,r22_c16,1.0,1.0,False,,,,,,,
Shopping | r24_c11 | Thursday,Shopping,r24_c11,Thursday,1,1,True,11:30-12:00,1.0,1,0.0,,0.0,0.0,False,False,,,,,,,,1.0,1.0,0.0,1.0,0.0,r23_c16,1.0,1.0,False,,,,,,,
Shopping | r24_c11 | Wednesday,Shopping,r24_c11,Wednesday,28,19,True,09:30-10:00,0.35714285714285715,6,0.6428571428571428,41.66666666666667,26.785714285714285,0.2232142857142857,True,True,0.6428571428571428,41.66666666666667,26.785714285714285,0.2232142857142857,0.6428571428571428,41.66666666666667,0.2232142857142857,1.0,1.0,0.0,1.0,0.0,r22_c16,28.0,1.0,True,0.0,1.0,0.0,r22_c16,28.0,1.0,0.0
Shopping | r24_c16 | Monday,Shopping,r24_c16,Monday,2,1,True,11:00-11:30,1.0,1,0.0,,0.0,0.0,False,False,,,,,,,,1.0,1.0,0.0,1.0,0.0,r26_c17,2.0,1.0,False,,,,,,,
Shopping | r24_c23 | Thursday,Shopping,r24_c23,Thursday,4,2,True,10:30-11:00,0.5,3,0.5,30.0,15.0,0.125,False,False,,,,,,,,1.0,1.0,0.0,1.0,0.0,r23_c16,4.0,1.0,False,,,,,,,
Shopping | r24_c23 | Wednesday,Shopping,r24_c23,Wednesday,6,2,True,11:00-11:30,0.3333333333333333,4,0.6666666666666667,52.49999999999999,35.0,0.2916666666666667,False,False,,,,,,,,2.0,0.5555555555555556,1.0,1.7999999999999998,0.4444444444444444,r23_c16,4.0,0.6666666666666666,False,,,,,,,
Shopping | r24_c7 | Friday,Shopping,r24_c7,Friday,1,1,True,10:00-10:30,1.0,1,0.0,,0.0,0.0,False,False,,,,,,,,1.0,1.0,0.0,1.0,0.0,r23_c16,1.0,1.0,False,,,,,,,
Shopping | r24_c7 | Thursday,Shopping,r24_c7,Thursday,3,1,True,11:30-12:00,0.6666666666666666,2,0.33333333333333337,29.999999999999996,10.0,0.08333333333333333,False,False,,,,,,,,2.0,0.5555555555555556,1.0,1.7999999999999998,0.4444444444444444,r23_c16,2.0,0.6666666666666666,False,,,,,,,
Shopping | r24_c7 | Wednesday,Shopping,r24_c7,Wednesday,3,2,True,08:30-09:00,0.3333333333333333,3,0.6666666666666667,104.99999999999999,70.0,0.5,False,False,,,,,,,,1.0,1.0,0.0,1.0,0.0,r23_c16,3.0,1.0,False,,,,,,,
Shopping | r25_c15 | Friday,Shopping,r25_c15,Friday,5,1,True,14:00-14:30,0.4,3,0.6,30.0,18.0,0.15000000000000002,False,False,,,,,,,,1.0,1.0,0.0,1.0,0.0,r18_c15,5.0,1.0,False,,,,,,,
Shopping | r25_c15 | Monday,Shopping,r25_c15,Monday,1,1,True,11:30-12:00,1.0,1,0.0,,0.0,0.0,False,False,,,,,,,,1.0,1.0,0.0,1.0,0.0,r25_c16,1.0,1.0,False,,,,,,,
Shopping | r25_c16 | Monday,Shopping,r25_c16,Monday,1,1,True,09:30-10:00,1.0,1,0.0,,0.0,0.0,False,False,,,,,,,,1.0,1.0,0.0,1.0,0.0,r25_c15,1.0,1.0,False,,,,,,,
Shopping | r25_c21 | Wednesday,Shopping,r25_c21,Wednesday,1,1,True,14:30-15:00,1.0,1,0.0,,0.0,0.0,False,False,,,,,,,,1.0,1.0,0.0,1.0,0.0,r24_c23,1.0,1.0,False,,,,,,,
Shopping | r26_c10 | Friday,Shopping,r26_c10,Friday,5,2,True,09:30-10:00,0.2,5,0.8,157.5,126.0,0.65,False,False,,,,,,,,3.0,0.44000000000000006,2.0,2.2727272727272725,0.5599999999999999,r31_c5,3.0,0.6,False,,,,,,,
Shopping | r26_c10 | Monday,Shopping,r26_c10,Monday,2,2,True,13:30-14:00,1.0,1,0.0,,0.0,0.0,False,False,,,,,,,,2.0,0.5,1.0,2.0,0.5,r28_c15,1.0,0.5,False,,,,,,,
Shopping | r26_c10 | Thursday,Shopping,r26_c10,Thursday,4,2,True,12:00-12:30,0.5,3,0.5,105.0,52.5,0.375,False,False,,,,,,,,1.0,1.0,0.0,1.0,0.0,r27_c10,4.0,1.0,False,,,,,,,
Shopping | r26_c10 | Wednesday,Shopping,r26_c10,Wednesday,3,2,True,10:00-10:30,1.0,1,0.0,,0.0,0.0,False,False,,,,,,,,2.0,0.5555555555555556,1.0,1.7999999999999998,0.4444444444444444,r20_c7,2.0,0.6666666666666666,False,,,,,,,
Shopping | r26_c15 | Monday,Shopping,r26_c15,Monday,4,1,True,11:00-11:30,1.0,1,0.0,,0.0,0.0,False,False,,,,,,,,1.0,1.0,0.0,1.0,0.0,r33_c23,4.0,1.0,False,,,,,,,
Shopping | r26_c16 | Friday,Shopping,r26_c16,Friday,2,2,True,11:00-11:30,0.5,2,0.5,150.0,75.0,0.5,False,False,,,,,,,,2.0,0.5,1.0,2.0,0.5,r31_c14,1.0,0.5,False,,,,,,,
Shopping | r26_c16 | Monday,Shopping,r26_c16,Monday,1,1,True,13:00-13:30,1.0,1,0.0,,0.0,0.0,False,False,,,,,,,,1.0,1.0,0.0,1.0,0.0,r35_c14,1.0,1.0,False,,,,,,,
Shopping | r26_c16 | Thursday,Shopping,r26_c16,Thursday,1,1,True,13:30-14:00,1.0,1,0.0,,0.0,0.0,False,False,,,,,,,,1.0,1.0,0.0,1.0,0.0,r27_c17,1.0,1.0,False,,,,,,,
Shopping | r26_c16 | Tuesday,Shopping,r26_c16,Tuesday,6,4,True,14:00-14:30,0.3333333333333333,5,0.6666666666666667,59.99999999999999,40.0,0.3333333333333333,False,False,,,,,,,,3.0,0.3888888888888889,2.0,2.571428571428571,0.6111111111111112,r27_c17,3.0,0.5,False,,,,,,,
Shopping | r26_c9 | Thursday,Shopping,r26_c9,Thursday,1,1,True,12:30-13:00,1.0,1,0.0,,0.0,0.0,False,False,,,,,,,,1.0,1.0,0.0,1.0,0.0,r27_c10,1.0,1.0,False,,,,,,,
Shopping | r27_c10 | Friday,Shopping,r27_c10,Friday,3,2,True,15:00-15:30,0.6666666666666666,2,0.33333333333333337,119.99999999999999,40.0,0.3333333333333333,False,False,,,,,,,,2.0,0.5555555555555556,1.0,1.7999999999999998,0.4444444444444444,r27_c12,2.0,0.6666666666666666,False,,,,,,,
Shopping | r27_c10 | Monday,Shopping,r27_c10,Monday,4,2,True,09:30-10:00,0.5,2,0.5,120.0,60.0,0.5,False,False,,,,,,,,3.0,0.375,2.0,2.6666666666666665,0.625,r27_c12,2.0,0.5,False,,,,,,,
Shopping | r27_c10 | Thursday,Shopping,r27_c10,Thursday,13,8,True,10:00-10:30,0.3076923076923077,5,0.6923076923076923,76.66666666666666,53.07692307692307,0.4423076923076923,True,True,0.6923076923076923,76.66666666666666,53.07692307692307,0.4423076923076923,0.6923076923076923,76.66666666666666,0.4423076923076923,6.0,0.2781065088757396,5.0,3.5957446808510642,0.7218934911242604,r26_c10,6.0,0.46153846153846156,True,5.0,3.5957446808510642,0.7218934911242604,r26_c10,6.0,0.46153846153846156,0.7218934911242604
Shopping | r27_c10 | Tuesday,Shopping,r27_c10,Tuesday,9,3,True,11:30-12:00,0.2222222222222222,6,0.7777777777777778,72.85714285714285,56.66666666666666,0.4722222222222222,False,False,,,,,,,,3.0,0.4074074074074074,2.0,2.4545454545454546,0.5925925925925926,r27_c12,4.0,0.4444444444444444,False,,,,,,,
Shopping | r27_c10 | Wednesday,Shopping,r27_c10,Wednesday,5,4,True,11:30-12:00,0.2,5,0.8,150.0,120.0,0.65,False,False,,,,,,,,2.0,0.52,1.0,1.923076923076923,0.48,r27_c12,3.0,0.6,False,,,,,,,
Shopping | r27_c12 | Friday,Shopping,r27_c12,Friday,2,2,True,10:00-10:30,0.5,2,0.5,120.0,60.0,0.5,False,False,,,,,,,,2.0,0.5,1.0,2.0,0.5,r26_c10,1.0,0.5,False,,,,,,,
Shopping | r27_c12 | Monday,Shopping,r27_c12,Monday,1,1,True,10:00-10:30,1.0,1,0.0,,0.0,0.0,False,False,,,,,,,,1.0,1.0,0.0,1.0,0.0,r27_c10,1.0,1.0,False,,,,,,,
Shopping | r27_c12 | Thursday,Shopping,r27_c12,Thursday,2,2,True,09:30-10:00,0.5,2,0.5,30.0,15.0,0.125,False,False,,,,,,,,1.0,1.0,0.0,1.0,0.0,r27_c10,2.0,1.0,False,,,,,,,
Shopping | r27_c12 | Tuesday,Shopping,r27_c12,Tuesday,2,1,True,08:30-09:00,0.5,2,0.5,90.0,45.0,0.375,False,False,,,,,,,,1.0,1.0,0.0,1.0,0.0,r27_c10,2.0,1.0,False,,,,,,,
Shopping | r27_c12 | Wednesday,Shopping,r27_c12,Wednesday,4,3,True,09:30-10:00,0.75,2,0.25,330.0,82.5,0.25,False,False,,,,,,,,1.0,1.0,0.0,1.0,0.0,r27_c10,4.0,1.0,False,,,,,,,
Shopping | r27_c14 | Tuesday,Shopping,r27_c14,Tuesday,1,1,True,14:00-14:30,1.0,1,0.0,,0.0,0.0,False,False,,,,,,,,1.0,1.0,0.0,1.0,0.0,r22_c16,1.0,1.0,False,,,,,,,
Shopping | r27_c16 | Friday,Shopping,r27_c16,Friday,11,4,True,12:00-12:30,0.2727272727272727,6,0.7272727272727273,93.75,68.18181818181819,0.5227272727272727,True,True,0.7272727272727273,93.75,68.18181818181819,0.5227272727272727,0.7272727272727273,93.75,0.5227272727272727,2.0,0.5041322314049586,1.0,1.9836065573770496,0.49586776859504145,r34_c18,6.0,0.5454545454545454,True,1.0,1.9836065573770496,0.49586776859504145,r34_c18,6.0,0.5454545454545454,0.49586776859504145
Shopping | r27_c16 | Monday,Shopping,r27_c16,Monday,13,4,True,14:30-15:00,0.46153846153846156,4,0.5384615384615384,34.28571428571429,18.461538461538463,0.15384615384615385,True,True,0.5384615384615384,34.28571428571429,18.461538461538463,0.15384615384615385,0.5384615384615384,34.28571428571429,0.15384615384615385,1.0,1.0,0.0,1.0,0.0,r36_c8,13.0,1.0,True,0.0,1.0,0.0,r36_c8,13.0,1.0,0.0
Shopping | r27_c16 | Thursday,Shopping,r27_c16,Thursday,11,4,True,14:30-15:00,0.36363636363636365,6,0.6363636363636364,68.57142857142858,43.63636363636364,0.3409090909090909,True,True,0.6363636363636364,68.57142857142858,43.63636363636364,0.3409090909090909,0.6363636363636364,68.57142857142858,0.3409090909090909,2.0,0.7024793388429753,1.0,1.4235294117647057,0.2975206611570247,r36_c8,9.0,0.8181818181818182,True,1.0,1.4235294117647057,0.2975206611570247,r36_c8,9.0,0.8181818181818182,0.2975206611570247
Shopping | r27_c16 | Tuesday,Shopping,r27_c16,Tuesday,9,2,True,14:30-15:00,0.3333333333333333,6,0.6666666666666667,80.0,53.333333333333336,0.3611111111111111,False,False,,,,,,,,1.0,1.0,0.0,1.0,0.0,r36_c8,9.0,1.0,False,,,,,,,
Shopping | r27_c16 | Wednesday,Shopping,r27_c16,Wednesday,7,3,True,14:30-15:00,0.42857142857142855,4,0.5714285714285714,37.50000000000001,21.42857142857143,0.17857142857142855,False,False,,,,,,,,1.0,1.0,0.0,1.0,0.0,r36_c8,7.0,1.0,False,,,,,,,
Shopping | r27_c17 | Thursday,Shopping,r27_c17,Thursday,2,2,True,10:00-10:30,0.5,2,0.5,30.0,15.0,0.125,False,False,,,,,,,,2.0,0.5,1.0,2.0,0.5,r26_c16,1.0,0.5,False,,,,,,,
Shopping | r27_c17 | Tuesday,Shopping,r27_c17,Tuesday,4,1,True,11:30-12:00,0.5,2,0.5,30.0,15.0,0.125,False,False,,,,,,,,1.0,1.0,0.0,1.0,0.0,r26_c16,4.0,1.0,False,,,,,,,
Shopping | r27_c18 | Friday,Shopping,r27_c18,Friday,7,2,True,12:30-13:00,0.2857142857142857,4,0.7142857142857143,84.0,60.0,0.49999999999999994,False,False,,,,,,,,1.0,1.0,0.0,1.0,0.0,r29_c10,7.0,1.0,False,,,,,,,
Shopping | r27_c18 | Monday,Shopping,r27_c18,Monday,8,6,True,13:30-14:00,0.5,3,0.5,37.5,18.75,0.15625,False,False,,,,,,,,1.0,1.0,0.0,1.0,0.0,r29_c10,8.0,1.0,False,,,,,,,
Shopping | r27_c18 | Thursday,Shopping,r27_c18,Thursday,7,6,True,13:30-14:00,0.5714285714285714,4,0.4285714285714286,59.99999999999999,25.71428571428571,0.21428571428571425,False,False,,,,,,,,2.0,0.7551020408163265,1.0,1.3243243243243243,0.24489795918367352,r29_c10,6.0,0.8571428571428571,False,,,,,,,
Shopping | r27_c18 | Tuesday,Shopping,r27_c18,Tuesday,24,5,True,14:00-14:30,0.25,7,0.75,58.333333333333336,43.75,0.3645833333333333,True,True,0.75,58.333333333333336,43.75,0.3645833333333333,0.75,58.333333333333336,0.3645833333333333,1.0,1.0,0.0,1.0,0.0,r29_c10,24.0,1.0,True,0.0,1.0,0.0,r29_c10,24.0,1.0,0.0
Shopping | r28_c10 | Monday,Shopping,r28_c10,Monday,1,1,True,11:30-12:00,1.0,1,0.0,,0.0,0.0,False,False,,,,,,,,1.0,1.0,0.0,1.0,0.0,r27_c10,1.0,1.0,False,,,,,,,
Shopping | r28_c10 | Thursday,Shopping,r28_c10,Thursday,3,3,True,11:30-12:00,0.6666666666666666,2,0.33333333333333337,89.99999999999999,30.0,0.25,False,False,,,,,,,,2.0,0.5555555555555556,1.0,1.7999999999999998,0.4444444444444444,r27_c10,2.0,0.6666666666666666,False,,,,,,,
Shopping | r28_c10 | Tuesday,Shopping,r28_c10,Tuesday,6,1,True,13:00-13:30,0.3333333333333333,4,0.6666666666666667,52.49999999999999,35.0,0.29166666666666663,False,False,,,,,,,,1.0,1.0,0.0,1.0,0.0,r28_c15,6.0,1.0,False,,,,,,,
Shopping | r28_c10 | Wednesday,Shopping,r28_c10,Wednesday,1,1,True,12:30-13:00,1.0,1,0.0,,0.0,0.0,False,False,,,,,,,,1.0,1.0,0.0,1.0,0.0,r28_c15,1.0,1.0,False,,,,,,,
Shopping | r28_c11 | Monday,Shopping,r28_c11,Monday,1,1,True,11:30-12:00,1.0,1,0.0,,0.0,0.0,False,False,,,,,,,,1.0,1.0,0.0,1.0,0.0,r27_c10,1.0,1.0,False,,,,,,,
Shopping | r28_c11 | Thursday,Shopping,r28_c11,Thursday,2,1,True,11:30-12:00,1.0,1,0.0,,0.0,0.0,False,False,,,,,,,,1.0,1.0,0.0,1.0,0.0,r27_c10,2.0,1.0,False,,,,,,,
Shopping | r28_c12 | Friday,Shopping,r28_c12,Friday,1,1,True,09:30-10:00,1.0,1,0.0,,0.0,0.0,False,False,,,,,,,,1.0,1.0,0.0,1.0,0.0,r35_c23,1.0,1.0,False,,,,,,,
Shopping | r28_c12 | Thursday,Shopping,r28_c12,Thursday,2,1,True,10:00-10:30,1.0,1,0.0,,0.0,0.0,False,False,,,,,,,,1.0,1.0,0.0,1.0,0.0,r35_c23,2.0,1.0,False,,,,,,,
Shopping | r28_c12 | Tuesday,Shopping,r28_c12,Tuesday,1,1,True,10:30-11:00,1.0,1,0.0,,0.0,0.0,False,False,,,,,,,,1.0,1.0,0.0,1.0,0.0,r35_c16,1.0,1.0,False,,,,,,,
Shopping | r28_c13 | Friday,Shopping,r28_c13,Friday,9,4,True,13:00-13:30,0.4444444444444444,4,0.5555555555555556,95.99999999999999,53.33333333333333,0.4444444444444444,False,False,,,,,,,,2.0,0.8024691358024691,1.0,1.2461538461538462,0.19753086419753085,r27_c10,8.0,0.8888888888888888,False,,,,,,,
Shopping | r28_c13 | Monday,Shopping,r28_c13,Monday,4,2,True,11:30-12:00,0.25,4,0.75,150.0,112.5,0.6875,False,False,,,,,,,,2.0,0.5,1.0,2.0,0.5,r27_c10,2.0,0.5,False,,,,,,,
Shopping | r28_c13 | Wednesday,Shopping,r28_c13,Wednesday,5,3,True,13:00-13:30,0.4,3,0.6,90.0,54.0,0.45,False,False,,,,,,,,2.0,0.6800000000000002,1.0,1.4705882352941173,0.31999999999999984,r27_c10,4.0,0.8,False,,,,,,,
Shopping | r28_c14 | Friday,Shopping,r28_c14,Friday,3,3,True,09:30-10:00,1.0,1,0.0,,0.0,0.0,False,False,,,,,,,,1.0,1.0,0.0,1.0,0.0,r35_c23,3.0,1.0,False,,,,,,,
Shopping | r28_c14 | Monday,Shopping,r28_c14,Monday,5,3,True,09:00-09:30,0.4,3,0.6,40.0,24.0,0.2,False,False,,,,,,,,1.0,1.0,0.0,1.0,0.0,r35_c23,5.0,1.0,False,,,,,,,
Shopping | r28_c14 | Thursday,Shopping,r28_c14,Thursday,2,2,True,09:00-09:30,0.5,2,0.5,60.0,30.0,0.25,False,False,,,,,,,,1.0,1.0,0.0,1.0,0.0,r35_c23,2.0,1.0,False,,,,,,,
Shopping | r28_c14 | Tuesday,Shopping,r28_c14,Tuesday,2,1,True,09:30-10:00,1.0,1,0.0,,0.0,0.0,False,False,,,,,,,,1.0,1.0,0.0,1.0,0.0,r35_c23,2.0,1.0,False,,,,,,,
Shopping | r28_c14 | Wednesday,Shopping,r28_c14,Wednesday,7,3,True,09:00-09:30,0.2857142857142857,4,0.7142857142857143,42.0,30.0,0.25,False,False,,,,,,,,1.0,1.0,0.0,1.0,0.0,r35_c23,7.0,1.0,False,,,,,,,
Shopping | r28_c15 | Friday,Shopping,r28_c15,Friday,4,1,True,10:00-10:30,0.25,4,0.75,90.0,67.5,0.4375,False,False,,,,,,,,1.0,1.0,0.0,1.0,0.0,r18_c15,4.0,1.0,False,,,,,,,
Shopping | r28_c15 | Monday,Shopping,r28_c15,Monday,18,12,True,11:00-11:30,0.6666666666666666,6,0.33333333333333337,84.99999999999999,28.333333333333332,0.2361111111111111,True,True,0.33333333333333337,84.99999999999999,28.333333333333332,0.2361111111111111,0.33333333333333337,84.99999999999999,0.2361111111111111,5.0,0.29012345679012347,4.0,3.4468085106382977,0.7098765432098766,r35_c23,8.0,0.4444444444444444,True,4.0,3.4468085106382977,0.7098765432098766,r35_c23,8.0,0.4444444444444444,0.7098765432098766
Shopping | r28_c15 | Thursday,Shopping,r28_c15,Thursday,12,5,True,11:00-11:30,0.5,6,0.5,80.0,40.0,0.3333333333333333,True,True,0.5,80.0,40.0,0.3333333333333333,0.5,80.0,0.3333333333333333,4.0,0.2638888888888889,3.0,3.789473684210526,0.7361111111111112,r32_c12,4.0,0.3333333333333333,True,3.0,3.789473684210526,0.7361111111111112,r32_c12,4.0,0.3333333333333333,0.7361111111111112
Shopping | r28_c15 | Tuesday,Shopping,r28_c15,Tuesday,19,7,True,11:00-11:30,0.47368421052631576,6,0.5263157894736843,44.99999999999999,23.68421052631579,0.19736842105263158,True,True,0.5263157894736843,44.99999999999999,23.68421052631579,0.19736842105263158,0.5263157894736843,44.99999999999999,0.19736842105263158,5.0,0.4404432132963988,4.0,2.2704402515723277,0.5595567867036012,r18_c15,12.0,0.631578947368421,True,4.0,2.2704402515723277,0.5595567867036012,r18_c15,12.0,0.631578947368421,0.5595567867036012
Shopping | r28_c15 | Wednesday,Shopping,r28_c15,Wednesday,27,9,True,11:00-11:30,0.2962962962962963,9,0.7037037037037037,66.31578947368422,46.66666666666667,0.3888888888888889,True,True,0.7037037037037037,66.31578947368422,46.66666666666667,0.3888888888888889,0.7037037037037037,66.31578947368422,0.3888888888888889,5.0,0.3333333333333333,4.0,3.0,0.6666666666666667,r35_c23,12.0,0.4444444444444444,True,4.0,3.0,0.6666666666666667,r35_c23,12.0,0.4444444444444444,0.6666666666666667
Shopping | r29_c10 | Friday,Shopping,r29_c10,Friday,2,2,True,10:00-10:30,0.5,2,0.5,30.0,15.0,0.125,False,False,,,,,,,,1.0,1.0,0.0,1.0,0.0,r27_c18,2.0,1.0,False,,,,,,,
Shopping | r29_c10 | Monday,Shopping,r29_c10,Monday,8,6,True,10:00-10:30,0.5,3,0.5,37.5,18.75,0.15625,False,False,,,,,,,,1.0,1.0,0.0,1.0,0.0,r27_c18,8.0,1.0,False,,,,,,,
Shopping | r29_c10 | Saturday,Shopping,r29_c10,Saturday,7,1,True,10:00-10:30,0.2857142857142857,4,0.7142857142857143,42.0,30.0,0.25,False,False,,,,,,,,1.0,1.0,0.0,1.0,0.0,r27_c18,7.0,1.0,False,,,,,,,
Shopping | r29_c10 | Thursday,Shopping,r29_c10,Thursday,5,5,True,10:00-10:30,0.4,4,0.6,50.0,30.0,0.25,False,False,,,,,,,,1.0,1.0,0.0,1.0,0.0,r27_c18,5.0,1.0,False,,,,,,,
Shopping | r29_c10 | Tuesday,Shopping,r29_c10,Tuesday,7,6,True,10:00-10:30,0.7142857142857143,2,0.2857142857142857,30.0,8.571428571428571,0.07142857142857142,False,False,,,,,,,,1.0,1.0,0.0,1.0,0.0,r27_c18,7.0,1.0,False,,,,,,,
Shopping | r29_c15 | Friday,Shopping,r29_c15,Friday,2,1,True,11:30-12:00,1.0,1,0.0,,0.0,0.0,False,False,,,,,,,,1.0,1.0,0.0,1.0,0.0,r33_c9,2.0,1.0,False,,,,,,,
Shopping | r29_c17 | Friday,Shopping,r29_c17,Friday,2,1,True,11:00-11:30,1.0,1,0.0,,0.0,0.0,False,False,,,,,,,,1.0,1.0,0.0,1.0,0.0,r35_c16,2.0,1.0,False,,,,,,,
Shopping | r29_c17 | Monday,Shopping,r29_c17,Monday,11,1,True,09:00-09:30,0.2727272727272727,6,0.7272727272727273,63.750000000000014,46.363636363636374,0.38636363636363635,False,False,,,,,,,,1.0,1.0,0.0,1.0,0.0,r37_c21,11.0,1.0,False,,,,,,,
Shopping | r29_c17 | Thursday,Shopping,r29_c17,Thursday,1,1,True,12:00-12:30,1.0,1,0.0,,0.0,0.0,False,False,,,,,,,,1.0,1.0,0.0,1.0,0.0,r31_c14,1.0,1.0,False,,,,,,,
Shopping | r29_c17 | Wednesday,Shopping,r29_c17,Wednesday,3,1,True,13:30-14:00,0.3333333333333333,3,0.6666666666666667,44.99999999999999,30.0,0.25,False,False,,,,,,,,1.0,1.0,0.0,1.0,0.0,r35_c23,3.0,1.0,False,,,,,,,
Shopping | r29_c19 | Wednesday,Shopping,r29_c19,Wednesday,3,1,True,12:30-13:00,0.3333333333333333,3,0.6666666666666667,59.99999999999999,40.0,0.3333333333333333,False,False,,,,,,,,1.0,1.0,0.0,1.0,0.0,r31_c19,3.0,1.0,False,,,,,,,
Shopping | r29_c22 | Thursday,Shopping,r29_c22,Thursday,2,1,True,14:00-14:30,1.0,1,0.0,,0.0,0.0,False,False,,,,,,,,1.0,1.0,0.0,1.0,0.0,r28_c16,2.0,1.0,False,,,,,,,
Shopping | r30_c17 | Wednesday,Shopping,r30_c17,Wednesday,1,1,True,09:30-10:00,1.0,1,0.0,,0.0,0.0,False,False,,,,,,,,1.0,1.0,0.0,1.0,0.0,r35_c21,1.0,1.0,False,,,,,,,
Shopping | r30_c18 | Thursday,Shopping,r30_c18,Thursday,3,2,True,10:00-10:30,0.6666666666666666,2,0.33333333333333337,59.99999999999999,20.0,0.16666666666666666,False,False,,,,,,,,2.0,0.5555555555555556,1.0,1.7999999999999998,0.4444444444444444,r35_c23,2.0,0.6666666666666666,False,,,,,,,
Shopping | r30_c18 | Tuesday,Shopping,r30_c18,Tuesday,4,1,True,10:00-10:30,1.0,1,0.0,,0.0,0.0,False,False,,,,,,,,1.0,1.0,0.0,1.0,0.0,r32_c12,4.0,1.0,False,,,,,,,
Shopping | r30_c20 | Friday,Shopping,r30_c20,Friday,3,2,True,12:00-12:30,0.3333333333333333,3,0.6666666666666667,44.99999999999999,30.0,0.25,False,False,,,,,,,,2.0,0.5555555555555556,1.0,1.7999999999999998,0.4444444444444444,r30_c21,2.0,0.6666666666666666,False,,,,,,,
Shopping | r30_c20 | Monday,Shopping,r30_c20,Monday,2,1,True,12:30-13:00,0.5,2,0.5,30.0,15.0,0.125,False,False,,,,,,,,1.0,1.0,0.0,1.0,0.0,r30_c21,2.0,1.0,False,,,,,,,
Shopping | r30_c20 | Thursday,Shopping,r30_c20,Thursday,7,3,True,12:00-12:30,0.2857142857142857,4,0.7142857142857143,96.0,68.57142857142857,0.5714285714285714,False,False,,,,,,,,2.0,0.510204081632653,1.0,1.9600000000000004,0.48979591836734704,r35_c14,4.0,0.5714285714285714,False,,,,,,,
Shopping | r30_c20 | Wednesday,Shopping,r30_c20,Wednesday,1,1,True,12:30-13:00,1.0,1,0.0,,0.0,0.0,False,False,,,,,,,,1.0,1.0,0.0,1.0,0.0,r30_c21,1.0,1.0,False,,,,,,,
Shopping | r30_c21 | Friday,Shopping,r30_c21,Friday,2,2,True,09:30-10:00,1.0,1,0.0,,0.0,0.0,False,False,,,,,,,,2.0,0.5,1.0,2.0,0.5,r28_c13,1.0,0.5,False,,,,,,,
Shopping | r30_c21 | Monday,Shopping,r30_c21,Monday,4,2,True,09:30-10:00,1.0,1,0.0,,0.0,0.0,False,False,,,,,,,,3.0,0.375,2.0,2.6666666666666665,0.625,r30_c20,2.0,0.5,False,,,,,,,
Shopping | r30_c21 | Tuesday,Shopping,r30_c21,Tuesday,6,2,True,10:00-10:30,0.5,3,0.5,40.0,20.0,0.16666666666666666,False,False,,,,,,,,2.0,0.5,1.0,2.0,0.5,r33_c23,3.0,0.5,False,,,,,,,
Shopping | r30_c21 | Wednesday,Shopping,r30_c21,Wednesday,1,1,True,10:00-10:30,1.0,1,0.0,,0.0,0.0,False,False,,,,,,,,1.0,1.0,0.0,1.0,0.0,r30_c20,1.0,1.0,False,,,,,,,
Shopping | r30_c25 | Tuesday,Shopping,r30_c25,Tuesday,1,1,True,13:00-13:30,1.0,1,0.0,,0.0,0.0,False,False,,,,,,,,1.0,1.0,0.0,1.0,0.0,r28_c15,1.0,1.0,False,,,,,,,
Shopping | r31_c14 | Friday,Shopping,r31_c14,Friday,5,4,True,09:00-09:30,0.4,4,0.6,60.0,36.0,0.30000000000000004,False,False,,,,,,,,4.0,0.28,3.0,3.571428571428571,0.72,r35_c16,2.0,0.4,False,,,,,,,
Shopping | r31_c14 | Thursday,Shopping,r31_c14,Thursday,6,5,True,09:30-10:00,0.6666666666666666,3,0.33333333333333337,59.99999999999999,20.0,0.16666666666666666,False,False,,,,,,,,5.0,0.22222222222222227,4.0,4.499999999999999,0.7777777777777777,r27_c16,2.0,0.3333333333333333,False,,,,,,,
Shopping | r31_c14 | Tuesday,Shopping,r31_c14,Tuesday,2,2,True,10:00-10:30,1.0,1,0.0,,0.0,0.0,False,False,,,,,,,,2.0,0.5,1.0,2.0,0.5,r26_c16,1.0,0.5,False,,,,,,,
Shopping | r31_c14 | Wednesday,Shopping,r31_c14,Wednesday,18,4,True,10:30-11:00,0.4444444444444444,3,0.5555555555555556,41.99999999999999,23.333333333333332,0.19444444444444442,True,True,0.5555555555555556,41.99999999999999,23.333333333333332,0.19444444444444442,0.5555555555555556,41.99999999999999,0.19444444444444442,3.0,0.4876543209876544,2.0,2.050632911392405,0.5123456790123456,r35_c16,11.0,0.6111111111111112,True,2.0,2.050632911392405,0.5123456790123456,r35_c16,11.0,0.6111111111111112,0.5123456790123456
Shopping | r31_c19 | Wednesday,Shopping,r31_c19,Wednesday,6,1,True,11:00-11:30,0.5,3,0.5,80.0,40.0,0.3333333333333333,False,False,,,,,,,,1.0,1.0,0.0,1.0,0.0,r29_c19,6.0,1.0,False,,,,,,,
Shopping | r31_c20 | Friday,Shopping,r31_c20,Friday,6,6,True,10:00-10:30,0.5,3,0.5,30.0,15.0,0.125,False,False,,,,,,,,4.0,0.33333333333333337,3.0,2.9999999999999996,0.6666666666666666,r35_c23,3.0,0.5,False,,,,,,,
Shopping | r31_c20 | Thursday,Shopping,r31_c20,Thursday,6,5,True,10:00-10:30,0.5,4,0.5,40.0,20.0,0.16666666666666666,False,False,,,,,,,,4.0,0.33333333333333337,3.0,2.9999999999999996,0.6666666666666666,r35_c23,3.0,0.5,False,,,,,,,
Shopping | r31_c20 | Tuesday,Shopping,r31_c20,Tuesday,4,2,True,10:00-10:30,0.5,3,0.5,30.0,15.0,0.125,False,False,,,,,,,,2.0,0.625,1.0,1.6,0.375,r35_c23,3.0,0.75,False,,,,,,,
Shopping | r31_c20 | Wednesday,Shopping,r31_c20,Wednesday,4,2,True,10:00-10:30,0.5,3,0.5,30.0,15.0,0.125,False,False,,,,,,,,2.0,0.625,1.0,1.6,0.375,r35_c23,3.0,0.75,False,,,,,,,
Shopping | r31_c21 | Friday,Shopping,r31_c21,Friday,5,1,True,13:00-13:30,0.4,3,0.6,30.0,18.0,0.15000000000000002,False,False,,,,,,,,1.0,1.0,0.0,1.0,0.0,r32_c19,5.0,1.0,False,,,,,,,
Shopping | r31_c5 | Friday,Shopping,r31_c5,Friday,1,1,True,10:00-10:30,1.0,1,0.0,,0.0,0.0,False,False,,,,,,,,1.0,1.0,0.0,1.0,0.0,r26_c10,1.0,1.0,False,,,,,,,
Shopping | r31_c5 | Monday,Shopping,r31_c5,Monday,1,1,True,11:00-11:30,1.0,1,0.0,,0.0,0.0,False,False,,,,,,,,1.0,1.0,0.0,1.0,0.0,r26_c10,1.0,1.0,False,,,,,,,
Shopping | r31_c5 | Tuesday,Shopping,r31_c5,Tuesday,3,1,True,10:00-10:30,0.6666666666666666,2,0.33333333333333337,29.999999999999996,10.0,0.08333333333333333,False,False,,,,,,,,1.0,1.0,0.0,1.0,0.0,r27_c10,3.0,1.0,False,,,,,,,
Shopping | r32_c12 | Friday,Shopping,r32_c12,Friday,1,1,True,11:00-11:30,1.0,1,0.0,,0.0,0.0,False,False,,,,,,,,1.0,1.0,0.0,1.0,0.0,r31_c14,1.0,1.0,False,,,,,,,
Shopping | r32_c12 | Monday,Shopping,r32_c12,Monday,1,1,True,13:00-13:30,1.0,1,0.0,,0.0,0.0,False,False,,,,,,,,1.0,1.0,0.0,1.0,0.0,r28_c15,1.0,1.0,False,,,,,,,
Shopping | r32_c12 | Tuesday,Shopping,r32_c12,Tuesday,4,2,True,13:00-13:30,0.5,3,0.5,45.0,22.5,0.1875,False,False,,,,,,,,2.0,0.625,1.0,1.6,0.375,r30_c18,3.0,0.75,False,,,,,,,
Shopping | r32_c12 | Wednesday,Shopping,r32_c12,Wednesday,3,3,True,11:00-11:30,0.3333333333333333,3,0.6666666666666667,44.99999999999999,30.0,0.25,False,False,,,,,,,,2.0,0.5555555555555556,1.0,1.7999999999999998,0.4444444444444444,r28_c15,2.0,0.6666666666666666,False,,,,,,,
Shopping | r32_c13 | Thursday,Shopping,r32_c13,Thursday,1,1,True,12:30-13:00,1.0,1,0.0,,0.0,0.0,False,False,,,,,,,,1.0,1.0,0.0,1.0,0.0,r31_c14,1.0,1.0,False,,,,,,,
Shopping | r32_c17 | Monday,Shopping,r32_c17,Monday,6,3,True,10:00-10:30,0.5,4,0.5,70.0,35.0,0.29166666666666663,False,False,,,,,,,,1.0,1.0,0.0,1.0,0.0,r35_c16,6.0,1.0,False,,,,,,,
Shopping | r32_c17 | Thursday,Shopping,r32_c17,Thursday,4,2,True,10:00-10:30,0.5,3,0.5,45.0,22.5,0.1875,False,False,,,,,,,,2.0,0.625,1.0,1.6,0.375,r33_c16,3.0,0.75,False,,,,,,,
Shopping | r32_c17 | Tuesday,Shopping,r32_c17,Tuesday,1,1,True,10:00-10:30,1.0,1,0.0,,0.0,0.0,False,False,,,,,,,,1.0,1.0,0.0,1.0,0.0,r35_c16,1.0,1.0,False,,,,,,,
Shopping | r32_c17 | Wednesday,Shopping,r32_c17,Wednesday,1,1,True,09:30-10:00,1.0,1,0.0,,0.0,0.0,False,False,,,,,,,,1.0,1.0,0.0,1.0,0.0,r35_c16,1.0,1.0,False,,,,,,,
Shopping | r32_c19 | Friday,Shopping,r32_c19,Friday,1,1,True,10:30-11:00,1.0,1,0.0,,0.0,0.0,False,False,,,,,,,,1.0,1.0,0.0,1.0,0.0,r31_c21,1.0,1.0,False,,,,,,,
Shopping | r32_c20 | Friday,Shopping,r32_c20,Friday,8,6,True,10:00-10:30,0.625,4,0.375,100.0,37.5,0.1875,False,False,,,,,,,,4.0,0.3125,3.0,3.2,0.6875,r35_c23,3.0,0.375,False,,,,,,,
Shopping | r32_c20 | Monday,Shopping,r32_c20,Monday,2,2,True,10:00-10:30,1.0,1,0.0,,0.0,0.0,False,False,,,,,,,,1.0,1.0,0.0,1.0,0.0,r36_c16,2.0,1.0,False,,,,,,,
Shopping | r32_c20 | Thursday,Shopping,r32_c20,Thursday,1,1,True,13:00-13:30,1.0,1,0.0,,0.0,0.0,False,False,,,,,,,,1.0,1.0,0.0,1.0,0.0,r34_c18,1.0,1.0,False,,,,,,,
Shopping | r32_c20 | Tuesday,Shopping,r32_c20,Tuesday,4,3,True,10:00-10:30,0.75,2,0.25,30.0,7.5,0.0625,False,False,,,,,,,,2.0,0.625,1.0,1.6,0.375,r36_c22,3.0,0.75,False,,,,,,,
Shopping | r32_c21 | Tuesday,Shopping,r32_c21,Tuesday,9,4,True,10:30-11:00,0.6666666666666666,3,0.33333333333333337,29.999999999999996,10.0,0.08333333333333333,False,False,,,,,,,,1.0,1.0,0.0,1.0,0.0,r33_c21,9.0,1.0,False,,,,,,,
Shopping | r33_c16 | Friday,Shopping,r33_c16,Friday,3,3,True,13:30-14:00,0.6666666666666666,2,0.33333333333333337,89.99999999999999,30.0,0.25,False,False,,,,,,,,1.0,1.0,0.0,1.0,0.0,r34_c18,3.0,1.0,False,,,,,,,
Shopping | r33_c16 | Thursday,Shopping,r33_c16,Thursday,8,6,True,12:30-13:00,0.25,6,0.75,70.0,52.5,0.40625,False,False,,,,,,,,5.0,0.25,4.0,4.0,0.75,r27_c10,3.0,0.375,False,,,,,,,
Shopping | r33_c16 | Tuesday,Shopping,r33_c16,Tuesday,8,4,True,14:30-15:00,0.375,5,0.625,78.0,48.75,0.375,False,False,,,,,,,,2.0,0.78125,1.0,1.28,0.21875,r34_c18,7.0,0.875,False,,,,,,,
Shopping | r33_c16 | Wednesday,Shopping,r33_c16,Wednesday,11,6,True,14:00-14:30,0.36363636363636365,5,0.6363636363636364,42.85714285714286,27.272727272727273,0.2272727272727273,True,True,0.6363636363636364,42.85714285714286,27.272727272727273,0.2272727272727273,0.6363636363636364,42.85714285714286,0.2272727272727273,3.0,0.5702479338842975,2.0,1.7536231884057971,0.4297520661157025,r34_c18,8.0,0.7272727272727273,True,2.0,1.7536231884057971,0.4297520661157025,r34_c18,8.0,0.7272727272727273,0.4297520661157025
Shopping | r33_c17 | Friday,Shopping,r33_c17,Friday,3,3,True,12:00-12:30,0.6666666666666666,2,0.33333333333333337,59.99999999999999,20.0,0.16666666666666666,False,False,,,,,,,,2.0,0.5555555555555556,1.0,1.7999999999999998,0.4444444444444444,r34_c18,2.0,0.6666666666666666,False,,,,,,,
Shopping | r33_c17 | Thursday,Shopping,r33_c17,Thursday,1,1,True,12:00-12:30,1.0,1,0.0,,0.0,0.0,False,False,,,,,,,,1.0,1.0,0.0,1.0,0.0,r31_c14,1.0,1.0,False,,,,,,,
Shopping | r33_c20 | Friday,Shopping,r33_c20,Friday,3,2,True,14:00-14:30,0.6666666666666666,2,0.33333333333333337,59.99999999999999,20.0,0.16666666666666666,False,False,,,,,,,,1.0,1.0,0.0,1.0,0.0,r34_c18,3.0,1.0,False,,,,,,,
Shopping | r33_c20 | Monday,Shopping,r33_c20,Monday,1,1,True,13:00-13:30,1.0,1,0.0,,0.0,0.0,False,False,,,,,,,,1.0,1.0,0.0,1.0,0.0,r30_c21,1.0,1.0,False,,,,,,,
Shopping | r33_c20 | Thursday,Shopping,r33_c20,Thursday,8,2,True,11:00-11:30,0.375,5,0.625,90.0,56.25,0.375,False,False,,,,,,,,1.0,1.0,0.0,1.0,0.0,r34_c18,8.0,1.0,False,,,,,,,
Shopping | r33_c20 | Wednesday,Shopping,r33_c20,Wednesday,1,1,True,13:30-14:00,1.0,1,0.0,,0.0,0.0,False,False,,,,,,,,1.0,1.0,0.0,1.0,0.0,r33_c24,1.0,1.0,False,,,,,,,
Shopping | r33_c21 | Tuesday,Shopping,r33_c21,Tuesday,8,4,True,12:30-13:00,0.625,4,0.375,40.0,15.0,0.125,False,False,,,,,,,,1.0,1.0,0.0,1.0,0.0,r32_c21,8.0,1.0,False,,,,,,,
Shopping | r33_c23 | Friday,Shopping,r33_c23,Friday,1,1,True,14:00-14:30,1.0,1,0.0,,0.0,0.0,False,False,,,,,,,,1.0,1.0,0.0,1.0,0.0,r31_c20,1.0,1.0,False,,,,,,,
Shopping | r33_c23 | Monday,Shopping,r33_c23,Monday,4,2,True,12:00-12:30,0.5,3,0.5,105.0,52.5,0.4375,False,False,,,,,,,,3.0,0.375,2.0,2.6666666666666665,0.625,r35_c19,2.0,0.5,False,,,,,,,
Shopping | r33_c23 | Thursday,Shopping,r33_c23,Thursday,4,4,True,13:30-14:00,0.5,3,0.5,60.0,30.0,0.25,False,False,,,,,,,,3.0,0.375,2.0,2.6666666666666665,0.625,r35_c20,2.0,0.5,False,,,,,,,
Shopping | r33_c23 | Tuesday,Shopping,r33_c23,Tuesday,11,5,True,15:30-16:00,0.36363636363636365,7,0.6363636363636364,124.28571428571429,79.0909090909091,0.5,True,True,0.6363636363636364,124.28571428571429,79.0909090909091,0.5,0.6363636363636364,124.28571428571429,0.5,4.0,0.371900826446281,3.0,2.688888888888889,0.628099173553719,r36_c23,6.0,0.5454545454545454,True,3.0,2.688888888888889,0.628099173553719,r36_c23,6.0,0.5454545454545454,0.628099173553719
Shopping | r33_c23 | Wednesday,Shopping,r33_c23,Wednesday,1,1,True,12:30-13:00,1.0,1,0.0,,0.0,0.0,False,False,,,,,,,,1.0,1.0,0.0,1.0,0.0,r36_c23,1.0,1.0,False,,,,,,,
Shopping | r33_c24 | Wednesday,Shopping,r33_c24,Wednesday,1,1,True,11:00-11:30,1.0,1,0.0,,0.0,0.0,False,False,,,,,,,,1.0,1.0,0.0,1.0,0.0,r33_c20,1.0,1.0,False,,,,,,,
Shopping | r33_c9 | Friday,Shopping,r33_c9,Friday,1,1,True,09:30-10:00,1.0,1,0.0,,0.0,0.0,False,False,,,,,,,,1.0,1.0,0.0,1.0,0.0,r29_c15,1.0,1.0,False,,,,,,,
Shopping | r34_c17 | Friday,Shopping,r34_c17,Friday,2,2,True,12:00-12:30,1.0,1,0.0,,0.0,0.0,False,False,,,,,,,,2.0,0.5,1.0,2.0,0.5,r31_c14,1.0,0.5,False,,,,,,,
Shopping | r34_c17 | Thursday,Shopping,r34_c17,Thursday,1,1,True,12:00-12:30,1.0,1,0.0,,0.0,0.0,False,False,,,,,,,,1.0,1.0,0.0,1.0,0.0,r35_c19,1.0,1.0,False,,,,,,,
Shopping | r34_c18 | Friday,Shopping,r34_c18,Friday,51,21,True,10:00-10:30,0.45098039215686275,5,0.5490196078431373,37.49999999999999,20.588235294117645,0.1715686274509804,True,True,0.5490196078431373,37.49999999999999,20.588235294117645,0.1715686274509804,0.5490196078431373,37.49999999999999,0.1715686274509804,9.0,0.3787004998077663,8.0,2.640609137055837,0.6212995001922337,r35_c16,30.0,0.5882352941176471,True,8.0,2.640609137055837,0.6212995001922337,r35_c16,30.0,0.5882352941176471,0.6212995001922337
Shopping | r34_c18 | Monday,Shopping,r34_c18,Monday,16,6,True,10:00-10:30,0.4375,5,0.5625,50.0,28.125,0.234375,True,True,0.5625,50.0,28.125,0.234375,0.5625,50.0,0.234375,4.0,0.5078125,3.0,1.9692307692307693,0.4921875,r35_c16,11.0,0.6875,True,3.0,1.9692307692307693,0.4921875,r35_c16,11.0,0.6875,0.4921875
Shopping | r34_c18 | Thursday,Shopping,r34_c18,Thursday,42,19,True,10:00-10:30,0.38095238095238093,7,0.6190476190476191,49.615384615384606,30.71428571428571,0.244047619047619,True,True,0.6190476190476191,49.615384615384606,30.71428571428571,0.244047619047619,0.6190476190476191,49.615384615384606,0.244047619047619,6.0,0.42290249433106575,5.0,2.3646112600536195,0.5770975056689343,r35_c16,26.0,0.6190476190476191,True,5.0,2.3646112600536195,0.5770975056689343,r35_c16,26.0,0.6190476190476191,0.5770975056689343
Shopping | r34_c18 | Tuesday,Shopping,r34_c18,Tuesday,18,9,True,10:00-10:30,0.3888888888888889,4,0.6111111111111112,32.72727272727273,20.0,0.16666666666666669,True,True,0.6111111111111112,32.72727272727273,20.0,0.16666666666666669,0.6111111111111112,32.72727272727273,0.16666666666666669,4.0,0.3580246913580247,3.0,2.7931034482758617,0.6419753086419753,r33_c16,9.0,0.5,True,3.0,2.7931034482758617,0.6419753086419753,r33_c16,9.0,0.5,0.6419753086419753
Shopping | r34_c18 | Wednesday,Shopping,r34_c18,Wednesday,18,10,True,10:00-10:30,0.4444444444444444,6,0.5555555555555556,50.99999999999999,28.333333333333332,0.23611111111111108,True,True,0.5555555555555556,50.99999999999999,28.333333333333332,0.23611111111111108,0.5555555555555556,50.99999999999999,0.23611111111111108,3.0,0.4135802469135803,2.0,2.4179104477611935,0.5864197530864197,r33_c16,10.0,0.5555555555555556,True,2.0,2.4179104477611935,0.5864197530864197,r33_c16,10.0,0.5555555555555556,0.5864197530864197
Shopping | r34_c20 | Friday,Shopping,r34_c20,Friday,1,1,True,10:00-10:30,1.0,1,0.0,,0.0,0.0,False,False,,,,,,,,1.0,1.0,0.0,1.0,0.0,r34_c23,1.0,1.0,False,,,,,,,
Shopping | r34_c20 | Tuesday,Shopping,r34_c20,Tuesday,1,1,True,10:00-10:30,1.0,1,0.0,,0.0,0.0,False,False,,,,,,,,1.0,1.0,0.0,1.0,0.0,r33_c23,1.0,1.0,False,,,,,,,
Shopping | r34_c21 | Friday,Shopping,r34_c21,Friday,1,1,True,14:30-15:00,1.0,1,0.0,,0.0,0.0,False,False,,,,,,,,1.0,1.0,0.0,1.0,0.0,r34_c18,1.0,1.0,False,,,,,,,
Shopping | r34_c21 | Monday,Shopping,r34_c21,Monday,3,3,True,10:00-10:30,0.3333333333333333,3,0.6666666666666667,209.99999999999997,140.0,0.6666666666666666,False,False,,,,,,,,3.0,0.3333333333333333,2.0,3.0,0.6666666666666667,r32_c20,1.0,0.3333333333333333,False,,,,,,,
Shopping | r34_c21 | Thursday,Shopping,r34_c21,Thursday,7,5,True,14:00-14:30,0.42857142857142855,4,0.5714285714285714,90.0,51.42857142857142,0.25,False,False,,,,,,,,2.0,0.7551020408163265,1.0,1.3243243243243243,0.24489795918367352,r34_c18,6.0,0.8571428571428571,False,,,,,,,
Shopping | r34_c21 | Wednesday,Shopping,r34_c21,Wednesday,10,2,True,12:30-13:00,0.4,5,0.6,65.0,39.0,0.32500000000000007,False,False,,,,,,,,1.0,1.0,0.0,1.0,0.0,r34_c18,10.0,1.0,False,,,,,,,
Shopping | r34_c23 | Friday,Shopping,r34_c23,Friday,4,2,True,12:00-12:30,0.25,4,0.75,100.0,75.0,0.4375,False,False,,,,,,,,2.0,0.625,1.0,1.6,0.375,r34_c20,3.0,0.75,False,,,,,,,
Shopping | r34_c23 | Monday,Shopping,r34_c23,Monday,9,4,True,12:00-12:30,0.3333333333333333,6,0.6666666666666667,59.999999999999986,39.99999999999999,0.33333333333333337,False,False,,,,,,,,2.0,0.654320987654321,1.0,1.5283018867924527,0.345679012345679,r35_c15,7.0,0.7777777777777778,False,,,,,,,
Shopping | r34_c23 | Thursday,Shopping,r34_c23,Thursday,9,3,True,13:30-14:00,0.2222222222222222,6,0.7777777777777778,94.28571428571428,73.33333333333333,0.5833333333333333,False,False,,,,,,,,2.0,0.8024691358024691,1.0,1.2461538461538462,0.19753086419753085,r36_c23,8.0,0.8888888888888888,False,,,,,,,
Shopping | r34_c23 | Tuesday,Shopping,r34_c23,Tuesday,10,4,True,15:00-15:30,0.3,7,0.7,85.71428571428572,60.0,0.45000000000000007,True,True,0.7,85.71428571428572,60.0,0.45000000000000007,0.7,85.71428571428572,0.45000000000000007,2.0,0.58,1.0,1.7241379310344829,0.42000000000000004,r36_c23,7.0,0.7,True,1.0,1.7241379310344829,0.42000000000000004,r36_c23,7.0,0.7,0.42000000000000004
Shopping | r34_c23 | Wednesday,Shopping,r34_c23,Wednesday,1,1,True,13:30-14:00,1.0,1,0.0,,0.0,0.0,False,False,,,,,,,,1.0,1.0,0.0,1.0,0.0,r35_c15,1.0,1.0,False,,,,,,,
Shopping | r34_c24 | Monday,Shopping,r34_c24,Monday,3,2,True,13:00-13:30,0.3333333333333333,3,0.6666666666666667,59.99999999999999,40.0,0.3333333333333333,False,False,,,,,,,,1.0,1.0,0.0,1.0,0.0,r28_c15,3.0,1.0,False,,,,,,,
Shopping | r34_c24 | Wednesday,Shopping,r34_c24,Wednesday,1,1,True,11:30-12:00,1.0,1,0.0,,0.0,0.0,False,False,,,,,,,,1.0,1.0,0.0,1.0,0.0,r28_c15,1.0,1.0,False,,,,,,,
Shopping | r35_c10 | Monday,Shopping,r35_c10,Monday,2,1,True,13:00-13:30,1.0,1,0.0,,0.0,0.0,False,False,,,,,,,,1.0,1.0,0.0,1.0,0.0,r35_c16,2.0,1.0,False,,,,,,,
Shopping | r35_c10 | Tuesday,Shopping,r35_c10,Tuesday,1,1,True,10:00-10:30,1.0,1,0.0,,0.0,0.0,False,False,,,,,,,,1.0,1.0,0.0,1.0,0.0,r35_c16,1.0,1.0,False,,,,,,,
Shopping | r35_c14 | Friday,Shopping,r35_c14,Friday,6,4,True,09:30-10:00,0.6666666666666666,2,0.33333333333333337,29.999999999999996,10.0,0.08333333333333333,False,False,,,,,,,,3.0,0.3888888888888889,2.0,2.571428571428571,0.6111111111111112,r26_c16,3.0,0.5,False,,,,,,,
Shopping | r35_c14 | Monday,Shopping,r35_c14,Monday,2,2,True,10:00-10:30,0.5,2,0.5,60.0,30.0,0.25,False,False,,,,,,,,2.0,0.5,1.0,2.0,0.5,r26_c16,1.0,0.5,False,,,,,,,
Shopping | r35_c14 | Thursday,Shopping,r35_c14,Thursday,1,1,True,10:00-10:30,1.0,1,0.0,,0.0,0.0,False,False,,,,,,,,1.0,1.0,0.0,1.0,0.0,r30_c20,1.0,1.0,False,,,,,,,
Shopping | r35_c14 | Tuesday,Shopping,r35_c14,Tuesday,3,2,True,10:00-10:30,0.6666666666666666,2,0.33333333333333337,29.999999999999996,10.0,0.08333333333333333,False,False,,,,,,,,1.0,1.0,0.0,1.0,0.0,r26_c16,3.0,1.0,False,,,,,,,
Shopping | r35_c15 | Friday,Shopping,r35_c15,Friday,2,2,True,10:00-10:30,0.5,2,0.5,30.0,15.0,0.125,False,False,,,,,,,,1.0,1.0,0.0,1.0,0.0,r35_c16,2.0,1.0,False,,,,,,,
Shopping | r35_c15 | Monday,Shopping,r35_c15,Monday,5,3,True,10:30-11:00,1.0,1,0.0,,0.0,0.0,False,False,,,,,,,,2.0,0.52,1.0,1.923076923076923,0.48,r34_c23,3.0,0.6,False,,,,,,,
Shopping | r35_c15 | Thursday,Shopping,r35_c15,Thursday,4,3,True,10:00-10:30,0.75,2,0.25,30.0,7.5,0.0625,False,False,,,,,,,,1.0,1.0,0.0,1.0,0.0,r35_c16,4.0,1.0,False,,,,,,,
Shopping | r35_c15 | Tuesday,Shopping,r35_c15,Tuesday,3,3,True,10:30-11:00,0.6666666666666666,2,0.33333333333333337,89.99999999999999,30.0,0.25,False,False,,,,,,,,3.0,0.3333333333333333,2.0,3.0,0.6666666666666667,r33_c16,1.0,0.3333333333333333,False,,,,,,,
Shopping | r35_c15 | Wednesday,Shopping,r35_c15,Wednesday,2,2,True,10:30-11:00,1.0,1,0.0,,0.0,0.0,False,False,,,,,,,,2.0,0.5,1.0,2.0,0.5,r34_c23,1.0,0.5,False,,,,,,,
Shopping | r35_c16 | Friday,Shopping,r35_c16,Friday,50,22,True,13:30-14:00,0.34,10,0.6599999999999999,70.90909090909092,46.800000000000004,0.38,True,True,0.6599999999999999,70.90909090909092,46.800000000000004,0.38,0.6599999999999999,70.90909090909092,0.38,10.0,0.35600000000000004,9.0,2.8089887640449436,0.6439999999999999,r34_c18,28.0,0.56,True,9.0,2.8089887640449436,0.6439999999999999,r34_c18,28.0,0.56,0.6439999999999999
Shopping | r35_c16 | Monday,Shopping,r35_c16,Monday,23,11,True,13:00-13:30,0.2608695652173913,9,0.7391304347826086,60.00000000000001,44.34782608695652,0.3695652173913043,True,True,0.7391304347826086,60.00000000000001,44.34782608695652,0.3695652173913043,0.7391304347826086,60.00000000000001,0.3695652173913043,7.0,0.23251417769376176,6.0,4.300813008130082,0.7674858223062382,r35_c19,8.0,0.34782608695652173,True,6.0,4.300813008130082,0.7674858223062382,r35_c19,8.0,0.34782608695652173,0.7674858223062382
Shopping | r35_c16 | Thursday,Shopping,r35_c16,Thursday,58,16,True,13:30-14:00,0.22413793103448276,10,0.7758620689655172,61.33333333333334,47.58620689655173,0.3836206896551724,True,True,0.7758620689655172,61.33333333333334,47.58620689655173,0.3836206896551724,0.7758620689655172,61.33333333333334,0.3836206896551724,6.0,0.6147443519619502,5.0,1.62669245647969,0.3852556480380498,r34_c18,45.0,0.7758620689655172,True,5.0,1.62669245647969,0.3852556480380498,r34_c18,45.0,0.7758620689655172,0.3852556480380498
Shopping | r35_c16 | Tuesday,Shopping,r35_c16,Tuesday,26,14,True,13:30-14:00,0.3076923076923077,11,0.6923076923076923,111.66666666666667,77.3076923076923,0.5384615384615384,True,True,0.6923076923076923,111.66666666666667,77.3076923076923,0.5384615384615384,0.6923076923076923,111.66666666666667,0.5384615384615384,11.0,0.17455621301775148,10.0,5.728813559322034,0.8254437869822485,r35_c19,9.0,0.34615384615384615,True,10.0,5.728813559322034,0.8254437869822485,r35_c19,9.0,0.34615384615384615,0.8254437869822485
Shopping | r35_c16 | Wednesday,Shopping,r35_c16,Wednesday,23,12,True,13:30-14:00,0.30434782608695654,7,0.6956521739130435,69.375,48.26086956521739,0.3913043478260869,True,True,0.6956521739130435,69.375,48.26086956521739,0.3913043478260869,0.6956521739130435,69.375,0.3913043478260869,5.0,0.28544423440453687,4.0,3.5033112582781456,0.7145557655954631,r31_c14,8.0,0.34782608695652173,True,4.0,3.5033112582781456,0.7145557655954631,r31_c14,8.0,0.34782608695652173,0.7145557655954631
Shopping | r35_c17 | Friday,Shopping,r35_c17,Friday,1,1,True,10:00-10:30,1.0,1,0.0,,0.0,0.0,False,False,,,,,,,,1.0,1.0,0.0,1.0,0.0,r35_c16,1.0,1.0,False,,,,,,,
Shopping | r35_c17 | Monday,Shopping,r35_c17,Monday,2,1,True,10:00-10:30,1.0,1,0.0,,0.0,0.0,False,False,,,,,,,,1.0,1.0,0.0,1.0,0.0,r35_c16,2.0,1.0,False,,,,,,,
Shopping | r35_c17 | Tuesday,Shopping,r35_c17,Tuesday,1,1,True,10:00-10:30,1.0,1,0.0,,0.0,0.0,False,False,,,,,,,,1.0,1.0,0.0,1.0,0.0,r35_c16,1.0,1.0,False,,,,,,,
Shopping | r35_c19 | Friday,Shopping,r35_c19,Friday,7,5,True,09:30-10:00,0.5714285714285714,3,0.4285714285714286,150.0,64.28571428571429,0.3214285714285714,False,False,,,,,,,,2.0,0.510204081632653,1.0,1.9600000000000004,0.48979591836734704,r35_c16,4.0,0.5714285714285714,False,,,,,,,
Shopping | r35_c19 | Monday,Shopping,r35_c19,Monday,9,6,True,09:30-10:00,0.3333333333333333,4,0.6666666666666667,39.99999999999999,26.666666666666664,0.2222222222222222,False,False,,,,,,,,3.0,0.4320987654320988,2.0,2.314285714285714,0.5679012345679012,r35_c16,5.0,0.5555555555555556,False,,,,,,,
Shopping | r35_c19 | Thursday,Shopping,r35_c19,Thursday,7,5,True,10:00-10:30,0.5714285714285714,3,0.4285714285714286,49.99999999999999,21.428571428571427,0.17857142857142855,False,False,,,,,,,,4.0,0.30612244897959184,3.0,3.2666666666666666,0.6938775510204082,r35_c16,3.0,0.42857142857142855,False,,,,,,,
Shopping | r35_c19 | Tuesday,Shopping,r35_c19,Tuesday,6,5,True,09:30-10:00,0.3333333333333333,4,0.6666666666666667,44.99999999999999,30.0,0.24999999999999997,False,False,,,,,,,,3.0,0.3888888888888889,2.0,2.571428571428571,0.6111111111111112,r35_c16,3.0,0.5,False,,,,,,,
Shopping | r35_c19 | Wednesday,Shopping,r35_c19,Wednesday,4,4,True,08:30-09:00,0.25,4,0.75,60.0,45.0,0.375,False,False,,,,,,,,2.0,0.625,1.0,1.6,0.375,r35_c16,3.0,0.75,False,,,,,,,
Shopping | r35_c20 | Friday,Shopping,r35_c20,Friday,2,2,True,09:30-10:00,0.5,2,0.5,90.0,45.0,0.375,False,False,,,,,,,,2.0,0.5,1.0,2.0,0.5,r35_c16,1.0,0.5,False,,,,,,,
Shopping | r35_c20 | Monday,Shopping,r35_c20,Monday,1,1,True,10:00-10:30,1.0,1,0.0,,0.0,0.0,False,False,,,,,,,,1.0,1.0,0.0,1.0,0.0,r36_c16,1.0,1.0,False,,,,,,,
Shopping | r35_c20 | Thursday,Shopping,r35_c20,Thursday,5,3,True,10:00-10:30,0.4,4,0.6,50.0,30.0,0.25,False,False,,,,,,,,3.0,0.3600000000000001,2.0,2.7777777777777772,0.6399999999999999,r33_c23,2.0,0.4,False,,,,,,,
Shopping | r35_c20 | Tuesday,Shopping,r35_c20,Tuesday,2,2,True,10:00-10:30,0.5,2,0.5,30.0,15.0,0.125,False,False,,,,,,,,2.0,0.5,1.0,2.0,0.5,r35_c16,1.0,0.5,False,,,,,,,
Shopping | r35_c23 | Friday,Shopping,r35_c23,Friday,18,11,True,13:00-13:30,0.3333333333333333,7,0.6666666666666667,52.49999999999999,35.0,0.2916666666666667,True,True,0.6666666666666667,52.49999999999999,35.0,0.2916666666666667,0.6666666666666667,52.49999999999999,0.2916666666666667,7.0,0.17283950617283955,6.0,5.785714285714284,0.8271604938271604,r28_c14,4.0,0.2222222222222222,True,6.0,5.785714285714284,0.8271604938271604,r28_c14,4.0,0.2222222222222222,0.8271604938271604
Shopping | r35_c23 | Monday,Shopping,r35_c23,Monday,15,13,True,13:00-13:30,0.4,5,0.6,46.66666666666667,28.0,0.23333333333333334,True,True,0.6,46.66666666666667,28.0,0.23333333333333334,0.6,46.66666666666667,0.23333333333333334,3.0,0.44000000000000006,2.0,2.2727272727272725,0.5599999999999999,r28_c15,9.0,0.6,True,2.0,2.2727272727272725,0.5599999999999999,r28_c15,9.0,0.6,0.5599999999999999
Shopping | r35_c23 | Thursday,Shopping,r35_c23,Thursday,30,14,True,13:00-13:30,0.26666666666666666,8,0.7333333333333334,58.63636363636363,43.0,0.35000000000000003,True,True,0.7333333333333334,58.63636363636363,43.0,0.35000000000000003,0.7333333333333334,58.63636363636363,0.35000000000000003,9.0,0.17111111111111113,8.0,5.844155844155844,0.8288888888888889,r34_c18,8.0,0.26666666666666666,True,8.0,5.844155844155844,0.8288888888888889,r34_c18,8.0,0.26666666666666666,0.8288888888888889
Shopping | r35_c23 | Tuesday,Shopping,r35_c23,Tuesday,32,14,True,13:30-14:00,0.34375,8,0.65625,54.285714285714285,35.625,0.296875,True,True,0.65625,54.285714285714285,35.625,0.296875,0.65625,54.285714285714285,0.296875,9.0,0.173828125,8.0,5.752808988764045,0.826171875,r34_c18,8.0,0.25,True,8.0,5.752808988764045,0.826171875,r34_c18,8.0,0.25,0.826171875
Shopping | r35_c23 | Wednesday,Shopping,r35_c23,Wednesday,19,9,True,13:30-14:00,0.3684210526315789,7,0.631578947368421,60.0,37.89473684210526,0.31578947368421056,True,True,0.631578947368421,60.0,37.89473684210526,0.31578947368421056,0.631578947368421,60.0,0.31578947368421056,3.0,0.3795013850415512,2.0,2.6350364963503656,0.6204986149584488,r28_c14,8.0,0.42105263157894735,True,2.0,2.6350364963503656,0.6204986149584488,r28_c14,8.0,0.42105263157894735,0.6204986149584488
Shopping | r36_c16 | Friday,Shopping,r36_c16,Friday,1,1,True,13:30-14:00,1.0,1,0.0,,0.0,0.0,False,False,,,,,,,,1.0,1.0,0.0,1.0,0.0,r32_c20,1.0,1.0,False,,,,,,,
Shopping | r36_c16 | Monday,Shopping,r36_c16,Monday,3,3,True,13:30-14:00,0.6666666666666666,2,0.33333333333333337,29.999999999999996,10.0,0.08333333333333333,False,False,,,,,,,,2.0,0.5555555555555556,1.0,1.7999999999999998,0.4444444444444444,r32_c20,2.0,0.6666666666666666,False,,,,,,,
Shopping | r36_c16 | Tuesday,Shopping,r36_c16,Tuesday,1,1,True,14:00-14:30,1.0,1,0.0,,0.0,0.0,False,False,,,,,,,,1.0,1.0,0.0,1.0,0.0,r32_c20,1.0,1.0,False,,,,,,,
Shopping | r36_c16 | Wednesday,Shopping,r36_c16,Wednesday,2,1,True,11:00-11:30,1.0,1,0.0,,0.0,0.0,False,False,,,,,,,,1.0,1.0,0.0,1.0,0.0,r33_c16,2.0,1.0,False,,,,,,,
Shopping | r36_c21 | Tuesday,Shopping,r36_c21,Tuesday,1,1,True,10:00-10:30,1.0,1,0.0,,0.0,0.0,False,False,,,,,,,,1.0,1.0,0.0,1.0,0.0,r35_c23,1.0,1.0,False,,,,,,,
Shopping | r36_c22 | Friday,Shopping,r36_c22,Friday,3,3,True,14:30-15:00,0.6666666666666666,2,0.33333333333333337,209.99999999999997,70.0,0.3333333333333333,False,False,,,,,,,,2.0,0.5555555555555556,1.0,1.7999999999999998,0.4444444444444444,r32_c20,2.0,0.6666666666666666,False,,,,,,,
Shopping | r36_c22 | Thursday,Shopping,r36_c22,Thursday,1,1,True,11:00-11:30,1.0,1,0.0,,0.0,0.0,False,False,,,,,,,,1.0,1.0,0.0,1.0,0.0,r35_c23,1.0,1.0,False,,,,,,,
Shopping | r36_c22 | Tuesday,Shopping,r36_c22,Tuesday,8,5,True,12:30-13:00,0.25,6,0.75,100.0,75.0,0.59375,False,False,,,,,,,,3.0,0.375,2.0,2.6666666666666665,0.625,r32_c20,4.0,0.5,False,,,,,,,
Shopping | r36_c23 | Thursday,Shopping,r36_c23,Thursday,9,7,True,09:30-10:00,0.5555555555555556,4,0.4444444444444444,37.5,16.666666666666664,0.1388888888888889,False,False,,,,,,,,3.0,0.5061728395061729,2.0,1.975609756097561,0.49382716049382713,r35_c23,6.0,0.6666666666666666,False,,,,,,,
Shopping | r36_c23 | Tuesday,Shopping,r36_c23,Tuesday,14,11,True,10:00-10:30,0.5,4,0.5,42.857142857142854,21.428571428571427,0.17857142857142855,True,True,0.5,42.857142857142854,21.428571428571427,0.17857142857142855,0.5,42.857142857142854,0.17857142857142855,3.0,0.3877551020408163,2.0,2.5789473684210527,0.6122448979591837,r33_c23,6.0,0.42857142857142855,True,2.0,2.5789473684210527,0.6122448979591837,r33_c23,6.0,0.42857142857142855,0.6122448979591837
Shopping | r36_c23 | Wednesday,Shopping,r36_c23,Wednesday,1,1,True,10:00-10:30,1.0,1,0.0,,0.0,0.0,False,False,,,,,,,,1.0,1.0,0.0,1.0,0.0,r33_c23,1.0,1.0,False,,,,,,,
Shopping | r36_c8 | Friday,Shopping,r36_c8,Friday,6,3,True,10:00-10:30,0.5,3,0.5,50.0,25.0,0.20833333333333331,False,False,,,,,,,,1.0,1.0,0.0,1.0,0.0,r27_c16,6.0,1.0,False,,,,,,,
Shopping | r36_c8 | Monday,Shopping,r36_c8,Monday,6,5,True,10:00-10:30,0.8333333333333334,2,0.16666666666666663,60.000000000000014,10.0,0.08333333333333333,False,False,,,,,,,,1.0,1.0,0.0,1.0,0.0,r27_c16,6.0,1.0,False,,,,,,,
Shopping | r36_c8 | Thursday,Shopping,r36_c8,Thursday,1,1,True,09:00-09:30,1.0,1,0.0,,0.0,0.0,False,False,,,,,,,,1.0,1.0,0.0,1.0,0.0,r27_c16,1.0,1.0,False,,,,,,,
Shopping | r36_c8 | Tuesday,Shopping,r36_c8,Tuesday,4,4,True,10:00-10:30,0.5,3,0.5,45.0,22.5,0.1875,False,False,,,,,,,,2.0,0.625,1.0,1.6,0.375,r27_c16,3.0,0.75,False,,,,,,,
Shopping | r36_c8 | Wednesday,Shopping,r36_c8,Wednesday,7,4,True,10:00-10:30,0.42857142857142855,3,0.5714285714285714,45.00000000000001,25.714285714285715,0.21428571428571427,False,False,,,,,,,,1.0,1.0,0.0,1.0,0.0,r27_c16,7.0,1.0,False,,,,,,,
Shopping | r37_c16 | Friday,Shopping,r37_c16,Friday,1,1,True,14:00-14:30,1.0,1,0.0,,0.0,0.0,False,False,,,,,,,,1.0,1.0,0.0,1.0,0.0,r35_c16,1.0,1.0,False,,,,,,,
Shopping | r37_c21 | Friday,Shopping,r37_c21,Friday,4,2,True,12:00-12:30,0.25,4,0.75,110.0,82.5,0.5,False,False,,,,,,,,1.0,1.0,0.0,1.0,0.0,r35_c19,4.0,1.0,False,,,,,,,
Shopping | r37_c21 | Monday,Shopping,r37_c21,Monday,4,2,True,12:30-13:00,0.75,2,0.25,30.0,7.5,0.0625,False,False,,,,,,,,3.0,0.375,2.0,2.6666666666666665,0.625,r29_c17,2.0,0.5,False,,,,,,,
Shopping | r37_c21 | Thursday,Shopping,r37_c21,Thursday,5,2,True,12:00-12:30,0.4,4,0.6,40.0,24.0,0.2,False,False,,,,,,,,1.0,1.0,0.0,1.0,0.0,r35_c19,5.0,1.0,False,,,,,,,
Shopping | r37_c21 | Tuesday,Shopping,r37_c21,Tuesday,1,1,True,12:30-13:00,1.0,1,0.0,,0.0,0.0,False,False,,,,,,,,1.0,1.0,0.0,1.0,0.0,r35_c19,1.0,1.0,False,,,,,,,
Shopping | r43_c16 | Tuesday,Shopping,r43_c16,Tuesday,4,2,True,09:30-10:00,1.0,1,0.0,,0.0,0.0,False,False,,,,,,,,1.0,1.0,0.0,1.0,0.0,r35_c16,4.0,1.0,False,,,,,,,
Shopping | r7_c27 | Monday,Shopping,r7_c27,Monday,4,1,True,08:30-09:00,0.75,2,0.25,30.0,7.5,0.0625,False,False,,,,,,,,1.0,1.0,0.0,1.0,0.0,r29_c17,4.0,1.0,False,,,,,,,
Trolley | r14_c24 | Friday,Trolley,r14_c24,Friday,5,5,True,08:30-09:00,0.4,3,0.6,30.0,18.0,0.15000000000000002,False,False,,,,,,,,3.0,0.44000000000000006,2.0,2.2727272727272725,0.5599999999999999,r24_c16,3.0,0.6,False,,,,,,,
Trolley | r14_c24 | Monday,Trolley,r14_c24,Monday,1,1,True,09:00-09:30,1.0,1,0.0,,0.0,0.0,False,False,,,,,,,,1.0,1.0,0.0,1.0,0.0,r24_c16,1.0,1.0,False,,,,,,,
Trolley | r14_c24 | Wednesday,Trolley,r14_c24,Wednesday,1,1,True,08:00-08:30,1.0,1,0.0,,0.0,0.0,False,False,,,,,,,,1.0,1.0,0.0,1.0,0.0,r25_c16,1.0,1.0,False,,,,,,,
Trolley | r24_c16 | Tuesday,Trolley,r24_c16,Tuesday,1,1,True,08:00-08:30,1.0,1,0.0,,0.0,0.0,False,False,,,,,,,,1.0,1.0,0.0,1.0,0.0,r25_c16,1.0,1.0,False,,,,,,,
Trolley | r25_c16 | Friday,Trolley,r25_c16,Friday,1,1,True,09:00-09:30,1.0,1,0.0,,0.0,0.0,False,False,,,,,,,,1.0,1.0,0.0,1.0,0.0,r24_c16,1.0,1.0,False,,,,,,,
Trolley | r25_c16 | Tuesday,Trolley,r25_c16,Tuesday,1,1,True,09:00-09:30,1.0,1,0.0,,0.0,0.0,False,False,,,,,,,,1.0,1.0,0.0,1.0,0.0,r14_c24,1.0,1.0,False,,,,,,,
Trolley | r25_c16 | Wednesday,Trolley,r25_c16,Wednesday,2,2,True,08:00-08:30,0.5,2,0.5,90.0,45.0,0.375,False,False,,,,,,,,2.0,0.5,1.0,2.0,0.5,r14_c23,1.0,0.5,False,,,,,,,
Workshop | r14_c16 | Thursday,Workshop,r14_c16,Thursday,2,1,False,07:30-08:00,0.5,2,0.5,30.0,15.0,0.125,False,False,,,,,,,,,,,,,,,,False,,,,,,,
Workshop | r14_c16 | Tuesday,Workshop,r14_c16,Tuesday,13,1,False,07:30-08:00,0.3076923076923077,5,0.6923076923076923,46.666666666666664,32.30769230769231,0.2692307692307692,False,False,,,,,,,,,,,,,,,,False,,,,,,,
Workshop | r17_c16 | Friday,Workshop,r17_c16,Friday,29,28,False,14:30-15:00,0.9655172413793104,2,0.03448275862068961,30.00000000000004,1.0344827586206897,0.008620689655172414,True,False,,,,,,,,,,,,,,,,False,,,,,,,
Workshop | r17_c16 | Monday,Workshop,r17_c16,Monday,2,2,False,14:30-15:00,1.0,1,0.0,,0.0,0.0,False,False,,,,,,,,,,,,,,,,False,,,,,,,
Workshop | r17_c16 | Thursday,Workshop,r17_c16,Thursday,36,31,False,14:30-15:00,0.9444444444444444,3,0.05555555555555558,59.99999999999997,3.333333333333333,0.027777777777777776,True,False,,,,,,,,,,,,,,,,False,,,,,,,
Workshop | r17_c16 | Tuesday,Workshop,r17_c16,Tuesday,34,31,False,14:30-15:00,0.9411764705882353,2,0.05882352941176472,29.999999999999993,1.7647058823529411,0.014705882352941176,True,False,,,,,,,,,,,,,,,,False,,,,,,,
Workshop | r17_c16 | Wednesday,Workshop,r17_c16,Wednesday,2,2,False,14:30-15:00,1.0,1,0.0,,0.0,0.0,False,False,,,,,,,,,,,,,,,,False,,,,,,,
Workshop | r18_c16 | Friday,Workshop,r18_c16,Friday,24,13,False,07:00-07:30,0.7083333333333334,2,0.29166666666666663,30.000000000000004,8.75,0.07291666666666667,True,False,,,,,,,,,,,,,,,,False,,,,,,,
Workshop | r18_c16 | Monday,Workshop,r18_c16,Monday,18,11,False,07:00-07:30,0.7222222222222222,3,0.2777777777777778,36.0,10.0,0.08333333333333333,True,False,,,,,,,,,,,,,,,,False,,,,,,,
Workshop | r18_c16 | Thursday,Workshop,r18_c16,Thursday,1,1,False,07:00-07:30,1.0,1,0.0,,0.0,0.0,False,False,,,,,,,,,,,,,,,,False,,,,,,,
Workshop | r18_c16 | Tuesday,Workshop,r18_c16,Tuesday,1,1,False,06:30-07:00,1.0,1,0.0,,0.0,0.0,False,False,,,,,,,,,,,,,,,,False,,,,,,,
Workshop | r19_c19 | Monday,Workshop,r19_c19,Monday,59,40,False,07:00-07:30,0.9830508474576272,2,0.016949152542372836,30.000000000000078,0.5084745762711864,0.00423728813559322,True,False,,,,,,,,,,,,,,,,False,,,,,,,
Workshop | r19_c19 | Thursday,Workshop,r19_c19,Thursday,73,37,False,07:00-07:30,0.8082191780821918,2,0.1917808219178082,30.0,5.7534246575342465,0.04794520547945205,True,False,,,,,,,,,,,,,,,,False,,,,,,,
Workshop | r19_c19 | Tuesday,Workshop,r19_c19,Tuesday,88,41,False,07:00-07:30,0.7727272727272727,2,0.2272727272727273,29.999999999999996,6.818181818181818,0.056818181818181816,True,False,,,,,,,,,,,,,,,,False,,,,,,,
Workshop | r20_c22 | Monday,Workshop,r20_c22,Monday,75,48,False,07:00-07:30,0.9733333333333334,2,0.026666666666666616,30.000000000000057,0.8,0.006666666666666667,True,False,,,,,,,,,,,,,,,,False,,,,,,,
Workshop | r20_c22 | Thursday,Workshop,r20_c22,Thursday,145,47,False,07:00-07:30,0.8620689655172413,2,0.13793103448275867,29.99999999999999,4.137931034482759,0.034482758620689655,True,False,,,,,,,,,,,,,,,,False,,,,,,,
Workshop | r20_c22 | Tuesday,Workshop,r20_c22,Tuesday,164,48,False,07:00-07:30,0.8109756097560976,2,0.18902439024390238,30.00000000000001,5.670731707317073,0.04725609756097561,True,False,,,,,,,,,,,,,,,,False,,,,,,,
Workshop | r20_c9 | Thursday,Workshop,r20_c9,Thursday,65,45,False,07:30-08:00,0.9384615384615385,3,0.06153846153846154,30.0,1.8461538461538463,0.015384615384615385,True,False,,,,,,,,,,,,,,,,False,,,,,,,
Workshop | r20_c9 | Tuesday,Workshop,r20_c9,Tuesday,59,45,False,07:30-08:00,0.847457627118644,3,0.15254237288135597,29.999999999999993,4.576271186440678,0.038135593220338986,True,False,,,,,,,,,,,,,,,,False,,,,,,,
Workshop | r21_c16 | Friday,Workshop,r21_c16,Friday,62,46,False,07:30-08:00,0.9193548387096774,3,0.08064516129032262,29.999999999999986,2.4193548387096775,0.020161290322580645,True,False,,,,,,,,,,,,,,,,False,,,,,,,
Workshop | r21_c16 | Monday,Workshop,r21_c16,Monday,59,42,False,07:30-08:00,0.9661016949152542,2,0.03389830508474578,29.99999999999998,1.0169491525423728,0.00847457627118644,True,False,,,,,,,,,,,,,,,,False,,,,,,,
Workshop | r21_c16 | Thursday,Workshop,r21_c16,Thursday,2,2,False,07:30-08:00,1.0,1,0.0,,0.0,0.0,False,False,,,,,,,,,,,,,,,,False,,,,,,,
Workshop | r21_c23 | Monday,Workshop,r21_c23,Monday,1,1,False,14:00-14:30,1.0,1,0.0,,0.0,0.0,False,False,,,,,,,,,,,,,,,,False,,,,,,,
Workshop | r21_c23 | Wednesday,Workshop,r21_c23,Wednesday,1,1,False,14:00-14:30,1.0,1,0.0,,0.0,0.0,False,False,,,,,,,,,,,,,,,,False,,,,,,,
Workshop | r21_c8 | Friday,Workshop,r21_c8,Friday,1,1,False,08:00-08:30,1.0,1,0.0,,0.0,0.0,False,False,,,,,,,,,,,,,,,,False,,,,,,,
Workshop | r21_c8 | Thursday,Workshop,r21_c8,Thursday,12,10,False,07:30-08:00,0.5833333333333334,2,0.41666666666666663,30.000000000000004,12.5,0.10416666666666667,True,False,,,,,,,,,,,,,,,,False,,,,,,,
Workshop | r21_c8 | Tuesday,Workshop,r21_c8,Tuesday,14,10,False,07:30-08:00,0.6428571428571429,2,0.3571428571428571,30.000000000000007,10.714285714285715,0.08928571428571429,True,False,,,,,,,,,,,,,,,,False,,,,,,,
Workshop | r21_c9 | Thursday,Workshop,r21_c9,Thursday,7,7,False,07:00-07:30,1.0,1,0.0,,0.0,0.0,False,False,,,,,,,,,,,,,,,,False,,,,,,,
Workshop | r21_c9 | Tuesday,Workshop,r21_c9,Tuesday,10,9,False,07:00-07:30,1.0,1,0.0,,0.0,0.0,True,False,,,,,,,,,,,,,,,,False,,,,,,,
Workshop | r21_c9 | Wednesday,Workshop,r21_c9,Wednesday,1,1,False,07:00-07:30,1.0,1,0.0,,0.0,0.0,False,False,,,,,,,,,,,,,,,,False,,,,,,,
Workshop | r22_c10 | Monday,Workshop,r22_c10,Monday,69,48,False,08:00-08:30,0.782608695652174,3,0.21739130434782605,36.00000000000001,7.826086956521739,0.06521739130434782,True,False,,,,,,,,,,,,,,,,False,,,,,,,
Workshop | r22_c10 | Thursday,Workshop,r22_c10,Thursday,83,47,False,08:00-08:30,0.7108433734939759,6,0.28915662650602414,46.24999999999999,13.373493975903614,0.11144578313253012,True,False,,,,,,,,,,,,,,,,False,,,,,,,
Workshop | r22_c10 | Tuesday,Workshop,r22_c10,Tuesday,84,48,False,08:00-08:30,0.6904761904761905,4,0.30952380952380953,39.230769230769226,12.142857142857142,0.10119047619047619,True,False,,,,,,,,,,,,,,,,False,,,,,,,
Workshop | r22_c12 | Thursday,Workshop,r22_c12,Thursday,5,1,False,09:00-09:30,1.0,1,0.0,,0.0,0.0,False,False,,,,,,,,,,,,,,,,False,,,,,,,
Workshop | r22_c13 | Thursday,Workshop,r22_c13,Thursday,23,18,False,07:00-07:30,0.5652173913043478,2,0.4347826086956522,29.999999999999996,13.043478260869565,0.10869565217391304,True,False,,,,,,,,,,,,,,,,False,,,,,,,
Workshop | r22_c13 | Tuesday,Workshop,r22_c13,Tuesday,34,23,False,07:30-08:00,0.5294117647058824,4,0.47058823529411764,33.75,15.88235294117647,0.13235294117647056,True,False,,,,,,,,,,,,,,,,False,,,,,,,
Workshop | r22_c16 | Wednesday,Workshop,r22_c16,Wednesday,4,3,False,14:00-14:30,0.5,3,0.5,45.0,22.5,0.1875,False,False,,,,,,,,,,,,,,,,False,,,,,,,
Workshop | r22_c18 | Thursday,Workshop,r22_c18,Thursday,4,3,False,07:00-07:30,0.75,2,0.25,30.0,7.5,0.0625,False,False,,,,,,,,,,,,,,,,False,,,,,,,
Workshop | r22_c18 | Tuesday,Workshop,r22_c18,Tuesday,5,3,False,07:30-08:00,0.6,2,0.4,30.0,12.0,0.1,False,False,,,,,,,,,,,,,,,,False,,,,,,,
Workshop | r22_c8 | Thursday,Workshop,r22_c8,Thursday,86,51,False,08:00-08:30,0.7790697674418605,2,0.22093023255813948,30.000000000000007,6.627906976744186,0.055232558139534885,True,False,,,,,,,,,,,,,,,,False,,,,,,,
Workshop | r22_c8 | Tuesday,Workshop,r22_c8,Tuesday,95,51,False,08:00-08:30,0.7157894736842105,4,0.28421052631578947,33.33333333333333,9.473684210526315,0.07894736842105263,True,False,,,,,,,,,,,,,,,,False,,,,,,,
Workshop | r23_c10 | Tuesday,Workshop,r23_c10,Tuesday,2,1,False,12:30-13:00,0.5,2,0.5,30.0,15.0,0.125,False,False,,,,,,,,,,,,,,,,False,,,,,,,
Workshop | r23_c15 | Friday,Workshop,r23_c15,Friday,55,42,False,07:30-08:00,0.7636363636363637,3,0.23636363636363633,30.0,7.09090909090909,0.05909090909090908,True,False,,,,,,,,,,,,,,,,False,,,,,,,
Workshop | r23_c15 | Thursday,Workshop,r23_c15,Thursday,4,1,False,07:30-08:00,0.5,2,0.5,30.0,15.0,0.125,False,False,,,,,,,,,,,,,,,,False,,,,,,,
Workshop | r23_c15 | Tuesday,Workshop,r23_c15,Tuesday,2,1,False,08:00-08:30,1.0,1,0.0,,0.0,0.0,False,False,,,,,,,,,,,,,,,,False,,,,,,,
Workshop | r24_c11 | Wednesday,Workshop,r24_c11,Wednesday,3,3,False,09:00-09:30,1.0,1,0.0,,0.0,0.0,False,False,,,,,,,,,,,,,,,,False,,,,,,,
Workshop | r24_c13 | Monday,Workshop,r24_c13,Monday,1,1,False,07:30-08:00,1.0,1,0.0,,0.0,0.0,False,False,,,,,,,,,,,,,,,,False,,,,,,,
Workshop | r24_c13 | Thursday,Workshop,r24_c13,Thursday,46,22,False,07:30-08:00,0.8260869565217391,3,0.17391304347826086,30.0,5.217391304347826,0.043478260869565216,True,False,,,,,,,,,,,,,,,,False,,,,,,,
Workshop | r24_c13 | Tuesday,Workshop,r24_c13,Tuesday,37,20,False,07:30-08:00,0.8108108108108109,3,0.18918918918918914,30.000000000000007,5.675675675675675,0.0472972972972973,True,False,,,,,,,,,,,,,,,,False,,,,,,,
Workshop | r24_c14 | Friday,Workshop,r24_c14,Friday,1,1,False,15:00-15:30,1.0,1,0.0,,0.0,0.0,False,False,,,,,,,,,,,,,,,,False,,,,,,,
Workshop | r24_c14 | Thursday,Workshop,r24_c14,Thursday,1,1,False,15:00-15:30,1.0,1,0.0,,0.0,0.0,False,False,,,,,,,,,,,,,,,,False,,,,,,,
Workshop | r24_c14 | Tuesday,Workshop,r24_c14,Tuesday,1,1,False,15:00-15:30,1.0,1,0.0,,0.0,0.0,False,False,,,,,,,,,,,,,,,,False,,,,,,,
Workshop | r24_c17 | Monday,Workshop,r24_c17,Monday,1,1,False,08:00-08:30,1.0,1,0.0,,0.0,0.0,False,False,,,,,,,,,,,,,,,,False,,,,,,,
Workshop | r24_c20 | Friday,Workshop,r24_c20,Friday,1,1,False,07:30-08:00,1.0,1,0.0,,0.0,0.0,False,False,,,,,,,,,,,,,,,,False,,,,,,,
Workshop | r24_c20 | Thursday,Workshop,r24_c20,Thursday,35,32,False,07:30-08:00,0.9142857142857143,2,0.08571428571428574,29.999999999999993,2.5714285714285716,0.02142857142857143,True,False,,,,,,,,,,,,,,,,False,,,,,,,
Workshop | r24_c20 | Tuesday,Workshop,r24_c20,Tuesday,34,31,False,07:30-08:00,0.9117647058823529,2,0.08823529411764708,29.999999999999996,2.647058823529412,0.022058823529411766,True,False,,,,,,,,,,,,,,,,False,,,,,,,
Workshop | r25_c14 | Friday,Workshop,r25_c14,Friday,232,52,False,14:00-14:30,0.9698275862068966,5,0.030172413793103425,107.14285714285724,3.2327586206896557,0.020474137931034482,True,False,,,,,,,,,,,,,,,,False,,,,,,,
Workshop | r25_c14 | Monday,Workshop,r25_c14,Monday,113,44,False,14:00-14:30,0.9203539823008849,3,0.07964601769911506,33.33333333333332,2.654867256637168,0.02212389380530973,True,False,,,,,,,,,,,,,,,,False,,,,,,,
Workshop | r25_c14 | Thursday,Workshop,r25_c14,Thursday,415,52,False,14:00-14:30,0.927710843373494,5,0.07228915662650603,41.0,2.9638554216867474,0.024698795180722894,True,False,,,,,,,,,,,,,,,,False,,,,,,,
Workshop | r25_c14 | Tuesday,Workshop,r25_c14,Tuesday,420,52,False,14:00-14:30,0.9547619047619048,4,0.04523809523809519,60.00000000000007,2.7142857142857144,0.014880952380952382,True,False,,,,,,,,,,,,,,,,False,,,,,,,
Workshop | r25_c14 | Wednesday,Workshop,r25_c14,Wednesday,4,3,False,14:00-14:30,1.0,1,0.0,,0.0,0.0,False,False,,,,,,,,,,,,,,,,False,,,,,,,
Workshop | r25_c21 | Thursday,Workshop,r25_c21,Thursday,8,6,False,07:30-08:00,0.625,3,0.375,40.0,15.0,0.125,False,False,,,,,,,,,,,,,,,,False,,,,,,,
Workshop | r25_c21 | Tuesday,Workshop,r25_c21,Tuesday,2,2,False,07:30-08:00,1.0,1,0.0,,0.0,0.0,False,False,,,,,,,,,,,,,,,,False,,,,,,,
Workshop | r25_c23 | Friday,Workshop,r25_c23,Friday,1,1,False,08:00-08:30,1.0,1,0.0,,0.0,0.0,False,False,,,,,,,,,,,,,,,,False,,,,,,,
Workshop | r25_c23 | Monday,Workshop,r25_c23,Monday,1,1,False,07:00-07:30,1.0,1,0.0,,0.0,0.0,False,False,,,,,,,,,,,,,,,,False,,,,,,,
Workshop | r25_c23 | Saturday,Workshop,r25_c23,Saturday,1,1,False,07:00-07:30,1.0,1,0.0,,0.0,0.0,False,False,,,,,,,,,,,,,,,,False,,,,,,,
Workshop | r25_c23 | Thursday,Workshop,r25_c23,Thursday,61,49,False,07:00-07:30,0.9016393442622951,3,0.09836065573770492,29.999999999999996,2.9508196721311473,0.02459016393442623,True,False,,,,,,,,,,,,,,,,False,,,,,,,
Workshop | r25_c23 | Tuesday,Workshop,r25_c23,Tuesday,73,48,False,07:00-07:30,0.7945205479452054,5,0.20547945205479456,39.999999999999986,8.21917808219178,0.0684931506849315,True,False,,,,,,,,,,,,,,,,False,,,,,,,
Workshop | r26_c14 | Friday,Workshop,r26_c14,Friday,1,1,False,15:30-16:00,1.0,1,0.0,,0.0,0.0,False,False,,,,,,,,,,,,,,,,False,,,,,,,
Workshop | r27_c11 | Friday,Workshop,r27_c11,Friday,44,30,False,07:30-08:00,0.5909090909090909,4,0.40909090909090906,35.0,14.318181818181817,0.11931818181818182,True,False,,,,,,,,,,,,,,,,False,,,,,,,
Workshop | r27_c11 | Monday,Workshop,r27_c11,Monday,42,27,False,07:30-08:00,0.8333333333333334,3,0.16666666666666663,30.000000000000007,5.0,0.04166666666666666,True,False,,,,,,,,,,,,,,,,False,,,,,,,
Workshop | r27_c11 | Thursday,Workshop,r27_c11,Thursday,8,8,False,07:30-08:00,1.0,1,0.0,,0.0,0.0,False,False,,,,,,,,,,,,,,,,False,,,,,,,
Workshop | r27_c11 | Tuesday,Workshop,r27_c11,Tuesday,14,8,False,07:30-08:00,0.7142857142857143,3,0.2857142857142857,30.0,8.571428571428571,0.07142857142857142,True,False,,,,,,,,,,,,,,,,False,,,,,,,
Workshop | r27_c11 | Wednesday,Workshop,r27_c11,Wednesday,2,2,False,07:30-08:00,1.0,1,0.0,,0.0,0.0,False,False,,,,,,,,,,,,,,,,False,,,,,,,
Workshop | r27_c13 | Friday,Workshop,r27_c13,Friday,12,9,False,09:00-09:30,0.75,2,0.25,30.0,7.5,0.0625,True,False,,,,,,,,,,,,,,,,False,,,,,,,
Workshop | r27_c13 | Monday,Workshop,r27_c13,Monday,6,6,False,09:00-09:30,0.6666666666666666,3,0.33333333333333337,59.99999999999999,20.0,0.16666666666666666,False,False,,,,,,,,,,,,,,,,False,,,,,,,
Workshop | r27_c13 | Thursday,Workshop,r27_c13,Thursday,13,10,False,09:00-09:30,0.6923076923076923,2,0.3076923076923077,30.0,9.230769230769232,0.07692307692307693,True,False,,,,,,,,,,,,,,,,False,,,,,,,
Workshop | r27_c13 | Tuesday,Workshop,r27_c13,Tuesday,7,7,False,09:00-09:30,0.42857142857142855,4,0.5714285714285714,45.00000000000001,25.714285714285715,0.21428571428571427,False,False,,,,,,,,,,,,,,,,False,,,,,,,
Workshop | r27_c13 | Wednesday,Workshop,r27_c13,Wednesday,6,6,False,09:00-09:30,0.6666666666666666,3,0.33333333333333337,29.999999999999996,10.0,0.08333333333333333,False,False,,,,,,,,,,,,,,,,False,,,,,,,
Workshop | r27_c15 | Monday,Workshop,r27_c15,Monday,54,52,False,15:00-15:30,1.0,1,0.0,,0.0,0.0,True,False,,,,,,,,,,,,,,,,False,,,,,,,
Workshop | r27_c15 | Thursday,Workshop,r27_c15,Thursday,66,52,False,15:00-15:30,0.9848484848484849,2,0.015151515151515138,30.00000000000003,0.4545454545454546,0.0037878787878787884,True,False,,,,,,,,,,,,,,,,False,,,,,,,
Workshop | r27_c17 | Friday,Workshop,r27_c17,Friday,68,53,False,14:00-14:30,0.9117647058823529,4,0.08823529411764708,64.99999999999999,5.735294117647059,0.04779411764705882,True,False,,,,,,,,,,,,,,,,False,,,,,,,
Workshop | r27_c17 | Monday,Workshop,r27_c17,Monday,228,52,False,14:00-14:30,1.0,1,0.0,,0.0,0.0,True,False,,,,,,,,,,,,,,,,False,,,,,,,
Workshop | r27_c17 | Thursday,Workshop,r27_c17,Thursday,313,48,False,14:00-14:30,0.952076677316294,6,0.04792332268370603,76.00000000000007,3.642172523961661,0.023961661341853034,True,False,,,,,,,,,,,,,,,,False,,,,,,,
Workshop | r27_c17 | Tuesday,Workshop,r27_c17,Tuesday,304,48,False,14:00-14:30,0.9638157894736842,3,0.03618421052631582,35.454545454545425,1.2828947368421053,0.01069078947368421,True,False,,,,,,,,,,,,,,,,False,,,,,,,
Workshop | r27_c17 | Wednesday,Workshop,r27_c17,Wednesday,1,1,False,14:00-14:30,1.0,1,0.0,,0.0,0.0,False,False,,,,,,,,,,,,,,,,False,,,,,,,
Workshop | r28_c10 | Friday,Workshop,r28_c10,Friday,25,14,False,07:00-07:30,0.44,4,0.56,38.57142857142856,21.599999999999998,0.18,True,False,,,,,,,,,,,,,,,,False,,,,,,,
Workshop | r28_c10 | Monday,Workshop,r28_c10,Monday,38,17,False,07:00-07:30,0.47368421052631576,3,0.5263157894736843,41.99999999999999,22.105263157894736,0.1842105263157895,True,False,,,,,,,,,,,,,,,,False,,,,,,,
Workshop | r29_c17 | Monday,Workshop,r29_c17,Monday,55,52,False,09:00-09:30,1.0,1,0.0,,0.0,0.0,True,False,,,,,,,,,,,,,,,,False,,,,,,,
Workshop | r29_c17 | Thursday,Workshop,r29_c17,Thursday,57,52,False,09:00-09:30,0.9824561403508771,2,0.01754385964912286,29.999999999999904,0.5263157894736842,0.0043859649122807015,True,False,,,,,,,,,,,,,,,,False,,,,,,,
Workshop | r29_c19 | Monday,Workshop,r29_c19,Monday,2,1,False,08:30-09:00,0.5,2,0.5,30.0,15.0,0.125,False,False,,,,,,,,,,,,,,,,False,,,,,,,
Workshop | r29_c19 | Wednesday,Workshop,r29_c19,Wednesday,1,1,False,09:00-09:30,1.0,1,0.0,,0.0,0.0,False,False,,,,,,,,,,,,,,,,False,,,,,,,
Workshop | r29_c20 | Thursday,Workshop,r29_c20,Thursday,7,5,False,07:30-08:00,0.5714285714285714,3,0.4285714285714286,30.0,12.857142857142858,0.10714285714285714,False,False,,,,,,,,,,,,,,,,False,,,,,,,
Workshop | r29_c20 | Tuesday,Workshop,r29_c20,Tuesday,14,6,False,08:00-08:30,0.5714285714285714,3,0.4285714285714286,35.0,15.0,0.125,True,False,,,,,,,,,,,,,,,,False,,,,,,,
Workshop | r30_c18 | Monday,Workshop,r30_c18,Monday,1,1,False,15:30-16:00,1.0,1,0.0,,0.0,0.0,False,False,,,,,,,,,,,,,,,,False,,,,,,,
Workshop | r30_c18 | Thursday,Workshop,r30_c18,Thursday,86,52,False,15:30-16:00,0.9302325581395349,2,0.06976744186046513,29.999999999999996,2.0930232558139537,0.01744186046511628,True,False,,,,,,,,,,,,,,,,False,,,,,,,
Workshop | r30_c18 | Tuesday,Workshop,r30_c18,Tuesday,65,51,False,15:30-16:00,0.9846153846153847,2,0.01538461538461533,30.000000000000107,0.46153846153846156,0.0038461538461538464,True,False,,,,,,,,,,,,,,,,False,,,,,,,
Workshop | r30_c21 | Monday,Workshop,r30_c21,Monday,3,3,False,14:00-14:30,0.6666666666666666,2,0.33333333333333337,29.999999999999996,10.0,0.08333333333333333,False,False,,,,,,,,,,,,,,,,False,,,,,,,
Workshop | r30_c21 | Wednesday,Workshop,r30_c21,Wednesday,3,3,False,14:00-14:30,1.0,1,0.0,,0.0,0.0,False,False,,,,,,,,,,,,,,,,False,,,,,,,
Workshop | r32_c13 | Friday,Workshop,r32_c13,Friday,1,1,False,08:00-08:30,1.0,1,0.0,,0.0,0.0,False,False,,,,,,,,,,,,,,,,False,,,,,,,
Workshop | r33_c16 | Monday,Workshop,r33_c16,Monday,1,1,False,06:30-07:00,1.0,1,0.0,,0.0,0.0,False,False,,,,,,,,,,,,,,,,False,,,,,,,
Workshop | r33_c16 | Thursday,Workshop,r33_c16,Thursday,17,8,False,07:00-07:30,0.7647058823529411,3,0.23529411764705888,29.999999999999996,7.058823529411765,0.058823529411764705,True,False,,,,,,,,,,,,,,,,False,,,,,,,
Workshop | r33_c16 | Tuesday,Workshop,r33_c16,Tuesday,17,8,False,07:00-07:30,0.6470588235294118,4,0.3529411764705882,35.00000000000001,12.352941176470589,0.10294117647058823,True,False,,,,,,,,,,,,,,,,False,,,,,,,
Workshop | r33_c22 | Thursday,Workshop,r33_c22,Thursday,1,1,False,15:00-15:30,1.0,1,0.0,,0.0,0.0,False,False,,,,,,,,,,,,,,,,False,,,,,,,
Workshop | r33_c24 | Tuesday,Workshop,r33_c24,Tuesday,2,1,False,06:00-06:30,0.5,2,0.5,90.0,45.0,0.375,False,False,,,,,,,,,,,,,,,,False,,,,,,,
Workshop | r34_c20 | Thursday,Workshop,r34_c20,Thursday,76,47,False,07:30-08:00,0.5657894736842105,4,0.4342105263157895,33.63636363636363,14.605263157894736,0.12171052631578948,True,False,,,,,,,,,,,,,,,,False,,,,,,,
Workshop | r34_c20 | Tuesday,Workshop,r34_c20,Tuesday,95,46,False,07:30-08:00,0.5473684210526316,5,0.4526315789473684,34.186046511627914,15.473684210526317,0.12894736842105264,True,False,,,,,,,,,,,,,,,,False,,,,,,,
Workshop | r35_c14 | Friday,Workshop,r35_c14,Friday,1,1,False,07:00-07:30,1.0,1,0.0,,0.0,0.0,False,False,,,,,,,,,,,,,,,,False,,,,,,,
Workshop | r35_c14 | Thursday,Workshop,r35_c14,Thursday,2,2,False,06:30-07:00,1.0,1,0.0,,0.0,0.0,False,False,,,,,,,,,,,,,,,,False,,,,,,,
Workshop | r35_c14 | Tuesday,Workshop,r35_c14,Tuesday,6,2,False,09:00-09:30,0.3333333333333333,4,0.6666666666666667,74.99999999999999,50.0,0.375,False,False,,,,,,,,,,,,,,,,False,,,,,,,
Workshop | r35_c20 | Monday,Workshop,r35_c20,Monday,2,2,False,09:00-09:30,0.5,2,0.5,30.0,15.0,0.125,False,False,,,,,,,,,,,,,,,,False,,,,,,,
Workshop | r35_c20 | Thursday,Workshop,r35_c20,Thursday,3,1,False,07:30-08:00,0.3333333333333333,3,0.6666666666666667,104.99999999999999,70.0,0.5833333333333333,False,False,,,,,,,,,,,,,,,,False,,,,,,,
Workshop | r35_c22 | Monday,Workshop,r35_c22,Monday,3,1,False,09:30-10:00,0.3333333333333333,3,0.6666666666666667,59.99999999999999,40.0,0.3333333333333333,False,False,,,,,,,,,,,,,,,,False,,,,,,,
Workshop | r35_c22 | Thursday,Workshop,r35_c22,Thursday,1,1,False,09:00-09:30,1.0,1,0.0,,0.0,0.0,False,False,,,,,,,,,,,,,,,,False,,,,,,,
Workshop | r35_c23 | Friday,Workshop,r35_c23,Friday,70,53,False,09:00-09:30,0.9285714285714286,3,0.0714285714285714,30.000000000000014,2.142857142857143,0.017857142857142856,True,False,,,,,,,,,,,,,,,,False,,,,,,,
Workshop | r35_c23 | Monday,Workshop,r35_c23,Monday,58,52,False,09:00-09:30,0.9827586206896551,2,0.017241379310344862,29.999999999999943,0.5172413793103449,0.004310344827586207,True,False,,,,,,,,,,,,,,,,False,,,,,,,
Workshop | r35_c23 | Thursday,Workshop,r35_c23,Thursday,66,52,False,09:00-09:30,0.9696969696969697,2,0.030303030303030276,30.00000000000003,0.9090909090909092,0.007575757575757577,True,False,,,,,,,,,,,,,,,,False,,,,,,,
Workshop | r35_c23 | Tuesday,Workshop,r35_c23,Tuesday,57,52,False,09:00-09:30,0.9649122807017544,3,0.03508771929824561,45.0,1.5789473684210527,0.013157894736842105,True,False,,,,,,,,,,,,,,,,False,,,,,,,
Workshop | r35_c26 | Thursday,Workshop,r35_c26,Thursday,9,6,False,07:30-08:00,0.7777777777777778,2,0.2222222222222222,30.0,6.666666666666666,0.05555555555555555,False,False,,,,,,,,,,,,,,,,False,,,,,,,
Workshop | r36_c16 | Friday,Workshop,r36_c16,Friday,13,10,False,15:30-16:00,0.38461538461538464,3,0.6153846153846154,29.999999999999996,18.46153846153846,0.15384615384615385,True,False,,,,,,,,,,,,,,,,False,,,,,,,
Workshop | r36_c16 | Monday,Workshop,r36_c16,Monday,12,6,False,15:30-16:00,0.4166666666666667,3,0.5833333333333333,30.000000000000004,17.5,0.14583333333333331,True,False,,,,,,,,,,,,,,,,False,,,,,,,
Workshop | r36_c16 | Thursday,Workshop,r36_c16,Thursday,23,10,False,15:00-15:30,0.34782608695652173,5,0.6521739130434783,44.0,28.695652173913043,0.23913043478260865,True,False,,,,,,,,,,,,,,,,False,,,,,,,
Workshop | r36_c16 | Tuesday,Workshop,r36_c16,Tuesday,10,7,False,15:00-15:30,0.5,4,0.5,48.0,24.0,0.2,True,False,,,,,,,,,,,,,,,,False,,,,,,,
Workshop | r36_c16 | Wednesday,Workshop,r36_c16,Wednesday,14,8,False,16:00-16:30,0.35714285714285715,4,0.6428571428571428,40.0,25.71428571428571,0.21428571428571425,True,False,,,,,,,,,,,,,,,,False,,,,,,,
Workshop | r36_c23 | Thursday,Workshop,r36_c23,Thursday,76,48,False,07:00-07:30,0.5131578947368421,4,0.48684210526315785,41.35135135135135,20.131578947368418,0.13157894736842105,True,False,,,,,,,,,,,,,,,,False,,,,,,,
Workshop | r36_c23 | Tuesday,Workshop,r36_c23,Tuesday,69,50,False,07:00-07:30,0.4782608695652174,3,0.5217391304347826,30.0,15.652173913043478,0.13043478260869565,True,False,,,,,,,,,,,,,,,,False,,,,,,,
Workshop | r37_c15 | Friday,Workshop,r37_c15,Friday,8,4,False,07:00-07:30,0.5,3,0.5,67.5,33.75,0.21875,False,False,,,,,,,,,,,,,,,,False,,,,,,,
Workshop | r37_c15 | Monday,Workshop,r37_c15,Monday,6,3,False,07:30-08:00,0.6666666666666666,2,0.33333333333333337,29.999999999999996,10.0,0.08333333333333333,False,False,,,,,,,,,,,,,,,,False,,,,,,,
Workshop | r37_c16 | Thursday,Workshop,r37_c16,Thursday,3,2,False,07:00-07:30,1.0,1,0.0,,0.0,0.0,False,False,,,,,,,,,,,,,,,,False,,,,,,,
Workshop | r37_c16 | Tuesday,Workshop,r37_c16,Tuesday,3,2,False,07:00-07:30,1.0,1,0.0,,0.0,0.0,False,False,,,,,,,,,,,,,,,,False,,,,,,,
Workshop | r38_c23 | Monday,Workshop,r38_c23,Monday,3,1,False,07:00-07:30,0.6666666666666666,2,0.33333333333333337,29.999999999999996,10.0,0.08333333333333333,False,False,,,,,,,,,,,,,,,,False,,,,,,,
Workshop | r38_c23 | Thursday,Workshop,r38_c23,Thursday,69,52,False,07:00-07:30,0.9855072463768116,2,0.01449275362318836,60.00000000000019,0.8695652173913043,0.007246376811594203,True,False,,,,,,,,,,,,,,,,False,,,,,,,
Workshop | r38_c23 | Tuesday,Workshop,r38_c23,Tuesday,59,52,False,07:00-07:30,1.0,1,0.0,,0.0,0.0,True,False,,,,,,,,,,,,,,,,False,,,,,,,
Workshop | r43_c19 | Tuesday,Workshop,r43_c19,Tuesday,2,1,False,07:30-08:00,1.0,1,0.0,,0.0,0.0,False,False,,,,,,,,,,,,,,,,False,,,,,,,
