segment_id,Purpose,origin_zone,weekday,trips,service_days,policy_flexible,peak_time_bin,peak_time_share,active_time_bins,alternative_time_share_raw,average_alternative_shift_minutes_raw,expected_shift_potential_minutes_raw,temporal_flexibility_index_raw,meets_reliability_filter,temporal_eligible,alternative_time_share,average_alternative_shift_minutes,expected_shift_potential_minutes,temporal_flexibility_index,A_s,D_s_minutes,T_s,active_destination_zones,sum_squared_destination_shares,alternative_destination_count_raw,effective_destination_count_raw,geographical_flexibility_index_raw,dominant_destination_zone,dominant_destination_visits,dominant_destination_share,geographical_eligible,alternative_destination_count,effective_destination_count,geographical_flexibility_index,dominant_destination_zone_final,dominant_destination_visits_final,dominant_destination_share_final,G_s,status_trips,completed_trips,cancelled_trips,other_status_trips,outcome_trips,completion_rate,cancellation_rate,temporal_class,geographical_class,flexibility_type,temporal_quartile,geographical_group,temporal_demand_opportunity,geographical_demand_opportunity
Dialysis | r10_c14 | Friday,Dialysis,r10_c14,Friday,155,53,True,15:30-16:00,0.2967741935483871,4,0.7032258064516129,39.08256880733944,27.483870967741932,0.2290322580645161,True,True,0.7032258064516129,39.08256880733944,27.483870967741932,0.2290322580645161,0.7032258064516129,39.08256880733944,0.2290322580645161,4.0,0.4761290322580645,3.0,2.100271002710027,0.5238709677419355,r10_c15,87.0,0.5612903225806452,True,3.0,2.100271002710027,0.5238709677419355,r10_c15,87.0,0.5612903225806452,0.5238709677419355,155,96,59,0,155,0.6193548387096774,0.38064516129032255,Higher temporal flexibility,Destination diversity observed,Higher temporal flexibility / Destination diversity observed,Q4 highest,G>0 middle,35.49999999999999,81.2
Dialysis | r10_c14 | Monday,Dialysis,r10_c14,Monday,175,52,True,15:30-16:00,0.26857142857142857,6,0.7314285714285714,38.671875,28.285714285714285,0.23571428571428568,True,True,0.7314285714285714,38.671875,28.285714285714285,0.23571428571428568,0.7314285714285714,38.671875,0.23571428571428568,3.0,0.48545306122448983,2.0,2.059931391672832,0.5145469387755102,r10_c15,99.0,0.5657142857142857,True,2.0,2.059931391672832,0.5145469387755102,r10_c15,99.0,0.5657142857142857,0.5145469387755102,175,90,84,1,174,0.5172413793103449,0.4827586206896552,Higher temporal flexibility,Destination diversity observed,Higher temporal flexibility / Destination diversity observed,Q4 highest,G>0 middle,41.24999999999999,90.04571428571428
Dialysis | r10_c14 | Thursday,Dialysis,r10_c14,Thursday,68,33,True,15:00-15:30,0.4264705882352941,5,0.5735294117647058,41.53846153846154,23.823529411764707,0.19852941176470584,True,True,0.5735294117647058,41.53846153846154,23.823529411764707,0.19852941176470584,0.5735294117647058,41.53846153846154,0.19852941176470584,3.0,0.4788062283737024,2.0,2.088527551942186,0.5211937716262975,r9_c18,37.0,0.5441176470588235,True,2.0,2.088527551942186,0.5211937716262975,r9_c18,37.0,0.5441176470588235,0.5211937716262975,68,33,34,1,67,0.4925373134328358,0.5074626865671642,Higher temporal flexibility,Destination diversity observed,Higher temporal flexibility / Destination diversity observed,Q3,G>0 middle,13.499999999999996,35.44117647058823
Dialysis | r10_c14 | Tuesday,Dialysis,r10_c14,Tuesday,57,35,True,15:00-15:30,0.42105263157894735,5,0.5789473684210527,38.18181818181818,22.105263157894736,0.1842105263157895,True,True,0.5789473684210527,38.18181818181818,22.105263157894736,0.1842105263157895,0.5789473684210527,38.18181818181818,0.1842105263157895,4.0,0.4699907663896583,3.0,2.1277013752455796,0.5300092336103417,r11_c20,30.0,0.5263157894736842,True,3.0,2.1277013752455796,0.5300092336103417,r11_c20,30.0,0.5263157894736842,0.5300092336103417,57,38,18,1,56,0.6785714285714286,0.32142857142857145,Higher temporal flexibility,Destination diversity observed,Higher temporal flexibility / Destination diversity observed,Q3,G>0 middle,10.500000000000002,30.210526315789476
Dialysis | r10_c14 | Wednesday,Dialysis,r10_c14,Wednesday,149,52,True,15:30-16:00,0.28187919463087246,7,0.7181208053691275,41.77570093457944,30.0,0.24496644295302009,True,True,0.7181208053691275,41.77570093457944,30.0,0.24496644295302009,0.7181208053691275,41.77570093457944,0.24496644295302009,3.0,0.5063285437592902,2.0,1.9750022240014233,0.49367145624070985,r10_c15,86.0,0.5771812080536913,True,2.0,1.9750022240014233,0.49367145624070985,r10_c15,86.0,0.5771812080536913,0.49367145624070985,149,93,56,0,149,0.6241610738255033,0.37583892617449666,Higher temporal flexibility,Destination diversity observed,Higher temporal flexibility / Destination diversity observed,Q4 highest,G>0 middle,36.49999999999999,73.55704697986577
Dialysis | r10_c15 | Friday,Dialysis,r10_c15,Friday,60,53,True,09:00-09:30,1.0,1,0.0,,0.0,0.0,True,True,0.0,,0.0,0.0,0.0,,0.0,1.0,1.0,0.0,1.0,0.0,r10_c14,60.0,1.0,True,0.0,1.0,0.0,r10_c14,60.0,1.0,0.0,60,52,8,0,60,0.8666666666666667,0.13333333333333333,Lower temporal flexibility,Single destination observed,Lower temporal flexibility / Single destination observed,Q1 lowest,G=0 single destination,0.0,0.0
Dialysis | r10_c15 | Monday,Dialysis,r10_c15,Monday,60,52,True,09:00-09:30,0.9833333333333333,2,0.01666666666666672,89.99999999999972,1.5,0.0125,True,True,0.01666666666666672,89.99999999999972,1.5,0.0125,0.01666666666666672,89.99999999999972,0.0125,1.0,1.0,0.0,1.0,0.0,r10_c14,60.0,1.0,True,0.0,1.0,0.0,r10_c14,60.0,1.0,0.0,60,49,10,1,59,0.8305084745762712,0.1694915254237288,Lower temporal flexibility,Single destination observed,Lower temporal flexibility / Single destination observed,Q1 lowest,G=0 single destination,0.75,0.0
Dialysis | r10_c15 | Wednesday,Dialysis,r10_c15,Wednesday,55,52,True,09:00-09:30,1.0,1,0.0,,0.0,0.0,True,True,0.0,,0.0,0.0,0.0,,0.0,1.0,1.0,0.0,1.0,0.0,r10_c14,55.0,1.0,True,0.0,1.0,0.0,r10_c14,55.0,1.0,0.0,55,51,4,0,55,0.9272727272727272,0.07272727272727272,Lower temporal flexibility,Single destination observed,Lower temporal flexibility / Single destination observed,Q1 lowest,G=0 single destination,0.0,0.0
Dialysis | r11_c20 | Thursday,Dialysis,r11_c20,Thursday,24,20,True,10:00-10:30,0.9166666666666666,2,0.08333333333333337,29.999999999999986,2.5,0.020833333333333332,True,True,0.08333333333333337,29.999999999999986,2.5,0.020833333333333332,0.08333333333333337,29.999999999999986,0.020833333333333332,1.0,1.0,0.0,1.0,0.0,r10_c14,24.0,1.0,True,0.0,1.0,0.0,r10_c14,24.0,1.0,0.0,24,19,4,1,23,0.8260869565217391,0.17391304347826086,Lower temporal flexibility,Single destination observed,Lower temporal flexibility / Single destination observed,Q1 lowest,G=0 single destination,0.5,0.0
Dialysis | r11_c20 | Tuesday,Dialysis,r11_c20,Tuesday,29,21,True,10:00-10:30,0.896551724137931,2,0.10344827586206895,30.000000000000004,3.103448275862069,0.02586206896551724,True,True,0.10344827586206895,30.000000000000004,3.103448275862069,0.02586206896551724,0.10344827586206895,30.000000000000004,0.02586206896551724,1.0,1.0,0.0,1.0,0.0,r10_c14,29.0,1.0,True,0.0,1.0,0.0,r10_c14,29.0,1.0,0.0,29,19,9,1,28,0.6785714285714286,0.32142857142857145,Lower temporal flexibility,Single destination observed,Lower temporal flexibility / Single destination observed,Q1 lowest,G=0 single destination,0.75,0.0
Dialysis | r13_c19 | Friday,Dialysis,r13_c19,Friday,62,53,True,09:00-09:30,0.532258064516129,2,0.467741935483871,29.999999999999996,14.032258064516128,0.11693548387096774,True,True,0.467741935483871,29.999999999999996,14.032258064516128,0.11693548387096774,0.467741935483871,29.999999999999996,0.11693548387096774,1.0,1.0,0.0,1.0,0.0,r10_c14,62.0,1.0,True,0.0,1.0,0.0,r10_c14,62.0,1.0,0.0,62,46,15,1,61,0.7540983606557377,0.2459016393442623,Lower temporal flexibility,Single destination observed,Lower temporal flexibility / Single destination observed,Q2,G=0 single destination,7.25,0.0
Dialysis | r13_c19 | Monday,Dialysis,r13_c19,Monday,64,52,True,09:00-09:30,0.484375,3,0.515625,30.0,15.46875,0.12890625,True,True,0.515625,30.0,15.46875,0.12890625,0.515625,30.0,0.12890625,1.0,1.0,0.0,1.0,0.0,r10_c14,64.0,1.0,True,0.0,1.0,0.0,r10_c14,64.0,1.0,0.0,64,44,19,1,63,0.6984126984126984,0.30158730158730157,Higher temporal flexibility,Single destination observed,Higher temporal flexibility / Single destination observed,Q3,G=0 single destination,8.25,0.0
Dialysis | r13_c19 | Wednesday,Dialysis,r13_c19,Wednesday,58,52,True,09:00-09:30,0.5172413793103449,2,0.48275862068965514,30.000000000000004,14.482758620689657,0.1206896551724138,True,True,0.48275862068965514,30.000000000000004,14.482758620689657,0.1206896551724138,0.48275862068965514,30.000000000000004,0.1206896551724138,1.0,1.0,0.0,1.0,0.0,r10_c14,58.0,1.0,True,0.0,1.0,0.0,r10_c14,58.0,1.0,0.0,58,45,11,2,56,0.8035714285714286,0.19642857142857142,Lower temporal flexibility,Single destination observed,Lower temporal flexibility / Single destination observed,Q2,G=0 single destination,7.0,0.0
Dialysis | r17_c15 | Friday,Dialysis,r17_c15,Friday,13,11,True,10:00-10:30,0.8461538461538461,2,0.15384615384615385,30.0,4.615384615384616,0.038461538461538464,True,True,0.15384615384615385,30.0,4.615384615384616,0.038461538461538464,0.15384615384615385,30.0,0.038461538461538464,1.0,1.0,0.0,1.0,0.0,r21_c17,13.0,1.0,True,0.0,1.0,0.0,r21_c17,13.0,1.0,0.0,13,11,2,0,13,0.8461538461538461,0.15384615384615385,Lower temporal flexibility,Single destination observed,Lower temporal flexibility / Single destination observed,Q1 lowest,G=0 single destination,0.5,0.0
Dialysis | r17_c15 | Monday,Dialysis,r17_c15,Monday,10,10,True,10:00-10:30,1.0,1,0.0,,0.0,0.0,True,True,0.0,,0.0,0.0,0.0,,0.0,1.0,1.0,0.0,1.0,0.0,r21_c17,10.0,1.0,True,0.0,1.0,0.0,r21_c17,10.0,1.0,0.0,10,9,1,0,10,0.9,0.1,Lower temporal flexibility,Single destination observed,Lower temporal flexibility / Single destination observed,Q1 lowest,G=0 single destination,0.0,0.0
Dialysis | r17_c15 | Wednesday,Dialysis,r17_c15,Wednesday,12,10,True,10:00-10:30,0.8333333333333334,2,0.16666666666666663,30.000000000000007,5.0,0.041666666666666664,True,True,0.16666666666666663,30.000000000000007,5.0,0.041666666666666664,0.16666666666666663,30.000000000000007,0.041666666666666664,1.0,1.0,0.0,1.0,0.0,r21_c17,12.0,1.0,True,0.0,1.0,0.0,r21_c17,12.0,1.0,0.0,12,10,2,0,12,0.8333333333333334,0.16666666666666666,Lower temporal flexibility,Single destination observed,Lower temporal flexibility / Single destination observed,Q2,G=0 single destination,0.5,0.0
Dialysis | r17_c16 | Friday,Dialysis,r17_c16,Friday,192,53,True,15:30-16:00,0.734375,8,0.265625,200.0,53.125,0.17317708333333334,True,True,0.265625,200.0,53.125,0.17317708333333334,0.265625,200.0,0.17317708333333334,5.0,0.27728949652777773,4.0,3.6063392682449624,0.7227105034722223,r17_c17,61.0,0.3177083333333333,True,4.0,3.6063392682449624,0.7227105034722223,r17_c17,61.0,0.3177083333333333,0.7227105034722223,192,108,84,0,192,0.5625,0.4375,Higher temporal flexibility,Destination diversity observed,Higher temporal flexibility / Destination diversity observed,Q3,G>0 higher,33.25,138.76041666666669
Dialysis | r17_c16 | Monday,Dialysis,r17_c16,Monday,207,52,True,15:30-16:00,0.7342995169082126,10,0.2657004830917874,217.63636363636365,57.826086956521735,0.18840579710144925,True,True,0.2657004830917874,217.63636363636365,57.826086956521735,0.18840579710144925,0.2657004830917874,217.63636363636365,0.18840579710144925,5.0,0.2777894466615324,4.0,3.5998487776190875,0.7222105533384676,r9_c18,67.0,0.32367149758454106,True,4.0,3.5998487776190875,0.7222105533384676,r9_c18,67.0,0.32367149758454106,0.7222105533384676,207,96,111,0,207,0.463768115942029,0.5362318840579711,Higher temporal flexibility,Destination diversity observed,Higher temporal flexibility / Destination diversity observed,Q3,G>0 higher,38.99999999999999,149.4975845410628
Dialysis | r17_c16 | Wednesday,Dialysis,r17_c16,Wednesday,197,52,True,15:30-16:00,0.7309644670050761,8,0.2690355329949239,215.0943396226415,57.86802030456853,0.1814720812182741,True,True,0.2690355329949239,215.0943396226415,57.86802030456853,0.1814720812182741,0.2690355329949239,215.0943396226415,0.1814720812182741,5.0,0.2832075034141565,4.0,3.530979892639432,0.7167924965858434,r17_c16,65.0,0.3299492385786802,True,4.0,3.530979892639432,0.7167924965858434,r17_c16,65.0,0.3299492385786802,0.7167924965858434,197,112,85,0,197,0.5685279187817259,0.43147208121827413,Higher temporal flexibility,Destination diversity observed,Higher temporal flexibility / Destination diversity observed,Q3,G>0 higher,35.75,141.20812182741116
Dialysis | r17_c17 | Friday,Dialysis,r17_c17,Friday,58,53,True,10:30-11:00,1.0,1,0.0,,0.0,0.0,True,True,0.0,,0.0,0.0,0.0,,0.0,1.0,1.0,0.0,1.0,0.0,r17_c16,58.0,1.0,True,0.0,1.0,0.0,r17_c16,58.0,1.0,0.0,58,29,29,0,58,0.5,0.5,Lower temporal flexibility,Single destination observed,Lower temporal flexibility / Single destination observed,Q1 lowest,G=0 single destination,0.0,0.0
Dialysis | r17_c17 | Monday,Dialysis,r17_c17,Monday,52,50,True,10:30-11:00,1.0,1,0.0,,0.0,0.0,True,True,0.0,,0.0,0.0,0.0,,0.0,1.0,1.0,0.0,1.0,0.0,r17_c16,52.0,1.0,True,0.0,1.0,0.0,r17_c16,52.0,1.0,0.0,52,15,36,1,51,0.29411764705882354,0.7058823529411765,Lower temporal flexibility,Single destination observed,Lower temporal flexibility / Single destination observed,Q1 lowest,G=0 single destination,0.0,0.0
Dialysis | r17_c17 | Wednesday,Dialysis,r17_c17,Wednesday,56,52,True,10:30-11:00,1.0,1,0.0,,0.0,0.0,True,True,0.0,,0.0,0.0,0.0,,0.0,1.0,1.0,0.0,1.0,0.0,r17_c16,56.0,1.0,True,0.0,1.0,0.0,r17_c16,56.0,1.0,0.0,56,30,26,0,56,0.5357142857142857,0.4642857142857143,Lower temporal flexibility,Single destination observed,Lower temporal flexibility / Single destination observed,Q1 lowest,G=0 single destination,0.0,0.0
Dialysis | r18_c6 | Thursday,Dialysis,r18_c6,Thursday,23,21,True,09:30-10:00,0.5217391304347826,2,0.4782608695652174,30.0,14.347826086956522,0.11956521739130435,True,True,0.4782608695652174,30.0,14.347826086956522,0.11956521739130435,0.4782608695652174,30.0,0.11956521739130435,1.0,1.0,0.0,1.0,0.0,r21_c9,23.0,1.0,True,0.0,1.0,0.0,r21_c9,23.0,1.0,0.0,23,20,3,0,23,0.8695652173913043,0.13043478260869565,Lower temporal flexibility,Single destination observed,Lower temporal flexibility / Single destination observed,Q2,G=0 single destination,2.75,0.0
Dialysis | r18_c6 | Tuesday,Dialysis,r18_c6,Tuesday,31,23,True,10:00-10:30,0.6129032258064516,3,0.3870967741935484,32.50000000000001,12.580645161290324,0.10483870967741936,True,True,0.3870967741935484,32.50000000000001,12.580645161290324,0.10483870967741936,0.3870967741935484,32.50000000000001,0.10483870967741936,1.0,1.0,0.0,1.0,0.0,r21_c9,31.0,1.0,True,0.0,1.0,0.0,r21_c9,31.0,1.0,0.0,31,20,10,1,30,0.6666666666666666,0.3333333333333333,Lower temporal flexibility,Single destination observed,Lower temporal flexibility / Single destination observed,Q2,G=0 single destination,3.25,0.0
Dialysis | r19_c22 | Friday,Dialysis,r19_c22,Friday,12,9,True,09:00-09:30,1.0,1,0.0,,0.0,0.0,True,True,0.0,,0.0,0.0,0.0,,0.0,1.0,1.0,0.0,1.0,0.0,r17_c16,12.0,1.0,True,0.0,1.0,0.0,r17_c16,12.0,1.0,0.0,12,8,4,0,12,0.6666666666666666,0.3333333333333333,Lower temporal flexibility,Single destination observed,Lower temporal flexibility / Single destination observed,Q1 lowest,G=0 single destination,0.0,0.0
Dialysis | r19_c22 | Monday,Dialysis,r19_c22,Monday,12,8,True,09:00-09:30,1.0,1,0.0,,0.0,0.0,True,True,0.0,,0.0,0.0,0.0,,0.0,1.0,1.0,0.0,1.0,0.0,r17_c16,12.0,1.0,True,0.0,1.0,0.0,r17_c16,12.0,1.0,0.0,12,8,4,0,12,0.6666666666666666,0.3333333333333333,Lower temporal flexibility,Single destination observed,Lower temporal flexibility / Single destination observed,Q1 lowest,G=0 single destination,0.0,0.0
Dialysis | r19_c22 | Wednesday,Dialysis,r19_c22,Wednesday,16,8,True,09:00-09:30,1.0,1,0.0,,0.0,0.0,True,True,0.0,,0.0,0.0,0.0,,0.0,1.0,1.0,0.0,1.0,0.0,r17_c16,16.0,1.0,True,0.0,1.0,0.0,r17_c16,16.0,1.0,0.0,16,8,8,0,16,0.5,0.5,Lower temporal flexibility,Single destination observed,Lower temporal flexibility / Single destination observed,Q1 lowest,G=0 single destination,0.0,0.0
Dialysis | r20_c22 | Friday,Dialysis,r20_c22,Friday,72,51,True,08:30-09:00,0.6388888888888888,4,0.36111111111111116,31.15384615384615,11.25,0.09375,True,True,0.36111111111111116,31.15384615384615,11.25,0.09375,0.36111111111111116,31.15384615384615,0.09375,1.0,1.0,0.0,1.0,0.0,r21_c17,72.0,1.0,True,0.0,1.0,0.0,r21_c17,72.0,1.0,0.0,72,47,25,0,72,0.6527777777777778,0.3472222222222222,Lower temporal flexibility,Single destination observed,Lower temporal flexibility / Single destination observed,Q2,G=0 single destination,6.75,0.0
Dialysis | r20_c22 | Monday,Dialysis,r20_c22,Monday,93,49,True,08:30-09:00,0.6344086021505376,4,0.3655913978494624,34.411764705882355,12.580645161290324,0.10483870967741936,True,True,0.3655913978494624,34.411764705882355,12.580645161290324,0.10483870967741936,0.3655913978494624,34.411764705882355,0.10483870967741936,1.0,1.0,0.0,1.0,0.0,r21_c17,93.0,1.0,True,0.0,1.0,0.0,r21_c17,93.0,1.0,0.0,93,44,49,0,93,0.4731182795698925,0.5268817204301075,Lower temporal flexibility,Single destination observed,Lower temporal flexibility / Single destination observed,Q2,G=0 single destination,9.75,0.0
Dialysis | r20_c22 | Wednesday,Dialysis,r20_c22,Wednesday,88,52,True,08:30-09:00,0.5681818181818182,7,0.43181818181818177,37.89473684210527,16.363636363636363,0.13636363636363635,True,True,0.43181818181818177,37.89473684210527,16.363636363636363,0.13636363636363635,0.43181818181818177,37.89473684210527,0.13636363636363635,1.0,1.0,0.0,1.0,0.0,r21_c17,88.0,1.0,True,0.0,1.0,0.0,r21_c17,88.0,1.0,0.0,88,49,39,0,88,0.5568181818181818,0.4431818181818182,Higher temporal flexibility,Single destination observed,Higher temporal flexibility / Single destination observed,Q3,G=0 single destination,12.0,0.0
Dialysis | r20_c9 | Thursday,Dialysis,r20_c9,Thursday,16,15,True,11:00-11:30,0.8125,2,0.1875,30.0,5.625,0.046875,True,True,0.1875,30.0,5.625,0.046875,0.1875,30.0,0.046875,1.0,1.0,0.0,1.0,0.0,r27_c12,16.0,1.0,True,0.0,1.0,0.0,r27_c12,16.0,1.0,0.0,16,12,3,1,15,0.8,0.2,Lower temporal flexibility,Single destination observed,Lower temporal flexibility / Single destination observed,Q2,G=0 single destination,0.75,0.0
Dialysis | r20_c9 | Tuesday,Dialysis,r20_c9,Tuesday,19,15,True,11:00-11:30,0.6842105263157895,3,0.3157894736842105,35.0,11.052631578947368,0.09210526315789473,True,True,0.3157894736842105,35.0,11.052631578947368,0.09210526315789473,0.3157894736842105,35.0,0.09210526315789473,1.0,1.0,0.0,1.0,0.0,r27_c12,19.0,1.0,True,0.0,1.0,0.0,r27_c12,19.0,1.0,0.0,19,13,6,0,19,0.6842105263157895,0.3157894736842105,Lower temporal flexibility,Single destination observed,Lower temporal flexibility / Single destination observed,Q2,G=0 single destination,1.75,0.0
Dialysis | r21_c17 | Friday,Dialysis,r21_c17,Friday,299,53,True,12:30-13:00,0.27759197324414714,10,0.7224080267558528,78.47222222222223,56.68896321070234,0.4239130434782608,True,True,0.7224080267558528,78.47222222222223,56.68896321070234,0.4239130434782608,0.7224080267558528,78.47222222222223,0.4239130434782608,5.0,0.24168633460475833,4.0,4.13759429814412,0.7583136653952417,r19_c12,105.0,0.3511705685618729,True,4.0,4.13759429814412,0.7583136653952417,r19_c12,105.0,0.3511705685618729,0.7583136653952417,299,151,145,3,296,0.5101351351351351,0.48986486486486486,Higher temporal flexibility,Destination diversity observed,Higher temporal flexibility / Destination diversity observed,Q4 highest,G>0 higher,126.74999999999999,226.73578595317727
Dialysis | r21_c17 | Monday,Dialysis,r21_c17,Monday,291,52,True,11:00-11:30,0.2852233676975945,12,0.7147766323024055,89.13461538461536,63.711340206185554,0.44158075601374563,True,True,0.7147766323024055,89.13461538461536,63.711340206185554,0.44158075601374563,0.7147766323024055,89.13461538461536,0.44158075601374563,5.0,0.23999480402923912,4.0,4.166756876445407,0.7600051959707609,r19_c12,95.0,0.32646048109965636,True,4.0,4.166756876445407,0.7600051959707609,r19_c12,95.0,0.32646048109965636,0.7600051959707609,291,149,134,8,283,0.5265017667844523,0.4734982332155477,Higher temporal flexibility,Destination diversity observed,Higher temporal flexibility / Destination diversity observed,Q4 highest,G>0 higher,128.49999999999997,221.16151202749143
Dialysis | r21_c17 | Wednesday,Dialysis,r21_c17,Wednesday,297,52,True,12:30-13:00,0.28619528619528617,11,0.7138047138047139,82.0754716981132,58.58585858585859,0.43434343434343436,True,True,0.7138047138047139,82.0754716981132,58.58585858585859,0.43434343434343436,0.7138047138047139,82.0754716981132,0.43434343434343436,5.0,0.22436486072849712,4.0,4.457025920873123,0.7756351392715028,r19_c12,89.0,0.2996632996632997,True,4.0,4.457025920873123,0.7756351392715028,r19_c12,89.0,0.2996632996632997,0.7756351392715028,297,150,134,13,284,0.528169014084507,0.47183098591549294,Higher temporal flexibility,Destination diversity observed,Higher temporal flexibility / Destination diversity observed,Q4 highest,G>0 higher,129.0,230.36363636363635
Dialysis | r21_c9 | Friday,Dialysis,r21_c9,Friday,108,53,True,10:30-11:00,0.5740740740740741,4,0.42592592592592593,226.95652173913044,96.66666666666667,0.40740740740740744,True,True,0.42592592592592593,226.95652173913044,96.66666666666667,0.40740740740740744,0.42592592592592593,226.95652173913044,0.40740740740740744,2.0,0.5207475994513031,1.0,1.9203161014158712,0.4792524005486969,r21_c9,65.0,0.6018518518518519,True,1.0,1.9203161014158712,0.4792524005486969,r21_c9,65.0,0.6018518518518519,0.4792524005486969,108,91,16,1,107,0.8504672897196262,0.14953271028037382,Higher temporal flexibility,Destination diversity observed,Higher temporal flexibility / Destination diversity observed,Q4 highest,G>0 middle,44.0,51.75925925925927
Dialysis | r21_c9 | Monday,Dialysis,r21_c9,Monday,109,52,True,10:30-11:00,0.5412844036697247,4,0.45871559633027525,237.0,108.71559633027523,0.4518348623853211,True,True,0.45871559633027525,237.0,108.71559633027523,0.4518348623853211,0.45871559633027525,237.0,0.4518348623853211,4.0,0.4891002440871981,3.0,2.044570641886078,0.5108997559128019,r21_c9,60.0,0.5504587155963303,True,3.0,2.044570641886078,0.5108997559128019,r21_c9,60.0,0.5504587155963303,0.5108997559128019,109,82,27,0,109,0.7522935779816514,0.24770642201834864,Higher temporal flexibility,Destination diversity observed,Higher temporal flexibility / Destination diversity observed,Q4 highest,G>0 middle,49.25,55.688073394495405
Dialysis | r21_c9 | Thursday,Dialysis,r21_c9,Thursday,122,48,True,15:00-15:30,0.5163934426229508,9,0.48360655737704916,77.28813559322035,37.37704918032787,0.19262295081967212,True,True,0.48360655737704916,77.28813559322035,37.37704918032787,0.19262295081967212,0.48360655737704916,77.28813559322035,0.19262295081967212,5.0,0.32948132222520826,4.0,3.0350734094616643,0.6705186777747918,r23_c9,55.0,0.45081967213114754,True,4.0,3.0350734094616643,0.6705186777747918,r23_c9,55.0,0.45081967213114754,0.6705186777747918,122,57,63,2,120,0.475,0.525,Higher temporal flexibility,Destination diversity observed,Higher temporal flexibility / Destination diversity observed,Q3,G>0 higher,23.5,81.8032786885246
Dialysis | r21_c9 | Tuesday,Dialysis,r21_c9,Tuesday,110,48,True,15:00-15:30,0.5454545454545454,6,0.4545454545454546,54.0,24.545454545454547,0.14772727272727273,True,True,0.4545454545454546,54.0,24.545454545454547,0.14772727272727273,0.4545454545454546,54.0,0.14772727272727273,7.0,0.33900826446280985,6.0,2.94978059483179,0.6609917355371902,r18_c6,43.0,0.39090909090909093,True,6.0,2.94978059483179,0.6609917355371902,r18_c6,43.0,0.39090909090909093,0.6609917355371902,110,59,49,2,108,0.5462962962962963,0.4537037037037037,Higher temporal flexibility,Destination diversity observed,Higher temporal flexibility / Destination diversity observed,Q3,G>0 middle,16.25,72.70909090909092
Dialysis | r21_c9 | Wednesday,Dialysis,r21_c9,Wednesday,103,52,True,10:30-11:00,0.5631067961165048,4,0.4368932038834952,235.99999999999994,103.10679611650484,0.42961165048543687,True,True,0.4368932038834952,235.99999999999994,103.10679611650484,0.42961165048543687,0.4368932038834952,235.99999999999994,0.42961165048543687,3.0,0.5024978791592044,2.0,1.9900581504408181,0.4975021208407956,r21_c9,59.0,0.5728155339805825,True,2.0,1.9900581504408181,0.4975021208407956,r21_c9,59.0,0.5728155339805825,0.4975021208407956,103,86,17,0,103,0.8349514563106796,0.1650485436893204,Higher temporal flexibility,Destination diversity observed,Higher temporal flexibility / Destination diversity observed,Q4 highest,G>0 middle,44.25,51.24271844660195
Dialysis | r22_c31 | Friday,Dialysis,r22_c31,Friday,20,16,True,08:30-09:00,0.4,4,0.6,50.0,30.0,0.25,True,True,0.6,50.0,30.0,0.25,0.6,50.0,0.25,1.0,1.0,0.0,1.0,0.0,r21_c17,20.0,1.0,True,0.0,1.0,0.0,r21_c17,20.0,1.0,0.0,20,14,6,0,20,0.7,0.3,Higher temporal flexibility,Single destination observed,Higher temporal flexibility / Single destination observed,Q4 highest,G=0 single destination,5.0,0.0
Dialysis | r22_c31 | Monday,Dialysis,r22_c31,Monday,24,17,True,09:30-10:00,0.5,4,0.5,55.0,27.5,0.22916666666666666,True,True,0.5,55.0,27.5,0.22916666666666666,0.5,55.0,0.22916666666666666,1.0,1.0,0.0,1.0,0.0,r21_c17,24.0,1.0,True,0.0,1.0,0.0,r21_c17,24.0,1.0,0.0,24,17,7,0,24,0.7083333333333334,0.2916666666666667,Higher temporal flexibility,Single destination observed,Higher temporal flexibility / Single destination observed,Q4 highest,G=0 single destination,5.5,0.0
Dialysis | r22_c31 | Wednesday,Dialysis,r22_c31,Wednesday,25,17,True,08:30-09:00,0.36,4,0.64,44.99999999999999,28.799999999999997,0.24,True,True,0.64,44.99999999999999,28.799999999999997,0.24,0.64,44.99999999999999,0.24,1.0,1.0,0.0,1.0,0.0,r21_c17,25.0,1.0,True,0.0,1.0,0.0,r21_c17,25.0,1.0,0.0,25,17,8,0,25,0.68,0.32,Higher temporal flexibility,Single destination observed,Higher temporal flexibility / Single destination observed,Q4 highest,G=0 single destination,6.0,0.0
Dialysis | r22_c9 | Friday,Dialysis,r22_c9,Friday,85,42,True,10:00-10:30,0.5764705882352941,2,0.42352941176470593,29.999999999999996,12.705882352941176,0.10588235294117647,True,True,0.42352941176470593,29.999999999999996,12.705882352941176,0.10588235294117647,0.42352941176470593,29.999999999999996,0.10588235294117647,1.0,1.0,0.0,1.0,0.0,r21_c9,85.0,1.0,True,0.0,1.0,0.0,r21_c9,85.0,1.0,0.0,85,40,45,0,85,0.47058823529411764,0.5294117647058824,Lower temporal flexibility,Single destination observed,Lower temporal flexibility / Single destination observed,Q2,G=0 single destination,9.0,0.0
Dialysis | r22_c9 | Monday,Dialysis,r22_c9,Monday,84,42,True,10:00-10:30,0.5595238095238095,2,0.44047619047619047,30.0,13.214285714285714,0.11011904761904762,True,True,0.44047619047619047,30.0,13.214285714285714,0.11011904761904762,0.44047619047619047,30.0,0.11011904761904762,1.0,1.0,0.0,1.0,0.0,r21_c9,84.0,1.0,True,0.0,1.0,0.0,r21_c9,84.0,1.0,0.0,84,34,50,0,84,0.40476190476190477,0.5952380952380952,Lower temporal flexibility,Single destination observed,Lower temporal flexibility / Single destination observed,Q2,G=0 single destination,9.25,0.0
Dialysis | r22_c9 | Wednesday,Dialysis,r22_c9,Wednesday,86,41,True,10:00-10:30,0.5348837209302325,3,0.4651162790697675,29.999999999999996,13.953488372093023,0.11627906976744186,True,True,0.4651162790697675,29.999999999999996,13.953488372093023,0.11627906976744186,0.4651162790697675,29.999999999999996,0.11627906976744186,1.0,1.0,0.0,1.0,0.0,r21_c9,86.0,1.0,True,0.0,1.0,0.0,r21_c9,86.0,1.0,0.0,86,36,49,1,85,0.4235294117647059,0.5764705882352941,Lower temporal flexibility,Single destination observed,Lower temporal flexibility / Single destination observed,Q2,G=0 single destination,10.0,0.0
Dialysis | r23_c10 | Friday,Dialysis,r23_c10,Friday,29,25,True,10:30-11:00,0.5172413793103449,2,0.48275862068965514,30.000000000000004,14.482758620689657,0.1206896551724138,True,True,0.48275862068965514,30.000000000000004,14.482758620689657,0.1206896551724138,0.48275862068965514,30.000000000000004,0.1206896551724138,1.0,1.0,0.0,1.0,0.0,r21_c10,29.0,1.0,True,0.0,1.0,0.0,r21_c10,29.0,1.0,0.0,29,23,5,1,28,0.8214285714285714,0.17857142857142858,Lower temporal flexibility,Single destination observed,Lower temporal flexibility / Single destination observed,Q2,G=0 single destination,3.5,0.0
Dialysis | r23_c10 | Monday,Dialysis,r23_c10,Monday,31,25,True,10:30-11:00,0.6774193548387096,3,0.32258064516129037,35.99999999999999,11.612903225806452,0.0967741935483871,True,True,0.32258064516129037,35.99999999999999,11.612903225806452,0.0967741935483871,0.32258064516129037,35.99999999999999,0.0967741935483871,1.0,1.0,0.0,1.0,0.0,r21_c10,31.0,1.0,True,0.0,1.0,0.0,r21_c10,31.0,1.0,0.0,31,21,6,4,27,0.7777777777777778,0.2222222222222222,Lower temporal flexibility,Single destination observed,Lower temporal flexibility / Single destination observed,Q2,G=0 single destination,3.0,0.0
Dialysis | r23_c10 | Wednesday,Dialysis,r23_c10,Wednesday,26,25,True,10:30-11:00,0.6538461538461539,2,0.34615384615384615,30.000000000000004,10.384615384615385,0.08653846153846154,True,True,0.34615384615384615,30.000000000000004,10.384615384615385,0.08653846153846154,0.34615384615384615,30.000000000000004,0.08653846153846154,1.0,1.0,0.0,1.0,0.0,r21_c10,26.0,1.0,True,0.0,1.0,0.0,r21_c10,26.0,1.0,0.0,26,23,2,1,25,0.92,0.08,Lower temporal flexibility,Single destination observed,Lower temporal flexibility / Single destination observed,Q2,G=0 single destination,2.25,0.0
Dialysis | r23_c13 | Monday,Dialysis,r23_c13,Monday,10,3,True,10:00-10:30,0.8,2,0.19999999999999996,30.000000000000007,6.0,0.05,True,True,0.19999999999999996,30.000000000000007,6.0,0.05,0.19999999999999996,30.000000000000007,0.05,1.0,1.0,0.0,1.0,0.0,r24_c17,10.0,1.0,True,0.0,1.0,0.0,r24_c17,10.0,1.0,0.0,10,1,9,0,10,0.1,0.9,Lower temporal flexibility,Single destination observed,Lower temporal flexibility / Single destination observed,Q2,G=0 single destination,0.5,0.0
Dialysis | r23_c9 | Friday,Dialysis,r23_c9,Friday,184,53,True,15:30-16:00,0.4782608695652174,6,0.5217391304347826,71.25,37.17391304347826,0.2907608695652174,True,True,0.5217391304347826,71.25,37.17391304347826,0.2907608695652174,0.5217391304347826,71.25,0.2907608695652174,1.0,1.0,0.0,1.0,0.0,r27_c10,184.0,1.0,True,0.0,1.0,0.0,r27_c10,184.0,1.0,0.0,184,134,47,3,181,0.7403314917127072,0.2596685082872928,Higher temporal flexibility,Single destination observed,Higher temporal flexibility / Single destination observed,Q4 highest,G=0 single destination,53.5,0.0
Dialysis | r23_c9 | Monday,Dialysis,r23_c9,Monday,184,52,True,15:30-16:00,0.4782608695652174,7,0.5217391304347826,72.1875,37.66304347826087,0.2989130434782609,True,True,0.5217391304347826,72.1875,37.66304347826087,0.2989130434782609,0.5217391304347826,72.1875,0.2989130434782609,1.0,1.0,0.0,1.0,0.0,r27_c10,184.0,1.0,True,0.0,1.0,0.0,r27_c10,184.0,1.0,0.0,184,125,55,4,180,0.6944444444444444,0.3055555555555556,Higher temporal flexibility,Single destination observed,Higher temporal flexibility / Single destination observed,Q4 highest,G=0 single destination,55.00000000000001,0.0
Dialysis | r23_c9 | Thursday,Dialysis,r23_c9,Thursday,50,34,True,09:00-09:30,0.96,2,0.040000000000000036,89.99999999999993,3.6,0.030000000000000002,True,True,0.040000000000000036,89.99999999999993,3.6,0.030000000000000002,0.040000000000000036,89.99999999999993,0.030000000000000002,2.0,0.9232,1.0,1.0831889081455806,0.07679999999999998,r21_c9,48.0,0.96,True,1.0,1.0831889081455806,0.07679999999999998,r21_c9,48.0,0.96,0.07679999999999998,50,32,18,0,50,0.64,0.36,Lower temporal flexibility,Destination diversity observed,Lower temporal flexibility / Destination diversity observed,Q1 lowest,G>0 lower,1.5000000000000002,3.839999999999999
Dialysis | r23_c9 | Tuesday,Dialysis,r23_c9,Tuesday,43,32,True,09:00-09:30,0.9534883720930233,3,0.046511627906976716,360.0000000000002,16.74418604651163,0.046511627906976744,True,True,0.046511627906976716,360.0000000000002,16.74418604651163,0.046511627906976744,0.046511627906976716,360.0000000000002,0.046511627906976744,2.0,0.9113034072471606,1.0,1.0973293768545993,0.08869659275283936,r21_c9,41.0,0.9534883720930233,True,1.0,1.0973293768545993,0.08869659275283936,r21_c9,41.0,0.9534883720930233,0.08869659275283936,43,31,11,1,42,0.7380952380952381,0.2619047619047619,Lower temporal flexibility,Destination diversity observed,Lower temporal flexibility / Destination diversity observed,Q2,G>0 lower,2.0,3.8139534883720927
Dialysis | r23_c9 | Wednesday,Dialysis,r23_c9,Wednesday,178,52,True,15:30-16:00,0.4438202247191011,10,0.5561797752808989,74.54545454545455,41.46067415730337,0.31320224719101125,True,True,0.5561797752808989,74.54545454545455,41.46067415730337,0.31320224719101125,0.5561797752808989,74.54545454545455,0.31320224719101125,2.0,0.9141522535033455,1.0,1.0939096809832896,0.0858477464966545,r27_c10,170.0,0.9550561797752809,True,1.0,1.0939096809832896,0.0858477464966545,r27_c10,170.0,0.9550561797752809,0.0858477464966545,178,128,45,5,173,0.7398843930635838,0.26011560693641617,Higher temporal flexibility,Destination diversity observed,Higher temporal flexibility / Destination diversity observed,Q4 highest,G>0 lower,55.75,15.2808988764045
Dialysis | r24_c17 | Friday,Dialysis,r24_c17,Friday,66,53,True,15:00-15:30,0.42424242424242425,5,0.5757575757575757,49.73684210526317,28.63636363636364,0.2272727272727273,True,True,0.5757575757575757,49.73684210526317,28.63636363636364,0.2272727272727273,0.5757575757575757,49.73684210526317,0.2272727272727273,2.0,0.8861340679522498,1.0,1.1284974093264248,0.1138659320477502,r25_c15,62.0,0.9393939393939394,True,1.0,1.1284974093264248,0.1138659320477502,r25_c15,62.0,0.9393939393939394,0.1138659320477502,66,37,28,1,65,0.5692307692307692,0.4307692307692308,Higher temporal flexibility,Destination diversity observed,Higher temporal flexibility / Destination diversity observed,Q4 highest,G>0 lower,15.000000000000002,7.515151515151513
Dialysis | r24_c17 | Monday,Dialysis,r24_c17,Monday,69,51,True,15:00-15:30,0.37681159420289856,5,0.6231884057971014,50.93023255813954,31.73913043478261,0.24275362318840576,True,True,0.6231884057971014,50.93023255813954,31.73913043478261,0.24275362318840576,0.6231884057971014,50.93023255813954,0.24275362318840576,3.0,0.8151648813274521,2.0,1.2267456841020357,0.18483511867254787,r25_c15,62.0,0.8985507246376812,True,2.0,1.2267456841020357,0.18483511867254787,r25_c15,62.0,0.8985507246376812,0.18483511867254787,69,48,20,1,68,0.7058823529411765,0.29411764705882354,Higher temporal flexibility,Destination diversity observed,Higher temporal flexibility / Destination diversity observed,Q4 highest,G>0 lower,16.749999999999996,12.753623188405804
Dialysis | r24_c17 | Wednesday,Dialysis,r24_c17,Wednesday,64,52,True,15:00-15:30,0.4375,4,0.5625,45.833333333333336,25.78125,0.21484375,True,True,0.5625,45.833333333333336,25.78125,0.21484375,0.5625,45.833333333333336,0.21484375,2.0,0.8828125,1.0,1.1327433628318584,0.1171875,r25_c15,60.0,0.9375,True,1.0,1.1327433628318584,0.1171875,r25_c15,60.0,0.9375,0.1171875,64,47,17,0,64,0.734375,0.265625,Higher temporal flexibility,Destination diversity observed,Higher temporal flexibility / Destination diversity observed,Q3,G>0 lower,13.75,7.5
Dialysis | r25_c12 | Friday,Dialysis,r25_c12,Friday,38,26,True,09:30-10:00,0.7105263157894737,4,0.2894736842105263,32.72727272727273,9.473684210526315,0.07894736842105263,True,True,0.2894736842105263,32.72727272727273,9.473684210526315,0.07894736842105263,0.2894736842105263,32.72727272727273,0.07894736842105263,1.0,1.0,0.0,1.0,0.0,r26_c12,38.0,1.0,True,0.0,1.0,0.0,r26_c12,38.0,1.0,0.0,38,23,14,1,37,0.6216216216216216,0.3783783783783784,Lower temporal flexibility,Single destination observed,Lower temporal flexibility / Single destination observed,Q2,G=0 single destination,3.0,0.0
Dialysis | r25_c12 | Monday,Dialysis,r25_c12,Monday,49,25,True,09:30-10:00,0.5918367346938775,4,0.40816326530612246,31.5,12.857142857142858,0.10714285714285714,True,True,0.40816326530612246,31.5,12.857142857142858,0.10714285714285714,0.40816326530612246,31.5,0.10714285714285714,1.0,1.0,0.0,1.0,0.0,r26_c12,49.0,1.0,True,0.0,1.0,0.0,r26_c12,49.0,1.0,0.0,49,22,26,1,48,0.4583333333333333,0.5416666666666666,Lower temporal flexibility,Single destination observed,Lower temporal flexibility / Single destination observed,Q2,G=0 single destination,5.25,0.0
Dialysis | r25_c12 | Wednesday,Dialysis,r25_c12,Wednesday,35,25,True,09:30-10:00,0.7428571428571429,3,0.2571428571428571,30.000000000000004,7.714285714285714,0.0642857142857143,True,True,0.2571428571428571,30.000000000000004,7.714285714285714,0.0642857142857143,0.2571428571428571,30.000000000000004,0.0642857142857143,1.0,1.0,0.0,1.0,0.0,r26_c12,35.0,1.0,True,0.0,1.0,0.0,r26_c12,35.0,1.0,0.0,35,21,13,1,34,0.6176470588235294,0.38235294117647056,Lower temporal flexibility,Single destination observed,Lower temporal flexibility / Single destination observed,Q2,G=0 single destination,2.2500000000000004,0.0
Dialysis | r25_c15 | Friday,Dialysis,r25_c15,Friday,58,53,True,09:00-09:30,0.6896551724137931,2,0.31034482758620685,30.000000000000004,9.310344827586206,0.07758620689655173,True,True,0.31034482758620685,30.000000000000004,9.310344827586206,0.07758620689655173,0.31034482758620685,30.000000000000004,0.07758620689655173,1.0,1.0,0.0,1.0,0.0,r24_c17,58.0,1.0,True,0.0,1.0,0.0,r24_c17,58.0,1.0,0.0,58,36,21,1,57,0.631578947368421,0.3684210526315789,Lower temporal flexibility,Single destination observed,Lower temporal flexibility / Single destination observed,Q2,G=0 single destination,4.5,0.0
Dialysis | r25_c15 | Monday,Dialysis,r25_c15,Monday,60,51,True,09:00-09:30,0.6333333333333333,3,0.3666666666666667,35.45454545454545,13.0,0.10416666666666666,True,True,0.3666666666666667,35.45454545454545,13.0,0.10416666666666666,0.3666666666666667,35.45454545454545,0.10416666666666666,1.0,1.0,0.0,1.0,0.0,r24_c17,60.0,1.0,True,0.0,1.0,0.0,r24_c17,60.0,1.0,0.0,60,46,13,1,59,0.7796610169491526,0.22033898305084745,Lower temporal flexibility,Single destination observed,Lower temporal flexibility / Single destination observed,Q2,G=0 single destination,6.249999999999999,0.0
Dialysis | r25_c15 | Wednesday,Dialysis,r25_c15,Wednesday,60,52,True,09:00-09:30,0.6666666666666666,2,0.33333333333333337,29.999999999999996,10.0,0.08333333333333333,True,True,0.33333333333333337,29.999999999999996,10.0,0.08333333333333333,0.33333333333333337,29.999999999999996,0.08333333333333333,1.0,1.0,0.0,1.0,0.0,r24_c17,60.0,1.0,True,0.0,1.0,0.0,r24_c17,60.0,1.0,0.0,60,46,14,0,60,0.7666666666666667,0.23333333333333334,Lower temporal flexibility,Single destination observed,Lower temporal flexibility / Single destination observed,Q2,G=0 single destination,5.0,0.0
Dialysis | r26_c10 | Friday,Dialysis,r26_c10,Friday,41,34,True,09:00-09:30,0.926829268292683,3,0.07317073170731703,70.00000000000004,5.121951219512195,0.042682926829268296,True,True,0.07317073170731703,70.00000000000004,5.121951219512195,0.042682926829268296,0.07317073170731703,70.00000000000004,0.042682926829268296,2.0,0.9071980963712076,1.0,1.102295081967213,0.09280190362879237,r26_c12,39.0,0.9512195121951219,True,1.0,1.102295081967213,0.09280190362879237,r26_c12,39.0,0.9512195121951219,0.09280190362879237,41,22,17,2,39,0.5641025641025641,0.4358974358974359,Lower temporal flexibility,Destination diversity observed,Lower temporal flexibility / Destination diversity observed,Q2,G>0 lower,1.7500000000000002,3.804878048780487
Dialysis | r26_c10 | Monday,Dialysis,r26_c10,Monday,41,32,True,09:00-09:30,0.9512195121951219,2,0.04878048780487809,89.99999999999993,4.390243902439025,0.03658536585365854,True,True,0.04878048780487809,89.99999999999993,4.390243902439025,0.03658536585365854,0.04878048780487809,89.99999999999993,0.03658536585365854,2.0,0.9071980963712076,1.0,1.102295081967213,0.09280190362879237,r26_c12,39.0,0.9512195121951219,True,1.0,1.102295081967213,0.09280190362879237,r26_c12,39.0,0.9512195121951219,0.09280190362879237,41,24,17,0,41,0.5853658536585366,0.4146341463414634,Lower temporal flexibility,Destination diversity observed,Lower temporal flexibility / Destination diversity observed,Q1 lowest,G>0 lower,1.5000000000000002,3.804878048780487
Dialysis | r26_c10 | Thursday,Dialysis,r26_c10,Thursday,15,11,True,10:30-11:00,0.8,3,0.19999999999999996,30.000000000000007,6.0,0.05,True,True,0.19999999999999996,30.000000000000007,6.0,0.05,0.19999999999999996,30.000000000000007,0.05,2.0,0.768888888888889,1.0,1.3005780346820808,0.23111111111111104,r24_c10,13.0,0.8666666666666667,True,1.0,1.3005780346820808,0.23111111111111104,r24_c10,13.0,0.8666666666666667,0.23111111111111104,15,7,7,1,14,0.5,0.5,Lower temporal flexibility,Destination diversity observed,Lower temporal flexibility / Destination diversity observed,Q2,G>0 lower,0.75,3.466666666666666
Dialysis | r26_c10 | Tuesday,Dialysis,r26_c10,Tuesday,15,9,True,10:30-11:00,0.6,4,0.4,40.0,16.0,0.13333333333333336,True,True,0.4,40.0,16.0,0.13333333333333336,0.4,40.0,0.13333333333333336,2.0,0.8755555555555556,1.0,1.1421319796954315,0.12444444444444436,r24_c10,14.0,0.9333333333333333,True,1.0,1.1421319796954315,0.12444444444444436,r24_c10,14.0,0.9333333333333333,0.12444444444444436,15,7,7,1,14,0.5,0.5,Higher temporal flexibility,Destination diversity observed,Higher temporal flexibility / Destination diversity observed,Q3,G>0 lower,2.0000000000000004,1.8666666666666654
Dialysis | r26_c10 | Wednesday,Dialysis,r26_c10,Wednesday,41,33,True,09:00-09:30,0.975609756097561,2,0.024390243902439046,89.99999999999993,2.1951219512195124,0.01829268292682927,True,True,0.024390243902439046,89.99999999999993,2.1951219512195124,0.01829268292682927,0.024390243902439046,89.99999999999993,0.01829268292682927,2.0,0.9071980963712076,1.0,1.102295081967213,0.09280190362879237,r26_c12,39.0,0.9512195121951219,True,1.0,1.102295081967213,0.09280190362879237,r26_c12,39.0,0.9512195121951219,0.09280190362879237,41,19,22,0,41,0.4634146341463415,0.5365853658536586,Lower temporal flexibility,Destination diversity observed,Lower temporal flexibility / Destination diversity observed,Q1 lowest,G>0 lower,0.7500000000000001,3.804878048780487
Dialysis | r26_c12 | Friday,Dialysis,r26_c12,Friday,124,53,True,15:00-15:30,0.7016129032258065,2,0.2983870967741935,30.000000000000004,8.951612903225806,0.07459677419354839,True,True,0.2983870967741935,30.000000000000004,8.951612903225806,0.07459677419354839,0.2983870967741935,30.000000000000004,0.07459677419354839,4.0,0.28030697190426634,3.0,3.567517401392112,0.7196930280957337,r26_c10,44.0,0.3548387096774194,True,3.0,3.567517401392112,0.7196930280957337,r26_c10,44.0,0.3548387096774194,0.7196930280957337,124,67,55,2,122,0.5491803278688525,0.45081967213114754,Lower temporal flexibility,Destination diversity observed,Lower temporal flexibility / Destination diversity observed,Q2,G>0 higher,9.25,89.24193548387098
Dialysis | r26_c12 | Monday,Dialysis,r26_c12,Monday,115,52,True,15:00-15:30,0.6347826086956522,5,0.3652173913043478,32.857142857142854,12.0,0.1,True,True,0.3652173913043478,32.857142857142854,12.0,0.1,0.3652173913043478,32.857142857142854,0.1,4.0,0.2763705103969754,3.0,3.6183310533515733,0.7236294896030246,r25_c12,37.0,0.3217391304347826,True,3.0,3.6183310533515733,0.7236294896030246,r25_c12,37.0,0.3217391304347826,0.7236294896030246,115,68,43,4,111,0.6126126126126126,0.38738738738738737,Lower temporal flexibility,Destination diversity observed,Lower temporal flexibility / Destination diversity observed,Q2,G>0 higher,11.5,83.21739130434783
Dialysis | r26_c12 | Wednesday,Dialysis,r26_c12,Wednesday,112,52,True,15:00-15:30,0.6696428571428571,2,0.3303571428571429,29.999999999999993,9.910714285714285,0.08258928571428571,True,True,0.3303571428571429,29.999999999999993,9.910714285714285,0.08258928571428571,0.3303571428571429,29.999999999999993,0.08258928571428571,4.0,0.28651147959183676,3.0,3.4902615470228153,0.7134885204081632,r26_c10,40.0,0.35714285714285715,True,3.0,3.4902615470228153,0.7134885204081632,r26_c10,40.0,0.35714285714285715,0.7134885204081632,112,60,49,3,109,0.5504587155963303,0.44954128440366975,Lower temporal flexibility,Destination diversity observed,Lower temporal flexibility / Destination diversity observed,Q2,G>0 higher,9.25,79.91071428571428
Dialysis | r26_c4 | Friday,Dialysis,r26_c4,Friday,20,14,True,09:00-09:30,0.8,2,0.19999999999999996,30.000000000000007,6.0,0.05,True,True,0.19999999999999996,30.000000000000007,6.0,0.05,0.19999999999999996,30.000000000000007,0.05,1.0,1.0,0.0,1.0,0.0,r26_c12,20.0,1.0,True,0.0,1.0,0.0,r26_c12,20.0,1.0,0.0,20,7,13,0,20,0.35,0.65,Lower temporal flexibility,Single destination observed,Lower temporal flexibility / Single destination observed,Q2,G=0 single destination,1.0,0.0
Dialysis | r26_c4 | Monday,Dialysis,r26_c4,Monday,17,14,True,09:00-09:30,0.7647058823529411,3,0.23529411764705888,82.49999999999999,19.411764705882355,0.10294117647058823,True,True,0.23529411764705888,82.49999999999999,19.411764705882355,0.10294117647058823,0.23529411764705888,82.49999999999999,0.10294117647058823,2.0,0.7923875432525951,1.0,1.2620087336244543,0.20761245674740492,r26_c12,15.0,0.8823529411764706,True,1.0,1.2620087336244543,0.20761245674740492,r26_c12,15.0,0.8823529411764706,0.20761245674740492,17,7,9,1,16,0.4375,0.5625,Lower temporal flexibility,Destination diversity observed,Lower temporal flexibility / Destination diversity observed,Q2,G>0 lower,1.75,3.5294117647058836
Dialysis | r26_c4 | Wednesday,Dialysis,r26_c4,Wednesday,26,16,True,09:00-09:30,0.7307692307692307,4,0.2692307692307693,38.57142857142857,10.384615384615385,0.08653846153846155,True,True,0.2692307692307693,38.57142857142857,10.384615384615385,0.08653846153846155,0.2692307692307693,38.57142857142857,0.08653846153846155,2.0,0.57396449704142,1.0,1.7422680412371137,0.42603550295857995,r26_c12,18.0,0.6923076923076923,True,1.0,1.7422680412371137,0.42603550295857995,r26_c12,18.0,0.6923076923076923,0.42603550295857995,26,7,17,2,24,0.2916666666666667,0.7083333333333334,Lower temporal flexibility,Destination diversity observed,Lower temporal flexibility / Destination diversity observed,Q2,G>0 middle,2.2500000000000004,11.076923076923078
Dialysis | r27_c10 | Friday,Dialysis,r27_c10,Friday,185,53,True,09:00-09:30,0.5783783783783784,2,0.42162162162162165,60.0,25.2972972972973,0.21081081081081082,True,True,0.42162162162162165,60.0,25.2972972972973,0.21081081081081082,0.42162162162162165,60.0,0.21081081081081082,1.0,1.0,0.0,1.0,0.0,r23_c9,185.0,1.0,True,0.0,1.0,0.0,r23_c9,185.0,1.0,0.0,185,144,39,2,183,0.7868852459016393,0.21311475409836064,Higher temporal flexibility,Single destination observed,Higher temporal flexibility / Single destination observed,Q3,G=0 single destination,39.0,0.0
Dialysis | r27_c10 | Monday,Dialysis,r27_c10,Monday,196,52,True,09:00-09:30,0.5714285714285714,2,0.4285714285714286,59.99999999999999,25.71428571428571,0.21428571428571427,True,True,0.4285714285714286,59.99999999999999,25.71428571428571,0.21428571428571427,0.4285714285714286,59.99999999999999,0.21428571428571427,1.0,1.0,0.0,1.0,0.0,r23_c9,196.0,1.0,True,0.0,1.0,0.0,r23_c9,196.0,1.0,0.0,196,135,56,5,191,0.7068062827225131,0.2931937172774869,Higher temporal flexibility,Single destination observed,Higher temporal flexibility / Single destination observed,Q3,G=0 single destination,42.0,0.0
Dialysis | r27_c10 | Wednesday,Dialysis,r27_c10,Wednesday,188,52,True,09:00-09:30,0.574468085106383,2,0.42553191489361697,60.00000000000001,25.53191489361702,0.2127659574468085,True,True,0.42553191489361697,60.00000000000001,25.53191489361702,0.2127659574468085,0.42553191489361697,60.00000000000001,0.2127659574468085,1.0,1.0,0.0,1.0,0.0,r23_c9,188.0,1.0,True,0.0,1.0,0.0,r23_c9,188.0,1.0,0.0,188,137,43,8,180,0.7611111111111111,0.2388888888888889,Higher temporal flexibility,Single destination observed,Higher temporal flexibility / Single destination observed,Q3,G=0 single destination,40.0,0.0
Dialysis | r28_c15 | Thursday,Dialysis,r28_c15,Thursday,18,8,True,10:00-10:30,0.7777777777777778,2,0.2222222222222222,30.0,6.666666666666666,0.05555555555555555,True,True,0.2222222222222222,30.0,6.666666666666666,0.05555555555555555,0.2222222222222222,30.0,0.05555555555555555,2.0,0.5246913580246915,1.0,1.9058823529411761,0.47530864197530853,r31_c19,11.0,0.6111111111111112,True,1.0,1.9058823529411761,0.47530864197530853,r31_c19,11.0,0.6111111111111112,0.47530864197530853,18,6,12,0,18,0.3333333333333333,0.6666666666666666,Lower temporal flexibility,Destination diversity observed,Lower temporal flexibility / Destination diversity observed,Q2,G>0 middle,1.0,8.555555555555554
Dialysis | r28_c15 | Tuesday,Dialysis,r28_c15,Tuesday,12,10,True,10:00-10:30,0.8333333333333334,2,0.16666666666666663,30.000000000000007,5.0,0.041666666666666664,True,True,0.16666666666666663,30.000000000000007,5.0,0.041666666666666664,0.16666666666666663,30.000000000000007,0.041666666666666664,2.0,0.513888888888889,1.0,1.9459459459459456,0.48611111111111105,r26_c9,7.0,0.5833333333333334,True,1.0,1.9459459459459456,0.48611111111111105,r26_c9,7.0,0.5833333333333334,0.48611111111111105,12,5,4,3,9,0.5555555555555556,0.4444444444444444,Lower temporal flexibility,Destination diversity observed,Lower temporal flexibility / Destination diversity observed,Q2,G>0 middle,0.5,5.833333333333332
Dialysis | r28_c9 | Thursday,Dialysis,r28_c9,Thursday,19,11,True,09:30-10:00,0.7368421052631579,4,0.26315789473684215,59.999999999999986,15.789473684210526,0.13157894736842105,True,True,0.26315789473684215,59.999999999999986,15.789473684210526,0.13157894736842105,0.26315789473684215,59.999999999999986,0.13157894736842105,1.0,1.0,0.0,1.0,0.0,r21_c9,19.0,1.0,True,0.0,1.0,0.0,r21_c9,19.0,1.0,0.0,19,8,11,0,19,0.42105263157894735,0.5789473684210527,Higher temporal flexibility,Single destination observed,Higher temporal flexibility / Single destination observed,Q3,G=0 single destination,2.5,0.0
Dialysis | r28_c9 | Tuesday,Dialysis,r28_c9,Tuesday,12,11,True,09:30-10:00,0.9166666666666666,2,0.08333333333333337,59.99999999999997,5.0,0.041666666666666664,True,True,0.08333333333333337,59.99999999999997,5.0,0.041666666666666664,0.08333333333333337,59.99999999999997,0.041666666666666664,1.0,1.0,0.0,1.0,0.0,r21_c9,12.0,1.0,True,0.0,1.0,0.0,r21_c9,12.0,1.0,0.0,12,9,3,0,12,0.75,0.25,Lower temporal flexibility,Single destination observed,Lower temporal flexibility / Single destination observed,Q2,G=0 single destination,0.5,0.0
Dialysis | r29_c13 | Thursday,Dialysis,r29_c13,Thursday,36,23,True,14:30-15:00,0.75,4,0.25,196.66666666666666,49.166666666666664,0.2361111111111111,True,True,0.25,196.66666666666666,49.166666666666664,0.2361111111111111,0.25,196.66666666666666,0.2361111111111111,3.0,0.6311728395061729,2.0,1.5843520782396088,0.36882716049382713,r30_c10,28.0,0.7777777777777778,True,2.0,1.5843520782396088,0.36882716049382713,r30_c10,28.0,0.7777777777777778,0.36882716049382713,36,19,17,0,36,0.5277777777777778,0.4722222222222222,Higher temporal flexibility,Destination diversity observed,Higher temporal flexibility / Destination diversity observed,Q4 highest,G>0 lower,8.5,13.277777777777777
Dialysis | r29_c13 | Tuesday,Dialysis,r29_c13,Tuesday,36,24,True,14:30-15:00,0.6388888888888888,4,0.36111111111111116,221.53846153846152,80.0,0.36111111111111116,True,True,0.36111111111111116,221.53846153846152,80.0,0.36111111111111116,0.36111111111111116,221.53846153846152,0.36111111111111116,3.0,0.5138888888888888,2.0,1.945945945945946,0.48611111111111116,r30_c10,24.0,0.6666666666666666,True,2.0,1.945945945945946,0.48611111111111116,r30_c10,24.0,0.6666666666666666,0.48611111111111116,36,19,15,2,34,0.5588235294117647,0.4411764705882353,Higher temporal flexibility,Destination diversity observed,Higher temporal flexibility / Destination diversity observed,Q4 highest,G>0 middle,13.000000000000002,17.5
Dialysis | r29_c17 | Friday,Dialysis,r29_c17,Friday,74,49,True,15:30-16:00,0.35135135135135137,9,0.6486486486486487,225.625,146.35135135135135,0.6013513513513513,True,True,0.6486486486486487,225.625,146.35135135135135,0.6013513513513513,0.6486486486486487,225.625,0.6013513513513513,5.0,0.36230825420014606,4.0,2.7600806451612905,0.6376917457998539,r31_c14,31.0,0.4189189189189189,True,4.0,2.7600806451612905,0.6376917457998539,r31_c14,31.0,0.4189189189189189,0.6376917457998539,74,30,38,6,68,0.4411764705882353,0.5588235294117647,Higher temporal flexibility,Destination diversity observed,Higher temporal flexibility / Destination diversity observed,Q4 highest,G>0 middle,44.5,47.189189189189186
Dialysis | r29_c17 | Monday,Dialysis,r29_c17,Monday,80,46,True,11:00-11:30,0.3625,7,0.6375,180.0,114.75,0.471875,True,True,0.6375,180.0,114.75,0.471875,0.6375,180.0,0.471875,5.0,0.31906249999999997,4.0,3.134182174338884,0.6809375,r24_c17,31.0,0.3875,True,4.0,3.134182174338884,0.6809375,r24_c17,31.0,0.3875,0.6809375,80,25,46,9,71,0.352112676056338,0.647887323943662,Higher temporal flexibility,Destination diversity observed,Higher temporal flexibility / Destination diversity observed,Q4 highest,G>0 higher,37.75,54.474999999999994
Dialysis | r29_c17 | Thursday,Dialysis,r29_c17,Thursday,97,48,True,15:30-16:00,0.5876288659793815,10,0.41237113402061853,80.25,33.092783505154635,0.17525773195876285,True,True,0.41237113402061853,80.25,33.092783505154635,0.17525773195876285,0.41237113402061853,80.25,0.17525773195876285,5.0,0.740886385375704,4.0,1.3497346148328793,0.25911361462429605,r35_c14,83.0,0.8556701030927835,True,4.0,1.3497346148328793,0.25911361462429605,r35_c14,83.0,0.8556701030927835,0.25911361462429605,97,43,52,2,95,0.45263157894736844,0.5473684210526316,Higher temporal flexibility,Destination diversity observed,Higher temporal flexibility / Destination diversity observed,Q3,G>0 lower,16.999999999999996,25.13402061855672
Dialysis | r29_c17 | Tuesday,Dialysis,r29_c17,Tuesday,86,47,True,15:30-16:00,0.5465116279069767,6,0.4534883720930233,41.53846153846154,18.837209302325583,0.1453488372093023,True,True,0.4534883720930233,41.53846153846154,18.837209302325583,0.1453488372093023,0.4534883720930233,41.53846153846154,0.1453488372093023,3.0,0.9321254732287725,2.0,1.072816942268639,0.06787452677122752,r35_c14,83.0,0.9651162790697675,True,2.0,1.072816942268639,0.06787452677122752,r35_c14,83.0,0.9651162790697675,0.06787452677122752,86,43,42,1,85,0.5058823529411764,0.49411764705882355,Higher temporal flexibility,Destination diversity observed,Higher temporal flexibility / Destination diversity observed,Q3,G>0 lower,12.499999999999998,5.837209302325567
Dialysis | r29_c17 | Wednesday,Dialysis,r29_c17,Wednesday,82,49,True,15:30-16:00,0.2926829268292683,12,0.7073170731707317,219.31034482758622,155.1219512195122,0.6615853658536587,True,True,0.7073170731707317,219.31034482758622,155.1219512195122,0.6615853658536587,0.7073170731707317,219.31034482758622,0.6615853658536587,5.0,0.3042831647828673,4.0,3.286412512218964,0.6957168352171327,r24_c17,30.0,0.36585365853658536,True,4.0,3.286412512218964,0.6957168352171327,r24_c17,30.0,0.36585365853658536,0.6957168352171327,82,33,43,6,76,0.4342105263157895,0.5657894736842105,Higher temporal flexibility,Destination diversity observed,Higher temporal flexibility / Destination diversity observed,Q4 highest,G>0 higher,54.250000000000014,57.048780487804876
Dialysis | r29_c8 | Friday,Dialysis,r29_c8,Friday,10,7,True,10:30-11:00,0.7,2,0.30000000000000004,59.99999999999999,18.0,0.15,True,True,0.30000000000000004,59.99999999999999,18.0,0.15,0.30000000000000004,59.99999999999999,0.15,2.0,0.8200000000000001,1.0,1.2195121951219512,0.17999999999999994,r26_c12,9.0,0.9,True,1.0,1.2195121951219512,0.17999999999999994,r26_c12,9.0,0.9,0.17999999999999994,10,3,7,0,10,0.3,0.7,Higher temporal flexibility,Destination diversity observed,Higher temporal flexibility / Destination diversity observed,Q3,G>0 lower,1.5,1.7999999999999994
Dialysis | r29_c8 | Monday,Dialysis,r29_c8,Monday,13,7,True,10:30-11:00,0.7692307692307693,3,0.23076923076923073,40.000000000000014,9.230769230769232,0.07692307692307693,True,True,0.23076923076923073,40.000000000000014,9.230769230769232,0.07692307692307693,0.23076923076923073,40.000000000000014,0.07692307692307693,2.0,0.8579881656804735,1.0,1.1655172413793102,0.14201183431952646,r26_c12,12.0,0.9230769230769231,True,1.0,1.1655172413793102,0.14201183431952646,r26_c12,12.0,0.9230769230769231,0.14201183431952646,13,4,7,2,11,0.36363636363636365,0.6363636363636364,Lower temporal flexibility,Destination diversity observed,Lower temporal flexibility / Destination diversity observed,Q2,G>0 lower,1.0,1.846153846153844
Dialysis | r29_c8 | Wednesday,Dialysis,r29_c8,Wednesday,10,6,True,10:30-11:00,0.9,2,0.09999999999999998,30.000000000000007,3.0,0.025,True,True,0.09999999999999998,30.000000000000007,3.0,0.025,0.09999999999999998,30.000000000000007,0.025,2.0,0.6800000000000002,1.0,1.4705882352941173,0.31999999999999984,r26_c12,8.0,0.8,True,1.0,1.4705882352941173,0.31999999999999984,r26_c12,8.0,0.8,0.31999999999999984,10,4,6,0,10,0.4,0.6,Lower temporal flexibility,Destination diversity observed,Lower temporal flexibility / Destination diversity observed,Q1 lowest,G>0 lower,0.25,3.1999999999999984
Dialysis | r30_c10 | Thursday,Dialysis,r30_c10,Thursday,23,18,True,10:00-10:30,1.0,1,0.0,,0.0,0.0,True,True,0.0,,0.0,0.0,0.0,,0.0,1.0,1.0,0.0,1.0,0.0,r29_c13,23.0,1.0,True,0.0,1.0,0.0,r29_c13,23.0,1.0,0.0,23,12,8,3,20,0.6,0.4,Lower temporal flexibility,Single destination observed,Lower temporal flexibility / Single destination observed,Q1 lowest,G=0 single destination,0.0,0.0
Dialysis | r30_c10 | Tuesday,Dialysis,r30_c10,Tuesday,22,18,True,10:00-10:30,1.0,1,0.0,,0.0,0.0,True,True,0.0,,0.0,0.0,0.0,,0.0,1.0,1.0,0.0,1.0,0.0,r29_c13,22.0,1.0,True,0.0,1.0,0.0,r29_c13,22.0,1.0,0.0,22,12,9,1,21,0.5714285714285714,0.42857142857142855,Lower temporal flexibility,Single destination observed,Lower temporal flexibility / Single destination observed,Q1 lowest,G=0 single destination,0.0,0.0
Dialysis | r30_c20 | Friday,Dialysis,r30_c20,Friday,129,48,True,12:00-12:30,0.9844961240310077,2,0.015503875968992276,119.99999999999979,1.8604651162790697,0.015503875968992248,True,True,0.015503875968992276,119.99999999999979,1.8604651162790697,0.015503875968992248,0.015503875968992276,119.99999999999979,0.015503875968992248,2.0,0.9846163091160387,1.0,1.0156240463838877,0.015383690883961298,r31_c26,128.0,0.9922480620155039,True,1.0,1.0156240463838877,0.015383690883961298,r31_c26,128.0,0.9922480620155039,0.015383690883961298,129,84,42,3,126,0.6666666666666666,0.3333333333333333,Lower temporal flexibility,Destination diversity observed,Lower temporal flexibility / Destination diversity observed,Q1 lowest,G>0 lower,2.0,1.9844961240310075
Dialysis | r30_c20 | Monday,Dialysis,r30_c20,Monday,121,47,True,12:00-12:30,1.0,1,0.0,,0.0,0.0,True,True,0.0,,0.0,0.0,0.0,,0.0,2.0,0.9836076770712383,1.0,1.0166655093396293,0.016392322928761693,r31_c26,120.0,0.9917355371900827,True,1.0,1.0166655093396293,0.016392322928761693,r31_c26,120.0,0.9917355371900827,0.016392322928761693,121,86,33,2,119,0.7226890756302521,0.2773109243697479,Lower temporal flexibility,Destination diversity observed,Lower temporal flexibility / Destination diversity observed,Q1 lowest,G>0 lower,0.0,1.983471074380165
Dialysis | r30_c20 | Wednesday,Dialysis,r30_c20,Wednesday,129,47,True,12:00-12:30,0.9922480620155039,2,0.007751937984496138,29.999999999999947,0.23255813953488372,0.001937984496124031,True,True,0.007751937984496138,29.999999999999947,0.23255813953488372,0.001937984496124031,0.007751937984496138,29.999999999999947,0.001937984496124031,2.0,0.9846163091160387,1.0,1.0156240463838877,0.015383690883961298,r31_c26,128.0,0.9922480620155039,True,1.0,1.0156240463838877,0.015383690883961298,r31_c26,128.0,0.9922480620155039,0.015383690883961298,129,88,41,0,129,0.6821705426356589,0.3178294573643411,Lower temporal flexibility,Destination diversity observed,Lower temporal flexibility / Destination diversity observed,Q1 lowest,G>0 lower,0.25,1.9844961240310075
Dialysis | r31_c13 | Friday,Dialysis,r31_c13,Friday,62,42,True,10:30-11:00,0.5,6,0.5,55.16129032258064,27.58064516129032,0.16532258064516125,True,True,0.5,55.16129032258064,27.58064516129032,0.16532258064516125,0.5,55.16129032258064,0.16532258064516125,1.0,1.0,0.0,1.0,0.0,r36_c16,62.0,1.0,True,0.0,1.0,0.0,r36_c16,62.0,1.0,0.0,62,28,31,3,59,0.4745762711864407,0.5254237288135594,Higher temporal flexibility,Single destination observed,Higher temporal flexibility / Single destination observed,Q3,G=0 single destination,10.249999999999998,0.0
Dialysis | r31_c13 | Monday,Dialysis,r31_c13,Monday,80,42,True,10:30-11:00,0.5125,6,0.48750000000000004,43.07692307692307,21.0,0.165625,True,True,0.48750000000000004,43.07692307692307,21.0,0.165625,0.48750000000000004,43.07692307692307,0.165625,1.0,1.0,0.0,1.0,0.0,r36_c16,80.0,1.0,True,0.0,1.0,0.0,r36_c16,80.0,1.0,0.0,80,32,42,6,74,0.43243243243243246,0.5675675675675675,Higher temporal flexibility,Single destination observed,Higher temporal flexibility / Single destination observed,Q3,G=0 single destination,13.25,0.0
Dialysis | r31_c13 | Wednesday,Dialysis,r31_c13,Wednesday,71,42,True,10:30-11:00,0.4225352112676056,7,0.5774647887323944,46.82926829268293,27.042253521126764,0.18661971830985918,True,True,0.5774647887323944,46.82926829268293,27.042253521126764,0.18661971830985918,0.5774647887323944,46.82926829268293,0.18661971830985918,1.0,1.0,0.0,1.0,0.0,r36_c16,71.0,1.0,True,0.0,1.0,0.0,r36_c16,71.0,1.0,0.0,71,33,36,2,69,0.4782608695652174,0.5217391304347826,Higher temporal flexibility,Single destination observed,Higher temporal flexibility / Single destination observed,Q3,G=0 single destination,13.250000000000002,0.0
Dialysis | r31_c14 | Friday,Dialysis,r31_c14,Friday,26,20,True,10:00-10:30,1.0,1,0.0,,0.0,0.0,True,True,0.0,,0.0,0.0,0.0,,0.0,2.0,0.8579881656804735,1.0,1.1655172413793102,0.14201183431952646,r29_c17,24.0,0.9230769230769231,True,1.0,1.1655172413793102,0.14201183431952646,r29_c17,24.0,0.9230769230769231,0.14201183431952646,26,16,10,0,26,0.6153846153846154,0.38461538461538464,Lower temporal flexibility,Destination diversity observed,Lower temporal flexibility / Destination diversity observed,Q1 lowest,G>0 lower,0.0,3.692307692307688
Dialysis | r31_c14 | Monday,Dialysis,r31_c14,Monday,24,19,True,10:00-10:30,1.0,1,0.0,,0.0,0.0,True,True,0.0,,0.0,0.0,0.0,,0.0,2.0,0.78125,1.0,1.28,0.21875,r29_c17,21.0,0.875,True,1.0,1.28,0.21875,r29_c17,21.0,0.875,0.21875,24,18,5,1,23,0.782608695652174,0.21739130434782608,Lower temporal flexibility,Destination diversity observed,Lower temporal flexibility / Destination diversity observed,Q1 lowest,G>0 lower,0.0,5.25
Dialysis | r31_c14 | Wednesday,Dialysis,r31_c14,Wednesday,27,19,True,10:00-10:30,1.0,1,0.0,,0.0,0.0,True,True,0.0,,0.0,0.0,0.0,,0.0,2.0,0.8024691358024691,1.0,1.2461538461538462,0.19753086419753085,r29_c17,24.0,0.8888888888888888,True,1.0,1.2461538461538462,0.19753086419753085,r29_c17,24.0,0.8888888888888888,0.19753086419753085,27,15,12,0,27,0.5555555555555556,0.4444444444444444,Lower temporal flexibility,Destination diversity observed,Lower temporal flexibility / Destination diversity observed,Q1 lowest,G>0 lower,0.0,5.333333333333333
Dialysis | r31_c16 | Friday,Dialysis,r31_c16,Friday,190,53,True,15:30-16:00,0.6263157894736842,10,0.37368421052631584,221.83098591549296,82.89473684210527,0.3078947368421053,True,True,0.37368421052631584,221.83098591549296,82.89473684210527,0.3078947368421053,0.37368421052631584,221.83098591549296,0.3078947368421053,3.0,0.39191135734072025,2.0,2.551597398925643,0.6080886426592798,r34_c18,100.0,0.5263157894736842,True,2.0,2.551597398925643,0.6080886426592798,r34_c18,100.0,0.5263157894736842,0.6080886426592798,190,121,67,2,188,0.6436170212765957,0.35638297872340424,Higher temporal flexibility,Destination diversity observed,Higher temporal flexibility / Destination diversity observed,Q4 highest,G>0 middle,58.5,115.53684210526315
Dialysis | r31_c16 | Monday,Dialysis,r31_c16,Monday,193,52,True,15:30-16:00,0.5181347150259067,11,0.4818652849740933,197.09677419354838,94.97409326424871,0.3678756476683938,True,True,0.4818652849740933,197.09677419354838,94.97409326424871,0.3678756476683938,0.4818652849740933,197.09677419354838,0.3678756476683938,3.0,0.3954737039920535,2.0,2.5286131287760503,0.6045262960079465,r34_c18,99.0,0.5129533678756477,True,2.0,2.5286131287760503,0.6045262960079465,r34_c18,99.0,0.5129533678756477,0.6045262960079465,193,115,73,5,188,0.6117021276595744,0.3882978723404255,Higher temporal flexibility,Destination diversity observed,Higher temporal flexibility / Destination diversity observed,Q4 highest,G>0 middle,71.0,116.67357512953367
Dialysis | r31_c16 | Wednesday,Dialysis,r31_c16,Wednesday,193,52,True,15:30-16:00,0.5544041450777202,9,0.4455958549222798,204.76744186046508,91.24352331606217,0.3523316062176166,True,True,0.4455958549222798,204.76744186046508,91.24352331606217,0.3523316062176166,0.4455958549222798,204.76744186046508,0.3523316062176166,3.0,0.3621305269940132,2.0,2.761435243531767,0.6378694730059868,r34_c18,90.0,0.46632124352331605,True,2.0,2.761435243531767,0.6378694730059868,r34_c18,90.0,0.46632124352331605,0.6378694730059868,193,122,68,3,190,0.6421052631578947,0.35789473684210527,Higher temporal flexibility,Destination diversity observed,Higher temporal flexibility / Destination diversity observed,Q4 highest,G>0 middle,68.0,123.10880829015547
Dialysis | r31_c26 | Friday,Dialysis,r31_c26,Friday,128,48,True,06:00-06:30,1.0,1,0.0,,0.0,0.0,True,True,0.0,,0.0,0.0,0.0,,0.0,1.0,1.0,0.0,1.0,0.0,r30_c20,128.0,1.0,True,0.0,1.0,0.0,r30_c20,128.0,1.0,0.0,128,86,40,2,126,0.6825396825396826,0.31746031746031744,Lower temporal flexibility,Single destination observed,Lower temporal flexibility / Single destination observed,Q1 lowest,G=0 single destination,0.0,0.0
Dialysis | r31_c26 | Monday,Dialysis,r31_c26,Monday,131,47,True,06:00-06:30,0.9694656488549618,3,0.03053435114503822,59.9999999999999,1.83206106870229,0.015267175572519082,True,True,0.03053435114503822,59.9999999999999,1.83206106870229,0.015267175572519082,0.03053435114503822,59.9999999999999,0.015267175572519082,1.0,1.0,0.0,1.0,0.0,r30_c20,131.0,1.0,True,0.0,1.0,0.0,r30_c20,131.0,1.0,0.0,131,83,44,4,127,0.6535433070866141,0.3464566929133858,Lower temporal flexibility,Single destination observed,Lower temporal flexibility / Single destination observed,Q1 lowest,G=0 single destination,1.9999999999999998,0.0
Dialysis | r31_c26 | Wednesday,Dialysis,r31_c26,Wednesday,127,47,True,06:00-06:30,1.0,1,0.0,,0.0,0.0,True,True,0.0,,0.0,0.0,0.0,,0.0,1.0,1.0,0.0,1.0,0.0,r30_c20,127.0,1.0,True,0.0,1.0,0.0,r30_c20,127.0,1.0,0.0,127,90,37,0,127,0.7086614173228346,0.29133858267716534,Lower temporal flexibility,Single destination observed,Lower temporal flexibility / Single destination observed,Q1 lowest,G=0 single destination,0.0,0.0
Dialysis | r32_c13 | Friday,Dialysis,r32_c13,Friday,28,19,True,10:00-10:30,0.9642857142857143,2,0.0357142857142857,30.000000000000014,1.0714285714285714,0.008928571428571428,True,True,0.0357142857142857,30.000000000000014,1.0714285714285714,0.008928571428571428,0.0357142857142857,30.000000000000014,0.008928571428571428,1.0,1.0,0.0,1.0,0.0,r31_c16,28.0,1.0,True,0.0,1.0,0.0,r31_c16,28.0,1.0,0.0,28,17,9,2,26,0.6538461538461539,0.34615384615384615,Lower temporal flexibility,Single destination observed,Lower temporal flexibility / Single destination observed,Q1 lowest,G=0 single destination,0.25,0.0
Dialysis | r32_c13 | Monday,Dialysis,r32_c13,Monday,29,19,True,10:00-10:30,0.896551724137931,2,0.10344827586206895,30.000000000000004,3.103448275862069,0.02586206896551724,True,True,0.10344827586206895,30.000000000000004,3.103448275862069,0.02586206896551724,0.10344827586206895,30.000000000000004,0.02586206896551724,1.0,1.0,0.0,1.0,0.0,r31_c16,29.0,1.0,True,0.0,1.0,0.0,r31_c16,29.0,1.0,0.0,29,17,11,1,28,0.6071428571428571,0.39285714285714285,Lower temporal flexibility,Single destination observed,Lower temporal flexibility / Single destination observed,Q1 lowest,G=0 single destination,0.75,0.0
Dialysis | r32_c13 | Wednesday,Dialysis,r32_c13,Wednesday,23,20,True,10:00-10:30,0.9565217391304348,2,0.04347826086956519,120.00000000000009,5.217391304347826,0.043478260869565216,True,True,0.04347826086956519,120.00000000000009,5.217391304347826,0.043478260869565216,0.04347826086956519,120.00000000000009,0.043478260869565216,1.0,1.0,0.0,1.0,0.0,r31_c16,23.0,1.0,True,0.0,1.0,0.0,r31_c16,23.0,1.0,0.0,23,16,4,3,20,0.8,0.2,Lower temporal flexibility,Single destination observed,Lower temporal flexibility / Single destination observed,Q2,G=0 single destination,1.0,0.0
Dialysis | r32_c20 | Friday,Dialysis,r32_c20,Friday,63,49,True,09:30-10:00,0.7619047619047619,3,0.23809523809523814,361.99999999999994,86.19047619047619,0.23809523809523808,True,True,0.23809523809523814,361.99999999999994,86.19047619047619,0.23809523809523808,0.23809523809523814,361.99999999999994,0.23809523809523808,2.0,0.6371882086167799,1.0,1.5693950177935945,0.36281179138322006,r33_c21,48.0,0.7619047619047619,True,1.0,1.5693950177935945,0.36281179138322006,r33_c21,48.0,0.7619047619047619,0.36281179138322006,63,28,30,5,58,0.4827586206896552,0.5172413793103449,Higher temporal flexibility,Destination diversity observed,Higher temporal flexibility / Destination diversity observed,Q4 highest,G>0 lower,15.0,22.857142857142865
Dialysis | r32_c20 | Monday,Dialysis,r32_c20,Monday,59,50,True,09:30-10:00,0.711864406779661,4,0.288135593220339,294.70588235294116,84.91525423728814,0.25,True,True,0.288135593220339,294.70588235294116,84.91525423728814,0.25,0.288135593220339,294.70588235294116,0.25,2.0,0.6380350474001724,1.0,1.5673120216118865,0.36196495259982764,r33_c21,45.0,0.7627118644067796,True,1.0,1.5673120216118865,0.36196495259982764,r33_c21,45.0,0.7627118644067796,0.36196495259982764,59,31,25,3,56,0.5535714285714286,0.44642857142857145,Higher temporal flexibility,Destination diversity observed,Higher temporal flexibility / Destination diversity observed,Q4 highest,G>0 lower,14.75,21.35593220338983
Dialysis | r32_c20 | Wednesday,Dialysis,r32_c20,Wednesday,62,48,True,09:30-10:00,0.6612903225806451,4,0.33870967741935487,332.85714285714283,112.74193548387098,0.31451612903225806,True,True,0.33870967741935487,332.85714285714283,112.74193548387098,0.31451612903225806,0.33870967741935487,332.85714285714283,0.31451612903225806,2.0,0.5749219562955256,1.0,1.7393665158371039,0.42507804370447444,r33_c21,43.0,0.6935483870967742,True,1.0,1.7393665158371039,0.42507804370447444,r33_c21,43.0,0.6935483870967742,0.42507804370447444,62,28,31,3,59,0.4745762711864407,0.5254237288135594,Higher temporal flexibility,Destination diversity observed,Higher temporal flexibility / Destination diversity observed,Q4 highest,G>0 middle,19.5,26.354838709677416
Dialysis | r33_c16 | Friday,Dialysis,r33_c16,Friday,34,17,True,09:30-10:00,0.7647058823529411,2,0.23529411764705888,29.999999999999993,7.0588235294117645,0.058823529411764705,True,True,0.23529411764705888,29.999999999999993,7.0588235294117645,0.058823529411764705,0.23529411764705888,29.999999999999993,0.058823529411764705,1.0,1.0,0.0,1.0,0.0,r36_c16,34.0,1.0,True,0.0,1.0,0.0,r36_c16,34.0,1.0,0.0,34,14,18,2,32,0.4375,0.5625,Lower temporal flexibility,Single destination observed,Lower temporal flexibility / Single destination observed,Q2,G=0 single destination,2.0,0.0
Dialysis | r33_c16 | Monday,Dialysis,r33_c16,Monday,29,16,True,09:30-10:00,0.6896551724137931,2,0.31034482758620685,30.000000000000004,9.310344827586206,0.07758620689655173,True,True,0.31034482758620685,30.000000000000004,9.310344827586206,0.07758620689655173,0.31034482758620685,30.000000000000004,0.07758620689655173,1.0,1.0,0.0,1.0,0.0,r36_c16,29.0,1.0,True,0.0,1.0,0.0,r36_c16,29.0,1.0,0.0,29,13,16,0,29,0.4482758620689655,0.5517241379310345,Lower temporal flexibility,Single destination observed,Lower temporal flexibility / Single destination observed,Q2,G=0 single destination,2.25,0.0
Dialysis | r33_c16 | Wednesday,Dialysis,r33_c16,Wednesday,22,14,True,09:30-10:00,0.7272727272727273,2,0.2727272727272727,30.0,8.181818181818182,0.06818181818181818,True,True,0.2727272727272727,30.0,8.181818181818182,0.06818181818181818,0.2727272727272727,30.0,0.06818181818181818,1.0,1.0,0.0,1.0,0.0,r36_c16,22.0,1.0,True,0.0,1.0,0.0,r36_c16,22.0,1.0,0.0,22,8,14,0,22,0.36363636363636365,0.6363636363636364,Lower temporal flexibility,Single destination observed,Lower temporal flexibility / Single destination observed,Q2,G=0 single destination,1.5,0.0
Dialysis | r33_c21 | Friday,Dialysis,r33_c21,Friday,162,53,True,15:00-15:30,0.6419753086419753,10,0.3580246913580247,179.48275862068962,64.25925925925925,0.3333333333333333,True,True,0.3580246913580247,179.48275862068962,64.25925925925925,0.3333333333333333,0.3580246913580247,179.48275862068962,0.3333333333333333,3.0,0.3382106386221613,2.0,2.956737269040108,0.6617893613778387,r37_c22,62.0,0.38271604938271603,True,2.0,2.956737269040108,0.6617893613778387,r37_c22,62.0,0.38271604938271603,0.6617893613778387,162,104,51,7,155,0.6709677419354839,0.32903225806451614,Higher temporal flexibility,Destination diversity observed,Higher temporal flexibility / Destination diversity observed,Q4 highest,G>0 middle,54.0,107.20987654320987
Dialysis | r33_c21 | Monday,Dialysis,r33_c21,Monday,167,52,True,15:00-15:30,0.6407185628742516,11,0.35928143712574845,195.0,70.05988023952095,0.34580838323353297,True,True,0.35928143712574845,195.0,70.05988023952095,0.34580838323353297,0.35928143712574845,195.0,0.34580838323353297,4.0,0.3320664061099358,3.0,3.011445848180542,0.6679335938900641,r37_c22,65.0,0.38922155688622756,True,3.0,3.011445848180542,0.6679335938900641,r37_c22,65.0,0.38922155688622756,0.6679335938900641,167,107,52,8,159,0.6729559748427673,0.3270440251572327,Higher temporal flexibility,Destination diversity observed,Higher temporal flexibility / Destination diversity observed,Q4 highest,G>0 higher,57.75000000000001,111.54491017964071
Dialysis | r33_c21 | Thursday,Dialysis,r33_c21,Thursday,101,43,True,12:00-12:30,0.4752475247524752,7,0.5247524752475248,350.377358490566,183.86138613861385,0.4975247524752476,True,True,0.5247524752475248,350.377358490566,183.86138613861385,0.4975247524752476,0.5247524752475248,350.377358490566,0.4975247524752476,2.0,0.9611802764434858,1.0,1.0403875573686896,0.038819723556514196,r33_c21,99.0,0.9801980198019802,True,1.0,1.0403875573686896,0.038819723556514196,r33_c21,99.0,0.9801980198019802,0.038819723556514196,101,70,29,2,99,0.7070707070707071,0.29292929292929293,Higher temporal flexibility,Destination diversity observed,Higher temporal flexibility / Destination diversity observed,Q4 highest,G>0 lower,50.25000000000001,3.920792079207934
Dialysis | r33_c21 | Tuesday,Dialysis,r33_c21,Tuesday,113,41,True,12:00-12:30,0.45132743362831856,7,0.5486725663716814,339.1935483870968,186.1061946902655,0.5066371681415929,True,True,0.5486725663716814,339.1935483870968,186.1061946902655,0.5066371681415929,0.5486725663716814,339.1935483870968,0.5066371681415929,3.0,0.9312397211997807,2.0,1.073837355983517,0.06876027880021929,r33_c21,109.0,0.9646017699115044,True,2.0,1.073837355983517,0.06876027880021929,r33_c21,109.0,0.9646017699115044,0.06876027880021929,113,73,39,1,112,0.6517857142857143,0.3482142857142857,Higher temporal flexibility,Destination diversity observed,Higher temporal flexibility / Destination diversity observed,Q4 highest,G>0 lower,57.24999999999999,7.76991150442478
Dialysis | r33_c21 | Wednesday,Dialysis,r33_c21,Wednesday,169,52,True,15:00-15:30,0.6153846153846154,10,0.3846153846153846,197.53846153846155,75.97633136094674,0.3757396449704142,True,True,0.3846153846153846,197.53846153846155,75.97633136094674,0.3757396449704142,0.3846153846153846,197.53846153846155,0.3757396449704142,4.0,0.3343370330170512,3.0,2.990993821342549,0.6656629669829488,r37_c22,64.0,0.378698224852071,True,3.0,2.990993821342549,0.6656629669829488,r37_c22,64.0,0.378698224852071,0.6656629669829488,169,104,62,3,166,0.6265060240963856,0.37349397590361444,Higher temporal flexibility,Destination diversity observed,Higher temporal flexibility / Destination diversity observed,Q4 highest,G>0 higher,63.49999999999999,112.49704142011835
Dialysis | r33_c9 | Thursday,Dialysis,r33_c9,Thursday,44,26,True,11:00-11:30,0.6818181818181818,4,0.31818181818181823,36.428571428571416,11.59090909090909,0.09659090909090909,True,True,0.31818181818181823,36.428571428571416,11.59090909090909,0.09659090909090909,0.31818181818181823,36.428571428571416,0.09659090909090909,1.0,1.0,0.0,1.0,0.0,r31_c13,44.0,1.0,True,0.0,1.0,0.0,r31_c13,44.0,1.0,0.0,44,22,21,1,43,0.5116279069767442,0.4883720930232558,Lower temporal flexibility,Single destination observed,Lower temporal flexibility / Single destination observed,Q2,G=0 single destination,4.25,0.0
Dialysis | r33_c9 | Tuesday,Dialysis,r33_c9,Tuesday,32,24,True,11:00-11:30,0.65625,4,0.34375,32.72727272727273,11.25,0.09375,True,True,0.34375,32.72727272727273,11.25,0.09375,0.34375,32.72727272727273,0.09375,1.0,1.0,0.0,1.0,0.0,r31_c13,32.0,1.0,True,0.0,1.0,0.0,r31_c13,32.0,1.0,0.0,32,21,10,1,31,0.6774193548387096,0.3225806451612903,Lower temporal flexibility,Single destination observed,Lower temporal flexibility / Single destination observed,Q2,G=0 single destination,3.0,0.0
Dialysis | r34_c18 | Friday,Dialysis,r34_c18,Friday,100,53,True,10:00-10:30,0.85,5,0.15000000000000002,75.99999999999999,11.4,0.0875,True,True,0.15000000000000002,75.99999999999999,11.4,0.0875,0.15000000000000002,75.99999999999999,0.0875,2.0,0.8042,1.0,1.2434717731907485,0.19579999999999997,r31_c16,89.0,0.89,True,1.0,1.2434717731907485,0.19579999999999997,r31_c16,89.0,0.89,0.19579999999999997,100,67,31,2,98,0.6836734693877551,0.3163265306122449,Lower temporal flexibility,Destination diversity observed,Lower temporal flexibility / Destination diversity observed,Q2,G>0 lower,8.75,19.58
Dialysis | r34_c18 | Monday,Dialysis,r34_c18,Monday,93,50,True,10:00-10:30,0.8387096774193549,3,0.16129032258064513,56.00000000000001,9.032258064516128,0.07526881720430106,True,True,0.16129032258064513,56.00000000000001,9.032258064516128,0.07526881720430106,0.16129032258064513,56.00000000000001,0.07526881720430106,2.0,0.7595097699155973,1.0,1.3166387578017962,0.24049023008440273,r31_c16,80.0,0.8602150537634409,True,1.0,1.3166387578017962,0.24049023008440273,r31_c16,80.0,0.8602150537634409,0.24049023008440273,93,63,25,5,88,0.7159090909090909,0.2840909090909091,Lower temporal flexibility,Destination diversity observed,Lower temporal flexibility / Destination diversity observed,Q2,G>0 lower,6.999999999999999,22.365591397849453
Dialysis | r34_c18 | Wednesday,Dialysis,r34_c18,Wednesday,90,51,True,10:00-10:30,0.8444444444444444,4,0.15555555555555556,55.71428571428571,8.666666666666666,0.07222222222222222,True,True,0.15555555555555556,55.71428571428571,8.666666666666666,0.07222222222222222,0.15555555555555556,55.71428571428571,0.07222222222222222,2.0,0.7372839506172839,1.0,1.3563295378432687,0.2627160493827161,r31_c16,76.0,0.8444444444444444,True,1.0,1.3563295378432687,0.2627160493827161,r31_c16,76.0,0.8444444444444444,0.2627160493827161,90,66,23,1,89,0.7415730337078652,0.25842696629213485,Lower temporal flexibility,Destination diversity observed,Lower temporal flexibility / Destination diversity observed,Q2,G>0 lower,6.499999999999999,23.64444444444445
Dialysis | r34_c23 | Friday,Dialysis,r34_c23,Friday,81,53,True,15:30-16:00,0.9382716049382716,3,0.06172839506172845,35.99999999999997,2.2222222222222223,0.018518518518518517,True,True,0.06172839506172845,35.99999999999997,2.2222222222222223,0.018518518518518517,0.06172839506172845,35.99999999999997,0.018518518518518517,1.0,1.0,0.0,1.0,0.0,r35_c22,81.0,1.0,True,0.0,1.0,0.0,r35_c22,81.0,1.0,0.0,81,52,28,1,80,0.65,0.35,Lower temporal flexibility,Single destination observed,Lower temporal flexibility / Single destination observed,Q1 lowest,G=0 single destination,1.5,0.0
Dialysis | r34_c23 | Monday,Dialysis,r34_c23,Monday,84,51,True,15:30-16:00,0.8809523809523809,7,0.11904761904761907,65.99999999999997,7.857142857142856,0.06249999999999999,True,True,0.11904761904761907,65.99999999999997,7.857142857142856,0.06249999999999999,0.11904761904761907,65.99999999999997,0.06249999999999999,1.0,1.0,0.0,1.0,0.0,r35_c22,84.0,1.0,True,0.0,1.0,0.0,r35_c22,84.0,1.0,0.0,84,49,34,1,83,0.5903614457831325,0.40963855421686746,Lower temporal flexibility,Single destination observed,Lower temporal flexibility / Single destination observed,Q2,G=0 single destination,5.249999999999999,0.0
Dialysis | r34_c23 | Wednesday,Dialysis,r34_c23,Wednesday,95,51,True,15:30-16:00,0.9368421052631579,4,0.06315789473684208,35.00000000000001,2.2105263157894735,0.01842105263157895,True,True,0.06315789473684208,35.00000000000001,2.2105263157894735,0.01842105263157895,0.06315789473684208,35.00000000000001,0.01842105263157895,1.0,1.0,0.0,1.0,0.0,r35_c22,95.0,1.0,True,0.0,1.0,0.0,r35_c22,95.0,1.0,0.0,95,44,47,4,91,0.4835164835164835,0.5164835164835165,Lower temporal flexibility,Single destination observed,Lower temporal flexibility / Single destination observed,Q1 lowest,G=0 single destination,1.7500000000000002,0.0
Dialysis | r35_c14 | Thursday,Dialysis,r35_c14,Thursday,76,50,True,09:30-10:00,0.6052631578947368,5,0.39473684210526316,49.00000000000001,19.342105263157897,0.11184210526315791,True,True,0.39473684210526316,49.00000000000001,19.342105263157897,0.11184210526315791,0.39473684210526316,49.00000000000001,0.11184210526315791,1.0,1.0,0.0,1.0,0.0,r29_c17,76.0,1.0,True,0.0,1.0,0.0,r29_c17,76.0,1.0,0.0,76,43,32,1,75,0.5733333333333334,0.4266666666666667,Lower temporal flexibility,Single destination observed,Lower temporal flexibility / Single destination observed,Q2,G=0 single destination,8.500000000000002,0.0
Dialysis | r35_c14 | Tuesday,Dialysis,r35_c14,Tuesday,65,47,True,09:30-10:00,0.6307692307692307,4,0.36923076923076925,31.250000000000004,11.53846153846154,0.09615384615384616,True,True,0.36923076923076925,31.250000000000004,11.53846153846154,0.09615384615384616,0.36923076923076925,31.250000000000004,0.09615384615384616,1.0,1.0,0.0,1.0,0.0,r29_c17,65.0,1.0,True,0.0,1.0,0.0,r29_c17,65.0,1.0,0.0,65,44,20,1,64,0.6875,0.3125,Lower temporal flexibility,Single destination observed,Lower temporal flexibility / Single destination observed,Q2,G=0 single destination,6.25,0.0
Dialysis | r35_c15 | Friday,Dialysis,r35_c15,Friday,89,53,True,09:30-10:00,0.8314606741573034,3,0.1685393258426966,30.000000000000004,5.056179775280898,0.042134831460674156,True,True,0.1685393258426966,30.000000000000004,5.056179775280898,0.042134831460674156,0.1685393258426966,30.000000000000004,0.042134831460674156,1.0,1.0,0.0,1.0,0.0,r36_c16,89.0,1.0,True,0.0,1.0,0.0,r36_c16,89.0,1.0,0.0,89,53,36,0,89,0.5955056179775281,0.4044943820224719,Lower temporal flexibility,Single destination observed,Lower temporal flexibility / Single destination observed,Q2,G=0 single destination,3.75,0.0
Dialysis | r35_c15 | Monday,Dialysis,r35_c15,Monday,78,50,True,09:30-10:00,0.8076923076923077,2,0.1923076923076923,30.000000000000004,5.769230769230769,0.04807692307692308,True,True,0.1923076923076923,30.000000000000004,5.769230769230769,0.04807692307692308,0.1923076923076923,30.000000000000004,0.04807692307692308,1.0,1.0,0.0,1.0,0.0,r36_c16,78.0,1.0,True,0.0,1.0,0.0,r36_c16,78.0,1.0,0.0,78,49,29,0,78,0.6282051282051282,0.3717948717948718,Lower temporal flexibility,Single destination observed,Lower temporal flexibility / Single destination observed,Q2,G=0 single destination,3.75,0.0
Dialysis | r35_c15 | Wednesday,Dialysis,r35_c15,Wednesday,92,51,True,09:30-10:00,0.7608695652173914,2,0.23913043478260865,30.000000000000007,7.173913043478261,0.059782608695652176,True,True,0.23913043478260865,30.000000000000007,7.173913043478261,0.059782608695652176,0.23913043478260865,30.000000000000007,0.059782608695652176,1.0,1.0,0.0,1.0,0.0,r36_c16,92.0,1.0,True,0.0,1.0,0.0,r36_c16,92.0,1.0,0.0,92,51,41,0,92,0.5543478260869565,0.44565217391304346,Lower temporal flexibility,Single destination observed,Lower temporal flexibility / Single destination observed,Q2,G=0 single destination,5.5,0.0
Dialysis | r35_c21 | Monday,Dialysis,r35_c21,Monday,12,3,True,09:30-10:00,0.5,4,0.5,80.0,40.0,0.1875,True,True,0.5,80.0,40.0,0.1875,0.5,80.0,0.1875,1.0,1.0,0.0,1.0,0.0,r34_c24,12.0,1.0,True,0.0,1.0,0.0,r34_c24,12.0,1.0,0.0,12,0,10,2,10,0.0,1.0,Higher temporal flexibility,Single destination observed,Higher temporal flexibility / Single destination observed,Q3,G=0 single destination,2.25,0.0
Dialysis | r35_c22 | Friday,Dialysis,r35_c22,Friday,72,53,True,09:30-10:00,0.9583333333333334,2,0.04166666666666663,300.0000000000003,12.5,0.041666666666666664,True,True,0.04166666666666663,300.0000000000003,12.5,0.041666666666666664,0.04166666666666663,300.0000000000003,0.041666666666666664,1.0,1.0,0.0,1.0,0.0,r34_c23,72.0,1.0,True,0.0,1.0,0.0,r34_c23,72.0,1.0,0.0,72,53,19,0,72,0.7361111111111112,0.2638888888888889,Lower temporal flexibility,Single destination observed,Lower temporal flexibility / Single destination observed,Q2,G=0 single destination,3.0,0.0
Dialysis | r35_c22 | Monday,Dialysis,r35_c22,Monday,59,51,True,09:30-10:00,0.9322033898305084,3,0.06779661016949157,239.99999999999983,16.271186440677965,0.059322033898305086,True,True,0.06779661016949157,239.99999999999983,16.271186440677965,0.059322033898305086,0.06779661016949157,239.99999999999983,0.059322033898305086,1.0,1.0,0.0,1.0,0.0,r34_c23,59.0,1.0,True,0.0,1.0,0.0,r34_c23,59.0,1.0,0.0,59,50,8,1,58,0.8620689655172413,0.13793103448275862,Lower temporal flexibility,Single destination observed,Lower temporal flexibility / Single destination observed,Q2,G=0 single destination,3.5,0.0
Dialysis | r35_c22 | Wednesday,Dialysis,r35_c22,Wednesday,62,51,True,09:30-10:00,0.967741935483871,3,0.032258064516129004,240.00000000000023,7.741935483870968,0.03225806451612903,True,True,0.032258064516129004,240.00000000000023,7.741935483870968,0.03225806451612903,0.032258064516129004,240.00000000000023,0.03225806451612903,1.0,1.0,0.0,1.0,0.0,r34_c23,62.0,1.0,True,0.0,1.0,0.0,r34_c23,62.0,1.0,0.0,62,51,10,1,61,0.8360655737704918,0.16393442622950818,Lower temporal flexibility,Single destination observed,Lower temporal flexibility / Single destination observed,Q1 lowest,G=0 single destination,2.0,0.0
Dialysis | r36_c16 | Friday,Dialysis,r36_c16,Friday,454,53,True,14:30-15:00,0.44493392070484583,12,0.5550660792951542,204.40476190476195,113.4581497797357,0.44107929515418504,True,True,0.5550660792951542,204.40476190476195,113.4581497797357,0.44107929515418504,0.5550660792951542,204.40476190476195,0.44107929515418504,6.0,0.2771546119660774,5.0,3.608094387844414,0.7228453880339226,r36_c16,204.0,0.44933920704845814,True,5.0,3.608094387844414,0.7228453880339226,r36_c16,204.0,0.44933920704845814,0.7228453880339226,454,245,204,5,449,0.5456570155902004,0.45434298440979953,Higher temporal flexibility,Destination diversity observed,Higher temporal flexibility / Destination diversity observed,Q4 highest,G>0 higher,200.25,328.17180616740086
Dialysis | r36_c16 | Monday,Dialysis,r36_c16,Monday,415,51,True,14:30-15:00,0.44819277108433736,10,0.5518072289156626,192.57641921397382,106.26506024096385,0.4337349397590361,True,True,0.5518072289156626,192.57641921397382,106.26506024096385,0.4337349397590361,0.5518072289156626,192.57641921397382,0.4337349397590361,6.0,0.2566816664247351,5.0,3.8958762186983957,0.7433183335752649,r36_c16,172.0,0.41445783132530123,True,5.0,3.8958762186983957,0.7433183335752649,r36_c16,172.0,0.41445783132530123,0.7433183335752649,415,246,167,2,413,0.5956416464891041,0.4043583535108959,Higher temporal flexibility,Destination diversity observed,Higher temporal flexibility / Destination diversity observed,Q4 highest,G>0 higher,179.99999999999997,308.47710843373494
Dialysis | r36_c16 | Wednesday,Dialysis,r36_c16,Wednesday,425,52,True,14:30-15:00,0.45176470588235296,13,0.548235294117647,201.2446351931331,110.32941176470591,0.4382352941176471,True,True,0.548235294117647,201.2446351931331,110.32941176470591,0.4382352941176471,0.548235294117647,201.2446351931331,0.4382352941176471,6.0,0.2718283737024221,5.0,3.6787918287541506,0.7281716262975779,r36_c16,186.0,0.4376470588235294,True,5.0,3.6787918287541506,0.7281716262975779,r36_c16,186.0,0.4376470588235294,0.7281716262975779,425,247,172,6,419,0.5894988066825776,0.4105011933174224,Higher temporal flexibility,Destination diversity observed,Higher temporal flexibility / Destination diversity observed,Q4 highest,G>0 higher,186.25000000000003,309.4729411764706
Dialysis | r36_c23 | Friday,Dialysis,r36_c23,Friday,19,9,True,10:00-10:30,0.5789473684210527,3,0.42105263157894735,30.000000000000004,12.631578947368421,0.10526315789473684,True,True,0.42105263157894735,30.000000000000004,12.631578947368421,0.10526315789473684,0.42105263157894735,30.000000000000004,0.10526315789473684,1.0,1.0,0.0,1.0,0.0,r32_c20,19.0,1.0,True,0.0,1.0,0.0,r32_c20,19.0,1.0,0.0,19,7,12,0,19,0.3684210526315789,0.631578947368421,Lower temporal flexibility,Single destination observed,Lower temporal flexibility / Single destination observed,Q2,G=0 single destination,2.0,0.0
Dialysis | r36_c23 | Monday,Dialysis,r36_c23,Monday,14,10,True,10:00-10:30,0.7142857142857143,3,0.2857142857142857,37.5,10.714285714285714,0.08928571428571427,True,True,0.2857142857142857,37.5,10.714285714285714,0.08928571428571427,0.2857142857142857,37.5,0.08928571428571427,1.0,1.0,0.0,1.0,0.0,r32_c20,14.0,1.0,True,0.0,1.0,0.0,r32_c20,14.0,1.0,0.0,14,8,6,0,14,0.5714285714285714,0.42857142857142855,Lower temporal flexibility,Single destination observed,Lower temporal flexibility / Single destination observed,Q2,G=0 single destination,1.2499999999999998,0.0
Dialysis | r36_c23 | Wednesday,Dialysis,r36_c23,Wednesday,14,9,True,09:30-10:00,0.5714285714285714,2,0.4285714285714286,29.999999999999996,12.857142857142856,0.10714285714285714,True,True,0.4285714285714286,29.999999999999996,12.857142857142856,0.10714285714285714,0.4285714285714286,29.999999999999996,0.10714285714285714,1.0,1.0,0.0,1.0,0.0,r32_c20,14.0,1.0,True,0.0,1.0,0.0,r32_c20,14.0,1.0,0.0,14,7,7,0,14,0.5,0.5,Lower temporal flexibility,Single destination observed,Lower temporal flexibility / Single destination observed,Q2,G=0 single destination,1.5,0.0
Dialysis | r37_c17 | Friday,Dialysis,r37_c17,Friday,86,53,True,09:30-10:00,0.8255813953488372,3,0.17441860465116277,30.000000000000007,5.232558139534884,0.0436046511627907,True,True,0.17441860465116277,30.000000000000007,5.232558139534884,0.0436046511627907,0.17441860465116277,30.000000000000007,0.0436046511627907,1.0,1.0,0.0,1.0,0.0,r36_c16,86.0,1.0,True,0.0,1.0,0.0,r36_c16,86.0,1.0,0.0,86,52,34,0,86,0.6046511627906976,0.3953488372093023,Lower temporal flexibility,Single destination observed,Lower temporal flexibility / Single destination observed,Q2,G=0 single destination,3.75,0.0
Dialysis | r37_c17 | Monday,Dialysis,r37_c17,Monday,82,50,True,09:30-10:00,0.8048780487804879,2,0.19512195121951215,30.000000000000007,5.853658536585366,0.04878048780487805,True,True,0.19512195121951215,30.000000000000007,5.853658536585366,0.04878048780487805,0.19512195121951215,30.000000000000007,0.04878048780487805,1.0,1.0,0.0,1.0,0.0,r36_c16,82.0,1.0,True,0.0,1.0,0.0,r36_c16,82.0,1.0,0.0,82,49,33,0,82,0.5975609756097561,0.4024390243902439,Lower temporal flexibility,Single destination observed,Lower temporal flexibility / Single destination observed,Q2,G=0 single destination,4.0,0.0
Dialysis | r37_c17 | Wednesday,Dialysis,r37_c17,Wednesday,85,51,True,09:30-10:00,0.8,2,0.19999999999999996,30.000000000000007,6.0,0.05,True,True,0.19999999999999996,30.000000000000007,6.0,0.05,0.19999999999999996,30.000000000000007,0.05,1.0,1.0,0.0,1.0,0.0,r36_c16,85.0,1.0,True,0.0,1.0,0.0,r36_c16,85.0,1.0,0.0,85,48,36,1,84,0.5714285714285714,0.42857142857142855,Lower temporal flexibility,Single destination observed,Lower temporal flexibility / Single destination observed,Q2,G=0 single destination,4.25,0.0
Dialysis | r37_c22 | Friday,Dialysis,r37_c22,Friday,60,53,True,09:30-10:00,0.9666666666666667,3,0.033333333333333326,105.00000000000003,3.5,0.020833333333333332,True,True,0.033333333333333326,105.00000000000003,3.5,0.020833333333333332,0.033333333333333326,105.00000000000003,0.020833333333333332,1.0,1.0,0.0,1.0,0.0,r33_c21,60.0,1.0,True,0.0,1.0,0.0,r33_c21,60.0,1.0,0.0,60,53,7,0,60,0.8833333333333333,0.11666666666666667,Lower temporal flexibility,Single destination observed,Lower temporal flexibility / Single destination observed,Q1 lowest,G=0 single destination,1.25,0.0
Dialysis | r37_c22 | Monday,Dialysis,r37_c22,Monday,65,52,True,09:30-10:00,0.9692307692307692,2,0.03076923076923077,30.0,0.9230769230769231,0.007692307692307693,True,True,0.03076923076923077,30.0,0.9230769230769231,0.007692307692307693,0.03076923076923077,30.0,0.007692307692307693,1.0,1.0,0.0,1.0,0.0,r33_c21,65.0,1.0,True,0.0,1.0,0.0,r33_c21,65.0,1.0,0.0,65,51,14,0,65,0.7846153846153846,0.2153846153846154,Lower temporal flexibility,Single destination observed,Lower temporal flexibility / Single destination observed,Q1 lowest,G=0 single destination,0.5,0.0
Dialysis | r37_c22 | Wednesday,Dialysis,r37_c22,Wednesday,62,52,True,09:30-10:00,0.9838709677419355,2,0.016129032258064502,30.00000000000003,0.4838709677419355,0.004032258064516129,True,True,0.016129032258064502,30.00000000000003,0.4838709677419355,0.004032258064516129,0.016129032258064502,30.00000000000003,0.004032258064516129,1.0,1.0,0.0,1.0,0.0,r33_c21,62.0,1.0,True,0.0,1.0,0.0,r33_c21,62.0,1.0,0.0,62,50,11,1,61,0.819672131147541,0.18032786885245902,Lower temporal flexibility,Single destination observed,Lower temporal flexibility / Single destination observed,Q1 lowest,G=0 single destination,0.25,0.0
Dialysis | r9_c18 | Friday,Dialysis,r9_c18,Friday,50,43,True,09:30-10:00,0.94,2,0.06000000000000005,29.99999999999997,1.7999999999999998,0.014999999999999998,True,True,0.06000000000000005,29.99999999999997,1.7999999999999998,0.014999999999999998,0.06000000000000005,29.99999999999997,0.014999999999999998,1.0,1.0,0.0,1.0,0.0,r17_c16,50.0,1.0,True,0.0,1.0,0.0,r17_c16,50.0,1.0,0.0,50,34,15,1,49,0.6938775510204082,0.30612244897959184,Lower temporal flexibility,Single destination observed,Lower temporal flexibility / Single destination observed,Q1 lowest,G=0 single destination,0.7499999999999999,0.0
Dialysis | r9_c18 | Monday,Dialysis,r9_c18,Monday,54,43,True,09:30-10:00,0.9259259259259259,3,0.07407407407407407,30.000000000000004,2.2222222222222223,0.018518518518518517,True,True,0.07407407407407407,30.000000000000004,2.2222222222222223,0.018518518518518517,0.07407407407407407,30.000000000000004,0.018518518518518517,2.0,0.9636488340192044,1.0,1.0377224199288255,0.036351165980795574,r17_c16,53.0,0.9814814814814815,True,1.0,1.0377224199288255,0.036351165980795574,r17_c16,53.0,0.9814814814814815,0.036351165980795574,54,36,16,2,52,0.6923076923076923,0.3076923076923077,Lower temporal flexibility,Destination diversity observed,Lower temporal flexibility / Destination diversity observed,Q1 lowest,G>0 lower,1.0,1.962962962962961
Dialysis | r9_c18 | Thursday,Dialysis,r9_c18,Thursday,26,22,True,10:00-10:30,0.5769230769230769,4,0.42307692307692313,51.81818181818181,21.923076923076923,0.18269230769230768,True,True,0.42307692307692313,51.81818181818181,21.923076923076923,0.18269230769230768,0.42307692307692313,51.81818181818181,0.18269230769230768,1.0,1.0,0.0,1.0,0.0,r10_c14,26.0,1.0,True,0.0,1.0,0.0,r10_c14,26.0,1.0,0.0,26,18,8,0,26,0.6923076923076923,0.3076923076923077,Higher temporal flexibility,Single destination observed,Higher temporal flexibility / Single destination observed,Q3,G=0 single destination,4.75,0.0
Dialysis | r9_c18 | Tuesday,Dialysis,r9_c18,Tuesday,23,21,True,10:00-10:30,0.5652173913043478,4,0.4347826086956522,54.0,23.47826086956522,0.19565217391304346,True,True,0.4347826086956522,54.0,23.47826086956522,0.19565217391304346,0.4347826086956522,54.0,0.19565217391304346,1.0,1.0,0.0,1.0,0.0,r10_c14,23.0,1.0,True,0.0,1.0,0.0,r10_c14,23.0,1.0,0.0,23,19,4,0,23,0.8260869565217391,0.17391304347826086,Higher temporal flexibility,Single destination observed,Higher temporal flexibility / Single destination observed,Q3,G=0 single destination,4.5,0.0
Dialysis | r9_c18 | Wednesday,Dialysis,r9_c18,Wednesday,47,42,True,09:30-10:00,0.9361702127659575,3,0.06382978723404253,30.00000000000001,1.9148936170212767,0.015957446808510637,True,True,0.06382978723404253,30.00000000000001,1.9148936170212767,0.015957446808510637,0.06382978723404253,30.00000000000001,0.015957446808510637,2.0,0.9583521955636034,1.0,1.043457723193198,0.041647804436396596,r17_c16,46.0,0.9787234042553191,True,1.0,1.043457723193198,0.041647804436396596,r17_c16,46.0,0.9787234042553191,0.041647804436396596,47,36,9,2,45,0.8,0.2,Lower temporal flexibility,Destination diversity observed,Lower temporal flexibility / Destination diversity observed,Q1 lowest,G>0 lower,0.7499999999999999,1.95744680851064
Nutrition | r10_c13 | Thursday,Nutrition,r10_c13,Thursday,57,49,True,08:00-08:30,0.9649122807017544,2,0.03508771929824561,30.0,1.0526315789473684,0.008771929824561403,True,True,0.03508771929824561,30.0,1.0526315789473684,0.008771929824561403,0.03508771929824561,30.0,0.008771929824561403,1.0,1.0,0.0,1.0,0.0,r10_c14,57.0,1.0,True,0.0,1.0,0.0,r10_c14,57.0,1.0,0.0,57,40,17,0,57,0.7017543859649122,0.2982456140350877,Lower temporal flexibility,Single destination observed,Lower temporal flexibility / Single destination observed,Q1 lowest,G=0 single destination,0.5,0.0
Nutrition | r10_c13 | Tuesday,Nutrition,r10_c13,Tuesday,58,49,True,08:00-08:30,0.9655172413793104,2,0.03448275862068961,30.00000000000004,1.0344827586206897,0.008620689655172414,True,True,0.03448275862068961,30.00000000000004,1.0344827586206897,0.008620689655172414,0.03448275862068961,30.00000000000004,0.008620689655172414,1.0,1.0,0.0,1.0,0.0,r10_c14,58.0,1.0,True,0.0,1.0,0.0,r10_c14,58.0,1.0,0.0,58,43,15,0,58,0.7413793103448276,0.25862068965517243,Lower temporal flexibility,Single destination observed,Lower temporal flexibility / Single destination observed,Q1 lowest,G=0 single destination,0.5,0.0
Nutrition | r10_c13 | Wednesday,Nutrition,r10_c13,Wednesday,57,49,True,08:00-08:30,0.9649122807017544,2,0.03508771929824561,30.0,1.0526315789473684,0.008771929824561403,True,True,0.03508771929824561,30.0,1.0526315789473684,0.008771929824561403,0.03508771929824561,30.0,0.008771929824561403,1.0,1.0,0.0,1.0,0.0,r10_c14,57.0,1.0,True,0.0,1.0,0.0,r10_c14,57.0,1.0,0.0,57,37,18,2,55,0.6727272727272727,0.32727272727272727,Lower temporal flexibility,Single destination observed,Lower temporal flexibility / Single destination observed,Q1 lowest,G=0 single destination,0.5,0.0
Nutrition | r10_c14 | Friday,Nutrition,r10_c14,Friday,80,53,True,13:00-13:30,0.7375,2,0.26249999999999996,30.000000000000004,7.875,0.065625,True,True,0.26249999999999996,30.000000000000004,7.875,0.065625,0.26249999999999996,30.000000000000004,0.065625,2.0,0.9278125000000002,1.0,1.0778039744021555,0.07218749999999985,r11_c14,77.0,0.9625,True,1.0,1.0778039744021555,0.07218749999999985,r11_c14,77.0,0.9625,0.07218749999999985,80,39,41,0,80,0.4875,0.5125,Lower temporal flexibility,Destination diversity observed,Lower temporal flexibility / Destination diversity observed,Q2,G>0 lower,5.25,5.774999999999988
Nutrition | r10_c14 | Monday,Nutrition,r10_c14,Monday,79,52,True,13:00-13:30,0.8354430379746836,2,0.16455696202531644,30.0,4.936708860759493,0.04113924050632911,True,True,0.16455696202531644,30.0,4.936708860759493,0.04113924050632911,0.16455696202531644,30.0,0.04113924050632911,2.0,0.8814292581317096,1.0,1.1345209961825125,0.11857074186829042,r11_c14,74.0,0.9367088607594937,True,1.0,1.1345209961825125,0.11857074186829042,r11_c14,74.0,0.9367088607594937,0.11857074186829042,79,43,35,1,78,0.5512820512820513,0.44871794871794873,Lower temporal flexibility,Destination diversity observed,Lower temporal flexibility / Destination diversity observed,Q1 lowest,G>0 lower,3.25,9.367088607594944
Nutrition | r10_c14 | Thursday,Nutrition,r10_c14,Thursday,129,52,True,13:00-13:30,0.7984496124031008,2,0.20155038759689925,29.999999999999996,6.046511627906977,0.050387596899224806,True,True,0.20155038759689925,29.999999999999996,6.046511627906977,0.050387596899224806,0.20155038759689925,29.999999999999996,0.050387596899224806,2.0,0.5050778198425575,1.0,1.9798929208804283,0.4949221801574425,r11_c14,71.0,0.5503875968992248,True,1.0,1.9798929208804283,0.4949221801574425,r11_c14,71.0,0.5503875968992248,0.4949221801574425,129,79,44,6,123,0.6422764227642277,0.35772357723577236,Lower temporal flexibility,Destination diversity observed,Lower temporal flexibility / Destination diversity observed,Q2,G>0 middle,6.5,63.844961240310084
Nutrition | r10_c14 | Tuesday,Nutrition,r10_c14,Tuesday,130,52,True,13:00-13:30,0.8,2,0.19999999999999996,30.000000000000007,6.0,0.05,True,True,0.19999999999999996,30.000000000000007,6.0,0.05,0.19999999999999996,30.000000000000007,0.05,2.0,0.5057988165680474,1.0,1.9770706598034626,0.49420118343195263,r11_c14,72.0,0.5538461538461539,True,1.0,1.9770706598034626,0.49420118343195263,r11_c14,72.0,0.5538461538461539,0.49420118343195263,130,92,35,3,127,0.7244094488188977,0.2755905511811024,Lower temporal flexibility,Destination diversity observed,Lower temporal flexibility / Destination diversity observed,Q2,G>0 middle,6.5,64.24615384615385
Nutrition | r10_c14 | Wednesday,Nutrition,r10_c14,Wednesday,126,52,True,13:00-13:30,0.7936507936507936,2,0.2063492063492064,29.99999999999999,6.19047619047619,0.051587301587301584,True,True,0.2063492063492064,29.99999999999999,6.19047619047619,0.051587301587301584,0.2063492063492064,29.99999999999999,0.051587301587301584,2.0,0.5061728395061729,1.0,1.975609756097561,0.49382716049382713,r11_c14,70.0,0.5555555555555556,True,1.0,1.975609756097561,0.49382716049382713,r11_c14,70.0,0.5555555555555556,0.49382716049382713,126,95,30,1,125,0.76,0.24,Lower temporal flexibility,Destination diversity observed,Lower temporal flexibility / Destination diversity observed,Q2,G>0 middle,6.5,62.22222222222222
Nutrition | r10_c18 | Friday,Nutrition,r10_c18,Friday,175,53,True,07:30-08:00,0.4514285714285714,4,0.5485714285714286,48.12499999999999,26.4,0.22,True,True,0.5485714285714286,48.12499999999999,26.4,0.22,0.5485714285714286,48.12499999999999,0.22,1.0,1.0,0.0,1.0,0.0,r12_c21,175.0,1.0,True,0.0,1.0,0.0,r12_c21,175.0,1.0,0.0,175,72,99,4,171,0.42105263157894735,0.5789473684210527,Higher temporal flexibility,Single destination observed,Higher temporal flexibility / Single destination observed,Q3,G=0 single destination,38.5,0.0
Nutrition | r10_c18 | Monday,Nutrition,r10_c18,Monday,171,52,True,07:30-08:00,0.4502923976608187,4,0.5497076023391814,48.19148936170212,26.49122807017544,0.22076023391812866,True,True,0.5497076023391814,48.19148936170212,26.49122807017544,0.22076023391812866,0.5497076023391814,48.19148936170212,0.22076023391812866,1.0,1.0,0.0,1.0,0.0,r12_c21,171.0,1.0,True,0.0,1.0,0.0,r12_c21,171.0,1.0,0.0,171,65,106,0,171,0.38011695906432746,0.6198830409356725,Higher temporal flexibility,Single destination observed,Higher temporal flexibility / Single destination observed,Q3,G=0 single destination,37.75,0.0
Nutrition | r10_c18 | Thursday,Nutrition,r10_c18,Thursday,175,52,True,07:30-08:00,0.4514285714285714,4,0.5485714285714286,48.43749999999999,26.57142857142857,0.22142857142857142,True,True,0.5485714285714286,48.43749999999999,26.57142857142857,0.22142857142857142,0.5485714285714286,48.43749999999999,0.22142857142857142,1.0,1.0,0.0,1.0,0.0,r12_c21,175.0,1.0,True,0.0,1.0,0.0,r12_c21,175.0,1.0,0.0,175,62,110,3,172,0.36046511627906974,0.6395348837209303,Higher temporal flexibility,Single destination observed,Higher temporal flexibility / Single destination observed,Q3,G=0 single destination,38.75,0.0
Nutrition | r10_c18 | Tuesday,Nutrition,r10_c18,Tuesday,175,52,True,07:30-08:00,0.44571428571428573,4,0.5542857142857143,47.938144329896915,26.571428571428573,0.22142857142857145,True,True,0.5542857142857143,47.938144329896915,26.571428571428573,0.22142857142857145,0.5542857142857143,47.938144329896915,0.22142857142857145,1.0,1.0,0.0,1.0,0.0,r12_c21,175.0,1.0,True,0.0,1.0,0.0,r12_c21,175.0,1.0,0.0,175,97,78,0,175,0.5542857142857143,0.44571428571428573,Higher temporal flexibility,Single destination observed,Higher temporal flexibility / Single destination observed,Q3,G=0 single destination,38.75,0.0
Nutrition | r10_c18 | Wednesday,Nutrition,r10_c18,Wednesday,172,52,True,07:30-08:00,0.45930232558139533,4,0.5406976744186047,48.70967741935483,26.337209302325583,0.21947674418604649,True,True,0.5406976744186047,48.70967741935483,26.337209302325583,0.21947674418604649,0.5406976744186047,48.70967741935483,0.21947674418604649,1.0,1.0,0.0,1.0,0.0,r12_c21,172.0,1.0,True,0.0,1.0,0.0,r12_c21,172.0,1.0,0.0,172,95,74,3,169,0.5621301775147929,0.4378698224852071,Higher temporal flexibility,Single destination observed,Higher temporal flexibility / Single destination observed,Q3,G=0 single destination,37.74999999999999,0.0
Nutrition | r10_c19 | Friday,Nutrition,r10_c19,Friday,130,53,True,07:30-08:00,0.4,4,0.6,42.307692307692314,25.384615384615387,0.21153846153846156,True,True,0.6,42.307692307692314,25.384615384615387,0.21153846153846156,0.6,42.307692307692314,0.21153846153846156,1.0,1.0,0.0,1.0,0.0,r12_c21,130.0,1.0,True,0.0,1.0,0.0,r12_c21,130.0,1.0,0.0,130,69,61,0,130,0.5307692307692308,0.46923076923076923,Higher temporal flexibility,Single destination observed,Higher temporal flexibility / Single destination observed,Q3,G=0 single destination,27.500000000000004,0.0
Nutrition | r10_c19 | Monday,Nutrition,r10_c19,Monday,125,52,True,07:30-08:00,0.408,4,0.5920000000000001,42.162162162162154,24.96,0.208,True,True,0.5920000000000001,42.162162162162154,24.96,0.208,0.5920000000000001,42.162162162162154,0.208,1.0,1.0,0.0,1.0,0.0,r12_c21,125.0,1.0,True,0.0,1.0,0.0,r12_c21,125.0,1.0,0.0,125,64,61,0,125,0.512,0.488,Higher temporal flexibility,Single destination observed,Higher temporal flexibility / Single destination observed,Q3,G=0 single destination,26.0,0.0
Nutrition | r10_c19 | Thursday,Nutrition,r10_c19,Thursday,127,52,True,07:30-08:00,0.4094488188976378,4,0.5905511811023623,41.99999999999999,24.80314960629921,0.20669291338582677,True,True,0.5905511811023623,41.99999999999999,24.80314960629921,0.20669291338582677,0.5905511811023623,41.99999999999999,0.20669291338582677,1.0,1.0,0.0,1.0,0.0,r12_c21,127.0,1.0,True,0.0,1.0,0.0,r12_c21,127.0,1.0,0.0,127,77,48,2,125,0.616,0.384,Higher temporal flexibility,Single destination observed,Higher temporal flexibility / Single destination observed,Q3,G=0 single destination,26.25,0.0
Nutrition | r10_c19 | Tuesday,Nutrition,r10_c19,Tuesday,128,52,True,07:30-08:00,0.390625,4,0.609375,41.92307692307692,25.546875,0.212890625,True,True,0.609375,41.92307692307692,25.546875,0.212890625,0.609375,41.92307692307692,0.212890625,1.0,1.0,0.0,1.0,0.0,r12_c21,128.0,1.0,True,0.0,1.0,0.0,r12_c21,128.0,1.0,0.0,128,75,51,2,126,0.5952380952380952,0.40476190476190477,Higher temporal flexibility,Single destination observed,Higher temporal flexibility / Single destination observed,Q3,G=0 single destination,27.25,0.0
Nutrition | r10_c19 | Wednesday,Nutrition,r10_c19,Wednesday,125,52,True,07:30-08:00,0.408,4,0.5920000000000001,42.162162162162154,24.96,0.208,True,True,0.5920000000000001,42.162162162162154,24.96,0.208,0.5920000000000001,42.162162162162154,0.208,1.0,1.0,0.0,1.0,0.0,r12_c21,125.0,1.0,True,0.0,1.0,0.0,r12_c21,125.0,1.0,0.0,125,84,40,1,124,0.6774193548387096,0.3225806451612903,Higher temporal flexibility,Single destination observed,Higher temporal flexibility / Single destination observed,Q3,G=0 single destination,26.0,0.0
Nutrition | r10_c20 | Friday,Nutrition,r10_c20,Friday,38,16,True,07:00-07:30,0.6842105263157895,2,0.3157894736842105,30.0,9.473684210526315,0.07894736842105263,True,True,0.3157894736842105,30.0,9.473684210526315,0.07894736842105263,0.3157894736842105,30.0,0.07894736842105263,1.0,1.0,0.0,1.0,0.0,r12_c21,38.0,1.0,True,0.0,1.0,0.0,r12_c21,38.0,1.0,0.0,38,8,29,1,37,0.21621621621621623,0.7837837837837838,Lower temporal flexibility,Single destination observed,Lower temporal flexibility / Single destination observed,Q2,G=0 single destination,3.0,0.0
Nutrition | r10_c20 | Monday,Nutrition,r10_c20,Monday,34,15,True,07:00-07:30,0.7058823529411765,2,0.2941176470588235,30.000000000000007,8.823529411764707,0.07352941176470588,True,True,0.2941176470588235,30.000000000000007,8.823529411764707,0.07352941176470588,0.2941176470588235,30.000000000000007,0.07352941176470588,1.0,1.0,0.0,1.0,0.0,r12_c21,34.0,1.0,True,0.0,1.0,0.0,r12_c21,34.0,1.0,0.0,34,10,23,1,33,0.30303030303030304,0.696969696969697,Lower temporal flexibility,Single destination observed,Lower temporal flexibility / Single destination observed,Q2,G=0 single destination,2.5,0.0
Nutrition | r10_c20 | Wednesday,Nutrition,r10_c20,Wednesday,33,15,True,07:00-07:30,0.696969696969697,2,0.303030303030303,30.000000000000007,9.090909090909092,0.07575757575757576,True,True,0.303030303030303,30.000000000000007,9.090909090909092,0.07575757575757576,0.303030303030303,30.000000000000007,0.07575757575757576,1.0,1.0,0.0,1.0,0.0,r12_c21,33.0,1.0,True,0.0,1.0,0.0,r12_c21,33.0,1.0,0.0,33,14,18,1,32,0.4375,0.5625,Lower temporal flexibility,Single destination observed,Lower temporal flexibility / Single destination observed,Q2,G=0 single destination,2.5,0.0
Nutrition | r11_c14 | Friday,Nutrition,r11_c14,Friday,72,53,True,08:30-09:00,0.5972222222222222,2,0.4027777777777778,30.0,12.083333333333334,0.10069444444444445,True,True,0.4027777777777778,30.0,12.083333333333334,0.10069444444444445,0.4027777777777778,30.0,0.10069444444444445,1.0,1.0,0.0,1.0,0.0,r10_c14,72.0,1.0,True,0.0,1.0,0.0,r10_c14,72.0,1.0,0.0,72,39,27,6,66,0.5909090909090909,0.4090909090909091,Lower temporal flexibility,Single destination observed,Lower temporal flexibility / Single destination observed,Q2,G=0 single destination,7.25,0.0
Nutrition | r11_c14 | Monday,Nutrition,r11_c14,Monday,70,52,True,08:30-09:00,0.6142857142857143,2,0.3857142857142857,30.000000000000004,11.571428571428571,0.09642857142857143,True,True,0.3857142857142857,30.000000000000004,11.571428571428571,0.09642857142857143,0.3857142857142857,30.000000000000004,0.09642857142857143,1.0,1.0,0.0,1.0,0.0,r10_c14,70.0,1.0,True,0.0,1.0,0.0,r10_c14,70.0,1.0,0.0,70,43,25,2,68,0.6323529411764706,0.36764705882352944,Lower temporal flexibility,Single destination observed,Lower temporal flexibility / Single destination observed,Q2,G=0 single destination,6.75,0.0
Nutrition | r11_c14 | Thursday,Nutrition,r11_c14,Thursday,69,52,True,08:30-09:00,0.6086956521739131,2,0.3913043478260869,30.000000000000004,11.73913043478261,0.09782608695652174,True,True,0.3913043478260869,30.000000000000004,11.73913043478261,0.09782608695652174,0.3913043478260869,30.000000000000004,0.09782608695652174,1.0,1.0,0.0,1.0,0.0,r10_c14,69.0,1.0,True,0.0,1.0,0.0,r10_c14,69.0,1.0,0.0,69,50,18,1,68,0.7352941176470589,0.2647058823529412,Lower temporal flexibility,Single destination observed,Lower temporal flexibility / Single destination observed,Q2,G=0 single destination,6.75,0.0
Nutrition | r11_c14 | Tuesday,Nutrition,r11_c14,Tuesday,70,52,True,08:30-09:00,0.6142857142857143,2,0.3857142857142857,30.000000000000004,11.571428571428571,0.09642857142857143,True,True,0.3857142857142857,30.000000000000004,11.571428571428571,0.09642857142857143,0.3857142857142857,30.000000000000004,0.09642857142857143,1.0,1.0,0.0,1.0,0.0,r10_c14,70.0,1.0,True,0.0,1.0,0.0,r10_c14,70.0,1.0,0.0,70,48,19,3,67,0.7164179104477612,0.2835820895522388,Lower temporal flexibility,Single destination observed,Lower temporal flexibility / Single destination observed,Q2,G=0 single destination,6.75,0.0
Nutrition | r11_c14 | Wednesday,Nutrition,r11_c14,Wednesday,69,52,True,08:30-09:00,0.6086956521739131,2,0.3913043478260869,30.000000000000004,11.73913043478261,0.09782608695652174,True,True,0.3913043478260869,30.000000000000004,11.73913043478261,0.09782608695652174,0.3913043478260869,30.000000000000004,0.09782608695652174,1.0,1.0,0.0,1.0,0.0,r10_c14,69.0,1.0,True,0.0,1.0,0.0,r10_c14,69.0,1.0,0.0,69,55,14,0,69,0.7971014492753623,0.2028985507246377,Lower temporal flexibility,Single destination observed,Lower temporal flexibility / Single destination observed,Q2,G=0 single destination,6.75,0.0
Nutrition | r11_c18 | Friday,Nutrition,r11_c18,Friday,16,16,True,07:00-07:30,1.0,1,0.0,,0.0,0.0,True,True,0.0,,0.0,0.0,0.0,,0.0,1.0,1.0,0.0,1.0,0.0,r12_c21,16.0,1.0,True,0.0,1.0,0.0,r12_c21,16.0,1.0,0.0,16,6,9,1,15,0.4,0.6,Lower temporal flexibility,Single destination observed,Lower temporal flexibility / Single destination observed,Q1 lowest,G=0 single destination,0.0,0.0
Nutrition | r11_c18 | Monday,Nutrition,r11_c18,Monday,16,16,True,07:00-07:30,1.0,1,0.0,,0.0,0.0,True,True,0.0,,0.0,0.0,0.0,,0.0,1.0,1.0,0.0,1.0,0.0,r12_c21,16.0,1.0,True,0.0,1.0,0.0,r12_c21,16.0,1.0,0.0,16,8,6,2,14,0.5714285714285714,0.42857142857142855,Lower temporal flexibility,Single destination observed,Lower temporal flexibility / Single destination observed,Q1 lowest,G=0 single destination,0.0,0.0
Nutrition | r11_c18 | Thursday,Nutrition,r11_c18,Thursday,16,16,True,07:00-07:30,1.0,1,0.0,,0.0,0.0,True,True,0.0,,0.0,0.0,0.0,,0.0,1.0,1.0,0.0,1.0,0.0,r12_c21,16.0,1.0,True,0.0,1.0,0.0,r12_c21,16.0,1.0,0.0,16,8,5,3,13,0.6153846153846154,0.38461538461538464,Lower temporal flexibility,Single destination observed,Lower temporal flexibility / Single destination observed,Q1 lowest,G=0 single destination,0.0,0.0
Nutrition | r11_c18 | Tuesday,Nutrition,r11_c18,Tuesday,24,23,True,07:00-07:30,0.7083333333333334,2,0.29166666666666663,60.00000000000001,17.5,0.14583333333333334,True,True,0.29166666666666663,60.00000000000001,17.5,0.14583333333333334,0.29166666666666663,60.00000000000001,0.14583333333333334,1.0,1.0,0.0,1.0,0.0,r12_c21,24.0,1.0,True,0.0,1.0,0.0,r12_c21,24.0,1.0,0.0,24,17,6,1,23,0.7391304347826086,0.2608695652173913,Higher temporal flexibility,Single destination observed,Higher temporal flexibility / Single destination observed,Q3,G=0 single destination,3.5,0.0
Nutrition | r11_c18 | Wednesday,Nutrition,r11_c18,Wednesday,23,23,True,07:00-07:30,0.6956521739130435,2,0.30434782608695654,59.99999999999999,18.26086956521739,0.15217391304347824,True,True,0.30434782608695654,59.99999999999999,18.26086956521739,0.15217391304347824,0.30434782608695654,59.99999999999999,0.15217391304347824,1.0,1.0,0.0,1.0,0.0,r12_c21,23.0,1.0,True,0.0,1.0,0.0,r12_c21,23.0,1.0,0.0,23,12,8,3,20,0.6,0.4,Higher temporal flexibility,Single destination observed,Higher temporal flexibility / Single destination observed,Q3,G=0 single destination,3.4999999999999996,0.0
Nutrition | r11_c20 | Friday,Nutrition,r11_c20,Friday,64,53,True,09:00-09:30,0.46875,3,0.53125,95.29411764705883,50.625,0.421875,True,True,0.53125,95.29411764705883,50.625,0.421875,0.53125,95.29411764705883,0.421875,1.0,1.0,0.0,1.0,0.0,r12_c21,64.0,1.0,True,0.0,1.0,0.0,r12_c21,64.0,1.0,0.0,64,42,22,0,64,0.65625,0.34375,Higher temporal flexibility,Single destination observed,Higher temporal flexibility / Single destination observed,Q4 highest,G=0 single destination,27.0,0.0
Nutrition | r11_c20 | Monday,Nutrition,r11_c20,Monday,62,52,True,09:00-09:30,0.46774193548387094,3,0.532258064516129,96.36363636363636,51.29032258064516,0.4274193548387097,True,True,0.532258064516129,96.36363636363636,51.29032258064516,0.4274193548387097,0.532258064516129,96.36363636363636,0.4274193548387097,1.0,1.0,0.0,1.0,0.0,r12_c21,62.0,1.0,True,0.0,1.0,0.0,r12_c21,62.0,1.0,0.0,62,39,23,0,62,0.6290322580645161,0.3709677419354839,Higher temporal flexibility,Single destination observed,Higher temporal flexibility / Single destination observed,Q4 highest,G=0 single destination,26.5,0.0
Nutrition | r11_c20 | Thursday,Nutrition,r11_c20,Thursday,62,52,True,09:00-09:30,0.46774193548387094,3,0.532258064516129,95.45454545454547,50.80645161290323,0.4233870967741935,True,True,0.532258064516129,95.45454545454547,50.80645161290323,0.4233870967741935,0.532258064516129,95.45454545454547,0.4233870967741935,1.0,1.0,0.0,1.0,0.0,r12_c21,62.0,1.0,True,0.0,1.0,0.0,r12_c21,62.0,1.0,0.0,62,46,16,0,62,0.7419354838709677,0.25806451612903225,Higher temporal flexibility,Single destination observed,Higher temporal flexibility / Single destination observed,Q4 highest,G=0 single destination,26.249999999999996,0.0
Nutrition | r11_c20 | Tuesday,Nutrition,r11_c20,Tuesday,63,52,True,09:00-09:30,0.4603174603174603,3,0.5396825396825398,97.05882352941175,52.38095238095238,0.43650793650793646,True,True,0.5396825396825398,97.05882352941175,52.38095238095238,0.43650793650793646,0.5396825396825398,97.05882352941175,0.43650793650793646,1.0,1.0,0.0,1.0,0.0,r12_c21,63.0,1.0,True,0.0,1.0,0.0,r12_c21,63.0,1.0,0.0,63,46,17,0,63,0.7301587301587301,0.2698412698412698,Higher temporal flexibility,Single destination observed,Higher temporal flexibility / Single destination observed,Q4 highest,G=0 single destination,27.499999999999996,0.0
Nutrition | r11_c20 | Wednesday,Nutrition,r11_c20,Wednesday,63,52,True,09:00-09:30,0.4603174603174603,3,0.5396825396825398,95.29411764705881,51.42857142857143,0.42857142857142855,True,True,0.5396825396825398,95.29411764705881,51.42857142857143,0.42857142857142855,0.5396825396825398,95.29411764705881,0.42857142857142855,1.0,1.0,0.0,1.0,0.0,r12_c21,63.0,1.0,True,0.0,1.0,0.0,r12_c21,63.0,1.0,0.0,63,45,17,1,62,0.7258064516129032,0.27419354838709675,Higher temporal flexibility,Single destination observed,Higher temporal flexibility / Single destination observed,Q4 highest,G=0 single destination,27.0,0.0
Nutrition | r11_c24 | Friday,Nutrition,r11_c24,Friday,56,23,True,07:30-08:00,0.9285714285714286,2,0.0714285714285714,30.000000000000014,2.142857142857143,0.017857142857142856,True,True,0.0714285714285714,30.000000000000014,2.142857142857143,0.017857142857142856,0.0714285714285714,30.000000000000014,0.017857142857142856,1.0,1.0,0.0,1.0,0.0,r14_c24,56.0,1.0,True,0.0,1.0,0.0,r14_c24,56.0,1.0,0.0,56,22,32,2,54,0.4074074074074074,0.5925925925925926,Lower temporal flexibility,Single destination observed,Lower temporal flexibility / Single destination observed,Q1 lowest,G=0 single destination,1.0,0.0
Nutrition | r11_c24 | Monday,Nutrition,r11_c24,Monday,56,24,True,07:30-08:00,0.9285714285714286,2,0.0714285714285714,30.000000000000014,2.142857142857143,0.017857142857142856,True,True,0.0714285714285714,30.000000000000014,2.142857142857143,0.017857142857142856,0.0714285714285714,30.000000000000014,0.017857142857142856,1.0,1.0,0.0,1.0,0.0,r14_c24,56.0,1.0,True,0.0,1.0,0.0,r14_c24,56.0,1.0,0.0,56,26,30,0,56,0.4642857142857143,0.5357142857142857,Lower temporal flexibility,Single destination observed,Lower temporal flexibility / Single destination observed,Q1 lowest,G=0 single destination,1.0,0.0
Nutrition | r11_c24 | Wednesday,Nutrition,r11_c24,Wednesday,62,23,True,07:30-08:00,0.9354838709677419,2,0.06451612903225812,29.999999999999975,1.935483870967742,0.016129032258064516,True,True,0.06451612903225812,29.999999999999975,1.935483870967742,0.016129032258064516,0.06451612903225812,29.999999999999975,0.016129032258064516,1.0,1.0,0.0,1.0,0.0,r14_c24,62.0,1.0,True,0.0,1.0,0.0,r14_c24,62.0,1.0,0.0,62,26,36,0,62,0.41935483870967744,0.5806451612903226,Lower temporal flexibility,Single destination observed,Lower temporal flexibility / Single destination observed,Q1 lowest,G=0 single destination,1.0,0.0
Nutrition | r12_c21 | Friday,Nutrition,r12_c21,Friday,626,53,True,13:00-13:30,0.6869009584664537,4,0.3130990415335463,58.77551020408164,18.402555910543132,0.15335463258785945,True,True,0.3130990415335463,58.77551020408164,18.402555910543132,0.15335463258785945,0.3130990415335463,58.77551020408164,0.15335463258785945,9.0,0.17591789239453293,8.0,5.684470103571326,0.8240821076054671,r10_c18,181.0,0.28913738019169327,True,8.0,5.684470103571326,0.8240821076054671,r10_c18,181.0,0.28913738019169327,0.8240821076054671,626,238,387,1,625,0.3808,0.6192,Higher temporal flexibility,Destination diversity observed,Higher temporal flexibility / Destination diversity observed,Q3,G>0 higher,96.00000000000001,515.8753993610223
Nutrition | r12_c21 | Monday,Nutrition,r12_c21,Monday,603,52,True,13:00-13:30,0.6849087893864013,2,0.3150912106135987,60.00000000000001,18.905472636815922,0.15754560530679934,True,True,0.3150912106135987,60.00000000000001,18.905472636815922,0.15754560530679934,0.3150912106135987,60.00000000000001,0.15754560530679934,9.0,0.176087500584419,8.0,5.678994799069142,0.823912499415581,r10_c18,176.0,0.29187396351575456,True,8.0,5.678994799069142,0.823912499415581,r10_c18,176.0,0.29187396351575456,0.823912499415581,603,257,345,1,602,0.4269102990033223,0.5730897009966778,Higher temporal flexibility,Destination diversity observed,Higher temporal flexibility / Destination diversity observed,Q3,G>0 higher,95.0,496.81923714759535
Nutrition | r12_c21 | Thursday,Nutrition,r12_c21,Thursday,556,52,True,13:00-13:30,0.685251798561151,3,0.31474820143884896,59.82857142857142,18.83093525179856,0.15692446043165467,True,True,0.31474820143884896,59.82857142857142,18.83093525179856,0.15692446043165467,0.31474820143884896,59.82857142857142,0.15692446043165467,8.0,0.20763029863878682,7.0,4.816252765400554,0.7923697013612132,r10_c18,180.0,0.3237410071942446,True,7.0,4.816252765400554,0.7923697013612132,r10_c18,180.0,0.3237410071942446,0.7923697013612132,556,251,305,0,556,0.45143884892086333,0.5485611510791367,Higher temporal flexibility,Destination diversity observed,Higher temporal flexibility / Destination diversity observed,Q3,G>0 higher,87.25,440.55755395683457
Nutrition | r12_c21 | Tuesday,Nutrition,r12_c21,Tuesday,564,52,True,13:00-13:30,0.675531914893617,4,0.32446808510638303,59.01639344262295,19.148936170212767,0.1595744680851064,True,True,0.32446808510638303,59.01639344262295,19.148936170212767,0.1595744680851064,0.32446808510638303,59.01639344262295,0.1595744680851064,8.0,0.20359891353553647,7.0,4.911617565314063,0.7964010864644635,r10_c18,182.0,0.32269503546099293,True,7.0,4.911617565314063,0.7964010864644635,r10_c18,182.0,0.32269503546099293,0.7964010864644635,564,320,243,1,563,0.5683836589698046,0.43161634103019536,Higher temporal flexibility,Destination diversity observed,Higher temporal flexibility / Destination diversity observed,Q3,G>0 higher,90.0,449.17021276595744
Nutrition | r12_c21 | Wednesday,Nutrition,r12_c21,Wednesday,618,52,True,13:00-13:30,0.7087378640776699,2,0.2912621359223301,60.0,17.475728155339805,0.14563106796116504,True,True,0.2912621359223301,60.0,17.475728155339805,0.14563106796116504,0.2912621359223301,60.0,0.14563106796116504,9.0,0.1747991747049151,8.0,5.720850808867586,0.8252008252950849,r10_c18,179.0,0.2896440129449838,True,8.0,5.720850808867586,0.8252008252950849,r10_c18,179.0,0.2896440129449838,0.8252008252950849,618,324,294,0,618,0.5242718446601942,0.47572815533980584,Higher temporal flexibility,Destination diversity observed,Higher temporal flexibility / Destination diversity observed,Q3,G>0 higher,90.0,509.97411003236243
Nutrition | r13_c17 | Friday,Nutrition,r13_c17,Friday,31,18,True,08:00-08:30,0.5483870967741935,2,0.4516129032258065,29.999999999999996,13.548387096774194,0.11290322580645161,True,True,0.4516129032258065,29.999999999999996,13.548387096774194,0.11290322580645161,0.4516129032258065,29.999999999999996,0.11290322580645161,1.0,1.0,0.0,1.0,0.0,r12_c21,31.0,1.0,True,0.0,1.0,0.0,r12_c21,31.0,1.0,0.0,31,9,21,1,30,0.3,0.7,Lower temporal flexibility,Single destination observed,Lower temporal flexibility / Single destination observed,Q2,G=0 single destination,3.5,0.0
Nutrition | r13_c17 | Monday,Nutrition,r13_c17,Monday,43,24,True,08:00-08:30,0.627906976744186,2,0.37209302325581395,30.0,11.162790697674419,0.09302325581395349,True,True,0.37209302325581395,30.0,11.162790697674419,0.09302325581395349,0.37209302325581395,30.0,0.09302325581395349,1.0,1.0,0.0,1.0,0.0,r12_c21,43.0,1.0,True,0.0,1.0,0.0,r12_c21,43.0,1.0,0.0,43,14,27,2,41,0.34146341463414637,0.6585365853658537,Lower temporal flexibility,Single destination observed,Lower temporal flexibility / Single destination observed,Q2,G=0 single destination,4.0,0.0
Nutrition | r13_c17 | Thursday,Nutrition,r13_c17,Thursday,21,9,True,07:30-08:00,0.6666666666666666,2,0.33333333333333337,29.999999999999996,10.0,0.08333333333333333,True,True,0.33333333333333337,29.999999999999996,10.0,0.08333333333333333,0.33333333333333337,29.999999999999996,0.08333333333333333,1.0,1.0,0.0,1.0,0.0,r12_c21,21.0,1.0,True,0.0,1.0,0.0,r12_c21,21.0,1.0,0.0,21,4,15,2,19,0.21052631578947367,0.7894736842105263,Lower temporal flexibility,Single destination observed,Lower temporal flexibility / Single destination observed,Q2,G=0 single destination,1.75,0.0
Nutrition | r13_c17 | Tuesday,Nutrition,r13_c17,Tuesday,21,9,True,07:30-08:00,0.6666666666666666,2,0.33333333333333337,29.999999999999996,10.0,0.08333333333333333,True,True,0.33333333333333337,29.999999999999996,10.0,0.08333333333333333,0.33333333333333337,29.999999999999996,0.08333333333333333,1.0,1.0,0.0,1.0,0.0,r12_c21,21.0,1.0,True,0.0,1.0,0.0,r12_c21,21.0,1.0,0.0,21,2,19,0,21,0.09523809523809523,0.9047619047619048,Lower temporal flexibility,Single destination observed,Lower temporal flexibility / Single destination observed,Q2,G=0 single destination,1.75,0.0
Nutrition | r13_c17 | Wednesday,Nutrition,r13_c17,Wednesday,40,23,True,08:00-08:30,0.65,2,0.35,30.000000000000004,10.5,0.0875,True,True,0.35,30.000000000000004,10.5,0.0875,0.35,30.000000000000004,0.0875,1.0,1.0,0.0,1.0,0.0,r12_c21,40.0,1.0,True,0.0,1.0,0.0,r12_c21,40.0,1.0,0.0,40,11,27,2,38,0.2894736842105263,0.7105263157894737,Lower temporal flexibility,Single destination observed,Lower temporal flexibility / Single destination observed,Q2,G=0 single destination,3.5,0.0
Nutrition | r13_c19 | Friday,Nutrition,r13_c19,Friday,72,52,True,07:00-07:30,0.5138888888888888,3,0.48611111111111116,59.14285714285714,28.75,0.23958333333333331,True,True,0.48611111111111116,59.14285714285714,28.75,0.23958333333333331,0.48611111111111116,59.14285714285714,0.23958333333333331,1.0,1.0,0.0,1.0,0.0,r12_c21,72.0,1.0,True,0.0,1.0,0.0,r12_c21,72.0,1.0,0.0,72,29,43,0,72,0.4027777777777778,0.5972222222222222,Higher temporal flexibility,Single destination observed,Higher temporal flexibility / Single destination observed,Q4 highest,G=0 single destination,17.25,0.0
Nutrition | r13_c19 | Monday,Nutrition,r13_c19,Monday,68,51,True,07:00-07:30,0.5147058823529411,2,0.4852941176470589,59.99999999999999,29.11764705882353,0.2426470588235294,True,True,0.4852941176470589,59.99999999999999,29.11764705882353,0.2426470588235294,0.4852941176470589,59.99999999999999,0.2426470588235294,1.0,1.0,0.0,1.0,0.0,r12_c21,68.0,1.0,True,0.0,1.0,0.0,r12_c21,68.0,1.0,0.0,68,24,43,1,67,0.3582089552238806,0.6417910447761194,Higher temporal flexibility,Single destination observed,Higher temporal flexibility / Single destination observed,Q4 highest,G=0 single destination,16.5,0.0
Nutrition | r13_c19 | Thursday,Nutrition,r13_c19,Thursday,68,51,True,07:00-07:30,0.5,2,0.5,60.0,30.0,0.25,True,True,0.5,60.0,30.0,0.25,0.5,60.0,0.25,1.0,1.0,0.0,1.0,0.0,r12_c21,68.0,1.0,True,0.0,1.0,0.0,r12_c21,68.0,1.0,0.0,68,28,39,1,67,0.417910447761194,0.582089552238806,Higher temporal flexibility,Single destination observed,Higher temporal flexibility / Single destination observed,Q4 highest,G=0 single destination,17.0,0.0
Nutrition | r13_c19 | Tuesday,Nutrition,r13_c19,Tuesday,72,51,True,07:00-07:30,0.5138888888888888,3,0.48611111111111116,60.85714285714285,29.583333333333332,0.24652777777777776,True,True,0.48611111111111116,60.85714285714285,29.583333333333332,0.24652777777777776,0.48611111111111116,60.85714285714285,0.24652777777777776,1.0,1.0,0.0,1.0,0.0,r12_c21,72.0,1.0,True,0.0,1.0,0.0,r12_c21,72.0,1.0,0.0,72,41,30,1,71,0.5774647887323944,0.4225352112676056,Higher temporal flexibility,Single destination observed,Higher temporal flexibility / Single destination observed,Q4 highest,G=0 single destination,17.75,0.0
Nutrition | r13_c19 | Wednesday,Nutrition,r13_c19,Wednesday,71,52,True,08:00-08:30,0.5211267605633803,2,0.47887323943661975,59.99999999999999,28.73239436619718,0.23943661971830985,True,True,0.47887323943661975,59.99999999999999,28.73239436619718,0.23943661971830985,0.47887323943661975,59.99999999999999,0.23943661971830985,1.0,1.0,0.0,1.0,0.0,r12_c21,71.0,1.0,True,0.0,1.0,0.0,r12_c21,71.0,1.0,0.0,71,31,38,2,69,0.4492753623188406,0.5507246376811594,Higher temporal flexibility,Single destination observed,Higher temporal flexibility / Single destination observed,Q4 highest,G=0 single destination,17.0,0.0
Nutrition | r14_c16 | Friday,Nutrition,r14_c16,Friday,26,24,True,08:00-08:30,1.0,1,0.0,,0.0,0.0,True,True,0.0,,0.0,0.0,0.0,,0.0,1.0,1.0,0.0,1.0,0.0,r16_c16,26.0,1.0,True,0.0,1.0,0.0,r16_c16,26.0,1.0,0.0,26,10,9,7,19,0.5263157894736842,0.47368421052631576,Lower temporal flexibility,Single destination observed,Lower temporal flexibility / Single destination observed,Q1 lowest,G=0 single destination,0.0,0.0
Nutrition | r14_c16 | Monday,Nutrition,r14_c16,Monday,30,24,True,08:00-08:30,1.0,1,0.0,,0.0,0.0,True,True,0.0,,0.0,0.0,0.0,,0.0,1.0,1.0,0.0,1.0,0.0,r16_c16,30.0,1.0,True,0.0,1.0,0.0,r16_c16,30.0,1.0,0.0,30,8,14,8,22,0.36363636363636365,0.6363636363636364,Lower temporal flexibility,Single destination observed,Lower temporal flexibility / Single destination observed,Q1 lowest,G=0 single destination,0.0,0.0
Nutrition | r14_c16 | Thursday,Nutrition,r14_c16,Thursday,26,23,True,08:00-08:30,0.9615384615384616,2,0.038461538461538436,30.000000000000025,1.153846153846154,0.009615384615384616,True,True,0.038461538461538436,30.000000000000025,1.153846153846154,0.009615384615384616,0.038461538461538436,30.000000000000025,0.009615384615384616,1.0,1.0,0.0,1.0,0.0,r16_c16,26.0,1.0,True,0.0,1.0,0.0,r16_c16,26.0,1.0,0.0,26,1,11,14,12,0.08333333333333333,0.9166666666666666,Lower temporal flexibility,Single destination observed,Lower temporal flexibility / Single destination observed,Q1 lowest,G=0 single destination,0.25,0.0
Nutrition | r14_c16 | Tuesday,Nutrition,r14_c16,Tuesday,24,22,True,08:00-08:30,0.9583333333333334,2,0.04166666666666663,30.00000000000003,1.25,0.010416666666666666,True,True,0.04166666666666663,30.00000000000003,1.25,0.010416666666666666,0.04166666666666663,30.00000000000003,0.010416666666666666,1.0,1.0,0.0,1.0,0.0,r16_c16,24.0,1.0,True,0.0,1.0,0.0,r16_c16,24.0,1.0,0.0,24,0,8,16,8,0.0,1.0,Lower temporal flexibility,Single destination observed,Lower temporal flexibility / Single destination observed,Q1 lowest,G=0 single destination,0.25,0.0
Nutrition | r14_c16 | Wednesday,Nutrition,r14_c16,Wednesday,26,22,True,08:00-08:30,1.0,1,0.0,,0.0,0.0,True,True,0.0,,0.0,0.0,0.0,,0.0,1.0,1.0,0.0,1.0,0.0,r16_c16,26.0,1.0,True,0.0,1.0,0.0,r16_c16,26.0,1.0,0.0,26,11,10,5,21,0.5238095238095238,0.47619047619047616,Lower temporal flexibility,Single destination observed,Lower temporal flexibility / Single destination observed,Q1 lowest,G=0 single destination,0.0,0.0
Nutrition | r14_c24 | Friday,Nutrition,r14_c24,Friday,153,44,True,12:30-13:00,0.6339869281045751,3,0.36601307189542487,231.42857142857144,84.70588235294119,0.32189542483660133,True,True,0.36601307189542487,231.42857142857144,84.70588235294119,0.32189542483660133,0.36601307189542487,231.42857142857144,0.32189542483660133,3.0,0.4989961126062626,2.0,2.004023628114031,0.5010038873937375,r14_c24,94.0,0.6143790849673203,True,2.0,2.004023628114031,0.5010038873937375,r14_c24,94.0,0.6143790849673203,0.5010038873937375,153,61,89,3,150,0.4066666666666667,0.5933333333333334,Higher temporal flexibility,Destination diversity observed,Higher temporal flexibility / Destination diversity observed,Q4 highest,G>0 middle,49.25,76.65359477124183
Nutrition | r14_c24 | Monday,Nutrition,r14_c24,Monday,146,43,True,12:30-13:00,0.636986301369863,3,0.363013698630137,233.77358490566039,84.86301369863014,0.3219178082191781,True,True,0.363013698630137,233.77358490566039,84.86301369863014,0.3219178082191781,0.363013698630137,233.77358490566039,0.3219178082191781,3.0,0.4949333833739914,2.0,2.020473933649289,0.5050666166260086,r14_c24,90.0,0.6164383561643836,True,2.0,2.020473933649289,0.5050666166260086,r14_c24,90.0,0.6164383561643836,0.5050666166260086,146,65,79,2,144,0.4513888888888889,0.5486111111111112,Higher temporal flexibility,Destination diversity observed,Higher temporal flexibility / Destination diversity observed,Q4 highest,G>0 middle,47.0,73.73972602739725
Nutrition | r14_c24 | Wednesday,Nutrition,r14_c24,Wednesday,164,42,True,12:30-13:00,0.5975609756097561,3,0.4024390243902439,211.81818181818178,85.24390243902438,0.32926829268292684,True,True,0.4024390243902439,211.81818181818178,85.24390243902438,0.32926829268292684,0.4024390243902439,211.81818181818178,0.32926829268292684,3.0,0.5047590719809637,2.0,1.981143193871538,0.4952409280190363,r14_c24,102.0,0.6219512195121951,True,2.0,1.981143193871538,0.4952409280190363,r14_c24,102.0,0.6219512195121951,0.4952409280190363,164,80,80,4,160,0.5,0.5,Higher temporal flexibility,Destination diversity observed,Higher temporal flexibility / Destination diversity observed,Q4 highest,G>0 middle,54.0,81.21951219512195
Nutrition | r15_c15 | Monday,Nutrition,r15_c15,Monday,26,20,True,08:30-09:00,0.8846153846153846,3,0.11538461538461542,29.999999999999993,3.4615384615384617,0.028846153846153848,True,True,0.11538461538461542,29.999999999999993,3.4615384615384617,0.028846153846153848,0.11538461538461542,29.999999999999993,0.028846153846153848,1.0,1.0,0.0,1.0,0.0,r16_c16,26.0,1.0,True,0.0,1.0,0.0,r16_c16,26.0,1.0,0.0,26,6,16,4,22,0.2727272727272727,0.7272727272727273,Lower temporal flexibility,Single destination observed,Lower temporal flexibility / Single destination observed,Q1 lowest,G=0 single destination,0.75,0.0
Nutrition | r15_c15 | Thursday,Nutrition,r15_c15,Thursday,33,19,True,08:30-09:00,0.6060606060606061,3,0.3939393939393939,30.000000000000007,11.81818181818182,0.0984848484848485,True,True,0.3939393939393939,30.000000000000007,11.81818181818182,0.0984848484848485,0.3939393939393939,30.000000000000007,0.0984848484848485,1.0,1.0,0.0,1.0,0.0,r16_c16,33.0,1.0,True,0.0,1.0,0.0,r16_c16,33.0,1.0,0.0,33,5,25,3,30,0.16666666666666666,0.8333333333333334,Lower temporal flexibility,Single destination observed,Lower temporal flexibility / Single destination observed,Q2,G=0 single destination,3.2500000000000004,0.0
Nutrition | r16_c14 | Monday,Nutrition,r16_c14,Monday,61,50,True,08:00-08:30,0.8032786885245902,2,0.19672131147540983,29.999999999999996,5.9016393442622945,0.04918032786885245,True,True,0.19672131147540983,29.999999999999996,5.9016393442622945,0.04918032786885245,0.19672131147540983,29.999999999999996,0.04918032786885245,1.0,1.0,0.0,1.0,0.0,r16_c16,61.0,1.0,True,0.0,1.0,0.0,r16_c16,61.0,1.0,0.0,61,34,26,1,60,0.5666666666666667,0.43333333333333335,Lower temporal flexibility,Single destination observed,Lower temporal flexibility / Single destination observed,Q2,G=0 single destination,2.9999999999999996,0.0
Nutrition | r16_c14 | Thursday,Nutrition,r16_c14,Thursday,62,49,True,08:00-08:30,0.7903225806451613,3,0.20967741935483875,32.30769230769231,6.774193548387097,0.056451612903225805,True,True,0.20967741935483875,32.30769230769231,6.774193548387097,0.056451612903225805,0.20967741935483875,32.30769230769231,0.056451612903225805,1.0,1.0,0.0,1.0,0.0,r16_c16,62.0,1.0,True,0.0,1.0,0.0,r16_c16,62.0,1.0,0.0,62,39,19,4,58,0.6724137931034483,0.3275862068965517,Lower temporal flexibility,Single destination observed,Lower temporal flexibility / Single destination observed,Q2,G=0 single destination,3.5,0.0
Nutrition | r16_c14 | Tuesday,Nutrition,r16_c14,Tuesday,63,50,True,08:00-08:30,0.8253968253968254,2,0.17460317460317465,29.999999999999993,5.238095238095238,0.04365079365079365,True,True,0.17460317460317465,29.999999999999993,5.238095238095238,0.04365079365079365,0.17460317460317465,29.999999999999993,0.04365079365079365,1.0,1.0,0.0,1.0,0.0,r16_c16,63.0,1.0,True,0.0,1.0,0.0,r16_c16,63.0,1.0,0.0,63,40,20,3,60,0.6666666666666666,0.3333333333333333,Lower temporal flexibility,Single destination observed,Lower temporal flexibility / Single destination observed,Q2,G=0 single destination,2.75,0.0
Nutrition | r16_c14 | Wednesday,Nutrition,r16_c14,Wednesday,61,50,True,08:00-08:30,0.8032786885245902,3,0.19672131147540983,32.5,6.39344262295082,0.05327868852459017,True,True,0.19672131147540983,32.5,6.39344262295082,0.05327868852459017,0.19672131147540983,32.5,0.05327868852459017,1.0,1.0,0.0,1.0,0.0,r16_c16,61.0,1.0,True,0.0,1.0,0.0,r16_c16,61.0,1.0,0.0,61,39,19,3,58,0.6724137931034483,0.3275862068965517,Lower temporal flexibility,Single destination observed,Lower temporal flexibility / Single destination observed,Q2,G=0 single destination,3.25,0.0
Nutrition | r16_c15 | Friday,Nutrition,r16_c15,Friday,36,32,True,08:30-09:00,0.6666666666666666,2,0.33333333333333337,29.999999999999996,10.0,0.08333333333333333,True,True,0.33333333333333337,29.999999999999996,10.0,0.08333333333333333,0.33333333333333337,29.999999999999996,0.08333333333333333,1.0,1.0,0.0,1.0,0.0,r16_c16,36.0,1.0,True,0.0,1.0,0.0,r16_c16,36.0,1.0,0.0,36,17,17,2,34,0.5,0.5,Lower temporal flexibility,Single destination observed,Lower temporal flexibility / Single destination observed,Q2,G=0 single destination,3.0,0.0
Nutrition | r16_c15 | Monday,Nutrition,r16_c15,Monday,45,32,True,08:30-09:00,0.6888888888888889,3,0.3111111111111111,29.999999999999996,9.333333333333332,0.07777777777777777,True,True,0.3111111111111111,29.999999999999996,9.333333333333332,0.07777777777777777,0.3111111111111111,29.999999999999996,0.07777777777777777,1.0,1.0,0.0,1.0,0.0,r16_c16,45.0,1.0,True,0.0,1.0,0.0,r16_c16,45.0,1.0,0.0,45,20,24,1,44,0.45454545454545453,0.5454545454545454,Lower temporal flexibility,Single destination observed,Lower temporal flexibility / Single destination observed,Q2,G=0 single destination,3.4999999999999996,0.0
Nutrition | r16_c15 | Wednesday,Nutrition,r16_c15,Wednesday,41,32,True,08:30-09:00,0.6341463414634146,3,0.36585365853658536,30.000000000000004,10.975609756097562,0.09146341463414635,True,True,0.36585365853658536,30.000000000000004,10.975609756097562,0.09146341463414635,0.36585365853658536,30.000000000000004,0.09146341463414635,1.0,1.0,0.0,1.0,0.0,r16_c16,41.0,1.0,True,0.0,1.0,0.0,r16_c16,41.0,1.0,0.0,41,18,19,4,37,0.4864864864864865,0.5135135135135135,Lower temporal flexibility,Single destination observed,Lower temporal flexibility / Single destination observed,Q2,G=0 single destination,3.7500000000000004,0.0
Nutrition | r16_c16 | Friday,Nutrition,r16_c16,Friday,253,53,True,13:00-13:30,0.9920948616600791,2,0.007905138339920903,30.00000000000017,0.23715415019762845,0.001976284584980237,True,True,0.007905138339920903,30.00000000000017,0.23715415019762845,0.001976284584980237,0.007905138339920903,30.00000000000017,0.001976284584980237,7.0,0.18074020840819258,6.0,5.532803180914514,0.8192597915918074,r17_c17,62.0,0.2450592885375494,True,6.0,5.532803180914514,0.8192597915918074,r17_c17,62.0,0.2450592885375494,0.8192597915918074,253,121,127,5,248,0.4879032258064516,0.5120967741935484,Lower temporal flexibility,Destination diversity observed,Lower temporal flexibility / Destination diversity observed,Q1 lowest,G>0 higher,0.49999999999999994,207.27272727272728
Nutrition | r16_c16 | Monday,Nutrition,r16_c16,Monday,320,52,True,13:00-13:30,0.878125,6,0.12187499999999996,43.076923076923094,5.25,0.043750000000000004,True,True,0.12187499999999996,43.076923076923094,5.25,0.043750000000000004,0.12187499999999996,43.076923076923094,0.043750000000000004,9.0,0.144140625,8.0,6.937669376693767,0.855859375,r16_c14,60.0,0.1875,True,8.0,6.937669376693767,0.855859375,r16_c14,60.0,0.1875,0.855859375,320,157,156,7,313,0.5015974440894568,0.4984025559105431,Lower temporal flexibility,Destination diversity observed,Lower temporal flexibility / Destination diversity observed,Q2,G>0 higher,14.000000000000002,273.875
Nutrition | r16_c16 | Thursday,Nutrition,r16_c16,Thursday,263,52,True,13:00-13:30,0.8479087452471483,5,0.15209125475285168,39.750000000000014,6.045627376425856,0.05038022813688213,True,True,0.15209125475285168,39.750000000000014,6.045627376425856,0.05038022813688213,0.15209125475285168,39.750000000000014,0.05038022813688213,7.0,0.20212812097905133,6.0,4.947357127530219,0.7978718790209487,r16_c14,68.0,0.2585551330798479,True,6.0,4.947357127530219,0.7978718790209487,r16_c14,68.0,0.2585551330798479,0.7978718790209487,263,108,150,5,258,0.4186046511627907,0.5813953488372093,Lower temporal flexibility,Destination diversity observed,Lower temporal flexibility / Destination diversity observed,Q2,G>0 higher,13.25,209.8403041825095
Nutrition | r16_c16 | Tuesday,Nutrition,r16_c16,Tuesday,366,52,True,13:00-13:30,0.7923497267759563,8,0.20765027322404372,219.07894736842104,45.49180327868852,0.18032786885245902,True,True,0.20765027322404372,219.07894736842104,45.49180327868852,0.18032786885245902,0.20765027322404372,219.07894736842104,0.18032786885245902,8.0,0.20656036310430287,7.0,4.841199855439105,0.7934396368956971,r16_c16,121.0,0.33060109289617484,True,7.0,4.841199855439105,0.7934396368956971,r16_c16,121.0,0.33060109289617484,0.7934396368956971,366,215,145,6,360,0.5972222222222222,0.4027777777777778,Higher temporal flexibility,Destination diversity observed,Higher temporal flexibility / Destination diversity observed,Q3,G>0 higher,66.0,290.39890710382514
Nutrition | r16_c16 | Wednesday,Nutrition,r16_c16,Wednesday,463,52,True,13:00-13:30,0.8099352051835853,10,0.1900647948164147,204.2045454545455,38.812095032397416,0.1571274298056156,True,True,0.1900647948164147,204.2045454545455,38.812095032397416,0.1571274298056156,0.1900647948164147,204.2045454545455,0.1571274298056156,10.0,0.15340371042454828,9.0,6.518747149156152,0.8465962895754517,r16_c16,129.0,0.2786177105831533,True,9.0,6.518747149156152,0.8465962895754517,r16_c16,129.0,0.2786177105831533,0.8465962895754517,463,261,192,10,453,0.5761589403973509,0.423841059602649,Higher temporal flexibility,Destination diversity observed,Higher temporal flexibility / Destination diversity observed,Q3,G>0 higher,72.75000000000001,391.97408207343415
Nutrition | r17_c16 | Thursday,Nutrition,r17_c16,Thursday,10,10,True,08:30-09:00,1.0,1,0.0,,0.0,0.0,True,True,0.0,,0.0,0.0,0.0,,0.0,1.0,1.0,0.0,1.0,0.0,r16_c16,10.0,1.0,True,0.0,1.0,0.0,r16_c16,10.0,1.0,0.0,10,4,6,0,10,0.4,0.6,Lower temporal flexibility,Single destination observed,Lower temporal flexibility / Single destination observed,Q1 lowest,G=0 single destination,0.0,0.0
Nutrition | r17_c16 | Wednesday,Nutrition,r17_c16,Wednesday,10,10,True,08:30-09:00,1.0,1,0.0,,0.0,0.0,True,True,0.0,,0.0,0.0,0.0,,0.0,1.0,1.0,0.0,1.0,0.0,r16_c16,10.0,1.0,True,0.0,1.0,0.0,r16_c16,10.0,1.0,0.0,10,3,7,0,10,0.3,0.7,Lower temporal flexibility,Single destination observed,Lower temporal flexibility / Single destination observed,Q1 lowest,G=0 single destination,0.0,0.0
Nutrition | r17_c17 | Friday,Nutrition,r17_c17,Friday,74,49,True,08:00-08:30,1.0,1,0.0,,0.0,0.0,True,True,0.0,,0.0,0.0,0.0,,0.0,1.0,1.0,0.0,1.0,0.0,r16_c16,74.0,1.0,True,0.0,1.0,0.0,r16_c16,74.0,1.0,0.0,74,34,40,0,74,0.4594594594594595,0.5405405405405406,Lower temporal flexibility,Single destination observed,Lower temporal flexibility / Single destination observed,Q1 lowest,G=0 single destination,0.0,0.0
Nutrition | r17_c17 | Monday,Nutrition,r17_c17,Monday,67,46,True,08:00-08:30,1.0,1,0.0,,0.0,0.0,True,True,0.0,,0.0,0.0,0.0,,0.0,1.0,1.0,0.0,1.0,0.0,r16_c16,67.0,1.0,True,0.0,1.0,0.0,r16_c16,67.0,1.0,0.0,67,32,35,0,67,0.47761194029850745,0.5223880597014925,Lower temporal flexibility,Single destination observed,Lower temporal flexibility / Single destination observed,Q1 lowest,G=0 single destination,0.0,0.0
Nutrition | r17_c17 | Thursday,Nutrition,r17_c17,Thursday,73,48,True,08:00-08:30,1.0,1,0.0,,0.0,0.0,True,True,0.0,,0.0,0.0,0.0,,0.0,1.0,1.0,0.0,1.0,0.0,r16_c16,73.0,1.0,True,0.0,1.0,0.0,r16_c16,73.0,1.0,0.0,73,32,41,0,73,0.4383561643835616,0.5616438356164384,Lower temporal flexibility,Single destination observed,Lower temporal flexibility / Single destination observed,Q1 lowest,G=0 single destination,0.0,0.0
Nutrition | r17_c17 | Tuesday,Nutrition,r17_c17,Tuesday,80,48,True,08:00-08:30,1.0,1,0.0,,0.0,0.0,True,True,0.0,,0.0,0.0,0.0,,0.0,1.0,1.0,0.0,1.0,0.0,r16_c16,80.0,1.0,True,0.0,1.0,0.0,r16_c16,80.0,1.0,0.0,80,38,42,0,80,0.475,0.525,Lower temporal flexibility,Single destination observed,Lower temporal flexibility / Single destination observed,Q1 lowest,G=0 single destination,0.0,0.0
Nutrition | r17_c17 | Wednesday,Nutrition,r17_c17,Wednesday,66,47,True,08:00-08:30,0.9848484848484849,2,0.015151515151515138,60.00000000000006,0.9090909090909092,0.007575757575757577,True,True,0.015151515151515138,60.00000000000006,0.9090909090909092,0.007575757575757577,0.015151515151515138,60.00000000000006,0.007575757575757577,1.0,1.0,0.0,1.0,0.0,r16_c16,66.0,1.0,True,0.0,1.0,0.0,r16_c16,66.0,1.0,0.0,66,34,32,0,66,0.5151515151515151,0.48484848484848486,Lower temporal flexibility,Single destination observed,Lower temporal flexibility / Single destination observed,Q1 lowest,G=0 single destination,0.5000000000000001,0.0
Nutrition | r18_c16 | Friday,Nutrition,r18_c16,Friday,52,43,True,08:00-08:30,1.0,1,0.0,,0.0,0.0,True,True,0.0,,0.0,0.0,0.0,,0.0,1.0,1.0,0.0,1.0,0.0,r16_c16,52.0,1.0,True,0.0,1.0,0.0,r16_c16,52.0,1.0,0.0,52,34,17,1,51,0.6666666666666666,0.3333333333333333,Lower temporal flexibility,Single destination observed,Lower temporal flexibility / Single destination observed,Q1 lowest,G=0 single destination,0.0,0.0
Nutrition | r18_c16 | Monday,Nutrition,r18_c16,Monday,55,42,True,08:00-08:30,1.0,1,0.0,,0.0,0.0,True,True,0.0,,0.0,0.0,0.0,,0.0,1.0,1.0,0.0,1.0,0.0,r16_c16,55.0,1.0,True,0.0,1.0,0.0,r16_c16,55.0,1.0,0.0,55,34,20,1,54,0.6296296296296297,0.37037037037037035,Lower temporal flexibility,Single destination observed,Lower temporal flexibility / Single destination observed,Q1 lowest,G=0 single destination,0.0,0.0
Nutrition | r18_c16 | Thursday,Nutrition,r18_c16,Thursday,54,43,True,08:00-08:30,1.0,1,0.0,,0.0,0.0,True,True,0.0,,0.0,0.0,0.0,,0.0,1.0,1.0,0.0,1.0,0.0,r16_c16,54.0,1.0,True,0.0,1.0,0.0,r16_c16,54.0,1.0,0.0,54,38,15,1,53,0.7169811320754716,0.2830188679245283,Lower temporal flexibility,Single destination observed,Lower temporal flexibility / Single destination observed,Q1 lowest,G=0 single destination,0.0,0.0
Nutrition | r18_c16 | Tuesday,Nutrition,r18_c16,Tuesday,57,42,True,08:00-08:30,1.0,1,0.0,,0.0,0.0,True,True,0.0,,0.0,0.0,0.0,,0.0,1.0,1.0,0.0,1.0,0.0,r16_c16,57.0,1.0,True,0.0,1.0,0.0,r16_c16,57.0,1.0,0.0,57,40,16,1,56,0.7142857142857143,0.2857142857142857,Lower temporal flexibility,Single destination observed,Lower temporal flexibility / Single destination observed,Q1 lowest,G=0 single destination,0.0,0.0
Nutrition | r18_c16 | Wednesday,Nutrition,r18_c16,Wednesday,63,43,True,08:00-08:30,0.9523809523809523,3,0.04761904761904767,49.99999999999994,2.380952380952381,0.01984126984126984,True,True,0.04761904761904767,49.99999999999994,2.380952380952381,0.01984126984126984,0.04761904761904767,49.99999999999994,0.01984126984126984,1.0,1.0,0.0,1.0,0.0,r16_c16,63.0,1.0,True,0.0,1.0,0.0,r16_c16,63.0,1.0,0.0,63,40,22,1,62,0.6451612903225806,0.3548387096774194,Lower temporal flexibility,Single destination observed,Lower temporal flexibility / Single destination observed,Q1 lowest,G=0 single destination,1.25,0.0
Nutrition | r19_c16 | Friday,Nutrition,r19_c16,Friday,21,20,True,08:00-08:30,0.9523809523809523,2,0.04761904761904767,29.999999999999964,1.4285714285714284,0.011904761904761902,True,True,0.04761904761904767,29.999999999999964,1.4285714285714284,0.011904761904761902,0.04761904761904767,29.999999999999964,0.011904761904761902,1.0,1.0,0.0,1.0,0.0,r16_c16,21.0,1.0,True,0.0,1.0,0.0,r16_c16,21.0,1.0,0.0,21,7,8,6,15,0.4666666666666667,0.5333333333333333,Lower temporal flexibility,Single destination observed,Lower temporal flexibility / Single destination observed,Q1 lowest,G=0 single destination,0.24999999999999994,0.0
Nutrition | r19_c16 | Tuesday,Nutrition,r19_c16,Tuesday,23,21,True,08:00-08:30,1.0,1,0.0,,0.0,0.0,True,True,0.0,,0.0,0.0,0.0,,0.0,1.0,1.0,0.0,1.0,0.0,r16_c16,23.0,1.0,True,0.0,1.0,0.0,r16_c16,23.0,1.0,0.0,23,7,10,6,17,0.4117647058823529,0.5882352941176471,Lower temporal flexibility,Single destination observed,Lower temporal flexibility / Single destination observed,Q1 lowest,G=0 single destination,0.0,0.0
Nutrition | r19_c16 | Wednesday,Nutrition,r19_c16,Wednesday,24,20,True,08:00-08:30,0.875,2,0.125,30.0,3.75,0.03125,True,True,0.125,30.0,3.75,0.03125,0.125,30.0,0.03125,1.0,1.0,0.0,1.0,0.0,r16_c16,24.0,1.0,True,0.0,1.0,0.0,r16_c16,24.0,1.0,0.0,24,6,12,6,18,0.3333333333333333,0.6666666666666666,Lower temporal flexibility,Single destination observed,Lower temporal flexibility / Single destination observed,Q1 lowest,G=0 single destination,0.75,0.0
Nutrition | r20_c20 | Friday,Nutrition,r20_c20,Friday,50,47,True,07:30-08:00,0.78,3,0.21999999999999997,32.727272727272734,7.2,0.060000000000000005,True,True,0.21999999999999997,32.727272727272734,7.2,0.060000000000000005,0.21999999999999997,32.727272727272734,0.060000000000000005,1.0,1.0,0.0,1.0,0.0,r16_c16,50.0,1.0,True,0.0,1.0,0.0,r16_c16,50.0,1.0,0.0,50,27,20,3,47,0.574468085106383,0.425531914893617,Lower temporal flexibility,Single destination observed,Lower temporal flexibility / Single destination observed,Q2,G=0 single destination,3.0000000000000004,0.0
Nutrition | r20_c20 | Monday,Nutrition,r20_c20,Monday,52,47,True,07:30-08:00,0.75,2,0.25,30.0,7.5,0.0625,True,True,0.25,30.0,7.5,0.0625,0.25,30.0,0.0625,1.0,1.0,0.0,1.0,0.0,r16_c16,52.0,1.0,True,0.0,1.0,0.0,r16_c16,52.0,1.0,0.0,52,29,22,1,51,0.5686274509803921,0.43137254901960786,Lower temporal flexibility,Single destination observed,Lower temporal flexibility / Single destination observed,Q2,G=0 single destination,3.25,0.0
Nutrition | r20_c20 | Wednesday,Nutrition,r20_c20,Wednesday,55,46,True,07:30-08:00,0.7272727272727273,3,0.2727272727272727,32.0,8.727272727272727,0.07272727272727272,True,True,0.2727272727272727,32.0,8.727272727272727,0.07272727272727272,0.2727272727272727,32.0,0.07272727272727272,1.0,1.0,0.0,1.0,0.0,r16_c16,55.0,1.0,True,0.0,1.0,0.0,r16_c16,55.0,1.0,0.0,55,33,20,2,53,0.6226415094339622,0.37735849056603776,Lower temporal flexibility,Single destination observed,Lower temporal flexibility / Single destination observed,Q2,G=0 single destination,4.0,0.0
Nutrition | r21_c13 | Thursday,Nutrition,r21_c13,Thursday,55,51,True,07:30-08:00,0.5272727272727272,2,0.4727272727272728,29.999999999999996,14.181818181818182,0.11818181818181818,True,True,0.4727272727272728,29.999999999999996,14.181818181818182,0.11818181818181818,0.4727272727272728,29.999999999999996,0.11818181818181818,1.0,1.0,0.0,1.0,0.0,r23_c16,55.0,1.0,True,0.0,1.0,0.0,r23_c16,55.0,1.0,0.0,55,36,18,1,54,0.6666666666666666,0.3333333333333333,Lower temporal flexibility,Single destination observed,Lower temporal flexibility / Single destination observed,Q2,G=0 single destination,6.5,0.0
Nutrition | r21_c14 | Thursday,Nutrition,r21_c14,Thursday,34,31,True,08:00-08:30,0.7647058823529411,2,0.23529411764705888,29.999999999999993,7.0588235294117645,0.058823529411764705,True,True,0.23529411764705888,29.999999999999993,7.0588235294117645,0.058823529411764705,0.23529411764705888,29.999999999999993,0.058823529411764705,1.0,1.0,0.0,1.0,0.0,r23_c16,34.0,1.0,True,0.0,1.0,0.0,r23_c16,34.0,1.0,0.0,34,13,7,14,20,0.65,0.35,Lower temporal flexibility,Single destination observed,Lower temporal flexibility / Single destination observed,Q2,G=0 single destination,2.0,0.0
Nutrition | r21_c16 | Thursday,Nutrition,r21_c16,Thursday,52,50,True,09:00-09:30,1.0,1,0.0,,0.0,0.0,True,True,0.0,,0.0,0.0,0.0,,0.0,1.0,1.0,0.0,1.0,0.0,r22_c20,52.0,1.0,True,0.0,1.0,0.0,r22_c20,52.0,1.0,0.0,52,35,15,2,50,0.7,0.3,Lower temporal flexibility,Single destination observed,Lower temporal flexibility / Single destination observed,Q1 lowest,G=0 single destination,0.0,0.0
Nutrition | r21_c16 | Tuesday,Nutrition,r21_c16,Tuesday,52,49,True,09:00-09:30,0.9615384615384616,3,0.038461538461538436,30.000000000000025,1.153846153846154,0.009615384615384616,True,True,0.038461538461538436,30.000000000000025,1.153846153846154,0.009615384615384616,0.038461538461538436,30.000000000000025,0.009615384615384616,1.0,1.0,0.0,1.0,0.0,r22_c20,52.0,1.0,True,0.0,1.0,0.0,r22_c20,52.0,1.0,0.0,52,35,15,2,50,0.7,0.3,Lower temporal flexibility,Single destination observed,Lower temporal flexibility / Single destination observed,Q1 lowest,G=0 single destination,0.5,0.0
Nutrition | r21_c31 | Friday,Nutrition,r21_c31,Friday,111,53,True,13:00-13:30,0.5675675675675675,2,0.43243243243243246,30.0,12.972972972972974,0.10810810810810811,True,True,0.43243243243243246,30.0,12.972972972972974,0.10810810810810811,0.43243243243243246,30.0,0.10810810810810811,2.0,0.5000405811216622,1.0,1.9998376886869016,0.49995941887833784,r25_c33,56.0,0.5045045045045045,True,1.0,1.9998376886869016,0.49995941887833784,r25_c33,56.0,0.5045045045045045,0.49995941887833784,111,0,111,0,111,0.0,1.0,Lower temporal flexibility,Destination diversity observed,Lower temporal flexibility / Destination diversity observed,Q2,G>0 middle,12.0,55.4954954954955
Nutrition | r21_c31 | Monday,Nutrition,r21_c31,Monday,121,52,True,13:00-13:30,0.5867768595041323,3,0.4132231404958677,30.599999999999998,12.644628099173552,0.10537190082644628,True,True,0.4132231404958677,30.599999999999998,12.644628099173552,0.10537190082644628,0.4132231404958677,30.599999999999998,0.10537190082644628,2.0,0.5003073560549143,1.0,1.9987713310580204,0.4996926439450857,r22_c31,62.0,0.512396694214876,True,1.0,1.9987713310580204,0.4996926439450857,r22_c31,62.0,0.512396694214876,0.4996926439450857,121,61,58,2,119,0.5126050420168067,0.48739495798319327,Lower temporal flexibility,Destination diversity observed,Lower temporal flexibility / Destination diversity observed,Q2,G>0 middle,12.75,60.46280991735537
Nutrition | r21_c31 | Thursday,Nutrition,r21_c31,Thursday,128,52,True,13:00-13:30,0.5390625,5,0.4609375,36.101694915254235,16.640625,0.138671875,True,True,0.4609375,36.101694915254235,16.640625,0.138671875,0.4609375,36.101694915254235,0.138671875,2.0,0.50048828125,1.0,1.9980487804878049,0.49951171875,r25_c33,66.0,0.515625,True,1.0,1.9980487804878049,0.49951171875,r25_c33,66.0,0.515625,0.49951171875,128,74,48,6,122,0.6065573770491803,0.39344262295081966,Higher temporal flexibility,Destination diversity observed,Higher temporal flexibility / Destination diversity observed,Q3,G>0 middle,17.75,63.9375
Nutrition | r21_c31 | Tuesday,Nutrition,r21_c31,Tuesday,123,52,True,13:00-13:30,0.5853658536585366,2,0.41463414634146345,29.999999999999993,12.439024390243901,0.10365853658536585,True,True,0.41463414634146345,29.999999999999993,12.439024390243901,0.10365853658536585,0.41463414634146345,29.999999999999993,0.10365853658536585,2.0,0.5002974419988102,1.0,1.9988109393579074,0.4997025580011898,r22_c31,63.0,0.5121951219512195,True,1.0,1.9988109393579074,0.4997025580011898,r22_c31,63.0,0.5121951219512195,0.4997025580011898,123,78,43,2,121,0.6446280991735537,0.35537190082644626,Lower temporal flexibility,Destination diversity observed,Lower temporal flexibility / Destination diversity observed,Q2,G>0 middle,12.75,61.463414634146346
Nutrition | r21_c31 | Wednesday,Nutrition,r21_c31,Wednesday,122,52,True,13:00-13:30,0.5573770491803278,4,0.4426229508196722,37.77777777777777,16.721311475409834,0.12704918032786883,True,True,0.4426229508196722,37.77777777777777,16.721311475409834,0.12704918032786883,0.4426229508196722,37.77777777777777,0.12704918032786883,3.0,0.4922063961300725,2.0,2.031668031668032,0.5077936038699276,r22_c31,62.0,0.5081967213114754,True,2.0,2.031668031668032,0.5077936038699276,r22_c31,62.0,0.5081967213114754,0.5077936038699276,122,76,43,3,119,0.6386554621848739,0.36134453781512604,Higher temporal flexibility,Destination diversity observed,Higher temporal flexibility / Destination diversity observed,Q3,G>0 middle,15.499999999999996,61.95081967213116
Nutrition | r22_c15 | Friday,Nutrition,r22_c15,Friday,160,53,True,07:30-08:00,0.875,3,0.125,57.0,7.125,0.059375000000000004,True,True,0.125,57.0,7.125,0.059375000000000004,0.125,57.0,0.059375000000000004,1.0,1.0,0.0,1.0,0.0,r23_c16,160.0,1.0,True,0.0,1.0,0.0,r23_c16,160.0,1.0,0.0,160,122,37,1,159,0.7672955974842768,0.23270440251572327,Lower temporal flexibility,Single destination observed,Lower temporal flexibility / Single destination observed,Q2,G=0 single destination,9.5,0.0
Nutrition | r22_c15 | Monday,Nutrition,r22_c15,Monday,154,52,True,07:30-08:00,0.8961038961038961,2,0.10389610389610393,59.999999999999986,6.233766233766234,0.05194805194805195,True,True,0.10389610389610393,59.999999999999986,6.233766233766234,0.05194805194805195,0.10389610389610393,59.999999999999986,0.05194805194805195,1.0,1.0,0.0,1.0,0.0,r23_c16,154.0,1.0,True,0.0,1.0,0.0,r23_c16,154.0,1.0,0.0,154,97,49,8,146,0.6643835616438356,0.3356164383561644,Lower temporal flexibility,Single destination observed,Lower temporal flexibility / Single destination observed,Q2,G=0 single destination,8.0,0.0
Nutrition | r22_c15 | Thursday,Nutrition,r22_c15,Thursday,160,52,True,07:30-08:00,0.8625,3,0.13749999999999996,53.1818181818182,7.3125,0.0609375,True,True,0.13749999999999996,53.1818181818182,7.3125,0.0609375,0.13749999999999996,53.1818181818182,0.0609375,1.0,1.0,0.0,1.0,0.0,r23_c16,160.0,1.0,True,0.0,1.0,0.0,r23_c16,160.0,1.0,0.0,160,126,30,4,156,0.8076923076923077,0.19230769230769232,Lower temporal flexibility,Single destination observed,Lower temporal flexibility / Single destination observed,Q2,G=0 single destination,9.75,0.0
Nutrition | r22_c15 | Tuesday,Nutrition,r22_c15,Tuesday,158,52,True,07:30-08:00,0.8734177215189873,2,0.12658227848101267,60.0,7.59493670886076,0.06329113924050633,True,True,0.12658227848101267,60.0,7.59493670886076,0.06329113924050633,0.12658227848101267,60.0,0.06329113924050633,1.0,1.0,0.0,1.0,0.0,r23_c16,158.0,1.0,True,0.0,1.0,0.0,r23_c16,158.0,1.0,0.0,158,115,35,8,150,0.7666666666666667,0.23333333333333334,Lower temporal flexibility,Single destination observed,Lower temporal flexibility / Single destination observed,Q2,G=0 single destination,10.0,0.0
Nutrition | r22_c15 | Wednesday,Nutrition,r22_c15,Wednesday,161,52,True,07:30-08:00,0.8571428571428571,3,0.1428571428571429,54.78260869565216,7.826086956521739,0.06521739130434784,True,True,0.1428571428571429,54.78260869565216,7.826086956521739,0.06521739130434784,0.1428571428571429,54.78260869565216,0.06521739130434784,1.0,1.0,0.0,1.0,0.0,r23_c16,161.0,1.0,True,0.0,1.0,0.0,r23_c16,161.0,1.0,0.0,161,128,27,6,155,0.8258064516129032,0.17419354838709677,Lower temporal flexibility,Single destination observed,Lower temporal flexibility / Single destination observed,Q2,G=0 single destination,10.500000000000002,0.0
Nutrition | r22_c20 | Thursday,Nutrition,r22_c20,Thursday,211,52,True,13:30-14:00,0.9715639810426541,2,0.028436018957345932,60.00000000000008,1.7061611374407581,0.014218009478672985,True,True,0.028436018957345932,60.00000000000008,1.7061611374407581,0.014218009478672985,0.028436018957345932,60.00000000000008,0.014218009478672985,5.0,0.3126389793580557,4.0,3.198577484014657,0.6873610206419443,r25_c21,83.0,0.3933649289099526,True,4.0,3.198577484014657,0.6873610206419443,r25_c21,83.0,0.3933649289099526,0.6873610206419443,211,123,86,2,209,0.5885167464114832,0.41148325358851673,Lower temporal flexibility,Destination diversity observed,Lower temporal flexibility / Destination diversity observed,Q1 lowest,G>0 higher,3.0,145.03317535545023
Nutrition | r22_c20 | Tuesday,Nutrition,r22_c20,Tuesday,192,52,True,13:30-14:00,0.9947916666666666,2,0.00520833333333337,59.999999999999574,0.3125,0.0026041666666666665,True,True,0.00520833333333337,59.999999999999574,0.3125,0.0026041666666666665,0.00520833333333337,59.999999999999574,0.0026041666666666665,5.0,0.32123480902777785,4.0,3.112987671001519,0.6787651909722221,r25_c21,80.0,0.4166666666666667,True,4.0,3.112987671001519,0.6787651909722221,r25_c21,80.0,0.4166666666666667,0.6787651909722221,192,118,73,1,191,0.6178010471204188,0.38219895287958117,Lower temporal flexibility,Destination diversity observed,Lower temporal flexibility / Destination diversity observed,Q1 lowest,G>0 higher,0.5,130.32291666666663
Nutrition | r22_c31 | Friday,Nutrition,r22_c31,Friday,57,53,True,08:30-09:00,0.9649122807017544,2,0.03508771929824561,30.0,1.0526315789473684,0.008771929824561403,True,True,0.03508771929824561,30.0,1.0526315789473684,0.008771929824561403,0.03508771929824561,30.0,0.008771929824561403,1.0,1.0,0.0,1.0,0.0,r21_c31,57.0,1.0,True,0.0,1.0,0.0,r21_c31,57.0,1.0,0.0,57,0,56,1,56,0.0,1.0,Lower temporal flexibility,Single destination observed,Lower temporal flexibility / Single destination observed,Q1 lowest,G=0 single destination,0.5,0.0
Nutrition | r22_c31 | Monday,Nutrition,r22_c31,Monday,64,52,True,08:30-09:00,0.9375,2,0.0625,30.0,1.875,0.015625,True,True,0.0625,30.0,1.875,0.015625,0.0625,30.0,0.015625,1.0,1.0,0.0,1.0,0.0,r21_c31,64.0,1.0,True,0.0,1.0,0.0,r21_c31,64.0,1.0,0.0,64,29,34,1,63,0.4603174603174603,0.5396825396825397,Lower temporal flexibility,Single destination observed,Lower temporal flexibility / Single destination observed,Q1 lowest,G=0 single destination,1.0,0.0
Nutrition | r22_c31 | Thursday,Nutrition,r22_c31,Thursday,62,52,True,08:30-09:00,0.9354838709677419,2,0.06451612903225812,29.999999999999975,1.935483870967742,0.016129032258064516,True,True,0.06451612903225812,29.999999999999975,1.935483870967742,0.016129032258064516,0.06451612903225812,29.999999999999975,0.016129032258064516,1.0,1.0,0.0,1.0,0.0,r21_c31,62.0,1.0,True,0.0,1.0,0.0,r21_c31,62.0,1.0,0.0,62,33,29,0,62,0.532258064516129,0.46774193548387094,Lower temporal flexibility,Single destination observed,Lower temporal flexibility / Single destination observed,Q1 lowest,G=0 single destination,1.0,0.0
Nutrition | r22_c31 | Tuesday,Nutrition,r22_c31,Tuesday,65,52,True,08:30-09:00,0.9384615384615385,2,0.06153846153846154,30.0,1.8461538461538463,0.015384615384615385,True,True,0.06153846153846154,30.0,1.8461538461538463,0.015384615384615385,0.06153846153846154,30.0,0.015384615384615385,1.0,1.0,0.0,1.0,0.0,r21_c31,65.0,1.0,True,0.0,1.0,0.0,r21_c31,65.0,1.0,0.0,65,38,27,0,65,0.5846153846153846,0.4153846153846154,Lower temporal flexibility,Single destination observed,Lower temporal flexibility / Single destination observed,Q1 lowest,G=0 single destination,1.0,0.0
Nutrition | r22_c31 | Wednesday,Nutrition,r22_c31,Wednesday,62,52,True,08:30-09:00,0.9193548387096774,4,0.08064516129032262,59.99999999999997,4.838709677419355,0.04032258064516129,True,True,0.08064516129032262,59.99999999999997,4.838709677419355,0.04032258064516129,0.08064516129032262,59.99999999999997,0.04032258064516129,1.0,1.0,0.0,1.0,0.0,r21_c31,62.0,1.0,True,0.0,1.0,0.0,r21_c31,62.0,1.0,0.0,62,37,25,0,62,0.5967741935483871,0.4032258064516129,Lower temporal flexibility,Single destination observed,Lower temporal flexibility / Single destination observed,Q1 lowest,G=0 single destination,2.5,0.0
Nutrition | r23_c10 | Friday,Nutrition,r23_c10,Friday,135,53,True,08:00-08:30,0.5259259259259259,4,0.4740740740740741,35.62499999999999,16.888888888888886,0.14074074074074075,True,True,0.4740740740740741,35.62499999999999,16.888888888888886,0.14074074074074075,0.4740740740740741,35.62499999999999,0.14074074074074075,1.0,1.0,0.0,1.0,0.0,r26_c11,135.0,1.0,True,0.0,1.0,0.0,r26_c11,135.0,1.0,0.0,135,76,57,2,133,0.5714285714285714,0.42857142857142855,Higher temporal flexibility,Single destination observed,Higher temporal flexibility / Single destination observed,Q3,G=0 single destination,19.0,0.0
Nutrition | r23_c10 | Monday,Nutrition,r23_c10,Monday,77,52,True,08:00-08:30,0.5974025974025974,3,0.4025974025974026,36.774193548387096,14.805194805194805,0.12337662337662338,True,True,0.4025974025974026,36.774193548387096,14.805194805194805,0.12337662337662338,0.4025974025974026,36.774193548387096,0.12337662337662338,1.0,1.0,0.0,1.0,0.0,r26_c11,77.0,1.0,True,0.0,1.0,0.0,r26_c11,77.0,1.0,0.0,77,31,37,9,68,0.45588235294117646,0.5441176470588235,Lower temporal flexibility,Single destination observed,Lower temporal flexibility / Single destination observed,Q2,G=0 single destination,9.5,0.0
Nutrition | r23_c10 | Thursday,Nutrition,r23_c10,Thursday,131,52,True,08:00-08:30,0.5190839694656488,3,0.48091603053435117,35.714285714285715,17.17557251908397,0.1431297709923664,True,True,0.48091603053435117,35.714285714285715,17.17557251908397,0.1431297709923664,0.48091603053435117,35.714285714285715,0.1431297709923664,1.0,1.0,0.0,1.0,0.0,r26_c11,131.0,1.0,True,0.0,1.0,0.0,r26_c11,131.0,1.0,0.0,131,70,57,4,127,0.5511811023622047,0.44881889763779526,Higher temporal flexibility,Single destination observed,Higher temporal flexibility / Single destination observed,Q3,G=0 single destination,18.75,0.0
Nutrition | r23_c10 | Tuesday,Nutrition,r23_c10,Tuesday,133,52,True,08:00-08:30,0.5338345864661654,3,0.46616541353383456,36.774193548387096,17.142857142857142,0.14285714285714285,True,True,0.46616541353383456,36.774193548387096,17.142857142857142,0.14285714285714285,0.46616541353383456,36.774193548387096,0.14285714285714285,1.0,1.0,0.0,1.0,0.0,r26_c11,133.0,1.0,True,0.0,1.0,0.0,r26_c11,133.0,1.0,0.0,133,72,57,4,129,0.5581395348837209,0.4418604651162791,Higher temporal flexibility,Single destination observed,Higher temporal flexibility / Single destination observed,Q3,G=0 single destination,19.0,0.0
Nutrition | r23_c10 | Wednesday,Nutrition,r23_c10,Wednesday,132,52,True,08:00-08:30,0.5151515151515151,3,0.48484848484848486,35.625,17.272727272727273,0.14393939393939392,True,True,0.48484848484848486,35.625,17.272727272727273,0.14393939393939392,0.48484848484848486,35.625,0.14393939393939392,1.0,1.0,0.0,1.0,0.0,r26_c11,132.0,1.0,True,0.0,1.0,0.0,r26_c11,132.0,1.0,0.0,132,78,49,5,127,0.6141732283464567,0.3858267716535433,Higher temporal flexibility,Single destination observed,Higher temporal flexibility / Single destination observed,Q3,G=0 single destination,18.999999999999996,0.0
Nutrition | r23_c11 | Friday,Nutrition,r23_c11,Friday,67,53,True,08:00-08:30,0.5223880597014925,4,0.4776119402985075,35.625,17.01492537313433,0.14179104477611942,True,True,0.4776119402985075,35.625,17.01492537313433,0.14179104477611942,0.4776119402985075,35.625,0.14179104477611942,1.0,1.0,0.0,1.0,0.0,r26_c11,67.0,1.0,True,0.0,1.0,0.0,r26_c11,67.0,1.0,0.0,67,44,23,0,67,0.6567164179104478,0.34328358208955223,Higher temporal flexibility,Single destination observed,Higher temporal flexibility / Single destination observed,Q3,G=0 single destination,9.500000000000002,0.0
Nutrition | r23_c11 | Monday,Nutrition,r23_c11,Monday,66,52,True,08:00-08:30,0.5303030303030303,3,0.4696969696969697,36.774193548387096,17.272727272727273,0.14393939393939395,True,True,0.4696969696969697,36.774193548387096,17.272727272727273,0.14393939393939395,0.4696969696969697,36.774193548387096,0.14393939393939395,1.0,1.0,0.0,1.0,0.0,r26_c11,66.0,1.0,True,0.0,1.0,0.0,r26_c11,66.0,1.0,0.0,66,34,31,1,65,0.5230769230769231,0.47692307692307695,Higher temporal flexibility,Single destination observed,Higher temporal flexibility / Single destination observed,Q3,G=0 single destination,9.5,0.0
Nutrition | r23_c11 | Thursday,Nutrition,r23_c11,Thursday,65,52,True,08:00-08:30,0.5230769230769231,3,0.4769230769230769,35.806451612903224,17.076923076923077,0.1423076923076923,True,True,0.4769230769230769,35.806451612903224,17.076923076923077,0.1423076923076923,0.4769230769230769,35.806451612903224,0.1423076923076923,1.0,1.0,0.0,1.0,0.0,r26_c11,65.0,1.0,True,0.0,1.0,0.0,r26_c11,65.0,1.0,0.0,65,41,23,1,64,0.640625,0.359375,Higher temporal flexibility,Single destination observed,Higher temporal flexibility / Single destination observed,Q3,G=0 single destination,9.25,0.0
Nutrition | r23_c11 | Tuesday,Nutrition,r23_c11,Tuesday,66,52,True,08:00-08:30,0.5303030303030303,3,0.4696969696969697,36.774193548387096,17.272727272727273,0.14393939393939395,True,True,0.4696969696969697,36.774193548387096,17.272727272727273,0.14393939393939395,0.4696969696969697,36.774193548387096,0.14393939393939395,1.0,1.0,0.0,1.0,0.0,r26_c11,66.0,1.0,True,0.0,1.0,0.0,r26_c11,66.0,1.0,0.0,66,43,22,1,65,0.6615384615384615,0.3384615384615385,Higher temporal flexibility,Single destination observed,Higher temporal flexibility / Single destination observed,Q3,G=0 single destination,9.5,0.0
Nutrition | r23_c11 | Wednesday,Nutrition,r23_c11,Wednesday,65,52,True,08:00-08:30,0.5076923076923077,3,0.49230769230769234,35.625,17.53846153846154,0.14615384615384616,True,True,0.49230769230769234,35.625,17.53846153846154,0.14615384615384616,0.49230769230769234,35.625,0.14615384615384616,1.0,1.0,0.0,1.0,0.0,r26_c11,65.0,1.0,True,0.0,1.0,0.0,r26_c11,65.0,1.0,0.0,65,44,20,1,64,0.6875,0.3125,Higher temporal flexibility,Single destination observed,Higher temporal flexibility / Single destination observed,Q3,G=0 single destination,9.5,0.0
Nutrition | r23_c15 | Friday,Nutrition,r23_c15,Friday,23,18,True,08:00-08:30,0.6956521739130435,2,0.30434782608695654,29.999999999999996,9.130434782608695,0.07608695652173912,True,True,0.30434782608695654,29.999999999999996,9.130434782608695,0.07608695652173912,0.30434782608695654,29.999999999999996,0.07608695652173912,1.0,1.0,0.0,1.0,0.0,r23_c16,23.0,1.0,True,0.0,1.0,0.0,r23_c16,23.0,1.0,0.0,23,7,9,7,16,0.4375,0.5625,Lower temporal flexibility,Single destination observed,Lower temporal flexibility / Single destination observed,Q2,G=0 single destination,1.7499999999999998,0.0
Nutrition | r23_c15 | Monday,Nutrition,r23_c15,Monday,37,24,True,08:00-08:30,0.8108108108108109,2,0.18918918918918914,30.00000000000001,5.675675675675676,0.0472972972972973,True,True,0.18918918918918914,30.00000000000001,5.675675675675676,0.0472972972972973,0.18918918918918914,30.00000000000001,0.0472972972972973,1.0,1.0,0.0,1.0,0.0,r23_c16,37.0,1.0,True,0.0,1.0,0.0,r23_c16,37.0,1.0,0.0,37,13,14,10,27,0.48148148148148145,0.5185185185185185,Lower temporal flexibility,Single destination observed,Lower temporal flexibility / Single destination observed,Q2,G=0 single destination,1.75,0.0
Nutrition | r23_c15 | Thursday,Nutrition,r23_c15,Thursday,14,9,True,08:00-08:30,1.0,1,0.0,,0.0,0.0,True,True,0.0,,0.0,0.0,0.0,,0.0,1.0,1.0,0.0,1.0,0.0,r23_c16,14.0,1.0,True,0.0,1.0,0.0,r23_c16,14.0,1.0,0.0,14,3,8,3,11,0.2727272727272727,0.7272727272727273,Lower temporal flexibility,Single destination observed,Lower temporal flexibility / Single destination observed,Q1 lowest,G=0 single destination,0.0,0.0
Nutrition | r23_c16 | Friday,Nutrition,r23_c16,Friday,757,53,True,13:00-13:30,0.7239101717305152,8,0.2760898282694848,100.33492822966507,27.701453104359313,0.130779392338177,True,True,0.2760898282694848,100.33492822966507,27.701453104359313,0.130779392338177,0.2760898282694848,100.33492822966507,0.130779392338177,8.0,0.1683224296700631,7.0,5.940978881781519,0.8316775703299368,r24_c17,203.0,0.26816380449141347,True,7.0,5.940978881781519,0.8316775703299368,r24_c17,203.0,0.26816380449141347,0.8316775703299368,757,467,249,41,716,0.6522346368715084,0.3477653631284916,Higher temporal flexibility,Destination diversity observed,Higher temporal flexibility / Destination diversity observed,Q3,G>0 higher,99.0,629.5799207397622
Nutrition | r23_c16 | Monday,Nutrition,r23_c16,Monday,693,52,True,13:00-13:30,0.797979797979798,4,0.202020202020202,121.07142857142858,24.458874458874458,0.09920634920634921,True,True,0.202020202020202,121.07142857142858,24.458874458874458,0.09920634920634921,0.202020202020202,121.07142857142858,0.09920634920634921,8.0,0.16855214690712525,7.0,5.932882009215907,0.8314478530928747,r24_c17,187.0,0.2698412698412698,True,7.0,5.932882009215907,0.8314478530928747,r24_c17,187.0,0.2698412698412698,0.8314478530928747,693,469,198,26,667,0.7031484257871065,0.29685157421289354,Lower temporal flexibility,Destination diversity observed,Lower temporal flexibility / Destination diversity observed,Q2,G>0 higher,68.75,576.1933621933622
Nutrition | r23_c16 | Thursday,Nutrition,r23_c16,Thursday,822,52,True,13:00-13:30,0.7177615571776156,9,0.2822384428223844,87.93103448275863,24.817518248175187,0.11678832116788324,True,True,0.2822384428223844,87.93103448275863,24.817518248175187,0.11678832116788324,0.2822384428223844,87.93103448275863,0.11678832116788324,11.0,0.1513606952362347,10.0,6.606734981226533,0.8486393047637653,r24_c17,220.0,0.26763990267639903,True,10.0,6.606734981226533,0.8486393047637653,r24_c17,220.0,0.26763990267639903,0.8486393047637653,822,604,196,22,800,0.755,0.245,Lower temporal flexibility,Destination diversity observed,Lower temporal flexibility / Destination diversity observed,Q2,G>0 higher,96.00000000000001,697.581508515815
Nutrition | r23_c16 | Tuesday,Nutrition,r23_c16,Tuesday,688,52,True,13:00-13:30,0.7921511627906976,5,0.20784883720930236,119.99999999999999,24.94186046511628,0.10247093023255814,True,True,0.20784883720930236,119.99999999999999,24.94186046511628,0.10247093023255814,0.20784883720930236,119.99999999999999,0.10247093023255814,9.0,0.20476017441860467,8.0,4.883762200532386,0.7952398255813953,r24_c17,218.0,0.3168604651162791,True,8.0,4.883762200532386,0.7952398255813953,r24_c17,218.0,0.3168604651162791,0.7952398255813953,688,500,168,20,668,0.7485029940119761,0.25149700598802394,Lower temporal flexibility,Destination diversity observed,Lower temporal flexibility / Destination diversity observed,Q2,G>0 higher,70.5,547.125
Nutrition | r23_c16 | Wednesday,Nutrition,r23_c16,Wednesday,676,52,True,13:00-13:30,0.7736686390532544,7,0.22633136094674555,116.07843137254903,26.272189349112427,0.10909763313609468,True,True,0.22633136094674555,116.07843137254903,26.272189349112427,0.10909763313609468,0.22633136094674555,116.07843137254903,0.10909763313609468,7.0,0.20561692517768984,6.0,4.863412869032162,0.7943830748223102,r24_c17,215.0,0.3180473372781065,True,6.0,4.863412869032162,0.7943830748223102,r24_c17,215.0,0.3180473372781065,0.7943830748223102,676,490,171,15,661,0.7413010590015129,0.2586989409984871,Lower temporal flexibility,Destination diversity observed,Lower temporal flexibility / Destination diversity observed,Q2,G>0 higher,73.75,537.0029585798817
Nutrition | r23_c17 | Wednesday,Nutrition,r23_c17,Wednesday,56,52,True,08:00-08:30,0.7678571428571429,2,0.2321428571428571,30.000000000000007,6.964285714285714,0.05803571428571429,True,True,0.2321428571428571,30.000000000000007,6.964285714285714,0.05803571428571429,0.2321428571428571,30.000000000000007,0.05803571428571429,1.0,1.0,0.0,1.0,0.0,r23_c16,56.0,1.0,True,0.0,1.0,0.0,r23_c16,56.0,1.0,0.0,56,3,46,7,49,0.061224489795918366,0.9387755102040817,Lower temporal flexibility,Single destination observed,Lower temporal flexibility / Single destination observed,Q2,G=0 single destination,3.25,0.0
Nutrition | r24_c11 | Friday,Nutrition,r24_c11,Friday,68,52,True,08:30-09:00,0.5,3,0.5,45.0,22.5,0.1875,True,True,0.5,45.0,22.5,0.1875,0.5,45.0,0.1875,1.0,1.0,0.0,1.0,0.0,r26_c11,68.0,1.0,True,0.0,1.0,0.0,r26_c11,68.0,1.0,0.0,68,39,28,1,67,0.582089552238806,0.417910447761194,Higher temporal flexibility,Single destination observed,Higher temporal flexibility / Single destination observed,Q3,G=0 single destination,12.75,0.0
Nutrition | r24_c11 | Monday,Nutrition,r24_c11,Monday,52,38,True,08:30-09:00,0.6346153846153846,3,0.3653846153846154,56.84210526315789,20.76923076923077,0.17307692307692307,True,True,0.3653846153846154,56.84210526315789,20.76923076923077,0.17307692307692307,0.3653846153846154,56.84210526315789,0.17307692307692307,1.0,1.0,0.0,1.0,0.0,r26_c11,52.0,1.0,True,0.0,1.0,0.0,r26_c11,52.0,1.0,0.0,52,14,35,3,49,0.2857142857142857,0.7142857142857143,Higher temporal flexibility,Single destination observed,Higher temporal flexibility / Single destination observed,Q3,G=0 single destination,9.0,0.0
Nutrition | r24_c11 | Thursday,Nutrition,r24_c11,Thursday,67,52,True,08:30-09:00,0.4925373134328358,3,0.5074626865671642,45.0,22.83582089552239,0.19029850746268656,True,True,0.5074626865671642,45.0,22.83582089552239,0.19029850746268656,0.5074626865671642,45.0,0.19029850746268656,1.0,1.0,0.0,1.0,0.0,r26_c11,67.0,1.0,True,0.0,1.0,0.0,r26_c11,67.0,1.0,0.0,67,40,24,3,64,0.625,0.375,Higher temporal flexibility,Single destination observed,Higher temporal flexibility / Single destination observed,Q3,G=0 single destination,12.75,0.0
Nutrition | r24_c11 | Tuesday,Nutrition,r24_c11,Tuesday,50,38,True,08:30-09:00,0.66,2,0.33999999999999997,60.000000000000014,20.400000000000002,0.17,True,True,0.33999999999999997,60.000000000000014,20.400000000000002,0.17,0.33999999999999997,60.000000000000014,0.17,1.0,1.0,0.0,1.0,0.0,r26_c11,50.0,1.0,True,0.0,1.0,0.0,r26_c11,50.0,1.0,0.0,50,17,29,4,46,0.3695652173913043,0.6304347826086957,Higher temporal flexibility,Single destination observed,Higher temporal flexibility / Single destination observed,Q3,G=0 single destination,8.5,0.0
Nutrition | r24_c11 | Wednesday,Nutrition,r24_c11,Wednesday,67,52,True,08:30-09:00,0.4925373134328358,3,0.5074626865671642,45.882352941176464,23.283582089552237,0.19402985074626866,True,True,0.5074626865671642,45.882352941176464,23.283582089552237,0.19402985074626866,0.5074626865671642,45.882352941176464,0.19402985074626866,1.0,1.0,0.0,1.0,0.0,r26_c11,67.0,1.0,True,0.0,1.0,0.0,r26_c11,67.0,1.0,0.0,67,45,22,0,67,0.6716417910447762,0.3283582089552239,Higher temporal flexibility,Single destination observed,Higher temporal flexibility / Single destination observed,Q3,G=0 single destination,13.0,0.0
Nutrition | r24_c15 | Friday,Nutrition,r24_c15,Friday,55,52,True,07:00-07:30,0.9818181818181818,2,0.018181818181818188,89.99999999999996,1.6363636363636362,0.013636363636363636,True,True,0.018181818181818188,89.99999999999996,1.6363636363636362,0.013636363636363636,0.018181818181818188,89.99999999999996,0.013636363636363636,1.0,1.0,0.0,1.0,0.0,r23_c16,55.0,1.0,True,0.0,1.0,0.0,r23_c16,55.0,1.0,0.0,55,31,19,5,50,0.62,0.38,Lower temporal flexibility,Single destination observed,Lower temporal flexibility / Single destination observed,Q1 lowest,G=0 single destination,0.75,0.0
Nutrition | r24_c15 | Monday,Nutrition,r24_c15,Monday,53,51,True,07:00-07:30,1.0,1,0.0,,0.0,0.0,True,True,0.0,,0.0,0.0,0.0,,0.0,1.0,1.0,0.0,1.0,0.0,r23_c16,53.0,1.0,True,0.0,1.0,0.0,r23_c16,53.0,1.0,0.0,53,34,17,2,51,0.6666666666666666,0.3333333333333333,Lower temporal flexibility,Single destination observed,Lower temporal flexibility / Single destination observed,Q1 lowest,G=0 single destination,0.0,0.0
Nutrition | r24_c15 | Thursday,Nutrition,r24_c15,Thursday,55,51,True,07:00-07:30,0.9636363636363636,2,0.036363636363636376,59.99999999999998,2.1818181818181817,0.01818181818181818,True,True,0.036363636363636376,59.99999999999998,2.1818181818181817,0.01818181818181818,0.036363636363636376,59.99999999999998,0.01818181818181818,1.0,1.0,0.0,1.0,0.0,r23_c16,55.0,1.0,True,0.0,1.0,0.0,r23_c16,55.0,1.0,0.0,55,35,14,6,49,0.7142857142857143,0.2857142857142857,Lower temporal flexibility,Single destination observed,Lower temporal flexibility / Single destination observed,Q1 lowest,G=0 single destination,1.0,0.0
Nutrition | r24_c15 | Tuesday,Nutrition,r24_c15,Tuesday,81,52,True,07:00-07:30,0.691358024691358,4,0.308641975308642,46.8,14.444444444444445,0.12037037037037039,True,True,0.308641975308642,46.8,14.444444444444445,0.12037037037037039,0.308641975308642,46.8,0.12037037037037039,1.0,1.0,0.0,1.0,0.0,r23_c16,81.0,1.0,True,0.0,1.0,0.0,r23_c16,81.0,1.0,0.0,81,45,27,9,72,0.625,0.375,Lower temporal flexibility,Single destination observed,Lower temporal flexibility / Single destination observed,Q2,G=0 single destination,9.750000000000002,0.0
Nutrition | r24_c15 | Wednesday,Nutrition,r24_c15,Wednesday,26,19,True,07:30-08:00,0.5,3,0.5,30.0,15.0,0.125,True,True,0.5,30.0,15.0,0.125,0.5,30.0,0.125,1.0,1.0,0.0,1.0,0.0,r23_c16,26.0,1.0,True,0.0,1.0,0.0,r23_c16,26.0,1.0,0.0,26,14,11,1,25,0.56,0.44,Higher temporal flexibility,Single destination observed,Higher temporal flexibility / Single destination observed,Q3,G=0 single destination,3.25,0.0
Nutrition | r24_c17 | Friday,Nutrition,r24_c17,Friday,197,53,True,08:00-08:30,0.39086294416243655,3,0.6091370558375635,29.999999999999996,18.274111675126903,0.15228426395939088,True,True,0.6091370558375635,29.999999999999996,18.274111675126903,0.15228426395939088,0.6091370558375635,29.999999999999996,0.15228426395939088,1.0,1.0,0.0,1.0,0.0,r23_c16,197.0,1.0,True,0.0,1.0,0.0,r23_c16,197.0,1.0,0.0,197,143,53,1,196,0.7295918367346939,0.27040816326530615,Higher temporal flexibility,Single destination observed,Higher temporal flexibility / Single destination observed,Q3,G=0 single destination,30.000000000000004,0.0
Nutrition | r24_c17 | Monday,Nutrition,r24_c17,Monday,191,52,True,08:00-08:30,0.4083769633507853,3,0.5916230366492147,29.999999999999996,17.74869109947644,0.14790575916230367,True,True,0.5916230366492147,29.999999999999996,17.74869109947644,0.14790575916230367,0.5916230366492147,29.999999999999996,0.14790575916230367,1.0,1.0,0.0,1.0,0.0,r23_c16,191.0,1.0,True,0.0,1.0,0.0,r23_c16,191.0,1.0,0.0,191,137,48,6,185,0.7405405405405405,0.2594594594594595,Higher temporal flexibility,Single destination observed,Higher temporal flexibility / Single destination observed,Q3,G=0 single destination,28.25,0.0
Nutrition | r24_c17 | Thursday,Nutrition,r24_c17,Thursday,216,52,True,08:30-09:00,0.48148148148148145,3,0.5185185185185186,39.107142857142854,20.27777777777778,0.16898148148148148,True,True,0.5185185185185186,39.107142857142854,20.27777777777778,0.16898148148148148,0.5185185185185186,39.107142857142854,0.16898148148148148,1.0,1.0,0.0,1.0,0.0,r23_c16,216.0,1.0,True,0.0,1.0,0.0,r23_c16,216.0,1.0,0.0,216,188,26,2,214,0.8785046728971962,0.12149532710280374,Higher temporal flexibility,Single destination observed,Higher temporal flexibility / Single destination observed,Q3,G=0 single destination,36.5,0.0
Nutrition | r24_c17 | Tuesday,Nutrition,r24_c17,Tuesday,218,52,True,08:00-08:30,0.3623853211009174,4,0.6376146788990826,30.21582733812949,19.266055045871557,0.1605504587155963,True,True,0.6376146788990826,30.21582733812949,19.266055045871557,0.1605504587155963,0.6376146788990826,30.21582733812949,0.1605504587155963,1.0,1.0,0.0,1.0,0.0,r23_c16,218.0,1.0,True,0.0,1.0,0.0,r23_c16,218.0,1.0,0.0,218,170,46,2,216,0.7870370370370371,0.21296296296296297,Higher temporal flexibility,Single destination observed,Higher temporal flexibility / Single destination observed,Q3,G=0 single destination,34.99999999999999,0.0
Nutrition | r24_c17 | Wednesday,Nutrition,r24_c17,Wednesday,217,52,True,08:00-08:30,0.3640552995391705,3,0.6359447004608295,29.999999999999996,19.078341013824883,0.15898617511520735,True,True,0.6359447004608295,29.999999999999996,19.078341013824883,0.15898617511520735,0.6359447004608295,29.999999999999996,0.15898617511520735,1.0,1.0,0.0,1.0,0.0,r23_c16,217.0,1.0,True,0.0,1.0,0.0,r23_c16,217.0,1.0,0.0,217,175,39,3,214,0.8177570093457944,0.1822429906542056,Higher temporal flexibility,Single destination observed,Higher temporal flexibility / Single destination observed,Q3,G=0 single destination,34.49999999999999,0.0
Nutrition | r25_c10 | Friday,Nutrition,r25_c10,Friday,104,53,True,12:30-13:00,1.0,1,0.0,,0.0,0.0,True,True,0.0,,0.0,0.0,0.0,,0.0,3.0,0.47614644970414194,2.0,2.100194174757282,0.5238535502958581,r26_c9,55.0,0.5288461538461539,True,2.0,2.100194174757282,0.5238535502958581,r26_c9,55.0,0.5288461538461539,0.5238535502958581,104,73,30,1,103,0.7087378640776699,0.2912621359223301,Lower temporal flexibility,Destination diversity observed,Lower temporal flexibility / Destination diversity observed,Q1 lowest,G>0 middle,0.0,54.48076923076924
Nutrition | r25_c10 | Monday,Nutrition,r25_c10,Monday,97,52,True,12:30-13:00,1.0,1,0.0,,0.0,0.0,True,True,0.0,,0.0,0.0,0.0,,0.0,2.0,0.5043043894143904,1.0,1.982929399367756,0.4956956105856096,r26_c9,53.0,0.5463917525773195,True,1.0,1.982929399367756,0.4956956105856096,r26_c9,53.0,0.5463917525773195,0.4956956105856096,97,57,40,0,97,0.5876288659793815,0.41237113402061853,Lower temporal flexibility,Destination diversity observed,Lower temporal flexibility / Destination diversity observed,Q1 lowest,G>0 middle,0.0,48.08247422680413
Nutrition | r25_c10 | Thursday,Nutrition,r25_c10,Thursday,99,52,True,12:30-13:00,0.9797979797979798,2,0.02020202020202022,59.99999999999994,1.2121212121212122,0.010101010101010102,True,True,0.02020202020202022,59.99999999999994,1.2121212121212122,0.010101010101010102,0.02020202020202022,59.99999999999994,0.010101010101010102,2.0,0.5061728395061729,1.0,1.975609756097561,0.49382716049382713,r26_c9,55.0,0.5555555555555556,True,1.0,1.975609756097561,0.49382716049382713,r26_c9,55.0,0.5555555555555556,0.49382716049382713,99,66,32,1,98,0.673469387755102,0.32653061224489793,Lower temporal flexibility,Destination diversity observed,Lower temporal flexibility / Destination diversity observed,Q1 lowest,G>0 middle,1.0,48.888888888888886
Nutrition | r25_c10 | Tuesday,Nutrition,r25_c10,Tuesday,100,52,True,12:30-13:00,1.0,1,0.0,,0.0,0.0,True,True,0.0,,0.0,0.0,0.0,,0.0,3.0,0.47540000000000004,2.0,2.103491796381994,0.5246,r26_c9,53.0,0.53,True,2.0,2.103491796381994,0.5246,r26_c9,53.0,0.53,0.5246,100,72,28,0,100,0.72,0.28,Lower temporal flexibility,Destination diversity observed,Lower temporal flexibility / Destination diversity observed,Q1 lowest,G>0 middle,0.0,52.459999999999994
Nutrition | r25_c10 | Wednesday,Nutrition,r25_c10,Wednesday,105,52,True,12:30-13:00,1.0,1,0.0,,0.0,0.0,True,True,0.0,,0.0,0.0,0.0,,0.0,2.0,0.503673469387755,1.0,1.9854132901134525,0.49632653061224496,r26_c9,57.0,0.5428571428571428,True,1.0,1.9854132901134525,0.49632653061224496,r26_c9,57.0,0.5428571428571428,0.49632653061224496,105,79,26,0,105,0.7523809523809524,0.24761904761904763,Lower temporal flexibility,Destination diversity observed,Lower temporal flexibility / Destination diversity observed,Q1 lowest,G>0 middle,0.0,52.11428571428572
Nutrition | r25_c11 | Friday,Nutrition,r25_c11,Friday,101,53,True,08:00-08:30,0.49504950495049505,3,0.504950495049505,30.0,15.148514851485148,0.12623762376237624,True,True,0.504950495049505,30.0,15.148514851485148,0.12623762376237624,0.504950495049505,30.0,0.12623762376237624,1.0,1.0,0.0,1.0,0.0,r26_c11,101.0,1.0,True,0.0,1.0,0.0,r26_c11,101.0,1.0,0.0,101,68,33,0,101,0.6732673267326733,0.32673267326732675,Higher temporal flexibility,Single destination observed,Higher temporal flexibility / Single destination observed,Q3,G=0 single destination,12.75,0.0
Nutrition | r25_c11 | Monday,Nutrition,r25_c11,Monday,31,31,True,08:00-08:30,0.7419354838709677,2,0.25806451612903225,30.0,7.741935483870968,0.06451612903225806,True,True,0.25806451612903225,30.0,7.741935483870968,0.06451612903225806,0.25806451612903225,30.0,0.06451612903225806,1.0,1.0,0.0,1.0,0.0,r26_c11,31.0,1.0,True,0.0,1.0,0.0,r26_c11,31.0,1.0,0.0,31,21,10,0,31,0.6774193548387096,0.3225806451612903,Lower temporal flexibility,Single destination observed,Lower temporal flexibility / Single destination observed,Q2,G=0 single destination,2.0,0.0
Nutrition | r25_c11 | Thursday,Nutrition,r25_c11,Thursday,95,52,True,08:00-08:30,0.5052631578947369,3,0.49473684210526314,30.000000000000004,14.842105263157896,0.12368421052631579,True,True,0.49473684210526314,30.000000000000004,14.842105263157896,0.12368421052631579,0.49473684210526314,30.000000000000004,0.12368421052631579,1.0,1.0,0.0,1.0,0.0,r26_c11,95.0,1.0,True,0.0,1.0,0.0,r26_c11,95.0,1.0,0.0,95,61,34,0,95,0.6421052631578947,0.35789473684210527,Higher temporal flexibility,Single destination observed,Higher temporal flexibility / Single destination observed,Q2,G=0 single destination,11.75,0.0
Nutrition | r25_c11 | Tuesday,Nutrition,r25_c11,Tuesday,100,52,True,08:00-08:30,0.52,3,0.48,29.999999999999996,14.399999999999999,0.12,True,True,0.48,29.999999999999996,14.399999999999999,0.12,0.48,29.999999999999996,0.12,1.0,1.0,0.0,1.0,0.0,r26_c11,100.0,1.0,True,0.0,1.0,0.0,r26_c11,100.0,1.0,0.0,100,73,27,0,100,0.73,0.27,Lower temporal flexibility,Single destination observed,Lower temporal flexibility / Single destination observed,Q2,G=0 single destination,12.0,0.0
Nutrition | r25_c11 | Wednesday,Nutrition,r25_c11,Wednesday,99,52,True,08:00-08:30,0.5050505050505051,4,0.4949494949494949,30.612244897959187,15.151515151515152,0.12626262626262627,True,True,0.4949494949494949,30.612244897959187,15.151515151515152,0.12626262626262627,0.4949494949494949,30.612244897959187,0.12626262626262627,1.0,1.0,0.0,1.0,0.0,r26_c11,99.0,1.0,True,0.0,1.0,0.0,r26_c11,99.0,1.0,0.0,99,71,28,0,99,0.7171717171717171,0.2828282828282828,Higher temporal flexibility,Single destination observed,Higher temporal flexibility / Single destination observed,Q3,G=0 single destination,12.5,0.0
Nutrition | r25_c12 | Thursday,Nutrition,r25_c12,Thursday,57,45,True,08:30-09:00,0.49122807017543857,3,0.5087719298245614,38.275862068965516,19.473684210526315,0.16228070175438597,True,True,0.5087719298245614,38.275862068965516,19.473684210526315,0.16228070175438597,0.5087719298245614,38.275862068965516,0.16228070175438597,1.0,1.0,0.0,1.0,0.0,r26_c11,57.0,1.0,True,0.0,1.0,0.0,r26_c11,57.0,1.0,0.0,57,22,31,4,53,0.41509433962264153,0.5849056603773585,Higher temporal flexibility,Single destination observed,Higher temporal flexibility / Single destination observed,Q3,G=0 single destination,9.25,0.0
Nutrition | r25_c12 | Tuesday,Nutrition,r25_c12,Tuesday,60,45,True,08:30-09:00,0.45,3,0.55,37.272727272727266,20.5,0.17083333333333334,True,True,0.55,37.272727272727266,20.5,0.17083333333333334,0.55,37.272727272727266,0.17083333333333334,1.0,1.0,0.0,1.0,0.0,r26_c11,60.0,1.0,True,0.0,1.0,0.0,r26_c11,60.0,1.0,0.0,60,23,29,8,52,0.4423076923076923,0.5576923076923077,Higher temporal flexibility,Single destination observed,Higher temporal flexibility / Single destination observed,Q3,G=0 single destination,10.25,0.0
Nutrition | r25_c15 | Friday,Nutrition,r25_c15,Friday,50,48,True,08:00-08:30,0.78,2,0.21999999999999997,60.00000000000001,13.2,0.11,True,True,0.21999999999999997,60.00000000000001,13.2,0.11,0.21999999999999997,60.00000000000001,0.11,1.0,1.0,0.0,1.0,0.0,r23_c16,50.0,1.0,True,0.0,1.0,0.0,r23_c16,50.0,1.0,0.0,50,32,17,1,49,0.6530612244897959,0.3469387755102041,Lower temporal flexibility,Single destination observed,Lower temporal flexibility / Single destination observed,Q2,G=0 single destination,5.5,0.0
Nutrition | r25_c15 | Monday,Nutrition,r25_c15,Monday,50,48,True,08:00-08:30,0.78,2,0.21999999999999997,60.00000000000001,13.2,0.11,True,True,0.21999999999999997,60.00000000000001,13.2,0.11,0.21999999999999997,60.00000000000001,0.11,1.0,1.0,0.0,1.0,0.0,r23_c16,50.0,1.0,True,0.0,1.0,0.0,r23_c16,50.0,1.0,0.0,50,36,14,0,50,0.72,0.28,Lower temporal flexibility,Single destination observed,Lower temporal flexibility / Single destination observed,Q2,G=0 single destination,5.5,0.0
Nutrition | r25_c15 | Thursday,Nutrition,r25_c15,Thursday,50,47,True,08:00-08:30,0.78,2,0.21999999999999997,60.00000000000001,13.2,0.11,True,True,0.21999999999999997,60.00000000000001,13.2,0.11,0.21999999999999997,60.00000000000001,0.11,1.0,1.0,0.0,1.0,0.0,r23_c16,50.0,1.0,True,0.0,1.0,0.0,r23_c16,50.0,1.0,0.0,50,38,10,2,48,0.7916666666666666,0.20833333333333334,Lower temporal flexibility,Single destination observed,Lower temporal flexibility / Single destination observed,Q2,G=0 single destination,5.5,0.0
Nutrition | r25_c15 | Tuesday,Nutrition,r25_c15,Tuesday,51,48,True,08:00-08:30,0.7647058823529411,3,0.23529411764705888,57.499999999999986,13.529411764705882,0.11274509803921569,True,True,0.23529411764705888,57.499999999999986,13.529411764705882,0.11274509803921569,0.23529411764705888,57.499999999999986,0.11274509803921569,1.0,1.0,0.0,1.0,0.0,r23_c16,51.0,1.0,True,0.0,1.0,0.0,r23_c16,51.0,1.0,0.0,51,39,9,3,48,0.8125,0.1875,Lower temporal flexibility,Single destination observed,Lower temporal flexibility / Single destination observed,Q2,G=0 single destination,5.75,0.0
Nutrition | r25_c15 | Wednesday,Nutrition,r25_c15,Wednesday,51,48,True,08:00-08:30,0.7843137254901961,2,0.21568627450980393,60.0,12.941176470588236,0.10784313725490197,True,True,0.21568627450980393,60.0,12.941176470588236,0.10784313725490197,0.21568627450980393,60.0,0.10784313725490197,1.0,1.0,0.0,1.0,0.0,r23_c16,51.0,1.0,True,0.0,1.0,0.0,r23_c16,51.0,1.0,0.0,51,40,10,1,50,0.8,0.2,Lower temporal flexibility,Single destination observed,Lower temporal flexibility / Single destination observed,Q2,G=0 single destination,5.5,0.0
Nutrition | r25_c21 | Thursday,Nutrition,r25_c21,Thursday,81,52,True,09:00-09:30,0.9876543209876543,2,0.012345679012345734,89.9999999999996,1.1111111111111112,0.00925925925925926,True,True,0.012345679012345734,89.9999999999996,1.1111111111111112,0.00925925925925926,0.012345679012345734,89.9999999999996,0.00925925925925926,3.0,0.928059746989788,2.0,1.077516833634423,0.07194025301021201,r22_c20,78.0,0.9629629629629629,True,2.0,1.077516833634423,0.07194025301021201,r22_c20,78.0,0.9629629629629629,0.07194025301021201,81,45,33,3,78,0.5769230769230769,0.4230769230769231,Lower temporal flexibility,Destination diversity observed,Lower temporal flexibility / Destination diversity observed,Q1 lowest,G>0 lower,0.7500000000000001,5.827160493827172
Nutrition | r25_c21 | Tuesday,Nutrition,r25_c21,Tuesday,81,52,True,09:00-09:30,0.9876543209876543,2,0.012345679012345734,29.999999999999865,0.37037037037037035,0.0030864197530864196,True,True,0.012345679012345734,29.999999999999865,0.37037037037037035,0.0030864197530864196,0.012345679012345734,29.999999999999865,0.0030864197530864196,2.0,0.9286694101508914,1.0,1.0768094534711967,0.07133058984910856,r22_c20,78.0,0.9629629629629629,True,1.0,1.0768094534711967,0.07133058984910856,r22_c20,78.0,0.9629629629629629,0.07133058984910856,81,41,37,3,78,0.5256410256410257,0.47435897435897434,Lower temporal flexibility,Destination diversity observed,Lower temporal flexibility / Destination diversity observed,Q1 lowest,G>0 lower,0.25,5.777777777777794
Nutrition | r25_c33 | Friday,Nutrition,r25_c33,Friday,59,53,True,08:00-08:30,1.0,1,0.0,,0.0,0.0,True,True,0.0,,0.0,0.0,0.0,,0.0,1.0,1.0,0.0,1.0,0.0,r21_c31,59.0,1.0,True,0.0,1.0,0.0,r21_c31,59.0,1.0,0.0,59,0,57,2,57,0.0,1.0,Lower temporal flexibility,Single destination observed,Lower temporal flexibility / Single destination observed,Q1 lowest,G=0 single destination,0.0,0.0
Nutrition | r25_c33 | Monday,Nutrition,r25_c33,Monday,65,52,True,08:00-08:30,1.0,1,0.0,,0.0,0.0,True,True,0.0,,0.0,0.0,0.0,,0.0,1.0,1.0,0.0,1.0,0.0,r21_c31,65.0,1.0,True,0.0,1.0,0.0,r21_c31,65.0,1.0,0.0,65,35,29,1,64,0.546875,0.453125,Lower temporal flexibility,Single destination observed,Lower temporal flexibility / Single destination observed,Q1 lowest,G=0 single destination,0.0,0.0
Nutrition | r25_c33 | Thursday,Nutrition,r25_c33,Thursday,67,52,True,08:00-08:30,1.0,1,0.0,,0.0,0.0,True,True,0.0,,0.0,0.0,0.0,,0.0,1.0,1.0,0.0,1.0,0.0,r21_c31,67.0,1.0,True,0.0,1.0,0.0,r21_c31,67.0,1.0,0.0,67,46,21,0,67,0.6865671641791045,0.31343283582089554,Lower temporal flexibility,Single destination observed,Lower temporal flexibility / Single destination observed,Q1 lowest,G=0 single destination,0.0,0.0
Nutrition | r25_c33 | Tuesday,Nutrition,r25_c33,Tuesday,70,52,True,08:00-08:30,1.0,1,0.0,,0.0,0.0,True,True,0.0,,0.0,0.0,0.0,,0.0,1.0,1.0,0.0,1.0,0.0,r21_c31,70.0,1.0,True,0.0,1.0,0.0,r21_c31,70.0,1.0,0.0,70,49,20,1,69,0.7101449275362319,0.2898550724637681,Lower temporal flexibility,Single destination observed,Lower temporal flexibility / Single destination observed,Q1 lowest,G=0 single destination,0.0,0.0
Nutrition | r25_c33 | Wednesday,Nutrition,r25_c33,Wednesday,66,52,True,08:00-08:30,0.9545454545454546,3,0.045454545454545414,80.00000000000009,3.6363636363636367,0.030303030303030304,True,True,0.045454545454545414,80.00000000000009,3.6363636363636367,0.030303030303030304,0.045454545454545414,80.00000000000009,0.030303030303030304,1.0,1.0,0.0,1.0,0.0,r21_c31,66.0,1.0,True,0.0,1.0,0.0,r21_c31,66.0,1.0,0.0,66,47,18,1,65,0.7230769230769231,0.27692307692307694,Lower temporal flexibility,Single destination observed,Lower temporal flexibility / Single destination observed,Q1 lowest,G=0 single destination,2.0,0.0
Nutrition | r26_c11 | Friday,Nutrition,r26_c11,Friday,680,53,True,13:00-13:30,0.7779411764705882,6,0.22205882352941175,283.50993377483445,62.95588235294118,0.21985294117647058,True,True,0.22205882352941175,283.50993377483445,62.95588235294118,0.21985294117647058,0.22205882352941175,283.50993377483445,0.21985294117647058,6.0,0.3011115916955017,5.0,3.321027909849606,0.6988884083044983,r26_c11,322.0,0.47352941176470587,True,5.0,3.321027909849606,0.6988884083044983,r26_c11,322.0,0.47352941176470587,0.6988884083044983,680,435,226,19,661,0.6580937972768532,0.34190620272314676,Higher temporal flexibility,Destination diversity observed,Higher temporal flexibility / Destination diversity observed,Q3,G>0 higher,149.5,475.24411764705883
Nutrition | r26_c11 | Monday,Nutrition,r26_c11,Monday,578,52,True,13:00-13:30,0.7474048442906575,5,0.25259515570934254,287.26027397260276,72.56055363321799,0.2525951557093426,True,True,0.25259515570934254,287.26027397260276,72.56055363321799,0.2525951557093426,0.25259515570934254,287.26027397260276,0.2525951557093426,6.0,0.3573592270207493,5.0,2.7983046872382484,0.6426407729792507,r26_c11,319.0,0.5519031141868512,True,5.0,2.7983046872382484,0.6426407729792507,r26_c11,319.0,0.5519031141868512,0.6426407729792507,578,292,259,27,551,0.52994555353902,0.47005444646098005,Higher temporal flexibility,Destination diversity observed,Higher temporal flexibility / Destination diversity observed,Q4 highest,G>0 middle,146.00000000000003,371.4463667820069
Nutrition | r26_c11 | Thursday,Nutrition,r26_c11,Thursday,736,52,True,13:00-13:30,0.7785326086956522,8,0.22146739130434778,260.2453987730062,57.63586956521739,0.20754076086956524,True,True,0.22146739130434778,260.2453987730062,57.63586956521739,0.20754076086956524,0.22146739130434778,260.2453987730062,0.20754076086956524,6.0,0.2630442166824196,5.0,3.801642220506703,0.7369557833175804,r26_c11,322.0,0.4375,True,5.0,3.801642220506703,0.7369557833175804,r26_c11,322.0,0.4375,0.7369557833175804,736,437,279,20,716,0.6103351955307262,0.38966480446927376,Higher temporal flexibility,Destination diversity observed,Higher temporal flexibility / Destination diversity observed,Q3,G>0 higher,152.75000000000003,542.3994565217391
Nutrition | r26_c11 | Tuesday,Nutrition,r26_c11,Tuesday,708,52,True,13:00-13:30,0.7909604519774012,6,0.20903954802259883,286.41891891891896,59.8728813559322,0.20798022598870058,True,True,0.20903954802259883,286.41891891891896,59.8728813559322,0.20798022598870058,0.20903954802259883,286.41891891891896,0.20798022598870058,6.0,0.27441827061189317,5.0,3.644072232399895,0.7255817293881068,r26_c11,319.0,0.4505649717514124,True,5.0,3.644072232399895,0.7255817293881068,r26_c11,319.0,0.4505649717514124,0.7255817293881068,708,475,214,19,689,0.6894049346879536,0.31059506531204645,Higher temporal flexibility,Destination diversity observed,Higher temporal flexibility / Destination diversity observed,Q3,G>0 higher,147.25,513.7118644067797
Nutrition | r26_c11 | Wednesday,Nutrition,r26_c11,Wednesday,580,52,True,13:00-13:30,0.8310344827586207,4,0.16896551724137931,290.81632653061223,49.137931034482754,0.1689655172413793,True,True,0.16896551724137931,290.81632653061223,49.137931034482754,0.1689655172413793,0.16896551724137931,290.81632653061223,0.1689655172413793,6.0,0.25802615933412604,5.0,3.8755760368663594,0.741973840665874,r26_c11,231.0,0.39827586206896554,True,5.0,3.8755760368663594,0.741973840665874,r26_c11,231.0,0.39827586206896554,0.741973840665874,580,426,136,18,562,0.7580071174377224,0.24199288256227758,Higher temporal flexibility,Destination diversity observed,Higher temporal flexibility / Destination diversity observed,Q3,G>0 higher,97.99999999999999,430.3448275862069
Nutrition | r26_c13 | Friday,Nutrition,r26_c13,Friday,79,52,True,08:00-08:30,0.46835443037974683,5,0.5316455696202531,38.57142857142858,20.50632911392405,0.17088607594936708,True,True,0.5316455696202531,38.57142857142858,20.50632911392405,0.17088607594936708,0.5316455696202531,38.57142857142858,0.17088607594936708,1.0,1.0,0.0,1.0,0.0,r27_c12,79.0,1.0,True,0.0,1.0,0.0,r27_c12,79.0,1.0,0.0,79,35,32,12,67,0.5223880597014925,0.47761194029850745,Higher temporal flexibility,Single destination observed,Higher temporal flexibility / Single destination observed,Q3,G=0 single destination,13.5,0.0
Nutrition | r26_c13 | Monday,Nutrition,r26_c13,Monday,66,51,True,08:00-08:30,0.5454545454545454,4,0.4545454545454546,40.0,18.181818181818183,0.1515151515151515,True,True,0.4545454545454546,40.0,18.181818181818183,0.1515151515151515,0.4545454545454546,40.0,0.1515151515151515,1.0,1.0,0.0,1.0,0.0,r27_c12,66.0,1.0,True,0.0,1.0,0.0,r27_c12,66.0,1.0,0.0,66,28,27,11,55,0.509090909090909,0.4909090909090909,Higher temporal flexibility,Single destination observed,Higher temporal flexibility / Single destination observed,Q3,G=0 single destination,9.999999999999998,0.0
Nutrition | r26_c13 | Thursday,Nutrition,r26_c13,Thursday,188,52,True,08:30-09:00,0.40425531914893614,4,0.5957446808510638,38.839285714285715,23.138297872340427,0.19281914893617022,True,True,0.5957446808510638,38.839285714285715,23.138297872340427,0.19281914893617022,0.5957446808510638,38.839285714285715,0.19281914893617022,1.0,1.0,0.0,1.0,0.0,r27_c12,188.0,1.0,True,0.0,1.0,0.0,r27_c12,188.0,1.0,0.0,188,107,72,9,179,0.5977653631284916,0.4022346368715084,Higher temporal flexibility,Single destination observed,Higher temporal flexibility / Single destination observed,Q3,G=0 single destination,36.25,0.0
Nutrition | r26_c13 | Tuesday,Nutrition,r26_c13,Tuesday,183,52,True,08:30-09:00,0.44808743169398907,4,0.5519125683060109,38.91089108910891,21.47540983606557,0.17896174863387976,True,True,0.5519125683060109,38.91089108910891,21.47540983606557,0.17896174863387976,0.5519125683060109,38.91089108910891,0.17896174863387976,1.0,1.0,0.0,1.0,0.0,r27_c12,183.0,1.0,True,0.0,1.0,0.0,r27_c12,183.0,1.0,0.0,183,120,58,5,178,0.6741573033707865,0.3258426966292135,Higher temporal flexibility,Single destination observed,Higher temporal flexibility / Single destination observed,Q3,G=0 single destination,32.74999999999999,0.0
Nutrition | r26_c13 | Wednesday,Nutrition,r26_c13,Wednesday,124,52,True,08:00-08:30,0.49193548387096775,4,0.5080645161290323,35.23809523809524,17.903225806451616,0.14919354838709675,True,True,0.5080645161290323,35.23809523809524,17.903225806451616,0.14919354838709675,0.5080645161290323,35.23809523809524,0.14919354838709675,1.0,1.0,0.0,1.0,0.0,r27_c12,124.0,1.0,True,0.0,1.0,0.0,r27_c12,124.0,1.0,0.0,124,76,39,9,115,0.6608695652173913,0.3391304347826087,Higher temporal flexibility,Single destination observed,Higher temporal flexibility / Single destination observed,Q3,G=0 single destination,18.499999999999996,0.0
Nutrition | r26_c14 | Thursday,Nutrition,r26_c14,Thursday,62,52,True,08:00-08:30,0.532258064516129,2,0.467741935483871,29.999999999999996,14.032258064516128,0.11693548387096774,True,True,0.467741935483871,29.999999999999996,14.032258064516128,0.11693548387096774,0.467741935483871,29.999999999999996,0.11693548387096774,1.0,1.0,0.0,1.0,0.0,r27_c12,62.0,1.0,True,0.0,1.0,0.0,r27_c12,62.0,1.0,0.0,62,40,22,0,62,0.6451612903225806,0.3548387096774194,Lower temporal flexibility,Single destination observed,Lower temporal flexibility / Single destination observed,Q2,G=0 single destination,7.25,0.0
Nutrition | r26_c14 | Tuesday,Nutrition,r26_c14,Tuesday,62,52,True,08:00-08:30,0.5,2,0.5,30.0,15.0,0.125,True,True,0.5,30.0,15.0,0.125,0.5,30.0,0.125,1.0,1.0,0.0,1.0,0.0,r27_c12,62.0,1.0,True,0.0,1.0,0.0,r27_c12,62.0,1.0,0.0,62,40,20,2,60,0.6666666666666666,0.3333333333333333,Higher temporal flexibility,Single destination observed,Higher temporal flexibility / Single destination observed,Q3,G=0 single destination,7.75,0.0
Nutrition | r26_c14 | Wednesday,Nutrition,r26_c14,Wednesday,63,52,True,08:00-08:30,0.49206349206349204,3,0.5079365079365079,30.0,15.238095238095237,0.12698412698412698,True,True,0.5079365079365079,30.0,15.238095238095237,0.12698412698412698,0.5079365079365079,30.0,0.12698412698412698,1.0,1.0,0.0,1.0,0.0,r27_c12,63.0,1.0,True,0.0,1.0,0.0,r27_c12,63.0,1.0,0.0,63,45,17,1,62,0.7258064516129032,0.27419354838709675,Higher temporal flexibility,Single destination observed,Higher temporal flexibility / Single destination observed,Q3,G=0 single destination,8.0,0.0
Nutrition | r26_c22 | Thursday,Nutrition,r26_c22,Thursday,60,52,True,09:00-09:30,1.0,1,0.0,,0.0,0.0,True,True,0.0,,0.0,0.0,0.0,,0.0,1.0,1.0,0.0,1.0,0.0,r22_c20,60.0,1.0,True,0.0,1.0,0.0,r22_c20,60.0,1.0,0.0,60,42,16,2,58,0.7241379310344828,0.27586206896551724,Lower temporal flexibility,Single destination observed,Lower temporal flexibility / Single destination observed,Q1 lowest,G=0 single destination,0.0,0.0
Nutrition | r26_c22 | Tuesday,Nutrition,r26_c22,Tuesday,54,48,True,09:00-09:30,0.9814814814814815,2,0.01851851851851849,30.00000000000005,0.5555555555555556,0.00462962962962963,True,True,0.01851851851851849,30.00000000000005,0.5555555555555556,0.00462962962962963,0.01851851851851849,30.00000000000005,0.00462962962962963,1.0,1.0,0.0,1.0,0.0,r22_c20,54.0,1.0,True,0.0,1.0,0.0,r22_c20,54.0,1.0,0.0,54,40,13,1,53,0.7547169811320755,0.24528301886792453,Lower temporal flexibility,Single destination observed,Lower temporal flexibility / Single destination observed,Q1 lowest,G=0 single destination,0.25000000000000006,0.0
Nutrition | r26_c9 | Friday,Nutrition,r26_c9,Friday,56,53,True,07:30-08:00,0.9821428571428571,2,0.017857142857142905,29.99999999999992,0.5357142857142857,0.004464285714285714,True,True,0.017857142857142905,29.99999999999992,0.5357142857142857,0.004464285714285714,0.017857142857142905,29.99999999999992,0.004464285714285714,1.0,1.0,0.0,1.0,0.0,r25_c10,56.0,1.0,True,0.0,1.0,0.0,r25_c10,56.0,1.0,0.0,56,44,11,1,55,0.8,0.2,Lower temporal flexibility,Single destination observed,Lower temporal flexibility / Single destination observed,Q1 lowest,G=0 single destination,0.25,0.0
Nutrition | r26_c9 | Monday,Nutrition,r26_c9,Monday,53,52,True,07:30-08:00,1.0,1,0.0,,0.0,0.0,True,True,0.0,,0.0,0.0,0.0,,0.0,1.0,1.0,0.0,1.0,0.0,r25_c10,53.0,1.0,True,0.0,1.0,0.0,r25_c10,53.0,1.0,0.0,53,37,16,0,53,0.6981132075471698,0.3018867924528302,Lower temporal flexibility,Single destination observed,Lower temporal flexibility / Single destination observed,Q1 lowest,G=0 single destination,0.0,0.0
Nutrition | r26_c9 | Thursday,Nutrition,r26_c9,Thursday,55,52,True,07:30-08:00,0.9818181818181818,2,0.018181818181818188,29.99999999999999,0.5454545454545454,0.004545454545454545,True,True,0.018181818181818188,29.99999999999999,0.5454545454545454,0.004545454545454545,0.018181818181818188,29.99999999999999,0.004545454545454545,1.0,1.0,0.0,1.0,0.0,r25_c10,55.0,1.0,True,0.0,1.0,0.0,r25_c10,55.0,1.0,0.0,55,47,8,0,55,0.8545454545454545,0.14545454545454545,Lower temporal flexibility,Single destination observed,Lower temporal flexibility / Single destination observed,Q1 lowest,G=0 single destination,0.25,0.0
Nutrition | r26_c9 | Tuesday,Nutrition,r26_c9,Tuesday,54,52,True,07:30-08:00,1.0,1,0.0,,0.0,0.0,True,True,0.0,,0.0,0.0,0.0,,0.0,1.0,1.0,0.0,1.0,0.0,r25_c10,54.0,1.0,True,0.0,1.0,0.0,r25_c10,54.0,1.0,0.0,54,44,10,0,54,0.8148148148148148,0.18518518518518517,Lower temporal flexibility,Single destination observed,Lower temporal flexibility / Single destination observed,Q1 lowest,G=0 single destination,0.0,0.0
Nutrition | r26_c9 | Wednesday,Nutrition,r26_c9,Wednesday,58,52,True,07:30-08:00,0.9655172413793104,2,0.03448275862068961,30.00000000000004,1.0344827586206897,0.008620689655172414,True,True,0.03448275862068961,30.00000000000004,1.0344827586206897,0.008620689655172414,0.03448275862068961,30.00000000000004,0.008620689655172414,1.0,1.0,0.0,1.0,0.0,r25_c10,58.0,1.0,True,0.0,1.0,0.0,r25_c10,58.0,1.0,0.0,58,47,11,0,58,0.8103448275862069,0.1896551724137931,Lower temporal flexibility,Single destination observed,Lower temporal flexibility / Single destination observed,Q1 lowest,G=0 single destination,0.5,0.0
Nutrition | r27_c10 | Friday,Nutrition,r27_c10,Friday,82,53,True,08:30-09:00,0.6463414634146342,2,0.35365853658536583,30.0,10.609756097560975,0.08841463414634146,True,True,0.35365853658536583,30.0,10.609756097560975,0.08841463414634146,0.35365853658536583,30.0,0.08841463414634146,1.0,1.0,0.0,1.0,0.0,r27_c11,82.0,1.0,True,0.0,1.0,0.0,r27_c11,82.0,1.0,0.0,82,59,20,3,79,0.7468354430379747,0.25316455696202533,Lower temporal flexibility,Single destination observed,Lower temporal flexibility / Single destination observed,Q2,G=0 single destination,7.25,0.0
Nutrition | r27_c10 | Monday,Nutrition,r27_c10,Monday,80,52,True,08:30-09:00,0.6375,2,0.36250000000000004,29.999999999999996,10.875,0.090625,True,True,0.36250000000000004,29.999999999999996,10.875,0.090625,0.36250000000000004,29.999999999999996,0.090625,1.0,1.0,0.0,1.0,0.0,r27_c11,80.0,1.0,True,0.0,1.0,0.0,r27_c11,80.0,1.0,0.0,80,51,28,1,79,0.6455696202531646,0.35443037974683544,Lower temporal flexibility,Single destination observed,Lower temporal flexibility / Single destination observed,Q2,G=0 single destination,7.25,0.0
Nutrition | r27_c10 | Thursday,Nutrition,r27_c10,Thursday,80,52,True,08:30-09:00,0.65,2,0.35,30.000000000000004,10.5,0.0875,True,True,0.35,30.000000000000004,10.5,0.0875,0.35,30.000000000000004,0.0875,1.0,1.0,0.0,1.0,0.0,r27_c11,80.0,1.0,True,0.0,1.0,0.0,r27_c11,80.0,1.0,0.0,80,61,16,3,77,0.7922077922077922,0.2077922077922078,Lower temporal flexibility,Single destination observed,Lower temporal flexibility / Single destination observed,Q2,G=0 single destination,7.0,0.0
Nutrition | r27_c10 | Tuesday,Nutrition,r27_c10,Tuesday,67,52,True,08:30-09:00,0.7761194029850746,2,0.22388059701492535,30.000000000000004,6.7164179104477615,0.055970149253731345,True,True,0.22388059701492535,30.000000000000004,6.7164179104477615,0.055970149253731345,0.22388059701492535,30.000000000000004,0.055970149253731345,1.0,1.0,0.0,1.0,0.0,r27_c11,67.0,1.0,True,0.0,1.0,0.0,r27_c11,67.0,1.0,0.0,67,52,10,5,62,0.8387096774193549,0.16129032258064516,Lower temporal flexibility,Single destination observed,Lower temporal flexibility / Single destination observed,Q2,G=0 single destination,3.75,0.0
Nutrition | r27_c10 | Wednesday,Nutrition,r27_c10,Wednesday,85,52,True,08:30-09:00,0.6352941176470588,3,0.3647058823529412,31.935483870967744,11.647058823529413,0.09705882352941177,True,True,0.3647058823529412,31.935483870967744,11.647058823529413,0.09705882352941177,0.3647058823529412,31.935483870967744,0.09705882352941177,1.0,1.0,0.0,1.0,0.0,r27_c11,85.0,1.0,True,0.0,1.0,0.0,r27_c11,85.0,1.0,0.0,85,62,20,3,82,0.7560975609756098,0.24390243902439024,Lower temporal flexibility,Single destination observed,Lower temporal flexibility / Single destination observed,Q2,G=0 single destination,8.25,0.0
Nutrition | r27_c11 | Friday,Nutrition,r27_c11,Friday,430,53,True,13:00-13:30,0.6883720930232559,3,0.31162790697674414,266.41791044776124,83.0232558139535,0.308139534883721,True,True,0.31162790697674414,266.41791044776124,83.0232558139535,0.308139534883721,0.31162790697674414,266.41791044776124,0.308139534883721,4.0,0.4318658734451054,3.0,2.3155337374142166,0.5681341265548946,r27_c11,262.0,0.6093023255813953,True,3.0,2.3155337374142166,0.5681341265548946,r27_c11,262.0,0.6093023255813953,0.5681341265548946,430,237,171,22,408,0.5808823529411765,0.41911764705882354,Higher temporal flexibility,Destination diversity observed,Higher temporal flexibility / Destination diversity observed,Q4 highest,G>0 middle,132.50000000000003,244.2976744186047
Nutrition | r27_c11 | Monday,Nutrition,r27_c11,Monday,307,52,True,13:00-13:30,0.745928338762215,2,0.254071661237785,270.0,68.59934853420195,0.254071661237785,True,True,0.254071661237785,270.0,68.59934853420195,0.254071661237785,0.254071661237785,270.0,0.254071661237785,4.0,0.3467729100574012,3.0,2.8837316035859617,0.6532270899425988,r27_c11,152.0,0.495114006514658,True,3.0,2.8837316035859617,0.6532270899425988,r27_c11,152.0,0.495114006514658,0.6532270899425988,307,163,123,21,286,0.5699300699300699,0.43006993006993005,Higher temporal flexibility,Destination diversity observed,Higher temporal flexibility / Destination diversity observed,Q4 highest,G>0 middle,78.0,200.54071661237785
Nutrition | r27_c11 | Thursday,Nutrition,r27_c11,Thursday,231,52,True,13:00-13:30,0.9177489177489178,5,0.08225108225108224,200.52631578947373,16.493506493506494,0.06709956709956712,True,True,0.08225108225108224,200.52631578947373,16.493506493506494,0.06709956709956712,0.08225108225108224,200.52631578947373,0.06709956709956712,5.0,0.44311388467232626,4.0,2.2567561852400084,0.5568861153276737,r28_c11,130.0,0.5627705627705628,True,4.0,2.2567561852400084,0.5568861153276737,r28_c11,130.0,0.5627705627705628,0.5568861153276737,231,135,82,14,217,0.6221198156682027,0.3778801843317972,Lower temporal flexibility,Destination diversity observed,Lower temporal flexibility / Destination diversity observed,Q2,G>0 middle,15.500000000000004,128.64069264069263
Nutrition | r27_c11 | Tuesday,Nutrition,r27_c11,Tuesday,322,52,True,13:00-13:30,0.7795031055900621,3,0.22049689440993792,252.25352112676055,55.621118012422365,0.21118012422360247,True,True,0.22049689440993792,252.25352112676055,55.621118012422365,0.21118012422360247,0.22049689440993792,252.25352112676055,0.21118012422360247,5.0,0.3233864434242506,4.0,3.092275574112735,0.6766135565757494,r28_c11,130.0,0.40372670807453415,True,4.0,3.092275574112735,0.6766135565757494,r28_c11,130.0,0.40372670807453415,0.6766135565757494,322,204,106,12,310,0.6580645161290323,0.3419354838709677,Higher temporal flexibility,Destination diversity observed,Higher temporal flexibility / Destination diversity observed,Q3,G>0 higher,68.0,217.8695652173913
Nutrition | r27_c11 | Wednesday,Nutrition,r27_c11,Wednesday,480,52,True,13:00-13:30,0.6875,5,0.3125,257.2,80.375,0.29947916666666663,True,True,0.3125,257.2,80.375,0.29947916666666663,0.3125,257.2,0.29947916666666663,4.0,0.40781249999999997,3.0,2.452107279693487,0.5921875000000001,r27_c11,276.0,0.575,True,3.0,2.452107279693487,0.5921875000000001,r27_c11,276.0,0.575,0.5921875000000001,480,302,157,21,459,0.6579520697167756,0.3420479302832244,Higher temporal flexibility,Destination diversity observed,Higher temporal flexibility / Destination diversity observed,Q4 highest,G>0 middle,143.74999999999997,284.25000000000006
Nutrition | r27_c12 | Friday,Nutrition,r27_c12,Friday,182,53,True,13:30-14:00,0.521978021978022,7,0.478021978021978,124.48275862068968,59.50549450549451,0.2664835164835165,True,True,0.478021978021978,124.48275862068968,59.50549450549451,0.2664835164835165,0.478021978021978,124.48275862068968,0.2664835164835165,6.0,0.30117135611641105,5.0,3.3203688853247795,0.6988286438835889,r26_c13,71.0,0.3901098901098901,True,5.0,3.3203688853247795,0.6988286438835889,r26_c13,71.0,0.3901098901098901,0.6988286438835889,182,99,83,0,182,0.5439560439560439,0.45604395604395603,Higher temporal flexibility,Destination diversity observed,Higher temporal flexibility / Destination diversity observed,Q4 highest,G>0 higher,48.5,127.18681318681318
Nutrition | r27_c12 | Monday,Nutrition,r27_c12,Monday,168,52,True,13:30-14:00,0.49404761904761907,4,0.5059523809523809,118.23529411764706,59.82142857142857,0.2604166666666667,True,True,0.5059523809523809,118.23529411764706,59.82142857142857,0.2604166666666667,0.5059523809523809,118.23529411764706,0.2604166666666667,6.0,0.30187074829931976,5.0,3.3126760563380278,0.6981292517006803,r26_c13,63.0,0.375,True,5.0,3.3126760563380278,0.6981292517006803,r26_c13,63.0,0.375,0.6981292517006803,168,86,82,0,168,0.5119047619047619,0.4880952380952381,Higher temporal flexibility,Destination diversity observed,Higher temporal flexibility / Destination diversity observed,Q4 highest,G>0 higher,43.75,117.28571428571429
Nutrition | r27_c12 | Thursday,Nutrition,r27_c12,Thursday,376,52,True,13:30-14:00,0.46808510638297873,8,0.5319148936170213,80.25,42.68617021276596,0.21675531914893617,True,True,0.5319148936170213,80.25,42.68617021276596,0.21675531914893617,0.5319148936170213,80.25,0.21675531914893617,7.0,0.29251075147125394,6.0,3.4186777578952463,0.7074892485287461,r26_c13,176.0,0.46808510638297873,True,6.0,3.4186777578952463,0.7074892485287461,r26_c13,176.0,0.46808510638297873,0.7074892485287461,376,228,142,6,370,0.6162162162162163,0.3837837837837838,Higher temporal flexibility,Destination diversity observed,Higher temporal flexibility / Destination diversity observed,Q3,G>0 higher,81.5,266.0159574468085
Nutrition | r27_c12 | Tuesday,Nutrition,r27_c12,Tuesday,365,52,True,13:30-14:00,0.4821917808219178,7,0.5178082191780822,82.06349206349205,42.4931506849315,0.2095890410958904,True,True,0.5178082191780822,82.06349206349205,42.4931506849315,0.2095890410958904,0.5178082191780822,82.06349206349205,0.2095890410958904,7.0,0.28552448864702573,6.0,3.502326559583585,0.7144755113529743,r26_c13,167.0,0.4575342465753425,True,6.0,3.502326559583585,0.7144755113529743,r26_c13,167.0,0.4575342465753425,0.7144755113529743,365,251,113,1,364,0.6895604395604396,0.31043956043956045,Higher temporal flexibility,Destination diversity observed,Higher temporal flexibility / Destination diversity observed,Q3,G>0 higher,76.5,260.7835616438356
Nutrition | r27_c12 | Wednesday,Nutrition,r27_c12,Wednesday,295,52,True,13:30-14:00,0.48135593220338985,5,0.5186440677966102,78.8235294117647,40.88135593220339,0.20593220338983048,True,True,0.5186440677966102,78.8235294117647,40.88135593220339,0.20593220338983048,0.5186440677966102,78.8235294117647,0.20593220338983048,6.0,0.2650847457627119,5.0,3.7723785166240402,0.7349152542372881,r26_c13,119.0,0.4033898305084746,True,5.0,3.7723785166240402,0.7349152542372881,r26_c13,119.0,0.4033898305084746,0.7349152542372881,295,192,97,6,289,0.6643598615916955,0.3356401384083045,Higher temporal flexibility,Destination diversity observed,Higher temporal flexibility / Destination diversity observed,Q3,G>0 higher,60.74999999999999,216.79999999999998
Nutrition | r27_c13 | Friday,Nutrition,r27_c13,Friday,12,10,True,09:00-09:30,0.5,3,0.5,40.0,20.0,0.16666666666666669,True,True,0.5,40.0,20.0,0.16666666666666669,0.5,40.0,0.16666666666666669,1.0,1.0,0.0,1.0,0.0,r27_c12,12.0,1.0,True,0.0,1.0,0.0,r27_c12,12.0,1.0,0.0,12,3,7,2,10,0.3,0.7,Higher temporal flexibility,Single destination observed,Higher temporal flexibility / Single destination observed,Q3,G=0 single destination,2.0,0.0
Nutrition | r27_c13 | Monday,Nutrition,r27_c13,Monday,11,8,True,08:30-09:00,0.5454545454545454,2,0.4545454545454546,29.999999999999996,13.636363636363637,0.11363636363636363,True,True,0.4545454545454546,29.999999999999996,13.636363636363637,0.11363636363636363,0.4545454545454546,29.999999999999996,0.11363636363636363,1.0,1.0,0.0,1.0,0.0,r27_c12,11.0,1.0,True,0.0,1.0,0.0,r27_c12,11.0,1.0,0.0,11,2,8,1,10,0.2,0.8,Lower temporal flexibility,Single destination observed,Lower temporal flexibility / Single destination observed,Q2,G=0 single destination,1.25,0.0
Nutrition | r27_c13 | Thursday,Nutrition,r27_c13,Thursday,24,21,True,08:30-09:00,0.9583333333333334,2,0.04166666666666663,30.00000000000003,1.25,0.010416666666666666,True,True,0.04166666666666663,30.00000000000003,1.25,0.010416666666666666,0.04166666666666663,30.00000000000003,0.010416666666666666,1.0,1.0,0.0,1.0,0.0,r27_c12,24.0,1.0,True,0.0,1.0,0.0,r27_c12,24.0,1.0,0.0,24,17,6,1,23,0.7391304347826086,0.2608695652173913,Lower temporal flexibility,Single destination observed,Lower temporal flexibility / Single destination observed,Q1 lowest,G=0 single destination,0.25,0.0
Nutrition | r27_c13 | Tuesday,Nutrition,r27_c13,Tuesday,28,22,True,08:30-09:00,0.8571428571428571,3,0.1428571428571429,37.499999999999986,5.357142857142857,0.04464285714285714,True,True,0.1428571428571429,37.499999999999986,5.357142857142857,0.04464285714285714,0.1428571428571429,37.499999999999986,0.04464285714285714,1.0,1.0,0.0,1.0,0.0,r27_c12,28.0,1.0,True,0.0,1.0,0.0,r27_c12,28.0,1.0,0.0,28,16,10,2,26,0.6153846153846154,0.38461538461538464,Lower temporal flexibility,Single destination observed,Lower temporal flexibility / Single destination observed,Q2,G=0 single destination,1.2499999999999998,0.0
Nutrition | r27_c13 | Wednesday,Nutrition,r27_c13,Wednesday,14,10,True,08:30-09:00,0.5714285714285714,2,0.4285714285714286,29.999999999999996,12.857142857142856,0.10714285714285714,True,True,0.4285714285714286,29.999999999999996,12.857142857142856,0.10714285714285714,0.4285714285714286,29.999999999999996,0.10714285714285714,1.0,1.0,0.0,1.0,0.0,r27_c12,14.0,1.0,True,0.0,1.0,0.0,r27_c12,14.0,1.0,0.0,14,3,8,3,11,0.2727272727272727,0.7272727272727273,Lower temporal flexibility,Single destination observed,Lower temporal flexibility / Single destination observed,Q2,G=0 single destination,1.5,0.0
Nutrition | r27_c14 | Wednesday,Nutrition,r27_c14,Wednesday,813,47,True,10:00-10:30,0.4194341943419434,7,0.5805658056580566,76.77966101694915,44.57564575645756,0.36469864698646987,True,True,0.5805658056580566,76.77966101694915,44.57564575645756,0.36469864698646987,0.5805658056580566,76.77966101694915,0.36469864698646987,4.0,0.3482901618684084,3.0,2.8711692418628285,0.6517098381315916,r27_c14,377.0,0.46371463714637146,True,3.0,2.8711692418628285,0.6517098381315916,r27_c14,377.0,0.46371463714637146,0.6517098381315916,813,369,444,0,813,0.45387453874538747,0.5461254612546126,Higher temporal flexibility,Destination diversity observed,Higher temporal flexibility / Destination diversity observed,Q4 highest,G>0 middle,296.5,529.840098400984
Nutrition | r27_c17 | Thursday,Nutrition,r27_c17,Thursday,24,14,True,13:30-14:00,0.6666666666666666,4,0.33333333333333337,41.24999999999999,13.75,0.11458333333333333,True,True,0.33333333333333337,41.24999999999999,13.75,0.11458333333333333,0.33333333333333337,41.24999999999999,0.11458333333333333,1.0,1.0,0.0,1.0,0.0,r33_c13,24.0,1.0,True,0.0,1.0,0.0,r33_c13,24.0,1.0,0.0,24,10,14,0,24,0.4166666666666667,0.5833333333333334,Lower temporal flexibility,Single destination observed,Lower temporal flexibility / Single destination observed,Q2,G=0 single destination,2.75,0.0
Nutrition | r27_c17 | Tuesday,Nutrition,r27_c17,Tuesday,19,14,True,13:30-14:00,0.7368421052631579,6,0.26315789473684215,65.99999999999999,17.36842105263158,0.14473684210526316,True,True,0.26315789473684215,65.99999999999999,17.36842105263158,0.14473684210526316,0.26315789473684215,65.99999999999999,0.14473684210526316,1.0,1.0,0.0,1.0,0.0,r33_c13,19.0,1.0,True,0.0,1.0,0.0,r33_c13,19.0,1.0,0.0,19,10,9,0,19,0.5263157894736842,0.47368421052631576,Higher temporal flexibility,Single destination observed,Higher temporal flexibility / Single destination observed,Q3,G=0 single destination,2.75,0.0
Nutrition | r28_c11 | Friday,Nutrition,r28_c11,Friday,59,53,True,08:30-09:00,0.8983050847457628,2,0.10169491525423724,30.000000000000018,3.050847457627119,0.025423728813559324,True,True,0.10169491525423724,30.000000000000018,3.050847457627119,0.025423728813559324,0.10169491525423724,30.000000000000018,0.025423728813559324,1.0,1.0,0.0,1.0,0.0,r27_c11,59.0,1.0,True,0.0,1.0,0.0,r27_c11,59.0,1.0,0.0,59,43,16,0,59,0.7288135593220338,0.2711864406779661,Lower temporal flexibility,Single destination observed,Lower temporal flexibility / Single destination observed,Q1 lowest,G=0 single destination,1.5,0.0
Nutrition | r28_c11 | Monday,Nutrition,r28_c11,Monday,58,52,True,08:30-09:00,0.896551724137931,2,0.10344827586206895,30.000000000000004,3.103448275862069,0.02586206896551724,True,True,0.10344827586206895,30.000000000000004,3.103448275862069,0.02586206896551724,0.10344827586206895,30.000000000000004,0.02586206896551724,1.0,1.0,0.0,1.0,0.0,r27_c11,58.0,1.0,True,0.0,1.0,0.0,r27_c11,58.0,1.0,0.0,58,33,22,3,55,0.6,0.4,Lower temporal flexibility,Single destination observed,Lower temporal flexibility / Single destination observed,Q1 lowest,G=0 single destination,1.5,0.0
Nutrition | r28_c11 | Thursday,Nutrition,r28_c11,Thursday,126,52,True,08:30-09:00,0.7698412698412699,2,0.23015873015873012,30.000000000000004,6.904761904761904,0.057539682539682536,True,True,0.23015873015873012,30.000000000000004,6.904761904761904,0.057539682539682536,0.23015873015873012,30.000000000000004,0.057539682539682536,1.0,1.0,0.0,1.0,0.0,r27_c11,126.0,1.0,True,0.0,1.0,0.0,r27_c11,126.0,1.0,0.0,126,81,30,15,111,0.7297297297297297,0.2702702702702703,Lower temporal flexibility,Single destination observed,Lower temporal flexibility / Single destination observed,Q2,G=0 single destination,7.25,0.0
Nutrition | r28_c11 | Tuesday,Nutrition,r28_c11,Tuesday,128,52,True,08:30-09:00,0.765625,2,0.234375,30.0,7.03125,0.05859375,True,True,0.234375,30.0,7.03125,0.05859375,0.234375,30.0,0.05859375,1.0,1.0,0.0,1.0,0.0,r27_c11,128.0,1.0,True,0.0,1.0,0.0,r27_c11,128.0,1.0,0.0,128,80,33,15,113,0.7079646017699115,0.2920353982300885,Lower temporal flexibility,Single destination observed,Lower temporal flexibility / Single destination observed,Q2,G=0 single destination,7.5,0.0
Nutrition | r28_c11 | Wednesday,Nutrition,r28_c11,Wednesday,108,52,True,08:30-09:00,0.8981481481481481,4,0.10185185185185186,43.636363636363626,4.444444444444444,0.037037037037037035,True,True,0.10185185185185186,43.636363636363626,4.444444444444444,0.037037037037037035,0.10185185185185186,43.636363636363626,0.037037037037037035,1.0,1.0,0.0,1.0,0.0,r27_c11,108.0,1.0,True,0.0,1.0,0.0,r27_c11,108.0,1.0,0.0,108,82,24,2,106,0.7735849056603774,0.22641509433962265,Lower temporal flexibility,Single destination observed,Lower temporal flexibility / Single destination observed,Q1 lowest,G=0 single destination,4.0,0.0
Nutrition | r28_c13 | Friday,Nutrition,r28_c13,Friday,38,25,True,08:00-08:30,0.5,3,0.5,30.0,15.0,0.125,True,True,0.5,30.0,15.0,0.125,0.5,30.0,0.125,1.0,1.0,0.0,1.0,0.0,r27_c12,38.0,1.0,True,0.0,1.0,0.0,r27_c12,38.0,1.0,0.0,38,20,18,0,38,0.5263157894736842,0.47368421052631576,Higher temporal flexibility,Single destination observed,Higher temporal flexibility / Single destination observed,Q3,G=0 single destination,4.75,0.0
Nutrition | r28_c13 | Monday,Nutrition,r28_c13,Monday,33,24,True,08:00-08:30,0.5454545454545454,2,0.4545454545454546,29.999999999999996,13.636363636363637,0.11363636363636363,True,True,0.4545454545454546,29.999999999999996,13.636363636363637,0.11363636363636363,0.4545454545454546,29.999999999999996,0.11363636363636363,1.0,1.0,0.0,1.0,0.0,r27_c12,33.0,1.0,True,0.0,1.0,0.0,r27_c12,33.0,1.0,0.0,33,18,15,0,33,0.5454545454545454,0.45454545454545453,Lower temporal flexibility,Single destination observed,Lower temporal flexibility / Single destination observed,Q2,G=0 single destination,3.75,0.0
Nutrition | r28_c13 | Thursday,Nutrition,r28_c13,Thursday,55,34,True,08:30-09:00,0.6181818181818182,2,0.38181818181818183,30.0,11.454545454545455,0.09545454545454546,True,True,0.38181818181818183,30.0,11.454545454545455,0.09545454545454546,0.38181818181818183,30.0,0.09545454545454546,1.0,1.0,0.0,1.0,0.0,r27_c12,55.0,1.0,True,0.0,1.0,0.0,r27_c12,55.0,1.0,0.0,55,21,29,5,50,0.42,0.58,Lower temporal flexibility,Single destination observed,Lower temporal flexibility / Single destination observed,Q2,G=0 single destination,5.25,0.0
Nutrition | r28_c13 | Tuesday,Nutrition,r28_c13,Tuesday,53,34,True,08:30-09:00,0.6037735849056604,3,0.39622641509433965,29.999999999999996,11.886792452830187,0.0990566037735849,True,True,0.39622641509433965,29.999999999999996,11.886792452830187,0.0990566037735849,0.39622641509433965,29.999999999999996,0.0990566037735849,1.0,1.0,0.0,1.0,0.0,r27_c12,53.0,1.0,True,0.0,1.0,0.0,r27_c12,53.0,1.0,0.0,53,27,20,6,47,0.574468085106383,0.425531914893617,Lower temporal flexibility,Single destination observed,Lower temporal flexibility / Single destination observed,Q2,G=0 single destination,5.25,0.0
Nutrition | r28_c13 | Wednesday,Nutrition,r28_c13,Wednesday,47,33,True,08:30-09:00,0.574468085106383,2,0.42553191489361697,30.000000000000004,12.76595744680851,0.10638297872340426,True,True,0.42553191489361697,30.000000000000004,12.76595744680851,0.10638297872340426,0.42553191489361697,30.000000000000004,0.10638297872340426,1.0,1.0,0.0,1.0,0.0,r27_c12,47.0,1.0,True,0.0,1.0,0.0,r27_c12,47.0,1.0,0.0,47,27,18,2,45,0.6,0.4,Lower temporal flexibility,Single destination observed,Lower temporal flexibility / Single destination observed,Q2,G=0 single destination,5.0,0.0
Nutrition | r28_c14 | Friday,Nutrition,r28_c14,Friday,40,35,True,07:30-08:00,0.95,2,0.050000000000000044,29.999999999999975,1.5,0.0125,True,True,0.050000000000000044,29.999999999999975,1.5,0.0125,0.050000000000000044,29.999999999999975,0.0125,1.0,1.0,0.0,1.0,0.0,r28_c16,40.0,1.0,True,0.0,1.0,0.0,r28_c16,40.0,1.0,0.0,40,27,12,1,39,0.6923076923076923,0.3076923076923077,Lower temporal flexibility,Single destination observed,Lower temporal flexibility / Single destination observed,Q1 lowest,G=0 single destination,0.5,0.0
Nutrition | r28_c14 | Monday,Nutrition,r28_c14,Monday,40,34,True,07:30-08:00,0.95,2,0.050000000000000044,29.999999999999975,1.5,0.0125,True,True,0.050000000000000044,29.999999999999975,1.5,0.0125,0.050000000000000044,29.999999999999975,0.0125,1.0,1.0,0.0,1.0,0.0,r28_c16,40.0,1.0,True,0.0,1.0,0.0,r28_c16,40.0,1.0,0.0,40,23,15,2,38,0.6052631578947368,0.39473684210526316,Lower temporal flexibility,Single destination observed,Lower temporal flexibility / Single destination observed,Q1 lowest,G=0 single destination,0.5,0.0
Nutrition | r28_c14 | Thursday,Nutrition,r28_c14,Thursday,40,35,True,07:30-08:00,0.975,2,0.025000000000000022,29.999999999999975,0.75,0.00625,True,True,0.025000000000000022,29.999999999999975,0.75,0.00625,0.025000000000000022,29.999999999999975,0.00625,1.0,1.0,0.0,1.0,0.0,r28_c16,40.0,1.0,True,0.0,1.0,0.0,r28_c16,40.0,1.0,0.0,40,30,10,0,40,0.75,0.25,Lower temporal flexibility,Single destination observed,Lower temporal flexibility / Single destination observed,Q1 lowest,G=0 single destination,0.25,0.0
Nutrition | r28_c14 | Tuesday,Nutrition,r28_c14,Tuesday,40,35,True,07:30-08:00,0.975,2,0.025000000000000022,29.999999999999975,0.75,0.00625,True,True,0.025000000000000022,29.999999999999975,0.75,0.00625,0.025000000000000022,29.999999999999975,0.00625,1.0,1.0,0.0,1.0,0.0,r28_c16,40.0,1.0,True,0.0,1.0,0.0,r28_c16,40.0,1.0,0.0,40,29,11,0,40,0.725,0.275,Lower temporal flexibility,Single destination observed,Lower temporal flexibility / Single destination observed,Q1 lowest,G=0 single destination,0.25,0.0
Nutrition | r28_c14 | Wednesday,Nutrition,r28_c14,Wednesday,45,36,True,07:30-08:00,0.9333333333333333,2,0.06666666666666665,150.00000000000003,10.0,0.06666666666666667,True,True,0.06666666666666665,150.00000000000003,10.0,0.06666666666666667,0.06666666666666665,150.00000000000003,0.06666666666666667,2.0,0.8755555555555556,1.0,1.1421319796954315,0.12444444444444436,r28_c16,42.0,0.9333333333333333,True,1.0,1.1421319796954315,0.12444444444444436,r28_c16,42.0,0.9333333333333333,0.12444444444444436,45,31,14,0,45,0.6888888888888889,0.3111111111111111,Lower temporal flexibility,Destination diversity observed,Lower temporal flexibility / Destination diversity observed,Q2,G>0 lower,3.0,5.599999999999996
Nutrition | r28_c15 | Friday,Nutrition,r28_c15,Friday,135,53,True,08:00-08:30,0.9111111111111111,4,0.0888888888888889,34.99999999999999,3.111111111111111,0.025925925925925925,True,True,0.0888888888888889,34.99999999999999,3.111111111111111,0.025925925925925925,0.0888888888888889,34.99999999999999,0.025925925925925925,1.0,1.0,0.0,1.0,0.0,r28_c16,135.0,1.0,True,0.0,1.0,0.0,r28_c16,135.0,1.0,0.0,135,70,44,21,114,0.6140350877192983,0.38596491228070173,Lower temporal flexibility,Single destination observed,Lower temporal flexibility / Single destination observed,Q1 lowest,G=0 single destination,3.5,0.0
Nutrition | r28_c15 | Monday,Nutrition,r28_c15,Monday,131,52,True,08:00-08:30,0.9389312977099237,2,0.06106870229007633,30.000000000000004,1.83206106870229,0.015267175572519083,True,True,0.06106870229007633,30.000000000000004,1.83206106870229,0.015267175572519083,0.06106870229007633,30.000000000000004,0.015267175572519083,1.0,1.0,0.0,1.0,0.0,r28_c16,131.0,1.0,True,0.0,1.0,0.0,r28_c16,131.0,1.0,0.0,131,68,52,11,120,0.5666666666666667,0.43333333333333335,Lower temporal flexibility,Single destination observed,Lower temporal flexibility / Single destination observed,Q1 lowest,G=0 single destination,2.0,0.0
Nutrition | r28_c15 | Thursday,Nutrition,r28_c15,Thursday,87,52,True,08:00-08:30,0.8850574712643678,4,0.11494252873563215,69.00000000000001,7.931034482758621,0.03735632183908046,True,True,0.11494252873563215,69.00000000000001,7.931034482758621,0.03735632183908046,0.11494252873563215,69.00000000000001,0.03735632183908046,2.0,0.9772757299511163,1.0,1.023252670001352,0.022724270048883666,r28_c16,86.0,0.9885057471264368,True,1.0,1.023252670001352,0.022724270048883666,r28_c16,86.0,0.9885057471264368,0.022724270048883666,87,41,27,19,68,0.6029411764705882,0.39705882352941174,Lower temporal flexibility,Destination diversity observed,Lower temporal flexibility / Destination diversity observed,Q1 lowest,G>0 lower,3.2500000000000004,1.977011494252879
Nutrition | r28_c15 | Tuesday,Nutrition,r28_c15,Tuesday,89,52,True,08:00-08:30,0.8651685393258427,4,0.1348314606741573,32.5,4.382022471910112,0.03651685393258427,True,True,0.1348314606741573,32.5,4.382022471910112,0.03651685393258427,0.1348314606741573,32.5,0.03651685393258427,1.0,1.0,0.0,1.0,0.0,r28_c16,89.0,1.0,True,0.0,1.0,0.0,r28_c16,89.0,1.0,0.0,89,45,23,21,68,0.6617647058823529,0.3382352941176471,Lower temporal flexibility,Single destination observed,Lower temporal flexibility / Single destination observed,Q1 lowest,G=0 single destination,3.25,0.0
Nutrition | r28_c15 | Wednesday,Nutrition,r28_c15,Wednesday,162,52,True,08:00-08:30,0.8271604938271605,6,0.1728395061728395,58.92857142857143,10.185185185185185,0.06172839506172839,True,True,0.1728395061728395,58.92857142857143,10.185185185185185,0.06172839506172839,0.1728395061728395,58.92857142857143,0.06172839506172839,3.0,0.9515317786922726,2.0,1.0509370494954349,0.04846822130772743,r28_c16,158.0,0.9753086419753086,True,2.0,1.0509370494954349,0.04846822130772743,r28_c16,158.0,0.9753086419753086,0.04846822130772743,162,81,57,24,138,0.5869565217391305,0.41304347826086957,Lower temporal flexibility,Destination diversity observed,Lower temporal flexibility / Destination diversity observed,Q2,G>0 lower,10.0,7.851851851851844
Nutrition | r28_c16 | Friday,Nutrition,r28_c16,Friday,755,53,True,12:30-13:00,0.6966887417218544,7,0.30331125827814565,72.9694323144105,22.13245033112583,0.11788079470198674,True,True,0.30331125827814565,72.9694323144105,22.13245033112583,0.11788079470198674,0.30331125827814565,72.9694323144105,0.11788079470198674,8.0,0.23192140695583527,7.0,4.31180550827906,0.7680785930441647,r29_c16,304.0,0.40264900662251657,True,7.0,4.31180550827906,0.7680785930441647,r29_c16,304.0,0.40264900662251657,0.7680785930441647,755,380,368,7,748,0.5080213903743316,0.4919786096256685,Lower temporal flexibility,Destination diversity observed,Lower temporal flexibility / Destination diversity observed,Q2,G>0 higher,88.99999999999999,579.8993377483444
Nutrition | r28_c16 | Monday,Nutrition,r28_c16,Monday,848,52,True,12:30-13:00,0.5224056603773585,6,0.47759433962264153,53.77777777777778,25.683962264150946,0.15625,True,True,0.47759433962264153,53.77777777777778,25.683962264150946,0.15625,0.47759433962264153,53.77777777777778,0.15625,7.0,0.3067817728729086,6.0,3.259646069045546,0.6932182271270915,r29_c16,429.0,0.5058962264150944,True,6.0,3.259646069045546,0.6932182271270915,r29_c16,429.0,0.5058962264150944,0.6932182271270915,848,442,399,7,841,0.525564803804994,0.47443519619500596,Higher temporal flexibility,Destination diversity observed,Higher temporal flexibility / Destination diversity observed,Q3,G>0 higher,132.5,587.8490566037735
Nutrition | r28_c16 | Thursday,Nutrition,r28_c16,Thursday,763,52,True,13:00-13:30,0.47575360419397117,7,0.5242463958060288,56.175,29.44954128440367,0.17332896461336827,True,True,0.5242463958060288,56.175,29.44954128440367,0.17332896461336827,0.5242463958060288,56.175,0.17332896461336827,7.0,0.32030389800899745,6.0,3.122035061752229,0.6796961019910026,r29_c16,402.0,0.526867627785059,True,6.0,3.122035061752229,0.6796961019910026,r29_c16,402.0,0.526867627785059,0.6796961019910026,763,401,355,7,756,0.5304232804232805,0.4695767195767196,Higher temporal flexibility,Destination diversity observed,Higher temporal flexibility / Destination diversity observed,Q3,G>0 higher,132.25,518.608125819135
Nutrition | r28_c16 | Tuesday,Nutrition,r28_c16,Tuesday,839,52,True,13:00-13:30,0.5077473182359953,8,0.4922526817640047,59.05569007263924,29.070321811680575,0.17014302741358758,True,True,0.4922526817640047,59.05569007263924,29.070321811680575,0.17014302741358758,0.4922526817640047,59.05569007263924,0.17014302741358758,7.0,0.34198013697559815,6.0,2.924146439742945,0.6580198630244019,r29_c16,462.0,0.5506555423122765,True,6.0,2.924146439742945,0.6580198630244019,r29_c16,462.0,0.5506555423122765,0.6580198630244019,839,495,335,9,830,0.5963855421686747,0.4036144578313253,Higher temporal flexibility,Destination diversity observed,Higher temporal flexibility / Destination diversity observed,Q3,G>0 middle,142.74999999999997,552.0786650774731
Nutrition | r28_c16 | Wednesday,Nutrition,r28_c16,Wednesday,974,52,True,12:30-13:00,0.5338809034907598,6,0.4661190965092402,54.11894273127753,25.225872689938395,0.15528747433264886,True,True,0.4661190965092402,54.11894273127753,25.225872689938395,0.15528747433264886,0.4661190965092402,54.11894273127753,0.15528747433264886,7.0,0.33529677150049114,6.0,2.982432534392999,0.6647032284995089,r29_c16,524.0,0.5379876796714579,True,6.0,2.982432534392999,0.6647032284995089,r29_c16,524.0,0.5379876796714579,0.6647032284995089,974,564,398,12,962,0.5862785862785863,0.41372141372141374,Higher temporal flexibility,Destination diversity observed,Higher temporal flexibility / Destination diversity observed,Q3,G>0 higher,151.25,647.4209445585217
Nutrition | r28_c6 | Friday,Nutrition,r28_c6,Friday,45,43,True,07:00-07:30,0.5555555555555556,2,0.4444444444444444,30.0,13.333333333333332,0.1111111111111111,True,True,0.4444444444444444,30.0,13.333333333333332,0.1111111111111111,0.4444444444444444,30.0,0.1111111111111111,1.0,1.0,0.0,1.0,0.0,r25_c10,45.0,1.0,True,0.0,1.0,0.0,r25_c10,45.0,1.0,0.0,45,29,14,2,43,0.6744186046511628,0.32558139534883723,Lower temporal flexibility,Single destination observed,Lower temporal flexibility / Single destination observed,Q2,G=0 single destination,5.0,0.0
Nutrition | r28_c6 | Monday,Nutrition,r28_c6,Monday,46,44,True,07:00-07:30,0.5652173913043478,2,0.4347826086956522,29.999999999999996,13.043478260869565,0.10869565217391304,True,True,0.4347826086956522,29.999999999999996,13.043478260869565,0.10869565217391304,0.4347826086956522,29.999999999999996,0.10869565217391304,1.0,1.0,0.0,1.0,0.0,r25_c10,46.0,1.0,True,0.0,1.0,0.0,r25_c10,46.0,1.0,0.0,46,23,18,5,41,0.5609756097560976,0.43902439024390244,Lower temporal flexibility,Single destination observed,Lower temporal flexibility / Single destination observed,Q2,G=0 single destination,5.0,0.0
Nutrition | r28_c6 | Thursday,Nutrition,r28_c6,Thursday,45,43,True,07:00-07:30,0.5777777777777777,2,0.4222222222222223,29.999999999999996,12.666666666666666,0.10555555555555556,True,True,0.4222222222222223,29.999999999999996,12.666666666666666,0.10555555555555556,0.4222222222222223,29.999999999999996,0.10555555555555556,1.0,1.0,0.0,1.0,0.0,r25_c10,45.0,1.0,True,0.0,1.0,0.0,r25_c10,45.0,1.0,0.0,45,29,13,3,42,0.6904761904761905,0.30952380952380953,Lower temporal flexibility,Single destination observed,Lower temporal flexibility / Single destination observed,Q2,G=0 single destination,4.75,0.0
Nutrition | r28_c6 | Tuesday,Nutrition,r28_c6,Tuesday,46,44,True,07:00-07:30,0.5652173913043478,2,0.4347826086956522,29.999999999999996,13.043478260869565,0.10869565217391304,True,True,0.4347826086956522,29.999999999999996,13.043478260869565,0.10869565217391304,0.4347826086956522,29.999999999999996,0.10869565217391304,1.0,1.0,0.0,1.0,0.0,r25_c10,46.0,1.0,True,0.0,1.0,0.0,r25_c10,46.0,1.0,0.0,46,30,14,2,44,0.6818181818181818,0.3181818181818182,Lower temporal flexibility,Single destination observed,Lower temporal flexibility / Single destination observed,Q2,G=0 single destination,5.0,0.0
Nutrition | r28_c6 | Wednesday,Nutrition,r28_c6,Wednesday,50,43,True,07:00-07:30,0.58,3,0.42000000000000004,29.999999999999996,12.6,0.105,True,True,0.42000000000000004,29.999999999999996,12.6,0.105,0.42000000000000004,29.999999999999996,0.105,1.0,1.0,0.0,1.0,0.0,r25_c10,50.0,1.0,True,0.0,1.0,0.0,r25_c10,50.0,1.0,0.0,50,30,18,2,48,0.625,0.375,Lower temporal flexibility,Single destination observed,Lower temporal flexibility / Single destination observed,Q2,G=0 single destination,5.25,0.0
Nutrition | r28_c9 | Friday,Nutrition,r28_c9,Friday,25,22,True,08:00-08:30,1.0,1,0.0,,0.0,0.0,True,True,0.0,,0.0,0.0,0.0,,0.0,1.0,1.0,0.0,1.0,0.0,r27_c11,25.0,1.0,True,0.0,1.0,0.0,r27_c11,25.0,1.0,0.0,25,13,12,0,25,0.52,0.48,Lower temporal flexibility,Single destination observed,Lower temporal flexibility / Single destination observed,Q1 lowest,G=0 single destination,0.0,0.0
Nutrition | r28_c9 | Monday,Nutrition,r28_c9,Monday,22,21,True,08:00-08:30,1.0,1,0.0,,0.0,0.0,True,True,0.0,,0.0,0.0,0.0,,0.0,1.0,1.0,0.0,1.0,0.0,r27_c11,22.0,1.0,True,0.0,1.0,0.0,r27_c11,22.0,1.0,0.0,22,14,8,0,22,0.6363636363636364,0.36363636363636365,Lower temporal flexibility,Single destination observed,Lower temporal flexibility / Single destination observed,Q1 lowest,G=0 single destination,0.0,0.0
Nutrition | r28_c9 | Wednesday,Nutrition,r28_c9,Wednesday,18,18,True,08:00-08:30,1.0,1,0.0,,0.0,0.0,True,True,0.0,,0.0,0.0,0.0,,0.0,1.0,1.0,0.0,1.0,0.0,r27_c11,18.0,1.0,True,0.0,1.0,0.0,r27_c11,18.0,1.0,0.0,18,16,2,0,18,0.8888888888888888,0.1111111111111111,Lower temporal flexibility,Single destination observed,Lower temporal flexibility / Single destination observed,Q1 lowest,G=0 single destination,0.0,0.0
Nutrition | r29_c13 | Friday,Nutrition,r29_c13,Friday,70,53,True,08:00-08:30,0.9857142857142858,2,0.014285714285714235,30.000000000000107,0.42857142857142855,0.0035714285714285713,True,True,0.014285714285714235,30.000000000000107,0.42857142857142855,0.0035714285714285713,0.014285714285714235,30.000000000000107,0.0035714285714285713,1.0,1.0,0.0,1.0,0.0,r30_c10,70.0,1.0,True,0.0,1.0,0.0,r30_c10,70.0,1.0,0.0,70,55,15,0,70,0.7857142857142857,0.21428571428571427,Lower temporal flexibility,Single destination observed,Lower temporal flexibility / Single destination observed,Q1 lowest,G=0 single destination,0.25,0.0
Nutrition | r29_c13 | Monday,Nutrition,r29_c13,Monday,68,52,True,08:00-08:30,1.0,1,0.0,,0.0,0.0,True,True,0.0,,0.0,0.0,0.0,,0.0,1.0,1.0,0.0,1.0,0.0,r30_c10,68.0,1.0,True,0.0,1.0,0.0,r30_c10,68.0,1.0,0.0,68,42,23,3,65,0.6461538461538462,0.35384615384615387,Lower temporal flexibility,Single destination observed,Lower temporal flexibility / Single destination observed,Q1 lowest,G=0 single destination,0.0,0.0
Nutrition | r29_c13 | Thursday,Nutrition,r29_c13,Thursday,66,52,True,08:00-08:30,1.0,1,0.0,,0.0,0.0,True,True,0.0,,0.0,0.0,0.0,,0.0,1.0,1.0,0.0,1.0,0.0,r30_c10,66.0,1.0,True,0.0,1.0,0.0,r30_c10,66.0,1.0,0.0,66,52,13,1,65,0.8,0.2,Lower temporal flexibility,Single destination observed,Lower temporal flexibility / Single destination observed,Q1 lowest,G=0 single destination,0.0,0.0
Nutrition | r29_c13 | Tuesday,Nutrition,r29_c13,Tuesday,64,52,True,08:00-08:30,1.0,1,0.0,,0.0,0.0,True,True,0.0,,0.0,0.0,0.0,,0.0,1.0,1.0,0.0,1.0,0.0,r30_c10,64.0,1.0,True,0.0,1.0,0.0,r30_c10,64.0,1.0,0.0,64,56,7,1,63,0.8888888888888888,0.1111111111111111,Lower temporal flexibility,Single destination observed,Lower temporal flexibility / Single destination observed,Q1 lowest,G=0 single destination,0.0,0.0
Nutrition | r29_c13 | Wednesday,Nutrition,r29_c13,Wednesday,68,52,True,08:00-08:30,0.9705882352941176,3,0.02941176470588236,74.99999999999999,2.2058823529411766,0.01838235294117647,True,True,0.02941176470588236,74.99999999999999,2.2058823529411766,0.01838235294117647,0.02941176470588236,74.99999999999999,0.01838235294117647,1.0,1.0,0.0,1.0,0.0,r30_c10,68.0,1.0,True,0.0,1.0,0.0,r30_c10,68.0,1.0,0.0,68,56,11,1,67,0.835820895522388,0.16417910447761194,Lower temporal flexibility,Single destination observed,Lower temporal flexibility / Single destination observed,Q1 lowest,G=0 single destination,1.25,0.0
Nutrition | r29_c15 | Friday,Nutrition,r29_c15,Friday,89,53,True,08:00-08:30,1.0,1,0.0,,0.0,0.0,True,True,0.0,,0.0,0.0,0.0,,0.0,1.0,1.0,0.0,1.0,0.0,r28_c16,89.0,1.0,True,0.0,1.0,0.0,r28_c16,89.0,1.0,0.0,89,23,62,4,85,0.27058823529411763,0.7294117647058823,Lower temporal flexibility,Single destination observed,Lower temporal flexibility / Single destination observed,Q1 lowest,G=0 single destination,0.0,0.0
Nutrition | r29_c15 | Monday,Nutrition,r29_c15,Monday,90,52,True,08:00-08:30,0.9666666666666667,3,0.033333333333333326,30.000000000000007,1.0,0.008333333333333333,True,True,0.033333333333333326,30.000000000000007,1.0,0.008333333333333333,0.033333333333333326,30.000000000000007,0.008333333333333333,1.0,1.0,0.0,1.0,0.0,r28_c16,90.0,1.0,True,0.0,1.0,0.0,r28_c16,90.0,1.0,0.0,90,23,60,7,83,0.27710843373493976,0.7228915662650602,Lower temporal flexibility,Single destination observed,Lower temporal flexibility / Single destination observed,Q1 lowest,G=0 single destination,0.75,0.0
Nutrition | r29_c15 | Thursday,Nutrition,r29_c15,Thursday,87,52,True,08:00-08:30,1.0,1,0.0,,0.0,0.0,True,True,0.0,,0.0,0.0,0.0,,0.0,1.0,1.0,0.0,1.0,0.0,r28_c16,87.0,1.0,True,0.0,1.0,0.0,r28_c16,87.0,1.0,0.0,87,29,55,3,84,0.34523809523809523,0.6547619047619048,Lower temporal flexibility,Single destination observed,Lower temporal flexibility / Single destination observed,Q1 lowest,G=0 single destination,0.0,0.0
Nutrition | r29_c15 | Tuesday,Nutrition,r29_c15,Tuesday,90,52,True,08:00-08:30,0.9777777777777777,2,0.022222222222222254,29.99999999999996,0.6666666666666667,0.005555555555555556,True,True,0.022222222222222254,29.99999999999996,0.6666666666666667,0.005555555555555556,0.022222222222222254,29.99999999999996,0.005555555555555556,1.0,1.0,0.0,1.0,0.0,r28_c16,90.0,1.0,True,0.0,1.0,0.0,r28_c16,90.0,1.0,0.0,90,37,49,4,86,0.43023255813953487,0.5697674418604651,Lower temporal flexibility,Single destination observed,Lower temporal flexibility / Single destination observed,Q1 lowest,G=0 single destination,0.5,0.0
Nutrition | r29_c15 | Wednesday,Nutrition,r29_c15,Wednesday,91,52,True,08:00-08:30,0.9560439560439561,3,0.04395604395604391,37.50000000000004,1.6483516483516485,0.013736263736263736,True,True,0.04395604395604391,37.50000000000004,1.6483516483516485,0.013736263736263736,0.04395604395604391,37.50000000000004,0.013736263736263736,1.0,1.0,0.0,1.0,0.0,r28_c16,91.0,1.0,True,0.0,1.0,0.0,r28_c16,91.0,1.0,0.0,91,42,47,2,89,0.47191011235955055,0.5280898876404494,Lower temporal flexibility,Single destination observed,Lower temporal flexibility / Single destination observed,Q1 lowest,G=0 single destination,1.25,0.0
Nutrition | r29_c16 | Friday,Nutrition,r29_c16,Friday,326,53,True,07:30-08:00,0.46932515337423314,6,0.5306748466257669,74.39306358381504,39.47852760736197,0.2684049079754601,True,True,0.5306748466257669,74.39306358381504,39.47852760736197,0.2684049079754601,0.5306748466257669,74.39306358381504,0.2684049079754601,9.0,0.9104783770559676,8.0,1.0983237221223205,0.08952162294403243,r28_c16,311.0,0.9539877300613497,True,8.0,1.0983237221223205,0.08952162294403243,r28_c16,311.0,0.9539877300613497,0.08952162294403243,326,161,117,48,278,0.579136690647482,0.420863309352518,Higher temporal flexibility,Destination diversity observed,Higher temporal flexibility / Destination diversity observed,Q4 highest,G>0 lower,87.5,29.184049079754573
Nutrition | r29_c16 | Monday,Nutrition,r29_c16,Monday,433,52,True,08:30-09:00,0.6836027713625866,4,0.3163972286374134,50.14598540145985,15.866050808314087,0.13221709006928406,True,True,0.3163972286374134,50.14598540145985,15.866050808314087,0.13221709006928406,0.3163972286374134,50.14598540145985,0.13221709006928406,1.0,1.0,0.0,1.0,0.0,r28_c16,433.0,1.0,True,0.0,1.0,0.0,r28_c16,433.0,1.0,0.0,433,242,138,53,380,0.6368421052631579,0.3631578947368421,Higher temporal flexibility,Single destination observed,Higher temporal flexibility / Single destination observed,Q3,G=0 single destination,57.25,0.0
Nutrition | r29_c16 | Thursday,Nutrition,r29_c16,Thursday,406,52,True,08:30-09:00,0.7364532019704434,4,0.2635467980295566,45.14018691588786,11.896551724137932,0.09913793103448276,True,True,0.2635467980295566,45.14018691588786,11.896551724137932,0.09913793103448276,0.2635467980295566,45.14018691588786,0.09913793103448276,1.0,1.0,0.0,1.0,0.0,r28_c16,406.0,1.0,True,0.0,1.0,0.0,r28_c16,406.0,1.0,0.0,406,216,109,81,325,0.6646153846153846,0.3353846153846154,Lower temporal flexibility,Single destination observed,Lower temporal flexibility / Single destination observed,Q2,G=0 single destination,40.25,0.0
Nutrition | r29_c16 | Tuesday,Nutrition,r29_c16,Tuesday,453,52,True,08:30-09:00,0.7726269315673289,4,0.22737306843267113,41.94174757281552,9.536423841059602,0.07947019867549669,True,True,0.22737306843267113,41.94174757281552,9.536423841059602,0.07947019867549669,0.22737306843267113,41.94174757281552,0.07947019867549669,1.0,1.0,0.0,1.0,0.0,r28_c16,453.0,1.0,True,0.0,1.0,0.0,r28_c16,453.0,1.0,0.0,453,276,88,89,364,0.7582417582417582,0.24175824175824176,Lower temporal flexibility,Single destination observed,Lower temporal flexibility / Single destination observed,Q2,G=0 single destination,36.0,0.0
Nutrition | r29_c16 | Wednesday,Nutrition,r29_c16,Wednesday,516,52,True,08:30-09:00,0.5813953488372093,5,0.41860465116279066,51.94444444444445,21.74418604651163,0.17877906976744187,True,True,0.41860465116279066,51.94444444444445,21.74418604651163,0.17877906976744187,0.41860465116279066,51.94444444444445,0.17877906976744187,2.0,0.9961315425755664,1.0,1.0038834805034198,0.0038684574244336467,r28_c16,515.0,0.998062015503876,True,1.0,1.0038834805034198,0.0038684574244336467,r28_c16,515.0,0.998062015503876,0.0038684574244336467,516,313,123,80,436,0.7178899082568807,0.28211009174311924,Higher temporal flexibility,Destination diversity observed,Higher temporal flexibility / Destination diversity observed,Q3,G>0 lower,92.25,1.9961240310077617
Nutrition | r30_c10 | Friday,Nutrition,r30_c10,Friday,494,53,True,13:00-13:30,0.7348178137651822,9,0.2651821862348178,256.2595419847328,67.95546558704453,0.24595141700404863,True,True,0.2651821862348178,256.2595419847328,67.95546558704453,0.24595141700404863,0.2651821862348178,256.2595419847328,0.24595141700404863,5.0,0.2845072038551689,4.0,3.514849488693648,0.7154927961448311,r30_c10,226.0,0.4574898785425101,True,4.0,3.514849488693648,0.7154927961448311,r30_c10,226.0,0.4574898785425101,0.7154927961448311,494,368,123,3,491,0.7494908350305499,0.2505091649694501,Higher temporal flexibility,Destination diversity observed,Higher temporal flexibility / Destination diversity observed,Q4 highest,G>0 higher,121.50000000000003,353.45344129554655
Nutrition | r30_c10 | Monday,Nutrition,r30_c10,Monday,421,52,True,13:00-13:30,0.7102137767220903,4,0.2897862232779097,258.1967213114754,74.82185273159145,0.2666270783847981,True,True,0.2897862232779097,258.1967213114754,74.82185273159145,0.2666270783847981,0.2897862232779097,258.1967213114754,0.2666270783847981,5.0,0.34248847614265326,4.0,2.9198062698713403,0.6575115238573468,r30_c10,217.0,0.5154394299287411,True,4.0,2.9198062698713403,0.6575115238573468,r30_c10,217.0,0.5154394299287411,0.6575115238573468,421,293,126,2,419,0.6992840095465394,0.30071599045346065,Higher temporal flexibility,Destination diversity observed,Higher temporal flexibility / Destination diversity observed,Q4 highest,G>0 middle,112.25,276.812351543943
Nutrition | r30_c10 | Thursday,Nutrition,r30_c10,Thursday,380,52,True,13:00-13:30,0.6973684210526315,6,0.3026315789473685,272.6086956521739,82.5,0.29605263157894746,True,True,0.3026315789473685,272.6086956521739,82.5,0.29605263157894746,0.3026315789473685,272.6086956521739,0.29605263157894746,5.0,0.38101108033240993,4.0,2.6245955868988333,0.6189889196675901,r30_c10,214.0,0.5631578947368421,True,4.0,2.6245955868988333,0.6189889196675901,r30_c10,214.0,0.5631578947368421,0.6189889196675901,380,326,48,6,374,0.8716577540106952,0.12834224598930483,Higher temporal flexibility,Destination diversity observed,Higher temporal flexibility / Destination diversity observed,Q4 highest,G>0 middle,112.50000000000003,235.21578947368423
Nutrition | r30_c10 | Tuesday,Nutrition,r30_c10,Tuesday,370,52,True,13:00-13:30,0.7081081081081081,4,0.2918918918918919,280.27777777777777,81.8108108108108,0.28783783783783784,True,True,0.2918918918918919,280.27777777777777,81.8108108108108,0.28783783783783784,0.2918918918918919,280.27777777777777,0.28783783783783784,4.0,0.38623813002191376,3.0,2.589076329525683,0.6137618699780862,r30_c10,210.0,0.5675675675675675,True,3.0,2.589076329525683,0.6137618699780862,r30_c10,210.0,0.5675675675675675,0.6137618699780862,370,337,29,4,366,0.9207650273224044,0.07923497267759563,Higher temporal flexibility,Destination diversity observed,Higher temporal flexibility / Destination diversity observed,Q4 highest,G>0 middle,106.5,227.09189189189192
Nutrition | r30_c10 | Wednesday,Nutrition,r30_c10,Wednesday,488,52,True,13:00-13:30,0.7233606557377049,6,0.2766393442622951,246.22222222222226,68.11475409836066,0.24436475409836067,True,True,0.2766393442622951,246.22222222222226,68.11475409836066,0.24436475409836067,0.2766393442622951,246.22222222222226,0.24436475409836067,5.0,0.2859866299381887,4.0,3.4966669603265497,0.7140133700618113,r30_c10,224.0,0.45901639344262296,True,4.0,3.4966669603265497,0.7140133700618113,r30_c10,224.0,0.45901639344262296,0.7140133700618113,488,390,97,1,487,0.8008213552361396,0.19917864476386038,Higher temporal flexibility,Destination diversity observed,Higher temporal flexibility / Destination diversity observed,Q4 highest,G>0 higher,119.25,348.4385245901639
Nutrition | r30_c11 | Friday,Nutrition,r30_c11,Friday,82,53,True,08:30-09:00,0.5365853658536586,3,0.46341463414634143,31.57894736842105,14.634146341463413,0.12195121951219512,True,True,0.46341463414634143,31.57894736842105,14.634146341463413,0.12195121951219512,0.46341463414634143,31.57894736842105,0.12195121951219512,1.0,1.0,0.0,1.0,0.0,r30_c10,82.0,1.0,True,0.0,1.0,0.0,r30_c10,82.0,1.0,0.0,82,49,29,4,78,0.6282051282051282,0.3717948717948718,Lower temporal flexibility,Single destination observed,Lower temporal flexibility / Single destination observed,Q2,G=0 single destination,10.0,0.0
Nutrition | r30_c11 | Monday,Nutrition,r30_c11,Monday,80,52,True,08:30-09:00,0.525,2,0.475,30.0,14.25,0.11875,True,True,0.475,30.0,14.25,0.11875,0.475,30.0,0.11875,1.0,1.0,0.0,1.0,0.0,r30_c10,80.0,1.0,True,0.0,1.0,0.0,r30_c10,80.0,1.0,0.0,80,48,30,2,78,0.6153846153846154,0.38461538461538464,Lower temporal flexibility,Single destination observed,Lower temporal flexibility / Single destination observed,Q2,G=0 single destination,9.5,0.0
Nutrition | r30_c11 | Thursday,Nutrition,r30_c11,Thursday,46,43,True,08:00-08:30,0.6086956521739131,2,0.3913043478260869,30.000000000000004,11.73913043478261,0.09782608695652174,True,True,0.3913043478260869,30.000000000000004,11.73913043478261,0.09782608695652174,0.3913043478260869,30.000000000000004,0.09782608695652174,1.0,1.0,0.0,1.0,0.0,r30_c10,46.0,1.0,True,0.0,1.0,0.0,r30_c10,46.0,1.0,0.0,46,35,8,3,43,0.813953488372093,0.18604651162790697,Lower temporal flexibility,Single destination observed,Lower temporal flexibility / Single destination observed,Q2,G=0 single destination,4.5,0.0
Nutrition | r30_c11 | Tuesday,Nutrition,r30_c11,Tuesday,42,41,True,08:00-08:30,0.6428571428571429,2,0.3571428571428571,30.000000000000007,10.714285714285715,0.08928571428571429,True,True,0.3571428571428571,30.000000000000007,10.714285714285715,0.08928571428571429,0.3571428571428571,30.000000000000007,0.08928571428571429,1.0,1.0,0.0,1.0,0.0,r30_c10,42.0,1.0,True,0.0,1.0,0.0,r30_c10,42.0,1.0,0.0,42,34,6,2,40,0.85,0.15,Lower temporal flexibility,Single destination observed,Lower temporal flexibility / Single destination observed,Q2,G=0 single destination,3.75,0.0
Nutrition | r30_c11 | Wednesday,Nutrition,r30_c11,Wednesday,84,52,True,08:00-08:30,0.4880952380952381,3,0.5119047619047619,30.0,15.357142857142856,0.12797619047619047,True,True,0.5119047619047619,30.0,15.357142857142856,0.12797619047619047,0.5119047619047619,30.0,0.12797619047619047,1.0,1.0,0.0,1.0,0.0,r30_c10,84.0,1.0,True,0.0,1.0,0.0,r30_c10,84.0,1.0,0.0,84,53,27,4,80,0.6625,0.3375,Higher temporal flexibility,Single destination observed,Higher temporal flexibility / Single destination observed,Q3,G=0 single destination,10.75,0.0
Nutrition | r30_c13 | Friday,Nutrition,r30_c13,Friday,66,42,True,08:00-08:30,0.5909090909090909,4,0.40909090909090906,48.88888888888889,20.0,0.16666666666666666,True,True,0.40909090909090906,48.88888888888889,20.0,0.16666666666666666,0.40909090909090906,48.88888888888889,0.16666666666666666,1.0,1.0,0.0,1.0,0.0,r31_c13,66.0,1.0,True,0.0,1.0,0.0,r31_c13,66.0,1.0,0.0,66,24,38,4,62,0.3870967741935484,0.6129032258064516,Higher temporal flexibility,Single destination observed,Higher temporal flexibility / Single destination observed,Q3,G=0 single destination,11.0,0.0
Nutrition | r30_c13 | Monday,Nutrition,r30_c13,Monday,63,41,True,08:00-08:30,0.6031746031746031,3,0.39682539682539686,47.99999999999999,19.047619047619047,0.15873015873015872,True,True,0.39682539682539686,47.99999999999999,19.047619047619047,0.15873015873015872,0.39682539682539686,47.99999999999999,0.15873015873015872,1.0,1.0,0.0,1.0,0.0,r31_c13,63.0,1.0,True,0.0,1.0,0.0,r31_c13,63.0,1.0,0.0,63,22,38,3,60,0.36666666666666664,0.6333333333333333,Higher temporal flexibility,Single destination observed,Higher temporal flexibility / Single destination observed,Q3,G=0 single destination,10.0,0.0
Nutrition | r30_c13 | Thursday,Nutrition,r30_c13,Thursday,62,42,True,08:00-08:30,0.6290322580645161,3,0.3709677419354839,50.869565217391305,18.870967741935484,0.15725806451612903,True,True,0.3709677419354839,50.869565217391305,18.870967741935484,0.15725806451612903,0.3709677419354839,50.869565217391305,0.15725806451612903,1.0,1.0,0.0,1.0,0.0,r31_c13,62.0,1.0,True,0.0,1.0,0.0,r31_c13,62.0,1.0,0.0,62,26,32,4,58,0.4482758620689655,0.5517241379310345,Higher temporal flexibility,Single destination observed,Higher temporal flexibility / Single destination observed,Q3,G=0 single destination,9.75,0.0
Nutrition | r30_c13 | Tuesday,Nutrition,r30_c13,Tuesday,64,41,True,08:00-08:30,0.609375,3,0.390625,50.4,19.6875,0.1640625,True,True,0.390625,50.4,19.6875,0.1640625,0.390625,50.4,0.1640625,1.0,1.0,0.0,1.0,0.0,r31_c13,64.0,1.0,True,0.0,1.0,0.0,r31_c13,64.0,1.0,0.0,64,30,31,3,61,0.4918032786885246,0.5081967213114754,Higher temporal flexibility,Single destination observed,Higher temporal flexibility / Single destination observed,Q3,G=0 single destination,10.5,0.0
Nutrition | r30_c13 | Wednesday,Nutrition,r30_c13,Wednesday,64,42,True,08:00-08:30,0.609375,3,0.390625,48.0,18.75,0.15625,True,True,0.390625,48.0,18.75,0.15625,0.390625,48.0,0.15625,1.0,1.0,0.0,1.0,0.0,r31_c13,64.0,1.0,True,0.0,1.0,0.0,r31_c13,64.0,1.0,0.0,64,28,34,2,62,0.45161290322580644,0.5483870967741935,Higher temporal flexibility,Single destination observed,Higher temporal flexibility / Single destination observed,Q3,G=0 single destination,10.0,0.0
Nutrition | r30_c14 | Friday,Nutrition,r30_c14,Friday,157,53,True,08:00-08:30,0.7452229299363057,4,0.2547770700636943,53.99999999999999,13.757961783439491,0.11464968152866242,True,True,0.2547770700636943,53.99999999999999,13.757961783439491,0.11464968152866242,0.2547770700636943,53.99999999999999,0.11464968152866242,1.0,1.0,0.0,1.0,0.0,r31_c13,157.0,1.0,True,0.0,1.0,0.0,r31_c13,157.0,1.0,0.0,157,75,77,5,152,0.4934210526315789,0.506578947368421,Lower temporal flexibility,Single destination observed,Lower temporal flexibility / Single destination observed,Q2,G=0 single destination,18.0,0.0
Nutrition | r30_c14 | Monday,Nutrition,r30_c14,Monday,151,52,True,08:00-08:30,0.7483443708609272,3,0.2516556291390728,52.10526315789475,13.112582781456954,0.10927152317880795,True,True,0.2516556291390728,52.10526315789475,13.112582781456954,0.10927152317880795,0.2516556291390728,52.10526315789475,0.10927152317880795,1.0,1.0,0.0,1.0,0.0,r31_c13,151.0,1.0,True,0.0,1.0,0.0,r31_c13,151.0,1.0,0.0,151,72,72,7,144,0.5,0.5,Lower temporal flexibility,Single destination observed,Lower temporal flexibility / Single destination observed,Q2,G=0 single destination,16.5,0.0
Nutrition | r30_c14 | Thursday,Nutrition,r30_c14,Thursday,146,52,True,08:00-08:30,0.7397260273972602,4,0.26027397260273977,58.42105263157894,15.205479452054794,0.1267123287671233,True,True,0.26027397260273977,58.42105263157894,15.205479452054794,0.1267123287671233,0.26027397260273977,58.42105263157894,0.1267123287671233,1.0,1.0,0.0,1.0,0.0,r31_c13,146.0,1.0,True,0.0,1.0,0.0,r31_c13,146.0,1.0,0.0,146,79,61,6,140,0.5642857142857143,0.4357142857142857,Higher temporal flexibility,Single destination observed,Higher temporal flexibility / Single destination observed,Q3,G=0 single destination,18.5,0.0
Nutrition | r30_c14 | Tuesday,Nutrition,r30_c14,Tuesday,155,52,True,08:00-08:30,0.7096774193548387,3,0.29032258064516125,53.33333333333334,15.483870967741936,0.12903225806451613,True,True,0.29032258064516125,53.33333333333334,15.483870967741936,0.12903225806451613,0.29032258064516125,53.33333333333334,0.12903225806451613,1.0,1.0,0.0,1.0,0.0,r31_c13,155.0,1.0,True,0.0,1.0,0.0,r31_c13,155.0,1.0,0.0,155,89,61,5,150,0.5933333333333334,0.4066666666666667,Higher temporal flexibility,Single destination observed,Higher temporal flexibility / Single destination observed,Q3,G=0 single destination,20.0,0.0
Nutrition | r30_c14 | Wednesday,Nutrition,r30_c14,Wednesday,154,52,True,08:00-08:30,0.7012987012987013,3,0.2987012987012987,52.82608695652174,15.779220779220779,0.1314935064935065,True,True,0.2987012987012987,52.82608695652174,15.779220779220779,0.1314935064935065,0.2987012987012987,52.82608695652174,0.1314935064935065,1.0,1.0,0.0,1.0,0.0,r31_c13,154.0,1.0,True,0.0,1.0,0.0,r31_c13,154.0,1.0,0.0,154,83,66,5,149,0.5570469798657718,0.4429530201342282,Higher temporal flexibility,Single destination observed,Higher temporal flexibility / Single destination observed,Q3,G=0 single destination,20.25,0.0
Nutrition | r30_c15 | Friday,Nutrition,r30_c15,Friday,62,53,True,07:30-08:00,0.9354838709677419,3,0.06451612903225812,44.999999999999964,2.903225806451613,0.024193548387096774,True,True,0.06451612903225812,44.999999999999964,2.903225806451613,0.024193548387096774,0.06451612903225812,44.999999999999964,0.024193548387096774,1.0,1.0,0.0,1.0,0.0,r28_c16,62.0,1.0,True,0.0,1.0,0.0,r28_c16,62.0,1.0,0.0,62,40,21,1,61,0.6557377049180327,0.3442622950819672,Lower temporal flexibility,Single destination observed,Lower temporal flexibility / Single destination observed,Q1 lowest,G=0 single destination,1.5,0.0
Nutrition | r30_c15 | Monday,Nutrition,r30_c15,Monday,60,52,True,07:30-08:00,0.9333333333333333,3,0.06666666666666665,45.00000000000001,3.0,0.025,True,True,0.06666666666666665,45.00000000000001,3.0,0.025,0.06666666666666665,45.00000000000001,0.025,1.0,1.0,0.0,1.0,0.0,r28_c16,60.0,1.0,True,0.0,1.0,0.0,r28_c16,60.0,1.0,0.0,60,38,21,1,59,0.6440677966101694,0.3559322033898305,Lower temporal flexibility,Single destination observed,Lower temporal flexibility / Single destination observed,Q1 lowest,G=0 single destination,1.5,0.0
Nutrition | r30_c15 | Thursday,Nutrition,r30_c15,Thursday,34,32,True,07:30-08:00,0.9705882352941176,2,0.02941176470588236,29.999999999999993,0.8823529411764706,0.007352941176470588,True,True,0.02941176470588236,29.999999999999993,0.8823529411764706,0.007352941176470588,0.02941176470588236,29.999999999999993,0.007352941176470588,1.0,1.0,0.0,1.0,0.0,r28_c16,34.0,1.0,True,0.0,1.0,0.0,r28_c16,34.0,1.0,0.0,34,21,11,2,32,0.65625,0.34375,Lower temporal flexibility,Single destination observed,Lower temporal flexibility / Single destination observed,Q1 lowest,G=0 single destination,0.25,0.0
Nutrition | r30_c15 | Tuesday,Nutrition,r30_c15,Tuesday,33,31,True,07:30-08:00,0.9393939393939394,2,0.06060606060606055,30.00000000000003,1.8181818181818183,0.015151515151515154,True,True,0.06060606060606055,30.00000000000003,1.8181818181818183,0.015151515151515154,0.06060606060606055,30.00000000000003,0.015151515151515154,1.0,1.0,0.0,1.0,0.0,r28_c16,33.0,1.0,True,0.0,1.0,0.0,r28_c16,33.0,1.0,0.0,33,22,8,3,30,0.7333333333333333,0.26666666666666666,Lower temporal flexibility,Single destination observed,Lower temporal flexibility / Single destination observed,Q1 lowest,G=0 single destination,0.5000000000000001,0.0
Nutrition | r30_c15 | Wednesday,Nutrition,r30_c15,Wednesday,65,52,True,07:30-08:00,0.9384615384615385,2,0.06153846153846154,30.0,1.8461538461538463,0.015384615384615385,True,True,0.06153846153846154,30.0,1.8461538461538463,0.015384615384615385,0.06153846153846154,30.0,0.015384615384615385,1.0,1.0,0.0,1.0,0.0,r28_c16,65.0,1.0,True,0.0,1.0,0.0,r28_c16,65.0,1.0,0.0,65,40,22,3,62,0.6451612903225806,0.3548387096774194,Lower temporal flexibility,Single destination observed,Lower temporal flexibility / Single destination observed,Q1 lowest,G=0 single destination,1.0,0.0
Nutrition | r30_c16 | Friday,Nutrition,r30_c16,Friday,156,53,True,07:30-08:00,0.3782051282051282,6,0.6217948717948718,47.93814432989691,29.807692307692307,0.24358974358974358,True,True,0.6217948717948718,47.93814432989691,29.807692307692307,0.24358974358974358,0.6217948717948718,47.93814432989691,0.24358974358974358,2.0,0.5841551610782381,1.0,1.7118739448508722,0.41584483892176194,r31_c15,110.0,0.7051282051282052,True,1.0,1.7118739448508722,0.41584483892176194,r31_c15,110.0,0.7051282051282052,0.41584483892176194,156,66,81,9,147,0.4489795918367347,0.5510204081632653,Higher temporal flexibility,Destination diversity observed,Higher temporal flexibility / Destination diversity observed,Q4 highest,G>0 lower,38.0,64.87179487179486
Nutrition | r30_c16 | Monday,Nutrition,r30_c16,Monday,101,52,True,08:00-08:30,0.43564356435643564,4,0.5643564356435644,31.57894736842104,17.821782178217816,0.14851485148514848,True,True,0.5643564356435644,31.57894736842104,17.821782178217816,0.14851485148514848,0.5643564356435644,31.57894736842104,0.14851485148514848,2.0,0.6376825801392021,1.0,1.5681783243658722,0.3623174198607979,r31_c15,77.0,0.7623762376237624,True,1.0,1.5681783243658722,0.3623174198607979,r31_c15,77.0,0.7623762376237624,0.3623174198607979,101,48,50,3,98,0.4897959183673469,0.5102040816326531,Higher temporal flexibility,Destination diversity observed,Higher temporal flexibility / Destination diversity observed,Q3,G>0 lower,14.999999999999996,36.59405940594059
Nutrition | r30_c16 | Thursday,Nutrition,r30_c16,Thursday,62,34,True,07:30-08:00,0.6612903225806451,3,0.33870967741935487,52.85714285714285,17.903225806451612,0.14919354838709678,True,True,0.33870967741935487,52.85714285714285,17.903225806451612,0.14919354838709678,0.33870967741935487,52.85714285714285,0.14919354838709678,2.0,0.5520291363163371,1.0,1.8114985862393969,0.4479708636836629,r28_c16,41.0,0.6612903225806451,True,1.0,1.8114985862393969,0.4479708636836629,r28_c16,41.0,0.6612903225806451,0.4479708636836629,62,28,30,4,58,0.4827586206896552,0.5172413793103449,Higher temporal flexibility,Destination diversity observed,Higher temporal flexibility / Destination diversity observed,Q3,G>0 middle,9.25,27.7741935483871
Nutrition | r30_c16 | Tuesday,Nutrition,r30_c16,Tuesday,73,37,True,07:30-08:00,0.6301369863013698,3,0.36986301369863017,54.44444444444443,20.13698630136986,0.1678082191780822,True,True,0.36986301369863017,54.44444444444443,20.13698630136986,0.1678082191780822,0.36986301369863017,54.44444444444443,0.1678082191780822,2.0,0.5158566335147308,1.0,1.9385230993088394,0.48414336648526923,r28_c16,43.0,0.589041095890411,True,1.0,1.9385230993088394,0.48414336648526923,r28_c16,43.0,0.589041095890411,0.48414336648526923,73,31,34,8,65,0.47692307692307695,0.5230769230769231,Higher temporal flexibility,Destination diversity observed,Higher temporal flexibility / Destination diversity observed,Q3,G>0 middle,12.25,35.342465753424655
Nutrition | r30_c16 | Wednesday,Nutrition,r30_c16,Wednesday,127,52,True,08:30-09:00,0.3464566929133858,5,0.6535433070866141,47.71084337349398,31.181102362204722,0.25984251968503935,True,True,0.6535433070866141,47.71084337349398,31.181102362204722,0.25984251968503935,0.6535433070866141,47.71084337349398,0.25984251968503935,2.0,0.6743753487506976,1.0,1.4828537280500136,0.3256246512493024,r31_c15,101.0,0.7952755905511811,True,1.0,1.4828537280500136,0.3256246512493024,r31_c15,101.0,0.7952755905511811,0.3256246512493024,127,71,52,4,123,0.5772357723577236,0.42276422764227645,Higher temporal flexibility,Destination diversity observed,Higher temporal flexibility / Destination diversity observed,Q4 highest,G>0 lower,33.0,41.35433070866141
Nutrition | r30_c18 | Friday,Nutrition,r30_c18,Friday,109,53,True,08:30-09:00,0.981651376146789,2,0.01834862385321101,30.0,0.5504587155963303,0.0045871559633027525,True,True,0.01834862385321101,30.0,0.5504587155963303,0.0045871559633027525,0.01834862385321101,30.0,0.0045871559633027525,1.0,1.0,0.0,1.0,0.0,r32_c20,109.0,1.0,True,0.0,1.0,0.0,r32_c20,109.0,1.0,0.0,109,74,34,1,108,0.6851851851851852,0.3148148148148148,Lower temporal flexibility,Single destination observed,Lower temporal flexibility / Single destination observed,Q1 lowest,G=0 single destination,0.5,0.0
Nutrition | r30_c18 | Monday,Nutrition,r30_c18,Monday,59,52,True,08:30-09:00,1.0,1,0.0,,0.0,0.0,True,True,0.0,,0.0,0.0,0.0,,0.0,1.0,1.0,0.0,1.0,0.0,r32_c20,59.0,1.0,True,0.0,1.0,0.0,r32_c20,59.0,1.0,0.0,59,40,19,0,59,0.6779661016949152,0.3220338983050847,Lower temporal flexibility,Single destination observed,Lower temporal flexibility / Single destination observed,Q1 lowest,G=0 single destination,0.0,0.0
Nutrition | r30_c18 | Thursday,Nutrition,r30_c18,Thursday,163,52,True,08:30-09:00,1.0,1,0.0,,0.0,0.0,True,True,0.0,,0.0,0.0,0.0,,0.0,1.0,1.0,0.0,1.0,0.0,r32_c20,163.0,1.0,True,0.0,1.0,0.0,r32_c20,163.0,1.0,0.0,163,94,57,12,151,0.6225165562913907,0.37748344370860926,Lower temporal flexibility,Single destination observed,Lower temporal flexibility / Single destination observed,Q1 lowest,G=0 single destination,0.0,0.0
Nutrition | r30_c18 | Tuesday,Nutrition,r30_c18,Tuesday,162,52,True,08:30-09:00,0.9938271604938271,2,0.006172839506172867,29.999999999999865,0.18518518518518517,0.0015432098765432098,True,True,0.006172839506172867,29.999999999999865,0.18518518518518517,0.0015432098765432098,0.006172839506172867,29.999999999999865,0.0015432098765432098,1.0,1.0,0.0,1.0,0.0,r32_c20,162.0,1.0,True,0.0,1.0,0.0,r32_c20,162.0,1.0,0.0,162,86,68,8,154,0.5584415584415584,0.44155844155844154,Lower temporal flexibility,Single destination observed,Lower temporal flexibility / Single destination observed,Q1 lowest,G=0 single destination,0.25,0.0
Nutrition | r30_c18 | Wednesday,Nutrition,r30_c18,Wednesday,115,52,True,08:30-09:00,0.9739130434782609,2,0.02608695652173909,30.000000000000043,0.7826086956521738,0.006521739130434782,True,True,0.02608695652173909,30.000000000000043,0.7826086956521738,0.006521739130434782,0.02608695652173909,30.000000000000043,0.006521739130434782,1.0,1.0,0.0,1.0,0.0,r32_c20,115.0,1.0,True,0.0,1.0,0.0,r32_c20,115.0,1.0,0.0,115,76,34,5,110,0.6909090909090909,0.3090909090909091,Lower temporal flexibility,Single destination observed,Lower temporal flexibility / Single destination observed,Q1 lowest,G=0 single destination,0.75,0.0
Nutrition | r31_c10 | Friday,Nutrition,r31_c10,Friday,59,53,True,08:00-08:30,0.9322033898305084,3,0.06779661016949157,29.99999999999998,2.0338983050847457,0.01694915254237288,True,True,0.06779661016949157,29.99999999999998,2.0338983050847457,0.01694915254237288,0.06779661016949157,29.99999999999998,0.01694915254237288,1.0,1.0,0.0,1.0,0.0,r30_c10,59.0,1.0,True,0.0,1.0,0.0,r30_c10,59.0,1.0,0.0,59,45,14,0,59,0.7627118644067796,0.23728813559322035,Lower temporal flexibility,Single destination observed,Lower temporal flexibility / Single destination observed,Q1 lowest,G=0 single destination,1.0,0.0
Nutrition | r31_c10 | Monday,Nutrition,r31_c10,Monday,55,52,True,08:00-08:30,0.9818181818181818,2,0.018181818181818188,29.99999999999999,0.5454545454545454,0.004545454545454545,True,True,0.018181818181818188,29.99999999999999,0.5454545454545454,0.004545454545454545,0.018181818181818188,29.99999999999999,0.004545454545454545,1.0,1.0,0.0,1.0,0.0,r30_c10,55.0,1.0,True,0.0,1.0,0.0,r30_c10,55.0,1.0,0.0,55,39,16,0,55,0.7090909090909091,0.2909090909090909,Lower temporal flexibility,Single destination observed,Lower temporal flexibility / Single destination observed,Q1 lowest,G=0 single destination,0.25,0.0
Nutrition | r31_c10 | Thursday,Nutrition,r31_c10,Thursday,55,52,True,08:00-08:30,1.0,1,0.0,,0.0,0.0,True,True,0.0,,0.0,0.0,0.0,,0.0,1.0,1.0,0.0,1.0,0.0,r30_c10,55.0,1.0,True,0.0,1.0,0.0,r30_c10,55.0,1.0,0.0,55,45,9,1,54,0.8333333333333334,0.16666666666666666,Lower temporal flexibility,Single destination observed,Lower temporal flexibility / Single destination observed,Q1 lowest,G=0 single destination,0.0,0.0
Nutrition | r31_c10 | Tuesday,Nutrition,r31_c10,Tuesday,55,52,True,08:00-08:30,1.0,1,0.0,,0.0,0.0,True,True,0.0,,0.0,0.0,0.0,,0.0,1.0,1.0,0.0,1.0,0.0,r30_c10,55.0,1.0,True,0.0,1.0,0.0,r30_c10,55.0,1.0,0.0,55,49,4,2,53,0.9245283018867925,0.07547169811320754,Lower temporal flexibility,Single destination observed,Lower temporal flexibility / Single destination observed,Q1 lowest,G=0 single destination,0.0,0.0
Nutrition | r31_c10 | Wednesday,Nutrition,r31_c10,Wednesday,58,52,True,08:00-08:30,0.9655172413793104,3,0.03448275862068961,45.000000000000064,1.5517241379310347,0.01293103448275862,True,True,0.03448275862068961,45.000000000000064,1.5517241379310347,0.01293103448275862,0.03448275862068961,45.000000000000064,0.01293103448275862,1.0,1.0,0.0,1.0,0.0,r30_c10,58.0,1.0,True,0.0,1.0,0.0,r30_c10,58.0,1.0,0.0,58,50,8,0,58,0.8620689655172413,0.13793103448275862,Lower temporal flexibility,Single destination observed,Lower temporal flexibility / Single destination observed,Q1 lowest,G=0 single destination,0.75,0.0
Nutrition | r31_c12 | Friday,Nutrition,r31_c12,Friday,20,17,True,08:00-08:30,0.75,3,0.25,30.0,7.5,0.0625,True,True,0.25,30.0,7.5,0.0625,0.25,30.0,0.0625,1.0,1.0,0.0,1.0,0.0,r31_c13,20.0,1.0,True,0.0,1.0,0.0,r31_c13,20.0,1.0,0.0,20,6,14,0,20,0.3,0.7,Lower temporal flexibility,Single destination observed,Lower temporal flexibility / Single destination observed,Q2,G=0 single destination,1.25,0.0
Nutrition | r31_c12 | Monday,Nutrition,r31_c12,Monday,17,16,True,08:00-08:30,0.8235294117647058,2,0.17647058823529416,29.999999999999996,5.294117647058824,0.04411764705882353,True,True,0.17647058823529416,29.999999999999996,5.294117647058824,0.04411764705882353,0.17647058823529416,29.999999999999996,0.04411764705882353,1.0,1.0,0.0,1.0,0.0,r31_c13,17.0,1.0,True,0.0,1.0,0.0,r31_c13,17.0,1.0,0.0,17,6,11,0,17,0.35294117647058826,0.6470588235294118,Lower temporal flexibility,Single destination observed,Lower temporal flexibility / Single destination observed,Q2,G=0 single destination,0.75,0.0
Nutrition | r31_c12 | Thursday,Nutrition,r31_c12,Thursday,19,17,True,08:00-08:30,0.7894736842105263,2,0.21052631578947367,30.000000000000004,6.315789473684211,0.052631578947368425,True,True,0.21052631578947367,30.000000000000004,6.315789473684211,0.052631578947368425,0.21052631578947367,30.000000000000004,0.052631578947368425,1.0,1.0,0.0,1.0,0.0,r31_c13,19.0,1.0,True,0.0,1.0,0.0,r31_c13,19.0,1.0,0.0,19,5,13,1,18,0.2777777777777778,0.7222222222222222,Lower temporal flexibility,Single destination observed,Lower temporal flexibility / Single destination observed,Q2,G=0 single destination,1.0,0.0
Nutrition | r31_c12 | Tuesday,Nutrition,r31_c12,Tuesday,22,17,True,08:00-08:30,0.6818181818181818,3,0.31818181818181823,38.57142857142857,12.272727272727273,0.10227272727272727,True,True,0.31818181818181823,38.57142857142857,12.272727272727273,0.10227272727272727,0.31818181818181823,38.57142857142857,0.10227272727272727,1.0,1.0,0.0,1.0,0.0,r31_c13,22.0,1.0,True,0.0,1.0,0.0,r31_c13,22.0,1.0,0.0,22,13,9,0,22,0.5909090909090909,0.4090909090909091,Lower temporal flexibility,Single destination observed,Lower temporal flexibility / Single destination observed,Q2,G=0 single destination,2.25,0.0
Nutrition | r31_c12 | Wednesday,Nutrition,r31_c12,Wednesday,21,17,True,08:00-08:30,0.7142857142857143,2,0.2857142857142857,30.0,8.571428571428571,0.07142857142857142,True,True,0.2857142857142857,30.0,8.571428571428571,0.07142857142857142,0.2857142857142857,30.0,0.07142857142857142,1.0,1.0,0.0,1.0,0.0,r31_c13,21.0,1.0,True,0.0,1.0,0.0,r31_c13,21.0,1.0,0.0,21,12,9,0,21,0.5714285714285714,0.42857142857142855,Lower temporal flexibility,Single destination observed,Lower temporal flexibility / Single destination observed,Q2,G=0 single destination,1.5,0.0
Nutrition | r31_c13 | Friday,Nutrition,r31_c13,Friday,492,53,True,13:00-13:30,0.7073170731707317,11,0.29268292682926833,116.45833333333331,34.08536585365854,0.1509146341463415,True,True,0.29268292682926833,116.45833333333331,34.08536585365854,0.1509146341463415,0.29268292682926833,116.45833333333331,0.1509146341463415,10.0,0.20074856236367242,9.0,4.981355722928757,0.7992514376363276,r30_c14,150.0,0.3048780487804878,True,9.0,4.981355722928757,0.7992514376363276,r30_c14,150.0,0.3048780487804878,0.7992514376363276,492,195,284,13,479,0.407098121085595,0.592901878914405,Higher temporal flexibility,Destination diversity observed,Higher temporal flexibility / Destination diversity observed,Q3,G>0 higher,74.25000000000001,393.23170731707313
Nutrition | r31_c13 | Monday,Nutrition,r31_c13,Monday,572,52,True,13:00-13:30,0.7045454545454546,7,0.2954545454545454,93.55029585798819,27.639860139860144,0.13024475524475523,True,True,0.2954545454545454,93.55029585798819,27.639860139860144,0.13024475524475523,0.2954545454545454,93.55029585798819,0.13024475524475523,9.0,0.19275392439728103,8.0,5.187961817778201,0.807246075602719,r33_c13,160.0,0.27972027972027974,True,8.0,5.187961817778201,0.807246075602719,r33_c13,160.0,0.27972027972027974,0.807246075602719,572,227,332,13,559,0.40608228980322003,0.59391771019678,Higher temporal flexibility,Destination diversity observed,Higher temporal flexibility / Destination diversity observed,Q3,G>0 higher,74.5,461.74475524475525
Nutrition | r31_c13 | Thursday,Nutrition,r31_c13,Thursday,534,52,True,13:00-13:30,0.7116104868913857,9,0.28838951310861427,103.24675324675323,29.775280898876403,0.13623595505617977,True,True,0.28838951310861427,103.24675324675323,29.775280898876403,0.13623595505617977,0.28838951310861427,103.24675324675323,0.13623595505617977,9.0,0.18145155634109048,8.0,5.511112829036374,0.8185484436589096,r30_c14,141.0,0.2640449438202247,True,8.0,5.511112829036374,0.8185484436589096,r30_c14,141.0,0.2640449438202247,0.8185484436589096,534,219,306,9,525,0.41714285714285715,0.5828571428571429,Higher temporal flexibility,Destination diversity observed,Higher temporal flexibility / Destination diversity observed,Q3,G>0 higher,72.75,437.10486891385773
Nutrition | r31_c13 | Tuesday,Nutrition,r31_c13,Tuesday,630,52,True,13:00-13:30,0.7063492063492064,8,0.2936507936507936,93.08108108108111,27.333333333333336,0.12936507936507935,True,True,0.2936507936507936,93.08108108108111,27.333333333333336,0.12936507936507935,0.2936507936507936,93.08108108108111,0.12936507936507935,9.0,0.1746132527084908,8.0,5.726942167840241,0.8253867472915092,r33_c13,161.0,0.25555555555555554,True,8.0,5.726942167840241,0.8253867472915092,r33_c13,161.0,0.25555555555555554,0.8253867472915092,630,335,285,10,620,0.5403225806451613,0.4596774193548387,Higher temporal flexibility,Destination diversity observed,Higher temporal flexibility / Destination diversity observed,Q3,G>0 higher,81.49999999999999,519.9936507936508
Nutrition | r31_c13 | Wednesday,Nutrition,r31_c13,Wednesday,566,52,True,13:00-13:30,0.7102473498233216,7,0.2897526501766784,96.95121951219514,28.091872791519435,0.13074204946996468,True,True,0.2897526501766784,96.95121951219514,28.091872791519435,0.13074204946996468,0.2897526501766784,96.95121951219514,0.13074204946996468,9.0,0.19182409569354092,8.0,5.213109418733321,0.8081759043064591,r33_c13,158.0,0.2791519434628975,True,8.0,5.213109418733321,0.8081759043064591,r33_c13,158.0,0.2791519434628975,0.8081759043064591,566,274,287,5,561,0.48841354723707664,0.5115864527629234,Higher temporal flexibility,Destination diversity observed,Higher temporal flexibility / Destination diversity observed,Q3,G>0 higher,74.00000000000001,457.42756183745587
Nutrition | r31_c14 | Friday,Nutrition,r31_c14,Friday,20,18,True,08:00-08:30,0.95,2,0.050000000000000044,59.99999999999995,3.0,0.025,True,True,0.050000000000000044,59.99999999999995,3.0,0.025,0.050000000000000044,59.99999999999995,0.025,1.0,1.0,0.0,1.0,0.0,r31_c13,20.0,1.0,True,0.0,1.0,0.0,r31_c13,20.0,1.0,0.0,20,8,6,6,14,0.5714285714285714,0.42857142857142855,Lower temporal flexibility,Single destination observed,Lower temporal flexibility / Single destination observed,Q1 lowest,G=0 single destination,0.5,0.0
Nutrition | r31_c14 | Monday,Nutrition,r31_c14,Monday,77,52,True,08:00-08:30,0.7402597402597403,4,0.2597402597402597,58.5,15.194805194805193,0.1266233766233766,True,True,0.2597402597402597,58.5,15.194805194805193,0.1266233766233766,0.2597402597402597,58.5,0.1266233766233766,1.0,1.0,0.0,1.0,0.0,r31_c13,77.0,1.0,True,0.0,1.0,0.0,r31_c13,77.0,1.0,0.0,77,35,38,4,73,0.4794520547945205,0.5205479452054794,Higher temporal flexibility,Single destination observed,Higher temporal flexibility / Single destination observed,Q3,G=0 single destination,9.749999999999998,0.0
Nutrition | r31_c14 | Thursday,Nutrition,r31_c14,Thursday,19,17,True,08:00-08:30,0.9473684210526315,2,0.052631578947368474,59.99999999999994,3.1578947368421053,0.026315789473684213,True,True,0.052631578947368474,59.99999999999994,3.1578947368421053,0.026315789473684213,0.052631578947368474,59.99999999999994,0.026315789473684213,1.0,1.0,0.0,1.0,0.0,r31_c13,19.0,1.0,True,0.0,1.0,0.0,r31_c13,19.0,1.0,0.0,19,8,6,5,14,0.5714285714285714,0.42857142857142855,Lower temporal flexibility,Single destination observed,Lower temporal flexibility / Single destination observed,Q1 lowest,G=0 single destination,0.5,0.0
Nutrition | r31_c14 | Tuesday,Nutrition,r31_c14,Tuesday,84,52,True,08:00-08:30,0.6666666666666666,4,0.33333333333333337,55.7142857142857,18.57142857142857,0.15476190476190474,True,True,0.33333333333333337,55.7142857142857,18.57142857142857,0.15476190476190474,0.33333333333333337,55.7142857142857,0.15476190476190474,1.0,1.0,0.0,1.0,0.0,r31_c13,84.0,1.0,True,0.0,1.0,0.0,r31_c13,84.0,1.0,0.0,84,47,36,1,83,0.5662650602409639,0.43373493975903615,Higher temporal flexibility,Single destination observed,Higher temporal flexibility / Single destination observed,Q3,G=0 single destination,12.999999999999998,0.0
Nutrition | r31_c14 | Wednesday,Nutrition,r31_c14,Wednesday,82,52,True,08:00-08:30,0.6951219512195121,3,0.30487804878048785,60.0,18.292682926829272,0.15243902439024393,True,True,0.30487804878048785,60.0,18.292682926829272,0.15243902439024393,0.30487804878048785,60.0,0.15243902439024393,1.0,1.0,0.0,1.0,0.0,r31_c13,82.0,1.0,True,0.0,1.0,0.0,r31_c13,82.0,1.0,0.0,82,44,34,4,78,0.5641025641025641,0.4358974358974359,Higher temporal flexibility,Single destination observed,Higher temporal flexibility / Single destination observed,Q3,G=0 single destination,12.500000000000002,0.0
Nutrition | r31_c15 | Friday,Nutrition,r31_c15,Friday,280,53,True,12:30-13:00,0.5892857142857143,6,0.4107142857142857,46.69565217391304,19.178571428571427,0.15982142857142856,True,True,0.4107142857142857,46.69565217391304,19.178571428571427,0.15982142857142856,0.4107142857142857,46.69565217391304,0.15982142857142856,3.0,0.531734693877551,2.0,1.8806371137977356,0.468265306122449,r31_c16,178.0,0.6357142857142857,True,2.0,1.8806371137977356,0.468265306122449,r31_c16,178.0,0.6357142857142857,0.468265306122449,280,141,139,0,280,0.5035714285714286,0.49642857142857144,Higher temporal flexibility,Destination diversity observed,Higher temporal flexibility / Destination diversity observed,Q3,G>0 middle,44.75,131.11428571428573
Nutrition | r31_c15 | Monday,Nutrition,r31_c15,Monday,250,52,True,12:30-13:00,0.656,4,0.344,55.11627906976745,18.96,0.158,True,True,0.344,55.11627906976745,18.96,0.158,0.344,55.11627906976745,0.158,3.0,0.588896,2.0,1.6980927022768029,0.411104,r31_c16,179.0,0.716,True,2.0,1.6980927022768029,0.411104,r31_c16,179.0,0.716,0.411104,250,136,114,0,250,0.544,0.456,Higher temporal flexibility,Destination diversity observed,Higher temporal flexibility / Destination diversity observed,Q3,G>0 lower,39.5,102.77600000000001
Nutrition | r31_c15 | Thursday,Nutrition,r31_c15,Thursday,103,52,True,13:00-13:30,0.42718446601941745,8,0.5728155339805825,52.372881355932215,30.000000000000004,0.22330097087378636,True,True,0.5728155339805825,52.372881355932215,30.000000000000004,0.22330097087378636,0.5728155339805825,52.372881355932215,0.22330097087378636,4.0,0.6323875954378357,3.0,1.5813086898196453,0.36761240456216426,r31_c16,80.0,0.7766990291262136,True,3.0,1.5813086898196453,0.36761240456216426,r31_c16,80.0,0.7766990291262136,0.36761240456216426,103,58,45,0,103,0.5631067961165048,0.4368932038834951,Higher temporal flexibility,Destination diversity observed,Higher temporal flexibility / Destination diversity observed,Q4 highest,G>0 lower,22.999999999999996,37.86407766990292
Nutrition | r31_c15 | Tuesday,Nutrition,r31_c15,Tuesday,100,52,True,12:30-13:00,0.52,6,0.48,56.87499999999999,27.299999999999997,0.1975,True,True,0.48,56.87499999999999,27.299999999999997,0.1975,0.48,56.87499999999999,0.1975,4.0,0.5522,3.0,1.8109380659181455,0.4478,r31_c16,71.0,0.71,True,3.0,1.8109380659181455,0.4478,r31_c16,71.0,0.71,0.4478,100,40,56,4,96,0.4166666666666667,0.5833333333333334,Higher temporal flexibility,Destination diversity observed,Higher temporal flexibility / Destination diversity observed,Q3,G>0 middle,19.75,44.78
Nutrition | r31_c15 | Wednesday,Nutrition,r31_c15,Wednesday,234,52,True,12:30-13:00,0.6965811965811965,6,0.30341880341880345,63.38028169014083,19.23076923076923,0.14743589743589744,True,True,0.30341880341880345,63.38028169014083,19.23076923076923,0.14743589743589744,0.30341880341880345,63.38028169014083,0.14743589743589744,4.0,0.4899554386733874,3.0,2.0410019382734457,0.5100445613266126,r31_c16,138.0,0.5897435897435898,True,3.0,2.0410019382734457,0.5100445613266126,r31_c16,138.0,0.5897435897435898,0.5100445613266126,234,150,83,1,233,0.6437768240343348,0.3562231759656652,Higher temporal flexibility,Destination diversity observed,Higher temporal flexibility / Destination diversity observed,Q3,G>0 middle,34.5,119.35042735042734
Nutrition | r31_c16 | Friday,Nutrition,r31_c16,Friday,187,53,True,08:00-08:30,0.47058823529411764,5,0.5294117647058824,32.72727272727273,17.32620320855615,0.1443850267379679,True,True,0.5294117647058824,32.72727272727273,17.32620320855615,0.1443850267379679,0.5294117647058824,32.72727272727273,0.1443850267379679,1.0,1.0,0.0,1.0,0.0,r31_c15,187.0,1.0,True,0.0,1.0,0.0,r31_c15,187.0,1.0,0.0,187,91,91,5,182,0.5,0.5,Higher temporal flexibility,Single destination observed,Higher temporal flexibility / Single destination observed,Q3,G=0 single destination,27.0,0.0
Nutrition | r31_c16 | Monday,Nutrition,r31_c16,Monday,201,52,True,08:30-09:00,0.5223880597014925,4,0.4776119402985075,36.24999999999999,17.313432835820894,0.14427860696517414,True,True,0.4776119402985075,36.24999999999999,17.313432835820894,0.14427860696517414,0.4776119402985075,36.24999999999999,0.14427860696517414,1.0,1.0,0.0,1.0,0.0,r31_c15,201.0,1.0,True,0.0,1.0,0.0,r31_c15,201.0,1.0,0.0,201,98,102,1,200,0.49,0.51,Higher temporal flexibility,Single destination observed,Higher temporal flexibility / Single destination observed,Q3,G=0 single destination,29.000000000000004,0.0
Nutrition | r31_c16 | Thursday,Nutrition,r31_c16,Thursday,90,52,True,08:00-08:30,0.5111111111111111,4,0.48888888888888893,31.363636363636363,15.333333333333334,0.12777777777777777,True,True,0.48888888888888893,31.363636363636363,15.333333333333334,0.12777777777777777,0.48888888888888893,31.363636363636363,0.12777777777777777,1.0,1.0,0.0,1.0,0.0,r31_c15,90.0,1.0,True,0.0,1.0,0.0,r31_c15,90.0,1.0,0.0,90,49,41,0,90,0.5444444444444444,0.45555555555555555,Higher temporal flexibility,Single destination observed,Higher temporal flexibility / Single destination observed,Q3,G=0 single destination,11.5,0.0
Nutrition | r31_c16 | Tuesday,Nutrition,r31_c16,Tuesday,82,52,True,08:00-08:30,0.5365853658536586,4,0.46341463414634143,30.789473684210527,14.268292682926829,0.11890243902439025,True,True,0.46341463414634143,30.789473684210527,14.268292682926829,0.11890243902439025,0.46341463414634143,30.789473684210527,0.11890243902439025,1.0,1.0,0.0,1.0,0.0,r31_c15,82.0,1.0,True,0.0,1.0,0.0,r31_c15,82.0,1.0,0.0,82,32,45,5,77,0.4155844155844156,0.5844155844155844,Lower temporal flexibility,Single destination observed,Lower temporal flexibility / Single destination observed,Q2,G=0 single destination,9.75,0.0
Nutrition | r31_c16 | Wednesday,Nutrition,r31_c16,Wednesday,147,52,True,08:30-09:00,0.5306122448979592,5,0.4693877551020408,35.21739130434783,16.53061224489796,0.13775510204081634,True,True,0.4693877551020408,35.21739130434783,16.53061224489796,0.13775510204081634,0.4693877551020408,35.21739130434783,0.13775510204081634,1.0,1.0,0.0,1.0,0.0,r31_c15,147.0,1.0,True,0.0,1.0,0.0,r31_c15,147.0,1.0,0.0,147,90,55,2,145,0.6206896551724138,0.3793103448275862,Higher temporal flexibility,Single destination observed,Higher temporal flexibility / Single destination observed,Q3,G=0 single destination,20.250000000000004,0.0
Nutrition | r31_c18 | Friday,Nutrition,r31_c18,Friday,60,53,True,08:00-08:30,1.0,1,0.0,,0.0,0.0,True,True,0.0,,0.0,0.0,0.0,,0.0,1.0,1.0,0.0,1.0,0.0,r32_c20,60.0,1.0,True,0.0,1.0,0.0,r32_c20,60.0,1.0,0.0,60,31,26,3,57,0.543859649122807,0.45614035087719296,Lower temporal flexibility,Single destination observed,Lower temporal flexibility / Single destination observed,Q1 lowest,G=0 single destination,0.0,0.0
Nutrition | r31_c18 | Monday,Nutrition,r31_c18,Monday,59,52,True,08:00-08:30,1.0,1,0.0,,0.0,0.0,True,True,0.0,,0.0,0.0,0.0,,0.0,1.0,1.0,0.0,1.0,0.0,r32_c20,59.0,1.0,True,0.0,1.0,0.0,r32_c20,59.0,1.0,0.0,59,6,51,2,57,0.10526315789473684,0.8947368421052632,Lower temporal flexibility,Single destination observed,Lower temporal flexibility / Single destination observed,Q1 lowest,G=0 single destination,0.0,0.0
Nutrition | r31_c18 | Thursday,Nutrition,r31_c18,Thursday,114,52,True,08:00-08:30,0.9912280701754386,2,0.00877192982456143,29.999999999999904,0.2631578947368421,0.0021929824561403508,True,True,0.00877192982456143,29.999999999999904,0.2631578947368421,0.0021929824561403508,0.00877192982456143,29.999999999999904,0.0021929824561403508,1.0,1.0,0.0,1.0,0.0,r32_c20,114.0,1.0,True,0.0,1.0,0.0,r32_c20,114.0,1.0,0.0,114,39,69,6,108,0.3611111111111111,0.6388888888888888,Lower temporal flexibility,Single destination observed,Lower temporal flexibility / Single destination observed,Q1 lowest,G=0 single destination,0.25,0.0
Nutrition | r31_c18 | Tuesday,Nutrition,r31_c18,Tuesday,117,52,True,08:00-08:30,1.0,1,0.0,,0.0,0.0,True,True,0.0,,0.0,0.0,0.0,,0.0,1.0,1.0,0.0,1.0,0.0,r32_c20,117.0,1.0,True,0.0,1.0,0.0,r32_c20,117.0,1.0,0.0,117,52,57,8,109,0.47706422018348627,0.5229357798165137,Lower temporal flexibility,Single destination observed,Lower temporal flexibility / Single destination observed,Q1 lowest,G=0 single destination,0.0,0.0
Nutrition | r31_c19 | Friday,Nutrition,r31_c19,Friday,57,53,True,08:30-09:00,0.9824561403508771,2,0.01754385964912286,29.999999999999904,0.5263157894736842,0.0043859649122807015,True,True,0.01754385964912286,29.999999999999904,0.5263157894736842,0.0043859649122807015,0.01754385964912286,29.999999999999904,0.0043859649122807015,1.0,1.0,0.0,1.0,0.0,r32_c20,57.0,1.0,True,0.0,1.0,0.0,r32_c20,57.0,1.0,0.0,57,39,16,2,55,0.7090909090909091,0.2909090909090909,Lower temporal flexibility,Single destination observed,Lower temporal flexibility / Single destination observed,Q1 lowest,G=0 single destination,0.25,0.0
Nutrition | r31_c19 | Monday,Nutrition,r31_c19,Monday,56,51,True,08:30-09:00,1.0,1,0.0,,0.0,0.0,True,True,0.0,,0.0,0.0,0.0,,0.0,1.0,1.0,0.0,1.0,0.0,r32_c20,56.0,1.0,True,0.0,1.0,0.0,r32_c20,56.0,1.0,0.0,56,37,18,1,55,0.6727272727272727,0.32727272727272727,Lower temporal flexibility,Single destination observed,Lower temporal flexibility / Single destination observed,Q1 lowest,G=0 single destination,0.0,0.0
Nutrition | r31_c19 | Wednesday,Nutrition,r31_c19,Wednesday,59,52,True,08:30-09:00,0.9491525423728814,3,0.05084745762711862,90.00000000000004,4.576271186440678,0.038135593220338986,True,True,0.05084745762711862,90.00000000000004,4.576271186440678,0.038135593220338986,0.05084745762711862,90.00000000000004,0.038135593220338986,1.0,1.0,0.0,1.0,0.0,r32_c20,59.0,1.0,True,0.0,1.0,0.0,r32_c20,59.0,1.0,0.0,59,42,15,2,57,0.7368421052631579,0.2631578947368421,Lower temporal flexibility,Single destination observed,Lower temporal flexibility / Single destination observed,Q1 lowest,G=0 single destination,2.25,0.0
Nutrition | r31_c20 | Thursday,Nutrition,r31_c20,Thursday,26,25,True,08:30-09:00,1.0,1,0.0,,0.0,0.0,True,True,0.0,,0.0,0.0,0.0,,0.0,1.0,1.0,0.0,1.0,0.0,r32_c20,26.0,1.0,True,0.0,1.0,0.0,r32_c20,26.0,1.0,0.0,26,18,8,0,26,0.6923076923076923,0.3076923076923077,Lower temporal flexibility,Single destination observed,Lower temporal flexibility / Single destination observed,Q1 lowest,G=0 single destination,0.0,0.0
Nutrition | r31_c20 | Wednesday,Nutrition,r31_c20,Wednesday,27,25,True,08:30-09:00,0.9629629629629629,2,0.03703703703703709,29.999999999999957,1.1111111111111112,0.00925925925925926,True,True,0.03703703703703709,29.999999999999957,1.1111111111111112,0.00925925925925926,0.03703703703703709,29.999999999999957,0.00925925925925926,1.0,1.0,0.0,1.0,0.0,r32_c20,27.0,1.0,True,0.0,1.0,0.0,r32_c20,27.0,1.0,0.0,27,16,11,0,27,0.5925925925925926,0.4074074074074074,Lower temporal flexibility,Single destination observed,Lower temporal flexibility / Single destination observed,Q1 lowest,G=0 single destination,0.25000000000000006,0.0
Nutrition | r31_c9 | Friday,Nutrition,r31_c9,Friday,56,53,True,08:00-08:30,0.5178571428571429,2,0.4821428571428571,30.000000000000004,14.464285714285715,0.12053571428571429,True,True,0.4821428571428571,30.000000000000004,14.464285714285715,0.12053571428571429,0.4821428571428571,30.000000000000004,0.12053571428571429,1.0,1.0,0.0,1.0,0.0,r30_c10,56.0,1.0,True,0.0,1.0,0.0,r30_c10,56.0,1.0,0.0,56,32,24,0,56,0.5714285714285714,0.42857142857142855,Lower temporal flexibility,Single destination observed,Lower temporal flexibility / Single destination observed,Q2,G=0 single destination,6.75,0.0
Nutrition | r31_c9 | Wednesday,Nutrition,r31_c9,Wednesday,64,52,True,08:00-08:30,0.46875,6,0.53125,49.411764705882355,26.25,0.20703125,True,True,0.53125,49.411764705882355,26.25,0.20703125,0.53125,49.411764705882355,0.20703125,1.0,1.0,0.0,1.0,0.0,r30_c10,64.0,1.0,True,0.0,1.0,0.0,r30_c10,64.0,1.0,0.0,64,32,32,0,64,0.5,0.5,Higher temporal flexibility,Single destination observed,Higher temporal flexibility / Single destination observed,Q3,G=0 single destination,13.25,0.0
Nutrition | r32_c13 | Friday,Nutrition,r32_c13,Friday,26,24,True,08:00-08:30,0.6153846153846154,3,0.3846153846153846,33.00000000000001,12.692307692307693,0.10576923076923077,True,True,0.3846153846153846,33.00000000000001,12.692307692307693,0.10576923076923077,0.3846153846153846,33.00000000000001,0.10576923076923077,1.0,1.0,0.0,1.0,0.0,r31_c13,26.0,1.0,True,0.0,1.0,0.0,r31_c13,26.0,1.0,0.0,26,9,12,5,21,0.42857142857142855,0.5714285714285714,Lower temporal flexibility,Single destination observed,Lower temporal flexibility / Single destination observed,Q2,G=0 single destination,2.75,0.0
Nutrition | r32_c13 | Monday,Nutrition,r32_c13,Monday,26,22,True,08:00-08:30,0.6923076923076923,2,0.3076923076923077,30.0,9.230769230769232,0.07692307692307693,True,True,0.3076923076923077,30.0,9.230769230769232,0.07692307692307693,0.3076923076923077,30.0,0.07692307692307693,1.0,1.0,0.0,1.0,0.0,r31_c13,26.0,1.0,True,0.0,1.0,0.0,r31_c13,26.0,1.0,0.0,26,9,13,4,22,0.4090909090909091,0.5909090909090909,Lower temporal flexibility,Single destination observed,Lower temporal flexibility / Single destination observed,Q2,G=0 single destination,2.0,0.0
Nutrition | r32_c13 | Thursday,Nutrition,r32_c13,Thursday,79,52,True,08:30-09:00,0.4177215189873418,4,0.5822784810126582,44.34782608695652,25.822784810126585,0.2151898734177215,True,True,0.5822784810126582,44.34782608695652,25.822784810126585,0.2151898734177215,0.5822784810126582,44.34782608695652,0.2151898734177215,1.0,1.0,0.0,1.0,0.0,r31_c13,79.0,1.0,True,0.0,1.0,0.0,r31_c13,79.0,1.0,0.0,79,34,40,5,74,0.4594594594594595,0.5405405405405406,Higher temporal flexibility,Single destination observed,Higher temporal flexibility / Single destination observed,Q3,G=0 single destination,17.0,0.0
Nutrition | r32_c13 | Tuesday,Nutrition,r32_c13,Tuesday,84,52,True,08:30-09:00,0.4523809523809524,4,0.5476190476190477,43.043478260869556,23.57142857142857,0.19642857142857142,True,True,0.5476190476190477,43.043478260869556,23.57142857142857,0.19642857142857142,0.5476190476190477,43.043478260869556,0.19642857142857142,1.0,1.0,0.0,1.0,0.0,r31_c13,84.0,1.0,True,0.0,1.0,0.0,r31_c13,84.0,1.0,0.0,84,41,39,4,80,0.5125,0.4875,Higher temporal flexibility,Single destination observed,Higher temporal flexibility / Single destination observed,Q3,G=0 single destination,16.5,0.0
Nutrition | r32_c13 | Wednesday,Nutrition,r32_c13,Wednesday,23,21,True,08:00-08:30,0.6521739130434783,2,0.34782608695652173,30.0,10.434782608695652,0.08695652173913043,True,True,0.34782608695652173,30.0,10.434782608695652,0.08695652173913043,0.34782608695652173,30.0,0.08695652173913043,1.0,1.0,0.0,1.0,0.0,r31_c13,23.0,1.0,True,0.0,1.0,0.0,r31_c13,23.0,1.0,0.0,23,6,9,8,15,0.4,0.6,Lower temporal flexibility,Single destination observed,Lower temporal flexibility / Single destination observed,Q2,G=0 single destination,2.0,0.0
Nutrition | r32_c14 | Friday,Nutrition,r32_c14,Friday,19,8,True,09:00-09:30,0.631578947368421,4,0.368421052631579,68.57142857142857,25.263157894736842,0.21052631578947367,True,True,0.368421052631579,68.57142857142857,25.263157894736842,0.21052631578947367,0.368421052631579,68.57142857142857,0.21052631578947367,1.0,1.0,0.0,1.0,0.0,r31_c13,19.0,1.0,True,0.0,1.0,0.0,r31_c13,19.0,1.0,0.0,19,8,11,0,19,0.42105263157894735,0.5789473684210527,Higher temporal flexibility,Single destination observed,Higher temporal flexibility / Single destination observed,Q3,G=0 single destination,4.0,0.0
Nutrition | r32_c14 | Monday,Nutrition,r32_c14,Monday,14,7,True,09:00-09:30,0.7142857142857143,3,0.2857142857142857,75.0,21.428571428571427,0.17857142857142855,True,True,0.2857142857142857,75.0,21.428571428571427,0.17857142857142855,0.2857142857142857,75.0,0.17857142857142855,1.0,1.0,0.0,1.0,0.0,r31_c13,14.0,1.0,True,0.0,1.0,0.0,r31_c13,14.0,1.0,0.0,14,2,10,2,12,0.16666666666666666,0.8333333333333334,Higher temporal flexibility,Single destination observed,Higher temporal flexibility / Single destination observed,Q3,G=0 single destination,2.4999999999999996,0.0
Nutrition | r32_c14 | Thursday,Nutrition,r32_c14,Thursday,15,8,True,09:00-09:30,0.6666666666666666,3,0.33333333333333337,77.99999999999999,26.0,0.21666666666666667,True,True,0.33333333333333337,77.99999999999999,26.0,0.21666666666666667,0.33333333333333337,77.99999999999999,0.21666666666666667,1.0,1.0,0.0,1.0,0.0,r31_c13,15.0,1.0,True,0.0,1.0,0.0,r31_c13,15.0,1.0,0.0,15,7,8,0,15,0.4666666666666667,0.5333333333333333,Higher temporal flexibility,Single destination observed,Higher temporal flexibility / Single destination observed,Q3,G=0 single destination,3.25,0.0
Nutrition | r32_c14 | Tuesday,Nutrition,r32_c14,Tuesday,17,7,True,09:00-09:30,0.5294117647058824,3,0.47058823529411764,52.5,24.705882352941178,0.20588235294117646,True,True,0.47058823529411764,52.5,24.705882352941178,0.20588235294117646,0.47058823529411764,52.5,0.20588235294117646,1.0,1.0,0.0,1.0,0.0,r31_c13,17.0,1.0,True,0.0,1.0,0.0,r31_c13,17.0,1.0,0.0,17,7,10,0,17,0.4117647058823529,0.5882352941176471,Higher temporal flexibility,Single destination observed,Higher temporal flexibility / Single destination observed,Q3,G=0 single destination,3.5,0.0
Nutrition | r32_c14 | Wednesday,Nutrition,r32_c14,Wednesday,16,8,True,09:00-09:30,0.75,2,0.25,90.0,22.5,0.1875,True,True,0.25,90.0,22.5,0.1875,0.25,90.0,0.1875,1.0,1.0,0.0,1.0,0.0,r31_c13,16.0,1.0,True,0.0,1.0,0.0,r31_c13,16.0,1.0,0.0,16,6,9,1,15,0.4,0.6,Higher temporal flexibility,Single destination observed,Higher temporal flexibility / Single destination observed,Q3,G=0 single destination,3.0,0.0
Nutrition | r32_c17 | Friday,Nutrition,r32_c17,Friday,294,53,True,08:00-08:30,0.4523809523809524,3,0.5476190476190477,29.999999999999993,16.428571428571427,0.13690476190476192,True,True,0.5476190476190477,29.999999999999993,16.428571428571427,0.13690476190476192,0.5476190476190477,29.999999999999993,0.13690476190476192,1.0,1.0,0.0,1.0,0.0,r32_c18,294.0,1.0,True,0.0,1.0,0.0,r32_c18,294.0,1.0,0.0,294,148,111,35,259,0.5714285714285714,0.42857142857142855,Higher temporal flexibility,Single destination observed,Higher temporal flexibility / Single destination observed,Q3,G=0 single destination,40.25000000000001,0.0
Nutrition | r32_c17 | Monday,Nutrition,r32_c17,Monday,284,52,True,07:30-08:00,0.44366197183098594,3,0.556338028169014,38.73417721518988,21.549295774647888,0.17957746478873238,True,True,0.556338028169014,38.73417721518988,21.549295774647888,0.17957746478873238,0.556338028169014,38.73417721518988,0.17957746478873238,1.0,1.0,0.0,1.0,0.0,r32_c18,284.0,1.0,True,0.0,1.0,0.0,r32_c18,284.0,1.0,0.0,284,111,123,50,234,0.47435897435897434,0.5256410256410257,Higher temporal flexibility,Single destination observed,Higher temporal flexibility / Single destination observed,Q3,G=0 single destination,50.99999999999999,0.0
Nutrition | r32_c17 | Thursday,Nutrition,r32_c17,Thursday,264,52,True,08:00-08:30,0.44696969696969696,4,0.553030303030303,30.616438356164387,16.931818181818183,0.14109848484848486,True,True,0.553030303030303,30.616438356164387,16.931818181818183,0.14109848484848486,0.553030303030303,30.616438356164387,0.14109848484848486,1.0,1.0,0.0,1.0,0.0,r32_c18,264.0,1.0,True,0.0,1.0,0.0,r32_c18,264.0,1.0,0.0,264,139,91,34,230,0.6043478260869565,0.39565217391304347,Higher temporal flexibility,Single destination observed,Higher temporal flexibility / Single destination observed,Q3,G=0 single destination,37.25,0.0
Nutrition | r32_c17 | Tuesday,Nutrition,r32_c17,Tuesday,268,52,True,08:00-08:30,0.458955223880597,3,0.541044776119403,29.999999999999993,16.23134328358209,0.13526119402985073,True,True,0.541044776119403,29.999999999999993,16.23134328358209,0.13526119402985073,0.541044776119403,29.999999999999993,0.13526119402985073,1.0,1.0,0.0,1.0,0.0,r32_c18,268.0,1.0,True,0.0,1.0,0.0,r32_c18,268.0,1.0,0.0,268,128,81,59,209,0.6124401913875598,0.3875598086124402,Higher temporal flexibility,Single destination observed,Higher temporal flexibility / Single destination observed,Q3,G=0 single destination,36.25,0.0
Nutrition | r32_c17 | Wednesday,Nutrition,r32_c17,Wednesday,279,52,True,07:30-08:00,0.41935483870967744,4,0.5806451612903225,38.518518518518526,22.365591397849464,0.1863799283154122,True,True,0.5806451612903225,38.518518518518526,22.365591397849464,0.1863799283154122,0.5806451612903225,38.518518518518526,0.1863799283154122,1.0,1.0,0.0,1.0,0.0,r32_c18,279.0,1.0,True,0.0,1.0,0.0,r32_c18,279.0,1.0,0.0,279,144,85,50,229,0.62882096069869,0.37117903930131,Higher temporal flexibility,Single destination observed,Higher temporal flexibility / Single destination observed,Q3,G=0 single destination,52.0,0.0
Nutrition | r32_c18 | Friday,Nutrition,r32_c18,Friday,527,53,True,13:00-13:30,0.3870967741935484,7,0.6129032258064516,139.969040247678,85.78747628083491,0.32922201138519924,True,True,0.6129032258064516,139.969040247678,85.78747628083491,0.32922201138519924,0.6129032258064516,139.969040247678,0.32922201138519924,3.0,0.49774060324993075,2.0,2.0090786113703274,0.5022593967500693,r32_c17,277.0,0.5256166982922201,True,2.0,2.0090786113703274,0.5022593967500693,r32_c17,277.0,0.5256166982922201,0.5022593967500693,527,313,200,14,513,0.6101364522417154,0.3898635477582846,Higher temporal flexibility,Destination diversity observed,Higher temporal flexibility / Destination diversity observed,Q4 highest,G>0 middle,173.5,264.6907020872865
Nutrition | r32_c18 | Monday,Nutrition,r32_c18,Monday,512,52,True,13:00-13:30,0.423828125,5,0.576171875,151.22033898305085,87.12890625,0.32421875,True,True,0.576171875,151.22033898305085,87.12890625,0.32421875,0.576171875,151.22033898305085,0.32421875,2.0,0.5001220703125,1.0,1.9995118379301928,0.4998779296875,r32_c17,260.0,0.5078125,True,1.0,1.9995118379301928,0.4998779296875,r32_c17,260.0,0.5078125,0.4998779296875,512,251,250,11,501,0.500998003992016,0.499001996007984,Higher temporal flexibility,Destination diversity observed,Higher temporal flexibility / Destination diversity observed,Q4 highest,G>0 middle,166.0,255.9375
Nutrition | r32_c18 | Thursday,Nutrition,r32_c18,Thursday,546,52,True,13:00-13:30,0.4249084249084249,8,0.575091575091575,140.44585987261146,80.76923076923076,0.31135531135531136,True,True,0.575091575091575,140.44585987261146,80.76923076923076,0.31135531135531136,0.575091575091575,140.44585987261146,0.31135531135531136,2.0,0.5017174522669028,1.0,1.9931537072942436,0.4982825477330972,r32_c17,289.0,0.5293040293040293,True,1.0,1.9931537072942436,0.4982825477330972,r32_c17,289.0,0.5293040293040293,0.4982825477330972,546,325,209,12,534,0.6086142322097379,0.3913857677902622,Higher temporal flexibility,Destination diversity observed,Higher temporal flexibility / Destination diversity observed,Q4 highest,G>0 middle,170.0,272.06227106227107
Nutrition | r32_c18 | Tuesday,Nutrition,r32_c18,Tuesday,530,52,True,13:00-13:30,0.39433962264150946,5,0.6056603773584905,142.2429906542056,86.15094339622641,0.3268867924528302,True,True,0.6056603773584905,142.2429906542056,86.15094339622641,0.3268867924528302,0.6056603773584905,142.2429906542056,0.3268867924528302,2.0,0.5010252758988964,1.0,1.9959072887208855,0.49897472410110355,r32_c17,277.0,0.5226415094339623,True,1.0,1.9959072887208855,0.49897472410110355,r32_c17,277.0,0.5226415094339623,0.49897472410110355,530,324,195,11,519,0.6242774566473989,0.37572254335260113,Higher temporal flexibility,Destination diversity observed,Higher temporal flexibility / Destination diversity observed,Q4 highest,G>0 middle,173.25,264.4566037735849
Nutrition | r32_c18 | Wednesday,Nutrition,r32_c18,Wednesday,504,52,True,13:00-13:30,0.41865079365079366,5,0.5813492063492063,148.7713310580205,86.48809523809524,0.3239087301587302,True,True,0.5813492063492063,148.7713310580205,86.48809523809524,0.3239087301587302,0.5813492063492063,148.7713310580205,0.3239087301587302,2.0,0.50050390526581,1.0,1.9979864082557262,0.49949609473419,r32_c17,260.0,0.5158730158730159,True,1.0,1.9979864082557262,0.49949609473419,r32_c17,260.0,0.5158730158730159,0.49949609473419,504,299,192,13,491,0.6089613034623218,0.3910386965376782,Higher temporal flexibility,Destination diversity observed,Higher temporal flexibility / Destination diversity observed,Q4 highest,G>0 middle,163.25,251.74603174603175
Nutrition | r32_c20 | Friday,Nutrition,r32_c20,Friday,380,53,True,12:30-13:00,0.7447368421052631,6,0.25526315789473686,169.1752577319587,43.18421052631578,0.19407894736842105,True,True,0.25526315789473686,169.1752577319587,43.18421052631578,0.19407894736842105,0.25526315789473686,169.1752577319587,0.19407894736842105,5.0,0.2643074792243767,4.0,3.7834722003877803,0.7356925207756233,r32_c20,126.0,0.33157894736842103,True,4.0,3.7834722003877803,0.7356925207756233,r32_c20,126.0,0.33157894736842103,0.7356925207756233,380,233,145,2,378,0.6164021164021164,0.3835978835978836,Higher temporal flexibility,Destination diversity observed,Higher temporal flexibility / Destination diversity observed,Q3,G>0 higher,73.75,279.56315789473683
Nutrition | r32_c20 | Monday,Nutrition,r32_c20,Monday,293,52,True,12:30-13:00,0.78839590443686,3,0.21160409556313997,229.8387096774193,48.63481228668942,0.20392491467576793,True,True,0.21160409556313997,229.8387096774193,48.63481228668942,0.20392491467576793,0.21160409556313997,229.8387096774193,0.20392491467576793,5.0,0.27209402555650036,4.0,3.675200136992166,0.7279059744434997,r32_c20,117.0,0.3993174061433447,True,4.0,3.675200136992166,0.7279059744434997,r32_c20,117.0,0.3993174061433447,0.7279059744434997,293,152,136,5,288,0.5277777777777778,0.4722222222222222,Higher temporal flexibility,Destination diversity observed,Higher temporal flexibility / Destination diversity observed,Q3,G>0 higher,59.75,213.2764505119454
Nutrition | r32_c20 | Thursday,Nutrition,r32_c20,Thursday,424,52,True,12:30-13:00,0.8372641509433962,5,0.16273584905660377,203.91304347826087,33.18396226415094,0.1420990566037736,True,True,0.16273584905660377,203.91304347826087,33.18396226415094,0.1420990566037736,0.16273584905660377,203.91304347826087,0.1420990566037736,7.0,0.28321911712353154,6.0,3.530835100950585,0.7167808828764685,r30_c18,161.0,0.37971698113207547,True,6.0,3.530835100950585,0.7167808828764685,r30_c18,161.0,0.37971698113207547,0.7167808828764685,424,236,185,3,421,0.5605700712589073,0.43942992874109266,Higher temporal flexibility,Destination diversity observed,Higher temporal flexibility / Destination diversity observed,Q3,G>0 higher,60.25,303.9150943396226
Nutrition | r32_c20 | Tuesday,Nutrition,r32_c20,Tuesday,409,52,True,12:30-13:00,0.863080684596577,3,0.13691931540342295,236.2500000000001,32.34718826405869,0.13508557457212714,True,True,0.13691931540342295,236.2500000000001,32.34718826405869,0.13508557457212714,0.13691931540342295,236.2500000000001,0.13508557457212714,6.0,0.3187989072279577,5.0,3.1367736128560453,0.6812010927720423,r30_c18,165.0,0.4034229828850856,True,5.0,3.1367736128560453,0.6812010927720423,r30_c18,165.0,0.4034229828850856,0.6812010927720423,409,247,161,1,408,0.6053921568627451,0.3946078431372549,Higher temporal flexibility,Destination diversity observed,Higher temporal flexibility / Destination diversity observed,Q3,G>0 higher,55.25,278.6112469437653
Nutrition | r32_c20 | Wednesday,Nutrition,r32_c20,Wednesday,340,52,True,12:30-13:00,0.8,4,0.19999999999999996,237.7941176470588,47.558823529411754,0.1977941176470588,True,True,0.19999999999999996,237.7941176470588,47.558823529411754,0.1977941176470588,0.19999999999999996,237.7941176470588,0.1977941176470588,6.0,0.28631487889273366,5.0,3.4926581666565943,0.7136851211072663,r32_c20,125.0,0.36764705882352944,True,5.0,3.4926581666565943,0.7136851211072663,r32_c20,125.0,0.36764705882352944,0.7136851211072663,340,234,105,1,339,0.6902654867256637,0.30973451327433627,Higher temporal flexibility,Destination diversity observed,Higher temporal flexibility / Destination diversity observed,Q3,G>0 higher,67.24999999999999,242.65294117647056
Nutrition | r33_c13 | Friday,Nutrition,r33_c13,Friday,127,51,True,08:00-08:30,0.48031496062992124,4,0.5196850393700787,33.63636363636363,17.48031496062992,0.14566929133858267,True,True,0.5196850393700787,33.63636363636363,17.48031496062992,0.14566929133858267,0.5196850393700787,33.63636363636363,0.14566929133858267,1.0,1.0,0.0,1.0,0.0,r31_c13,127.0,1.0,True,0.0,1.0,0.0,r31_c13,127.0,1.0,0.0,127,51,64,12,115,0.4434782608695652,0.5565217391304348,Higher temporal flexibility,Single destination observed,Higher temporal flexibility / Single destination observed,Q3,G=0 single destination,18.5,0.0
Nutrition | r33_c13 | Monday,Nutrition,r33_c13,Monday,174,52,True,08:00-08:30,0.39080459770114945,5,0.6091954022988506,35.094339622641506,21.379310344827587,0.1781609195402299,True,True,0.6091954022988506,35.094339622641506,21.379310344827587,0.1781609195402299,0.6091954022988506,35.094339622641506,0.1781609195402299,2.0,0.9885718060509974,1.0,1.011560307383896,0.01142819394900263,r31_c13,173.0,0.9942528735632183,True,1.0,1.011560307383896,0.01142819394900263,r31_c13,173.0,0.9942528735632183,0.01142819394900263,174,74,95,5,169,0.4378698224852071,0.5621301775147929,Higher temporal flexibility,Destination diversity observed,Higher temporal flexibility / Destination diversity observed,Q3,G>0 lower,31.0,1.9885057471264576
Nutrition | r33_c13 | Thursday,Nutrition,r33_c13,Thursday,143,51,True,08:00-08:30,0.3916083916083916,6,0.6083916083916083,47.93103448275863,29.160839160839163,0.24125874125874128,True,True,0.6083916083916083,47.93103448275863,29.160839160839163,0.24125874125874128,0.6083916083916083,47.93103448275863,0.24125874125874128,2.0,0.759401437723116,1.0,1.3168265825230216,0.24059856227688403,r31_c13,123.0,0.8601398601398601,True,1.0,1.3168265825230216,0.24059856227688403,r31_c13,123.0,0.8601398601398601,0.24059856227688403,143,57,68,18,125,0.456,0.544,Higher temporal flexibility,Destination diversity observed,Higher temporal flexibility / Destination diversity observed,Q4 highest,G>0 lower,34.5,34.405594405594414
Nutrition | r33_c13 | Tuesday,Nutrition,r33_c13,Tuesday,191,52,True,08:30-09:00,0.3193717277486911,5,0.6806282722513088,41.769230769230774,28.429319371727747,0.2369109947643979,True,True,0.6806282722513088,41.769230769230774,28.429319371727747,0.2369109947643979,0.6806282722513088,41.769230769230774,0.2369109947643979,2.0,0.8552671253529234,1.0,1.1692253453414956,0.14473287464707663,r31_c13,176.0,0.9214659685863874,True,1.0,1.1692253453414956,0.14473287464707663,r31_c13,176.0,0.9214659685863874,0.14473287464707663,191,97,84,10,181,0.5359116022099447,0.46408839779005523,Higher temporal flexibility,Destination diversity observed,Higher temporal flexibility / Destination diversity observed,Q4 highest,G>0 lower,45.25,27.643979057591636
Nutrition | r33_c13 | Wednesday,Nutrition,r33_c13,Wednesday,179,52,True,08:00-08:30,0.33519553072625696,6,0.664804469273743,36.554621848739494,24.30167597765363,0.20251396648044692,True,True,0.664804469273743,36.554621848739494,24.30167597765363,0.20251396648044692,0.664804469273743,36.554621848739494,0.20251396648044692,1.0,1.0,0.0,1.0,0.0,r31_c13,179.0,1.0,True,0.0,1.0,0.0,r31_c13,179.0,1.0,0.0,179,73,91,15,164,0.4451219512195122,0.5548780487804879,Higher temporal flexibility,Single destination observed,Higher temporal flexibility / Single destination observed,Q3,G=0 single destination,36.25,0.0
Nutrition | r33_c20 | Friday,Nutrition,r33_c20,Friday,81,53,True,08:00-08:30,0.8765432098765432,3,0.12345679012345678,30.000000000000004,3.7037037037037037,0.030864197530864196,True,True,0.12345679012345678,30.000000000000004,3.7037037037037037,0.030864197530864196,0.12345679012345678,30.000000000000004,0.030864197530864196,3.0,0.7982014936747446,2.0,1.2528164979950356,0.20179850632525542,r35_c21,72.0,0.8888888888888888,True,2.0,1.2528164979950356,0.20179850632525542,r35_c21,72.0,0.8888888888888888,0.20179850632525542,81,59,22,0,81,0.7283950617283951,0.2716049382716049,Lower temporal flexibility,Destination diversity observed,Lower temporal flexibility / Destination diversity observed,Q1 lowest,G>0 lower,2.5,16.345679012345688
Nutrition | r33_c20 | Monday,Nutrition,r33_c20,Monday,76,52,True,08:00-08:30,0.8947368421052632,3,0.10526315789473684,45.0,4.7368421052631575,0.03618421052631579,True,True,0.10526315789473684,45.0,4.7368421052631575,0.03618421052631579,0.10526315789473684,45.0,0.03618421052631579,2.0,0.8327562326869806,1.0,1.200831600831601,0.16724376731301938,r35_c21,69.0,0.9078947368421053,True,1.0,1.200831600831601,0.16724376731301938,r35_c21,69.0,0.9078947368421053,0.16724376731301938,76,52,23,1,75,0.6933333333333334,0.30666666666666664,Lower temporal flexibility,Destination diversity observed,Lower temporal flexibility / Destination diversity observed,Q1 lowest,G>0 lower,2.75,12.710526315789473
Nutrition | r33_c20 | Thursday,Nutrition,r33_c20,Thursday,80,52,True,08:00-08:30,0.8625,2,0.13749999999999996,30.00000000000001,4.125,0.034375,True,True,0.13749999999999996,30.00000000000001,4.125,0.034375,0.13749999999999996,30.00000000000001,0.034375,2.0,0.7628125000000001,1.0,1.3109381401065134,0.23718749999999988,r35_c21,69.0,0.8625,True,1.0,1.3109381401065134,0.23718749999999988,r35_c21,69.0,0.8625,0.23718749999999988,80,66,14,0,80,0.825,0.175,Lower temporal flexibility,Destination diversity observed,Lower temporal flexibility / Destination diversity observed,Q1 lowest,G>0 lower,2.75,18.97499999999999
Nutrition | r33_c20 | Tuesday,Nutrition,r33_c20,Tuesday,72,51,True,08:00-08:30,0.8472222222222222,2,0.1527777777777778,30.0,4.583333333333334,0.03819444444444445,True,True,0.1527777777777778,30.0,4.583333333333334,0.03819444444444445,0.1527777777777778,30.0,0.03819444444444445,2.0,0.7411265432098766,1.0,1.349297241020302,0.2588734567901234,r35_c21,61.0,0.8472222222222222,True,1.0,1.349297241020302,0.2588734567901234,r35_c21,61.0,0.8472222222222222,0.2588734567901234,72,60,12,0,72,0.8333333333333334,0.16666666666666666,Lower temporal flexibility,Destination diversity observed,Lower temporal flexibility / Destination diversity observed,Q1 lowest,G>0 lower,2.75,18.638888888888886
Nutrition | r33_c20 | Wednesday,Nutrition,r33_c20,Wednesday,68,51,True,08:00-08:30,0.8970588235294118,2,0.1029411764705882,30.000000000000007,3.0882352941176467,0.025735294117647058,True,True,0.1029411764705882,30.000000000000007,3.0882352941176467,0.025735294117647058,0.1029411764705882,30.000000000000007,0.025735294117647058,3.0,0.7668685121107267,2.0,1.3040045121263395,0.2331314878892733,r35_c21,59.0,0.8676470588235294,True,2.0,1.3040045121263395,0.2331314878892733,r35_c21,59.0,0.8676470588235294,0.2331314878892733,68,63,4,1,67,0.9402985074626866,0.05970149253731343,Lower temporal flexibility,Destination diversity observed,Lower temporal flexibility / Destination diversity observed,Q1 lowest,G>0 lower,1.75,15.852941176470583
Nutrition | r33_c21 | Friday,Nutrition,r33_c21,Friday,65,53,True,08:30-09:00,0.6,3,0.4,34.61538461538461,13.846153846153847,0.11538461538461539,True,True,0.4,34.61538461538461,13.846153846153847,0.11538461538461539,0.4,34.61538461538461,0.11538461538461539,2.0,0.9403550295857988,1.0,1.0634281399446264,0.05964497041420125,r35_c21,63.0,0.9692307692307692,True,1.0,1.0634281399446264,0.05964497041420125,r35_c21,63.0,0.9692307692307692,0.05964497041420125,65,37,25,3,62,0.5967741935483871,0.4032258064516129,Lower temporal flexibility,Destination diversity observed,Lower temporal flexibility / Destination diversity observed,Q2,G>0 lower,7.5,3.876923076923081
Nutrition | r33_c21 | Monday,Nutrition,r33_c21,Monday,55,51,True,08:30-09:00,0.6363636363636364,2,0.36363636363636365,30.000000000000004,10.90909090909091,0.09090909090909091,True,True,0.36363636363636365,30.000000000000004,10.90909090909091,0.09090909090909091,0.36363636363636365,30.000000000000004,0.09090909090909091,1.0,1.0,0.0,1.0,0.0,r35_c21,55.0,1.0,True,0.0,1.0,0.0,r35_c21,55.0,1.0,0.0,55,33,20,2,53,0.6226415094339622,0.37735849056603776,Lower temporal flexibility,Single destination observed,Lower temporal flexibility / Single destination observed,Q2,G=0 single destination,5.0,0.0
Nutrition | r33_c21 | Thursday,Nutrition,r33_c21,Thursday,56,51,True,08:30-09:00,0.625,2,0.375,30.0,11.25,0.09375,True,True,0.375,30.0,11.25,0.09375,0.375,30.0,0.09375,1.0,1.0,0.0,1.0,0.0,r35_c21,56.0,1.0,True,0.0,1.0,0.0,r35_c21,56.0,1.0,0.0,56,38,16,2,54,0.7037037037037037,0.2962962962962963,Lower temporal flexibility,Single destination observed,Lower temporal flexibility / Single destination observed,Q2,G=0 single destination,5.25,0.0
Nutrition | r33_c21 | Tuesday,Nutrition,r33_c21,Tuesday,57,51,True,08:30-09:00,0.631578947368421,2,0.368421052631579,29.999999999999996,11.052631578947368,0.09210526315789473,True,True,0.368421052631579,29.999999999999996,11.052631578947368,0.09210526315789473,0.368421052631579,29.999999999999996,0.09210526315789473,1.0,1.0,0.0,1.0,0.0,r35_c21,57.0,1.0,True,0.0,1.0,0.0,r35_c21,57.0,1.0,0.0,57,35,20,2,55,0.6363636363636364,0.36363636363636365,Lower temporal flexibility,Single destination observed,Lower temporal flexibility / Single destination observed,Q2,G=0 single destination,5.25,0.0
Nutrition | r33_c21 | Wednesday,Nutrition,r33_c21,Wednesday,60,52,True,08:30-09:00,0.6333333333333333,2,0.3666666666666667,29.999999999999996,11.0,0.09166666666666666,True,True,0.3666666666666667,29.999999999999996,11.0,0.09166666666666666,0.3666666666666667,29.999999999999996,0.09166666666666666,2.0,0.9672222222222222,1.0,1.0338885697874785,0.032777777777777795,r35_c21,59.0,0.9833333333333333,True,1.0,1.0338885697874785,0.032777777777777795,r35_c21,59.0,0.9833333333333333,0.032777777777777795,60,36,20,4,56,0.6428571428571429,0.35714285714285715,Lower temporal flexibility,Destination diversity observed,Lower temporal flexibility / Destination diversity observed,Q2,G>0 lower,5.5,1.9666666666666677
Nutrition | r34_c20 | Friday,Nutrition,r34_c20,Friday,78,53,True,08:00-08:30,0.9358974358974359,4,0.0641025641025641,48.0,3.0769230769230766,0.02564102564102564,True,True,0.0641025641025641,48.0,3.0769230769230766,0.02564102564102564,0.0641025641025641,48.0,0.02564102564102564,2.0,0.8800131492439185,1.0,1.1363466567052671,0.11998685075608151,r35_c21,73.0,0.9358974358974359,True,1.0,1.1363466567052671,0.11998685075608151,r35_c21,73.0,0.9358974358974359,0.11998685075608151,78,37,36,5,73,0.5068493150684932,0.4931506849315068,Lower temporal flexibility,Destination diversity observed,Lower temporal flexibility / Destination diversity observed,Q1 lowest,G>0 lower,2.0,9.358974358974358
Nutrition | r34_c20 | Monday,Nutrition,r34_c20,Monday,98,52,True,08:00-08:30,1.0,1,0.0,,0.0,0.0,True,True,0.0,,0.0,0.0,0.0,,0.0,1.0,1.0,0.0,1.0,0.0,r35_c21,98.0,1.0,True,0.0,1.0,0.0,r35_c21,98.0,1.0,0.0,98,52,40,6,92,0.5652173913043478,0.43478260869565216,Lower temporal flexibility,Single destination observed,Lower temporal flexibility / Single destination observed,Q1 lowest,G=0 single destination,0.0,0.0
Nutrition | r34_c20 | Thursday,Nutrition,r34_c20,Thursday,94,52,True,08:00-08:30,1.0,1,0.0,,0.0,0.0,True,True,0.0,,0.0,0.0,0.0,,0.0,1.0,1.0,0.0,1.0,0.0,r35_c21,94.0,1.0,True,0.0,1.0,0.0,r35_c21,94.0,1.0,0.0,94,62,26,6,88,0.7045454545454546,0.29545454545454547,Lower temporal flexibility,Single destination observed,Lower temporal flexibility / Single destination observed,Q1 lowest,G=0 single destination,0.0,0.0
Nutrition | r34_c20 | Tuesday,Nutrition,r34_c20,Tuesday,102,52,True,08:00-08:30,1.0,1,0.0,,0.0,0.0,True,True,0.0,,0.0,0.0,0.0,,0.0,1.0,1.0,0.0,1.0,0.0,r35_c21,102.0,1.0,True,0.0,1.0,0.0,r35_c21,102.0,1.0,0.0,102,63,30,9,93,0.6774193548387096,0.3225806451612903,Lower temporal flexibility,Single destination observed,Lower temporal flexibility / Single destination observed,Q1 lowest,G=0 single destination,0.0,0.0
Nutrition | r34_c20 | Wednesday,Nutrition,r34_c20,Wednesday,75,52,True,08:00-08:30,0.9733333333333334,3,0.026666666666666616,45.00000000000009,1.2000000000000002,0.01,True,True,0.026666666666666616,45.00000000000009,1.2000000000000002,0.01,0.026666666666666616,45.00000000000009,0.01,2.0,0.973688888888889,1.0,1.0270220923863427,0.026311111111110952,r35_c21,74.0,0.9866666666666667,True,1.0,1.0270220923863427,0.026311111111110952,r35_c21,74.0,0.9866666666666667,0.026311111111110952,75,47,23,5,70,0.6714285714285714,0.32857142857142857,Lower temporal flexibility,Destination diversity observed,Lower temporal flexibility / Destination diversity observed,Q1 lowest,G>0 lower,0.75,1.9733333333333214
Nutrition | r34_c21 | Friday,Nutrition,r34_c21,Friday,245,53,True,08:00-08:30,0.6530612244897959,4,0.34693877551020413,32.11764705882352,11.142857142857142,0.09285714285714285,True,True,0.34693877551020413,32.11764705882352,11.142857142857142,0.09285714285714285,0.34693877551020413,32.11764705882352,0.09285714285714285,2.0,0.936826322365681,1.0,1.0674337133000196,0.06317367763431903,r35_c21,237.0,0.9673469387755103,True,1.0,1.0674337133000196,0.06317367763431903,r35_c21,237.0,0.9673469387755103,0.06317367763431903,245,128,104,13,232,0.5517241379310345,0.4482758620689655,Lower temporal flexibility,Destination diversity observed,Lower temporal flexibility / Destination diversity observed,Q2,G>0 lower,22.749999999999996,15.47755102040816
Nutrition | r34_c21 | Monday,Nutrition,r34_c21,Monday,211,52,True,08:00-08:30,0.6966824644549763,3,0.3033175355450237,29.999999999999996,9.09952606635071,0.07582938388625593,True,True,0.3033175355450237,29.999999999999996,9.09952606635071,0.07582938388625593,0.3033175355450237,29.999999999999996,0.07582938388625593,1.0,1.0,0.0,1.0,0.0,r35_c21,211.0,1.0,True,0.0,1.0,0.0,r35_c21,211.0,1.0,0.0,211,110,91,10,201,0.5472636815920398,0.4527363184079602,Lower temporal flexibility,Single destination observed,Lower temporal flexibility / Single destination observed,Q2,G=0 single destination,16.0,0.0
Nutrition | r34_c21 | Thursday,Nutrition,r34_c21,Thursday,155,52,True,08:00-08:30,0.7096774193548387,3,0.29032258064516125,30.0,8.709677419354838,0.07258064516129033,True,True,0.29032258064516125,30.0,8.709677419354838,0.07258064516129033,0.29032258064516125,30.0,0.07258064516129033,1.0,1.0,0.0,1.0,0.0,r35_c21,155.0,1.0,True,0.0,1.0,0.0,r35_c21,155.0,1.0,0.0,155,107,46,2,153,0.6993464052287581,0.3006535947712418,Lower temporal flexibility,Single destination observed,Lower temporal flexibility / Single destination observed,Q2,G=0 single destination,11.25,0.0
Nutrition | r34_c21 | Tuesday,Nutrition,r34_c21,Tuesday,158,52,True,08:00-08:30,0.7215189873417721,3,0.2784810126582279,29.999999999999996,8.354430379746836,0.06962025316455697,True,True,0.2784810126582279,29.999999999999996,8.354430379746836,0.06962025316455697,0.2784810126582279,29.999999999999996,0.06962025316455697,1.0,1.0,0.0,1.0,0.0,r35_c21,158.0,1.0,True,0.0,1.0,0.0,r35_c21,158.0,1.0,0.0,158,105,47,6,152,0.6907894736842105,0.3092105263157895,Lower temporal flexibility,Single destination observed,Lower temporal flexibility / Single destination observed,Q2,G=0 single destination,11.000000000000002,0.0
Nutrition | r34_c21 | Wednesday,Nutrition,r34_c21,Wednesday,219,52,True,08:00-08:30,0.6986301369863014,3,0.3013698630136986,30.000000000000004,9.04109589041096,0.07534246575342465,True,True,0.3013698630136986,30.000000000000004,9.04109589041096,0.07534246575342465,0.3013698630136986,30.000000000000004,0.07534246575342465,3.0,0.9552136110589853,2.0,1.0468862549931244,0.04478638894101472,r35_c21,214.0,0.9771689497716894,True,2.0,1.0468862549931244,0.04478638894101472,r35_c21,214.0,0.9771689497716894,0.04478638894101472,219,147,64,8,211,0.6966824644549763,0.3033175355450237,Lower temporal flexibility,Destination diversity observed,Lower temporal flexibility / Destination diversity observed,Q2,G>0 lower,16.5,9.808219178082224
Nutrition | r34_c22 | Friday,Nutrition,r34_c22,Friday,109,53,True,08:30-09:00,0.4954128440366973,3,0.5045871559633027,31.090909090909093,15.688073394495413,0.13073394495412843,True,True,0.5045871559633027,31.090909090909093,15.688073394495413,0.13073394495412843,0.5045871559633027,31.090909090909093,0.13073394495412843,2.0,0.9639760962881911,1.0,1.0373701213655813,0.03602390371180886,r35_c21,107.0,0.981651376146789,True,1.0,1.0373701213655813,0.03602390371180886,r35_c21,107.0,0.981651376146789,0.03602390371180886,109,58,50,1,108,0.5370370370370371,0.46296296296296297,Higher temporal flexibility,Destination diversity observed,Higher temporal flexibility / Destination diversity observed,Q3,G>0 lower,14.25,3.9266055045871653
Nutrition | r34_c22 | Monday,Nutrition,r34_c22,Monday,70,52,True,08:00-08:30,0.6,2,0.4,30.0,12.0,0.1,True,True,0.4,30.0,12.0,0.1,0.4,30.0,0.1,1.0,1.0,0.0,1.0,0.0,r35_c21,70.0,1.0,True,0.0,1.0,0.0,r35_c21,70.0,1.0,0.0,70,33,36,1,69,0.4782608695652174,0.5217391304347826,Lower temporal flexibility,Single destination observed,Lower temporal flexibility / Single destination observed,Q2,G=0 single destination,7.0,0.0
Nutrition | r34_c22 | Thursday,Nutrition,r34_c22,Thursday,99,52,True,08:30-09:00,0.5353535353535354,2,0.46464646464646464,30.0,13.93939393939394,0.11616161616161616,True,True,0.46464646464646464,30.0,13.93939393939394,0.11616161616161616,0.46464646464646464,30.0,0.11616161616161616,1.0,1.0,0.0,1.0,0.0,r35_c21,99.0,1.0,True,0.0,1.0,0.0,r35_c21,99.0,1.0,0.0,99,59,39,1,98,0.6020408163265306,0.3979591836734694,Lower temporal flexibility,Single destination observed,Lower temporal flexibility / Single destination observed,Q2,G=0 single destination,11.5,0.0
Nutrition | r34_c22 | Tuesday,Nutrition,r34_c22,Tuesday,107,52,True,08:00-08:30,0.5046728971962616,2,0.4953271028037384,29.999999999999996,14.85981308411215,0.12383177570093458,True,True,0.4953271028037384,29.999999999999996,14.85981308411215,0.12383177570093458,0.4953271028037384,29.999999999999996,0.12383177570093458,1.0,1.0,0.0,1.0,0.0,r35_c21,107.0,1.0,True,0.0,1.0,0.0,r35_c21,107.0,1.0,0.0,107,55,50,2,105,0.5238095238095238,0.47619047619047616,Higher temporal flexibility,Single destination observed,Higher temporal flexibility / Single destination observed,Q3,G=0 single destination,13.25,0.0
Nutrition | r34_c22 | Wednesday,Nutrition,r34_c22,Wednesday,110,52,True,08:30-09:00,0.5272727272727272,2,0.4727272727272728,29.999999999999996,14.181818181818182,0.11818181818181818,True,True,0.4727272727272728,29.999999999999996,14.181818181818182,0.11818181818181818,0.4727272727272728,29.999999999999996,0.11818181818181818,2.0,0.9819834710743802,1.0,1.0183470796162262,0.01801652892561978,r35_c21,109.0,0.990909090909091,True,1.0,1.0183470796162262,0.01801652892561978,r35_c21,109.0,0.990909090909091,0.01801652892561978,110,62,46,2,108,0.5740740740740741,0.42592592592592593,Lower temporal flexibility,Destination diversity observed,Lower temporal flexibility / Destination diversity observed,Q2,G>0 lower,13.0,1.9818181818181757
Nutrition | r35_c20 | Friday,Nutrition,r35_c20,Friday,56,50,True,08:00-08:30,0.9821428571428571,2,0.017857142857142905,29.99999999999992,0.5357142857142857,0.004464285714285714,True,True,0.017857142857142905,29.99999999999992,0.5357142857142857,0.004464285714285714,0.017857142857142905,29.99999999999992,0.004464285714285714,2.0,0.9649234693877551,1.0,1.0363516192994051,0.035076530612244916,r35_c21,55.0,0.9821428571428571,True,1.0,1.0363516192994051,0.035076530612244916,r35_c21,55.0,0.9821428571428571,0.035076530612244916,56,35,15,6,50,0.7,0.3,Lower temporal flexibility,Destination diversity observed,Lower temporal flexibility / Destination diversity observed,Q1 lowest,G>0 lower,0.25,1.9642857142857153
Nutrition | r35_c20 | Monday,Nutrition,r35_c20,Monday,54,50,True,08:00-08:30,1.0,1,0.0,,0.0,0.0,True,True,0.0,,0.0,0.0,0.0,,0.0,1.0,1.0,0.0,1.0,0.0,r35_c21,54.0,1.0,True,0.0,1.0,0.0,r35_c21,54.0,1.0,0.0,54,31,17,6,48,0.6458333333333334,0.3541666666666667,Lower temporal flexibility,Single destination observed,Lower temporal flexibility / Single destination observed,Q1 lowest,G=0 single destination,0.0,0.0
Nutrition | r35_c20 | Tuesday,Nutrition,r35_c20,Tuesday,56,50,True,08:00-08:30,1.0,1,0.0,,0.0,0.0,True,True,0.0,,0.0,0.0,0.0,,0.0,1.0,1.0,0.0,1.0,0.0,r35_c21,56.0,1.0,True,0.0,1.0,0.0,r35_c21,56.0,1.0,0.0,56,42,12,2,54,0.7777777777777778,0.2222222222222222,Lower temporal flexibility,Single destination observed,Lower temporal flexibility / Single destination observed,Q1 lowest,G=0 single destination,0.0,0.0
Nutrition | r35_c20 | Wednesday,Nutrition,r35_c20,Wednesday,54,50,True,08:00-08:30,1.0,1,0.0,,0.0,0.0,True,True,0.0,,0.0,0.0,0.0,,0.0,1.0,1.0,0.0,1.0,0.0,r35_c21,54.0,1.0,True,0.0,1.0,0.0,r35_c21,54.0,1.0,0.0,54,40,11,3,51,0.7843137254901961,0.21568627450980393,Lower temporal flexibility,Single destination observed,Lower temporal flexibility / Single destination observed,Q1 lowest,G=0 single destination,0.0,0.0
Nutrition | r35_c21 | Friday,Nutrition,r35_c21,Friday,782,53,True,13:00-13:30,0.7723785166240409,10,0.2276214833759591,201.2359550561798,45.80562659846548,0.1815856777493606,True,True,0.2276214833759591,201.2359550561798,45.80562659846548,0.1815856777493606,0.2276214833759591,201.2359550561798,0.1815856777493606,9.0,0.18685448159025653,8.0,5.351758178285753,0.8131455184097435,r34_c21,230.0,0.29411764705882354,True,8.0,5.351758178285753,0.8131455184097435,r34_c21,230.0,0.29411764705882354,0.8131455184097435,782,439,343,0,782,0.5613810741687979,0.43861892583120204,Higher temporal flexibility,Destination diversity observed,Higher temporal flexibility / Destination diversity observed,Q3,G>0 higher,142.0,635.8797953964194
Nutrition | r35_c21 | Monday,Nutrition,r35_c21,Monday,762,52,True,13:00-13:30,0.8018372703412073,7,0.19816272965879267,215.7615894039735,42.75590551181102,0.1601049868766404,True,True,0.19816272965879267,215.7615894039735,42.75590551181102,0.1601049868766404,0.19816272965879267,215.7615894039735,0.1601049868766404,8.0,0.18272814323406425,7.0,5.472610744580584,0.8172718567659357,r34_c21,211.0,0.2769028871391076,True,7.0,5.472610744580584,0.8172718567659357,r34_c21,211.0,0.2769028871391076,0.8172718567659357,762,402,353,7,755,0.5324503311258278,0.4675496688741722,Higher temporal flexibility,Destination diversity observed,Higher temporal flexibility / Destination diversity observed,Q3,G>0 higher,121.99999999999999,622.761154855643
Nutrition | r35_c21 | Thursday,Nutrition,r35_c21,Thursday,690,52,True,13:00-13:30,0.7608695652173914,9,0.23913043478260865,203.09090909090915,48.56521739130435,0.1934782608695652,True,True,0.23913043478260865,203.09090909090915,48.56521739130435,0.1934782608695652,0.23913043478260865,203.09090909090915,0.1934782608695652,8.0,0.18821256038647344,7.0,5.313141683778234,0.8117874396135265,r35_c21,175.0,0.2536231884057971,True,7.0,5.313141683778234,0.8117874396135265,r35_c21,175.0,0.2536231884057971,0.8117874396135265,690,425,261,4,686,0.619533527696793,0.380466472303207,Higher temporal flexibility,Destination diversity observed,Higher temporal flexibility / Destination diversity observed,Q3,G>0 higher,133.5,560.1333333333333
Nutrition | r35_c21 | Tuesday,Nutrition,r35_c21,Tuesday,744,52,True,13:00-13:30,0.782258064516129,6,0.217741935483871,213.51851851851845,46.49193548387096,0.17506720430107528,True,True,0.217741935483871,213.51851851851845,46.49193548387096,0.17506720430107528,0.217741935483871,213.51851851851845,0.17506720430107528,8.0,0.17332206035379813,7.0,5.769606003752346,0.8266779396462018,r35_c21,192.0,0.25806451612903225,True,7.0,5.769606003752346,0.8266779396462018,r35_c21,192.0,0.25806451612903225,0.8266779396462018,744,458,279,7,737,0.621438263229308,0.378561736770692,Higher temporal flexibility,Destination diversity observed,Higher temporal flexibility / Destination diversity observed,Q3,G>0 higher,130.25,615.0483870967741
Nutrition | r35_c21 | Wednesday,Nutrition,r35_c21,Wednesday,745,52,True,13:00-13:30,0.7798657718120805,8,0.2201342281879195,221.1585365853658,48.68456375838926,0.18120805369127516,True,True,0.2201342281879195,221.1585365853658,48.68456375838926,0.18120805369127516,0.2201342281879195,221.1585365853658,0.18120805369127516,9.0,0.18857709112202153,8.0,5.302871064825873,0.8114229088779785,r34_c21,211.0,0.2832214765100671,True,8.0,5.302871064825873,0.8114229088779785,r34_c21,211.0,0.2832214765100671,0.8114229088779785,745,487,257,1,744,0.6545698924731183,0.34543010752688175,Higher temporal flexibility,Destination diversity observed,Higher temporal flexibility / Destination diversity observed,Q3,G>0 higher,135.0,604.510067114094
Nutrition | r36_c15 | Friday,Nutrition,r36_c15,Friday,24,13,True,07:00-07:30,0.6666666666666666,3,0.33333333333333337,33.74999999999999,11.25,0.09375,True,True,0.33333333333333337,33.74999999999999,11.25,0.09375,0.33333333333333337,33.74999999999999,0.09375,1.0,1.0,0.0,1.0,0.0,r40_c16,24.0,1.0,True,0.0,1.0,0.0,r40_c16,24.0,1.0,0.0,24,8,15,1,23,0.34782608695652173,0.6521739130434783,Lower temporal flexibility,Single destination observed,Lower temporal flexibility / Single destination observed,Q2,G=0 single destination,2.25,0.0
Nutrition | r36_c15 | Wednesday,Nutrition,r36_c15,Wednesday,19,14,True,07:00-07:30,0.5263157894736842,3,0.4736842105263158,33.333333333333336,15.789473684210527,0.13157894736842107,True,True,0.4736842105263158,33.333333333333336,15.789473684210527,0.13157894736842107,0.4736842105263158,33.333333333333336,0.13157894736842107,1.0,1.0,0.0,1.0,0.0,r40_c16,19.0,1.0,True,0.0,1.0,0.0,r40_c16,19.0,1.0,0.0,19,9,7,3,16,0.5625,0.4375,Higher temporal flexibility,Single destination observed,Higher temporal flexibility / Single destination observed,Q3,G=0 single destination,2.5000000000000004,0.0
Nutrition | r37_c22 | Friday,Nutrition,r37_c22,Friday,21,21,True,08:00-08:30,1.0,1,0.0,,0.0,0.0,True,True,0.0,,0.0,0.0,0.0,,0.0,1.0,1.0,0.0,1.0,0.0,r38_c24,21.0,1.0,True,0.0,1.0,0.0,r38_c24,21.0,1.0,0.0,21,16,5,0,21,0.7619047619047619,0.23809523809523808,Lower temporal flexibility,Single destination observed,Lower temporal flexibility / Single destination observed,Q1 lowest,G=0 single destination,0.0,0.0
Nutrition | r37_c22 | Monday,Nutrition,r37_c22,Monday,23,21,True,08:00-08:30,1.0,1,0.0,,0.0,0.0,True,True,0.0,,0.0,0.0,0.0,,0.0,1.0,1.0,0.0,1.0,0.0,r38_c24,23.0,1.0,True,0.0,1.0,0.0,r38_c24,23.0,1.0,0.0,23,18,5,0,23,0.782608695652174,0.21739130434782608,Lower temporal flexibility,Single destination observed,Lower temporal flexibility / Single destination observed,Q1 lowest,G=0 single destination,0.0,0.0
Nutrition | r37_c22 | Thursday,Nutrition,r37_c22,Thursday,22,21,True,08:00-08:30,1.0,1,0.0,,0.0,0.0,True,True,0.0,,0.0,0.0,0.0,,0.0,1.0,1.0,0.0,1.0,0.0,r38_c24,22.0,1.0,True,0.0,1.0,0.0,r38_c24,22.0,1.0,0.0,22,18,4,0,22,0.8181818181818182,0.18181818181818182,Lower temporal flexibility,Single destination observed,Lower temporal flexibility / Single destination observed,Q1 lowest,G=0 single destination,0.0,0.0
Nutrition | r37_c22 | Tuesday,Nutrition,r37_c22,Tuesday,22,21,True,08:00-08:30,1.0,1,0.0,,0.0,0.0,True,True,0.0,,0.0,0.0,0.0,,0.0,1.0,1.0,0.0,1.0,0.0,r38_c24,22.0,1.0,True,0.0,1.0,0.0,r38_c24,22.0,1.0,0.0,22,17,5,0,22,0.7727272727272727,0.22727272727272727,Lower temporal flexibility,Single destination observed,Lower temporal flexibility / Single destination observed,Q1 lowest,G=0 single destination,0.0,0.0
Nutrition | r37_c22 | Wednesday,Nutrition,r37_c22,Wednesday,22,21,True,08:00-08:30,0.9545454545454546,2,0.045454545454545414,30.00000000000003,1.3636363636363638,0.011363636363636364,True,True,0.045454545454545414,30.00000000000003,1.3636363636363638,0.011363636363636364,0.045454545454545414,30.00000000000003,0.011363636363636364,1.0,1.0,0.0,1.0,0.0,r38_c24,22.0,1.0,True,0.0,1.0,0.0,r38_c24,22.0,1.0,0.0,22,18,4,0,22,0.8181818181818182,0.18181818181818182,Lower temporal flexibility,Single destination observed,Lower temporal flexibility / Single destination observed,Q1 lowest,G=0 single destination,0.25,0.0
Nutrition | r37_c24 | Thursday,Nutrition,r37_c24,Thursday,26,21,True,08:30-09:00,1.0,1,0.0,,0.0,0.0,True,True,0.0,,0.0,0.0,0.0,,0.0,1.0,1.0,0.0,1.0,0.0,r38_c24,26.0,1.0,True,0.0,1.0,0.0,r38_c24,26.0,1.0,0.0,26,14,12,0,26,0.5384615384615384,0.46153846153846156,Lower temporal flexibility,Single destination observed,Lower temporal flexibility / Single destination observed,Q1 lowest,G=0 single destination,0.0,0.0
Nutrition | r37_c24 | Tuesday,Nutrition,r37_c24,Tuesday,24,21,True,08:30-09:00,1.0,1,0.0,,0.0,0.0,True,True,0.0,,0.0,0.0,0.0,,0.0,1.0,1.0,0.0,1.0,0.0,r38_c24,24.0,1.0,True,0.0,1.0,0.0,r38_c24,24.0,1.0,0.0,24,12,10,2,22,0.5454545454545454,0.45454545454545453,Lower temporal flexibility,Single destination observed,Lower temporal flexibility / Single destination observed,Q1 lowest,G=0 single destination,0.0,0.0
Nutrition | r38_c24 | Friday,Nutrition,r38_c24,Friday,26,21,True,12:30-13:00,0.9230769230769231,2,0.07692307692307687,240.0000000000002,18.461538461538463,0.07692307692307693,True,True,0.07692307692307687,240.0000000000002,18.461538461538463,0.07692307692307693,0.07692307692307687,240.0000000000002,0.07692307692307693,3.0,0.7307692307692307,2.0,1.368421052631579,0.2692307692307693,r37_c22,22.0,0.8461538461538461,True,2.0,1.368421052631579,0.2692307692307693,r37_c22,22.0,0.8461538461538461,0.2692307692307693,26,19,7,0,26,0.7307692307692307,0.2692307692307692,Lower temporal flexibility,Destination diversity observed,Lower temporal flexibility / Destination diversity observed,Q2,G>0 lower,2.0,7.000000000000001
Nutrition | r38_c24 | Monday,Nutrition,r38_c24,Monday,24,21,True,12:30-13:00,1.0,1,0.0,,0.0,0.0,True,True,0.0,,0.0,0.0,0.0,,0.0,1.0,1.0,0.0,1.0,0.0,r37_c22,24.0,1.0,True,0.0,1.0,0.0,r37_c22,24.0,1.0,0.0,24,18,6,0,24,0.75,0.25,Lower temporal flexibility,Single destination observed,Lower temporal flexibility / Single destination observed,Q1 lowest,G=0 single destination,0.0,0.0
Nutrition | r38_c24 | Thursday,Nutrition,r38_c24,Thursday,54,21,True,12:30-13:00,0.9259259259259259,3,0.07407407407407407,202.5,14.999999999999998,0.06944444444444445,True,True,0.07407407407407407,202.5,14.999999999999998,0.06944444444444445,0.07407407407407407,202.5,0.06944444444444445,3.0,0.41015089163237306,2.0,2.4381270903010037,0.5898491083676269,r37_c24,26.0,0.48148148148148145,True,2.0,2.4381270903010037,0.5898491083676269,r37_c24,26.0,0.48148148148148145,0.5898491083676269,54,38,16,0,54,0.7037037037037037,0.2962962962962963,Lower temporal flexibility,Destination diversity observed,Lower temporal flexibility / Destination diversity observed,Q2,G>0 middle,3.75,31.851851851851855
Nutrition | r38_c24 | Tuesday,Nutrition,r38_c24,Tuesday,53,21,True,12:30-13:00,0.9433962264150944,2,0.05660377358490565,240.00000000000006,13.584905660377359,0.05660377358490566,True,True,0.05660377358490565,240.00000000000006,13.584905660377359,0.05660377358490566,0.05660377358490565,240.00000000000006,0.05660377358490566,3.0,0.4061943752224991,2.0,2.461875547765118,0.5938056247775009,r37_c24,24.0,0.4528301886792453,True,2.0,2.461875547765118,0.5938056247775009,r37_c24,24.0,0.4528301886792453,0.5938056247775009,53,34,18,1,52,0.6538461538461539,0.34615384615384615,Lower temporal flexibility,Destination diversity observed,Lower temporal flexibility / Destination diversity observed,Q2,G>0 middle,3.0,31.471698113207545
Nutrition | r38_c24 | Wednesday,Nutrition,r38_c24,Wednesday,28,21,True,12:30-13:00,0.8571428571428571,3,0.1428571428571429,247.4999999999999,35.357142857142854,0.14285714285714285,True,True,0.1428571428571429,247.4999999999999,35.357142857142854,0.14285714285714285,0.1428571428571429,247.4999999999999,0.14285714285714285,2.0,0.625,1.0,1.6,0.375,r37_c22,21.0,0.75,True,1.0,1.6,0.375,r37_c22,21.0,0.75,0.375,28,24,4,0,28,0.8571428571428571,0.14285714285714285,Higher temporal flexibility,Destination diversity observed,Higher temporal flexibility / Destination diversity observed,Q3,G>0 lower,4.0,10.5
Nutrition | r39_c13 | Friday,Nutrition,r39_c13,Friday,24,15,True,07:00-07:30,0.5416666666666666,3,0.45833333333333337,57.272727272727266,26.25,0.21875,True,True,0.45833333333333337,57.272727272727266,26.25,0.21875,0.45833333333333337,57.272727272727266,0.21875,1.0,1.0,0.0,1.0,0.0,r40_c16,24.0,1.0,True,0.0,1.0,0.0,r40_c16,24.0,1.0,0.0,24,7,16,1,23,0.30434782608695654,0.6956521739130435,Higher temporal flexibility,Single destination observed,Higher temporal flexibility / Single destination observed,Q3,G=0 single destination,5.25,0.0
Nutrition | r39_c13 | Monday,Nutrition,r39_c13,Monday,20,15,True,07:00-07:30,0.5,2,0.5,60.0,30.0,0.25,True,True,0.5,60.0,30.0,0.25,0.5,60.0,0.25,1.0,1.0,0.0,1.0,0.0,r40_c16,20.0,1.0,True,0.0,1.0,0.0,r40_c16,20.0,1.0,0.0,20,10,10,0,20,0.5,0.5,Higher temporal flexibility,Single destination observed,Higher temporal flexibility / Single destination observed,Q4 highest,G=0 single destination,5.0,0.0
Nutrition | r39_c13 | Thursday,Nutrition,r39_c13,Thursday,22,15,True,07:00-07:30,0.5454545454545454,3,0.4545454545454546,54.0,24.545454545454547,0.20454545454545456,True,True,0.4545454545454546,54.0,24.545454545454547,0.20454545454545456,0.4545454545454546,54.0,0.20454545454545456,1.0,1.0,0.0,1.0,0.0,r40_c16,22.0,1.0,True,0.0,1.0,0.0,r40_c16,22.0,1.0,0.0,22,3,19,0,22,0.13636363636363635,0.8636363636363636,Higher temporal flexibility,Single destination observed,Higher temporal flexibility / Single destination observed,Q3,G=0 single destination,4.5,0.0
Nutrition | r39_c13 | Tuesday,Nutrition,r39_c13,Tuesday,19,15,True,07:00-07:30,0.5263157894736842,2,0.4736842105263158,59.99999999999999,28.421052631578945,0.23684210526315788,True,True,0.4736842105263158,59.99999999999999,28.421052631578945,0.23684210526315788,0.4736842105263158,59.99999999999999,0.23684210526315788,1.0,1.0,0.0,1.0,0.0,r40_c16,19.0,1.0,True,0.0,1.0,0.0,r40_c16,19.0,1.0,0.0,19,11,8,0,19,0.5789473684210527,0.42105263157894735,Higher temporal flexibility,Single destination observed,Higher temporal flexibility / Single destination observed,Q4 highest,G=0 single destination,4.5,0.0
Nutrition | r39_c13 | Wednesday,Nutrition,r39_c13,Wednesday,19,15,True,07:00-07:30,0.5263157894736842,2,0.4736842105263158,59.99999999999999,28.421052631578945,0.23684210526315788,True,True,0.4736842105263158,59.99999999999999,28.421052631578945,0.23684210526315788,0.4736842105263158,59.99999999999999,0.23684210526315788,1.0,1.0,0.0,1.0,0.0,r40_c16,19.0,1.0,True,0.0,1.0,0.0,r40_c16,19.0,1.0,0.0,19,10,9,0,19,0.5263157894736842,0.47368421052631576,Higher temporal flexibility,Single destination observed,Higher temporal flexibility / Single destination observed,Q4 highest,G=0 single destination,4.5,0.0
Nutrition | r40_c16 | Friday,Nutrition,r40_c16,Friday,45,15,True,13:00-13:30,0.9333333333333333,3,0.06666666666666665,40.000000000000014,2.666666666666667,0.022222222222222223,True,True,0.06666666666666665,40.000000000000014,2.666666666666667,0.022222222222222223,0.06666666666666665,40.000000000000014,0.022222222222222223,2.0,0.5002469135802469,1.0,1.9990128331688057,0.49975308641975313,r36_c15,23.0,0.5111111111111111,True,1.0,1.9990128331688057,0.49975308641975313,r36_c15,23.0,0.5111111111111111,0.49975308641975313,45,11,31,3,42,0.2619047619047619,0.7380952380952381,Lower temporal flexibility,Destination diversity observed,Lower temporal flexibility / Destination diversity observed,Q1 lowest,G>0 middle,1.0,22.48888888888889
Nutrition | r40_c16 | Monday,Nutrition,r40_c16,Monday,21,15,True,13:00-13:30,0.9523809523809523,2,0.04761904761904767,29.999999999999964,1.4285714285714284,0.011904761904761902,True,True,0.04761904761904767,29.999999999999964,1.4285714285714284,0.011904761904761902,0.04761904761904767,29.999999999999964,0.011904761904761902,2.0,0.6371882086167799,1.0,1.5693950177935945,0.36281179138322006,r39_c13,16.0,0.7619047619047619,True,1.0,1.5693950177935945,0.36281179138322006,r39_c13,16.0,0.7619047619047619,0.36281179138322006,21,11,10,0,21,0.5238095238095238,0.47619047619047616,Lower temporal flexibility,Destination diversity observed,Lower temporal flexibility / Destination diversity observed,Q1 lowest,G>0 lower,0.24999999999999994,7.619047619047621
Nutrition | r40_c16 | Thursday,Nutrition,r40_c16,Thursday,15,15,True,13:00-13:30,1.0,1,0.0,,0.0,0.0,True,True,0.0,,0.0,0.0,0.0,,0.0,1.0,1.0,0.0,1.0,0.0,r39_c13,15.0,1.0,True,0.0,1.0,0.0,r39_c13,15.0,1.0,0.0,15,7,8,0,15,0.4666666666666667,0.5333333333333333,Lower temporal flexibility,Single destination observed,Lower temporal flexibility / Single destination observed,Q1 lowest,G=0 single destination,0.0,0.0
Nutrition | r40_c16 | Tuesday,Nutrition,r40_c16,Tuesday,15,15,True,13:00-13:30,1.0,1,0.0,,0.0,0.0,True,True,0.0,,0.0,0.0,0.0,,0.0,1.0,1.0,0.0,1.0,0.0,r39_c13,15.0,1.0,True,0.0,1.0,0.0,r39_c13,15.0,1.0,0.0,15,10,5,0,15,0.6666666666666666,0.3333333333333333,Lower temporal flexibility,Single destination observed,Lower temporal flexibility / Single destination observed,Q1 lowest,G=0 single destination,0.0,0.0
Nutrition | r40_c16 | Wednesday,Nutrition,r40_c16,Wednesday,32,15,True,13:00-13:30,1.0,1,0.0,,0.0,0.0,True,True,0.0,,0.0,0.0,0.0,,0.0,2.0,0.501953125,1.0,1.9922178988326849,0.498046875,r36_c15,17.0,0.53125,True,1.0,1.9922178988326849,0.498046875,r36_c15,17.0,0.53125,0.498046875,32,13,18,1,31,0.41935483870967744,0.5806451612903226,Lower temporal flexibility,Destination diversity observed,Lower temporal flexibility / Destination diversity observed,Q1 lowest,G>0 middle,0.0,15.9375
Nutrition | r9_c18 | Friday,Nutrition,r9_c18,Friday,64,53,True,08:30-09:00,0.46875,3,0.53125,79.41176470588235,42.1875,0.3515625,True,True,0.53125,79.41176470588235,42.1875,0.3515625,0.53125,79.41176470588235,0.3515625,1.0,1.0,0.0,1.0,0.0,r12_c21,64.0,1.0,True,0.0,1.0,0.0,r12_c21,64.0,1.0,0.0,64,36,27,1,63,0.5714285714285714,0.42857142857142855,Higher temporal flexibility,Single destination observed,Higher temporal flexibility / Single destination observed,Q4 highest,G=0 single destination,22.5,0.0
Nutrition | r9_c18 | Monday,Nutrition,r9_c18,Monday,62,52,True,08:30-09:00,0.46774193548387094,3,0.532258064516129,78.18181818181819,41.61290322580645,0.34677419354838707,True,True,0.532258064516129,78.18181818181819,41.61290322580645,0.34677419354838707,0.532258064516129,78.18181818181819,0.34677419354838707,1.0,1.0,0.0,1.0,0.0,r12_c21,62.0,1.0,True,0.0,1.0,0.0,r12_c21,62.0,1.0,0.0,62,38,24,0,62,0.6129032258064516,0.3870967741935484,Higher temporal flexibility,Single destination observed,Higher temporal flexibility / Single destination observed,Q4 highest,G=0 single destination,21.499999999999996,0.0
Nutrition | r9_c18 | Thursday,Nutrition,r9_c18,Thursday,62,52,True,08:30-09:00,0.46774193548387094,3,0.532258064516129,79.0909090909091,42.096774193548384,0.35080645161290325,True,True,0.532258064516129,79.0909090909091,42.096774193548384,0.35080645161290325,0.532258064516129,79.0909090909091,0.35080645161290325,1.0,1.0,0.0,1.0,0.0,r12_c21,62.0,1.0,True,0.0,1.0,0.0,r12_c21,62.0,1.0,0.0,62,40,19,3,59,0.6779661016949152,0.3220338983050847,Higher temporal flexibility,Single destination observed,Higher temporal flexibility / Single destination observed,Q4 highest,G=0 single destination,21.75,0.0
Nutrition | r9_c18 | Tuesday,Nutrition,r9_c18,Tuesday,63,52,True,08:30-09:00,0.4603174603174603,3,0.5396825396825398,78.52941176470587,42.38095238095238,0.35317460317460314,True,True,0.5396825396825398,78.52941176470587,42.38095238095238,0.35317460317460314,0.5396825396825398,78.52941176470587,0.35317460317460314,1.0,1.0,0.0,1.0,0.0,r12_c21,63.0,1.0,True,0.0,1.0,0.0,r12_c21,63.0,1.0,0.0,63,40,21,2,61,0.6557377049180327,0.3442622950819672,Higher temporal flexibility,Single destination observed,Higher temporal flexibility / Single destination observed,Q4 highest,G=0 single destination,22.249999999999996,0.0
Nutrition | r9_c18 | Wednesday,Nutrition,r9_c18,Wednesday,62,52,True,08:30-09:00,0.46774193548387094,3,0.532258064516129,78.18181818181819,41.61290322580645,0.34677419354838707,True,True,0.532258064516129,78.18181818181819,41.61290322580645,0.34677419354838707,0.532258064516129,78.18181818181819,0.34677419354838707,1.0,1.0,0.0,1.0,0.0,r12_c21,62.0,1.0,True,0.0,1.0,0.0,r12_c21,62.0,1.0,0.0,62,40,20,2,60,0.6666666666666666,0.3333333333333333,Higher temporal flexibility,Single destination observed,Higher temporal flexibility / Single destination observed,Q4 highest,G=0 single destination,21.499999999999996,0.0
Personal | r10_c14 | Friday,Personal,r10_c14,Friday,15,4,True,10:00-10:30,0.3333333333333333,7,0.6666666666666667,179.99999999999997,120.0,0.4666666666666667,True,True,0.6666666666666667,179.99999999999997,120.0,0.4666666666666667,0.6666666666666667,179.99999999999997,0.4666666666666667,5.0,0.29777777777777775,4.0,3.3582089552238807,0.7022222222222223,r31_c19,6.0,0.4,True,4.0,3.3582089552238807,0.7022222222222223,r31_c19,6.0,0.4,0.7022222222222223,15,3,12,0,15,0.2,0.8,Higher temporal flexibility,Destination diversity observed,Higher temporal flexibility / Destination diversity observed,Q4 highest,G>0 higher,7.0,10.533333333333335
Personal | r11_c18 | Friday,Personal,r11_c18,Friday,20,6,True,09:30-10:00,0.3,7,0.7,68.57142857142857,48.0,0.36250000000000004,True,True,0.7,68.57142857142857,48.0,0.36250000000000004,0.7,68.57142857142857,0.36250000000000004,4.0,0.4050000000000001,3.0,2.469135802469135,0.595,r29_c16,11.0,0.55,True,3.0,2.469135802469135,0.595,r29_c16,11.0,0.55,0.595,20,4,16,0,20,0.2,0.8,Higher temporal flexibility,Destination diversity observed,Higher temporal flexibility / Destination diversity observed,Q4 highest,G>0 middle,7.250000000000001,11.899999999999999
Personal | r11_c18 | Monday,Personal,r11_c18,Monday,18,5,True,09:00-09:30,0.3333333333333333,6,0.6666666666666667,52.49999999999999,35.0,0.29166666666666663,True,True,0.6666666666666667,52.49999999999999,35.0,0.29166666666666663,0.6666666666666667,52.49999999999999,0.29166666666666663,5.0,0.3209876543209877,4.0,3.115384615384615,0.6790123456790123,r29_c16,9.0,0.5,True,4.0,3.115384615384615,0.6790123456790123,r29_c16,9.0,0.5,0.6790123456790123,18,1,17,0,18,0.05555555555555555,0.9444444444444444,Higher temporal flexibility,Destination diversity observed,Higher temporal flexibility / Destination diversity observed,Q4 highest,G>0 higher,5.249999999999999,12.222222222222221
Personal | r11_c18 | Wednesday,Personal,r11_c18,Wednesday,10,4,True,09:30-10:00,0.4,3,0.6,40.0,24.0,0.2,True,True,0.6,40.0,24.0,0.2,0.6,40.0,0.2,3.0,0.38,2.0,2.6315789473684212,0.62,r29_c16,5.0,0.5,True,2.0,2.6315789473684212,0.62,r29_c16,5.0,0.5,0.62,10,0,10,0,10,0.0,1.0,Higher temporal flexibility,Destination diversity observed,Higher temporal flexibility / Destination diversity observed,Q3,G>0 middle,2.0,6.2
Personal | r14_c24 | Friday,Personal,r14_c24,Friday,24,10,True,10:30-11:00,0.125,13,0.875,181.42857142857142,158.75,0.7604166666666665,True,True,0.875,181.42857142857142,158.75,0.7604166666666665,0.875,181.42857142857142,0.7604166666666665,6.0,0.3541666666666666,5.0,2.8235294117647065,0.6458333333333335,r19_c14,13.0,0.5416666666666666,True,5.0,2.8235294117647065,0.6458333333333335,r19_c14,13.0,0.5416666666666666,0.6458333333333335,24,2,22,0,24,0.08333333333333333,0.9166666666666666,Higher temporal flexibility,Destination diversity observed,Higher temporal flexibility / Destination diversity observed,Q4 highest,G>0 middle,18.249999999999996,15.500000000000004
Personal | r14_c24 | Monday,Personal,r14_c24,Monday,12,6,True,09:00-09:30,0.16666666666666666,7,0.8333333333333334,120.0,100.0,0.6458333333333334,True,True,0.8333333333333334,120.0,100.0,0.6458333333333334,0.8333333333333334,120.0,0.6458333333333334,4.0,0.40277777777777785,3.0,2.482758620689655,0.5972222222222221,r16_c17,7.0,0.5833333333333334,True,3.0,2.482758620689655,0.5972222222222221,r16_c17,7.0,0.5833333333333334,0.5972222222222221,12,5,7,0,12,0.4166666666666667,0.5833333333333334,Higher temporal flexibility,Destination diversity observed,Higher temporal flexibility / Destination diversity observed,Q4 highest,G>0 middle,7.75,7.166666666666665
Personal | r14_c24 | Thursday,Personal,r14_c24,Thursday,25,10,True,13:30-14:00,0.2,11,0.8,130.5,104.4,0.5599999999999999,True,True,0.8,130.5,104.4,0.5599999999999999,0.8,130.5,0.5599999999999999,9.0,0.1552,8.0,6.443298969072165,0.8448,r13_c24,6.0,0.24,True,8.0,6.443298969072165,0.8448,r13_c24,6.0,0.24,0.8448,25,2,23,0,25,0.08,0.92,Higher temporal flexibility,Destination diversity observed,Higher temporal flexibility / Destination diversity observed,Q4 highest,G>0 higher,13.999999999999998,21.12
Personal | r14_c24 | Tuesday,Personal,r14_c24,Tuesday,38,13,True,12:30-13:00,0.21052631578947367,11,0.7894736842105263,107.0,84.47368421052632,0.5921052631578947,True,True,0.7894736842105263,107.0,84.47368421052632,0.5921052631578947,0.7894736842105263,107.0,0.5921052631578947,6.0,0.28670360110803317,5.0,3.4879227053140105,0.7132963988919668,r16_c17,16.0,0.42105263157894735,True,5.0,3.4879227053140105,0.7132963988919668,r16_c17,16.0,0.42105263157894735,0.7132963988919668,38,3,34,1,37,0.08108108108108109,0.918918918918919,Higher temporal flexibility,Destination diversity observed,Higher temporal flexibility / Destination diversity observed,Q4 highest,G>0 higher,22.5,27.10526315789474
Personal | r14_c24 | Wednesday,Personal,r14_c24,Wednesday,17,4,True,10:30-11:00,0.35294117647058826,6,0.6470588235294117,51.81818181818183,33.529411764705884,0.27941176470588236,True,True,0.6470588235294117,51.81818181818183,33.529411764705884,0.27941176470588236,0.6470588235294117,51.81818181818183,0.27941176470588236,3.0,0.6955017301038062,2.0,1.4378109452736318,0.3044982698961938,r16_c17,14.0,0.8235294117647058,True,2.0,1.4378109452736318,0.3044982698961938,r16_c17,14.0,0.8235294117647058,0.3044982698961938,17,0,17,0,17,0.0,1.0,Higher temporal flexibility,Destination diversity observed,Higher temporal flexibility / Destination diversity observed,Q4 highest,G>0 lower,4.75,5.176470588235294
Personal | r15_c16 | Thursday,Personal,r15_c16,Thursday,12,7,True,12:00-12:30,0.3333333333333333,6,0.6666666666666667,82.49999999999999,55.0,0.4583333333333333,True,True,0.6666666666666667,82.49999999999999,55.0,0.4583333333333333,0.6666666666666667,82.49999999999999,0.4583333333333333,2.0,0.8472222222222221,1.0,1.1803278688524592,0.1527777777777779,r17_c16,11.0,0.9166666666666666,True,1.0,1.1803278688524592,0.1527777777777779,r17_c16,11.0,0.9166666666666666,0.1527777777777779,12,4,8,0,12,0.3333333333333333,0.6666666666666666,Higher temporal flexibility,Destination diversity observed,Higher temporal flexibility / Destination diversity observed,Q4 highest,G>0 lower,5.5,1.8333333333333348
Personal | r16_c17 | Friday,Personal,r16_c17,Friday,29,5,True,13:30-14:00,0.1724137931034483,9,0.8275862068965517,61.25,50.689655172413794,0.4224137931034483,True,True,0.8275862068965517,61.25,50.689655172413794,0.4224137931034483,0.8275862068965517,61.25,0.4224137931034483,2.0,0.8145065398335316,1.0,1.227737226277372,0.1854934601664684,r14_c24,26.0,0.896551724137931,True,1.0,1.227737226277372,0.1854934601664684,r14_c24,26.0,0.896551724137931,0.1854934601664684,29,3,26,0,29,0.10344827586206896,0.896551724137931,Higher temporal flexibility,Destination diversity observed,Higher temporal flexibility / Destination diversity observed,Q4 highest,G>0 lower,12.25,5.379310344827584
Personal | r16_c17 | Thursday,Personal,r16_c17,Thursday,26,8,True,14:00-14:30,0.23076923076923078,9,0.7692307692307692,61.50000000000001,47.30769230769231,0.3846153846153847,True,True,0.7692307692307692,61.50000000000001,47.30769230769231,0.3846153846153847,0.7692307692307692,61.50000000000001,0.3846153846153847,4.0,0.6686390532544378,3.0,1.4955752212389382,0.33136094674556216,r12_c25,21.0,0.8076923076923077,True,3.0,1.4955752212389382,0.33136094674556216,r12_c25,21.0,0.8076923076923077,0.33136094674556216,26,1,25,0,26,0.038461538461538464,0.9615384615384616,Higher temporal flexibility,Destination diversity observed,Higher temporal flexibility / Destination diversity observed,Q4 highest,G>0 lower,10.000000000000002,8.615384615384617
Personal | r16_c17 | Tuesday,Personal,r16_c17,Tuesday,14,4,True,14:00-14:30,0.2857142857142857,6,0.7142857142857143,44.99999999999999,32.14285714285714,0.26785714285714285,True,True,0.7142857142857143,44.99999999999999,32.14285714285714,0.26785714285714285,0.7142857142857143,44.99999999999999,0.26785714285714285,2.0,0.7551020408163265,1.0,1.3243243243243243,0.24489795918367352,r12_c25,12.0,0.8571428571428571,True,1.0,1.3243243243243243,0.24489795918367352,r12_c25,12.0,0.8571428571428571,0.24489795918367352,14,0,14,0,14,0.0,1.0,Higher temporal flexibility,Destination diversity observed,Higher temporal flexibility / Destination diversity observed,Q4 highest,G>0 lower,3.75,3.4285714285714293
Personal | r17_c16 | Friday,Personal,r17_c16,Friday,45,33,True,09:30-10:00,0.7555555555555555,4,0.24444444444444446,84.54545454545455,20.666666666666668,0.09444444444444446,True,True,0.24444444444444446,84.54545454545455,20.666666666666668,0.09444444444444446,0.24444444444444446,84.54545454545455,0.09444444444444446,2.0,0.9150617283950617,1.0,1.0928224500809498,0.08493827160493828,r18_c16,43.0,0.9555555555555556,True,1.0,1.0928224500809498,0.08493827160493828,r18_c16,43.0,0.9555555555555556,0.08493827160493828,45,24,21,0,45,0.5333333333333333,0.4666666666666667,Lower temporal flexibility,Destination diversity observed,Lower temporal flexibility / Destination diversity observed,Q2,G>0 lower,4.250000000000001,3.8222222222222224
Personal | r17_c16 | Thursday,Personal,r17_c16,Thursday,15,7,True,14:30-15:00,0.26666666666666666,5,0.7333333333333334,46.36363636363636,34.0,0.2833333333333333,True,True,0.7333333333333334,46.36363636363636,34.0,0.2833333333333333,0.7333333333333334,46.36363636363636,0.2833333333333333,2.0,0.8755555555555556,1.0,1.1421319796954315,0.12444444444444436,r15_c16,14.0,0.9333333333333333,True,1.0,1.1421319796954315,0.12444444444444436,r15_c16,14.0,0.9333333333333333,0.12444444444444436,15,3,12,0,15,0.2,0.8,Higher temporal flexibility,Destination diversity observed,Higher temporal flexibility / Destination diversity observed,Q4 highest,G>0 lower,4.25,1.8666666666666654
Personal | r17_c16 | Wednesday,Personal,r17_c16,Wednesday,13,4,True,15:30-16:00,0.46153846153846156,4,0.5384615384615384,34.28571428571429,18.461538461538463,0.15384615384615385,True,True,0.5384615384615384,34.28571428571429,18.461538461538463,0.15384615384615385,0.5384615384615384,34.28571428571429,0.15384615384615385,2.0,0.8579881656804735,1.0,1.1655172413793102,0.14201183431952646,r15_c16,12.0,0.9230769230769231,True,1.0,1.1655172413793102,0.14201183431952646,r15_c16,12.0,0.9230769230769231,0.14201183431952646,13,2,11,0,13,0.15384615384615385,0.8461538461538461,Higher temporal flexibility,Destination diversity observed,Higher temporal flexibility / Destination diversity observed,Q3,G>0 lower,2.0,1.846153846153844
Personal | r18_c16 | Friday,Personal,r18_c16,Friday,55,32,True,12:30-13:00,0.9272727272727272,4,0.07272727272727275,82.49999999999996,5.999999999999999,0.05,True,True,0.07272727272727275,82.49999999999996,5.999999999999999,0.05,0.07272727272727275,82.49999999999996,0.05,1.0,1.0,0.0,1.0,0.0,r17_c16,55.0,1.0,True,0.0,1.0,0.0,r17_c16,55.0,1.0,0.0,55,23,32,0,55,0.41818181818181815,0.5818181818181818,Lower temporal flexibility,Single destination observed,Lower temporal flexibility / Single destination observed,Q2,G=0 single destination,2.75,0.0
Personal | r19_c14 | Friday,Personal,r19_c14,Friday,32,5,True,10:00-10:30,0.34375,8,0.65625,65.71428571428571,43.125,0.3515625,True,True,0.65625,65.71428571428571,43.125,0.3515625,0.65625,65.71428571428571,0.3515625,4.0,0.673828125,3.0,1.4840579710144928,0.326171875,r14_c24,26.0,0.8125,True,3.0,1.4840579710144928,0.326171875,r14_c24,26.0,0.8125,0.326171875,32,1,31,0,32,0.03125,0.96875,Higher temporal flexibility,Destination diversity observed,Higher temporal flexibility / Destination diversity observed,Q4 highest,G>0 lower,11.25,10.4375
Personal | r19_c14 | Tuesday,Personal,r19_c14,Tuesday,17,4,True,09:30-10:00,0.29411764705882354,6,0.7058823529411764,47.50000000000001,33.529411764705884,0.27941176470588236,True,True,0.7058823529411764,47.50000000000001,33.529411764705884,0.27941176470588236,0.7058823529411764,47.50000000000001,0.27941176470588236,2.0,0.8892733564013842,1.0,1.1245136186770428,0.11072664359861584,r14_c24,16.0,0.9411764705882353,True,1.0,1.1245136186770428,0.11072664359861584,r14_c24,16.0,0.9411764705882353,0.11072664359861584,17,2,15,0,17,0.11764705882352941,0.8823529411764706,Higher temporal flexibility,Destination diversity observed,Higher temporal flexibility / Destination diversity observed,Q4 highest,G>0 lower,4.75,1.8823529411764692
Personal | r19_c14 | Wednesday,Personal,r19_c14,Wednesday,12,3,True,11:00-11:30,0.4166666666666667,5,0.5833333333333333,38.57142857142858,22.5,0.1875,True,True,0.5833333333333333,38.57142857142858,22.5,0.1875,0.5833333333333333,38.57142857142858,0.1875,2.0,0.625,1.0,1.6,0.375,r18_c17,9.0,0.75,True,1.0,1.6,0.375,r18_c17,9.0,0.75,0.375,12,0,12,0,12,0.0,1.0,Higher temporal flexibility,Destination diversity observed,Higher temporal flexibility / Destination diversity observed,Q3,G>0 lower,2.25,4.5
Personal | r19_c16 | Friday,Personal,r19_c16,Friday,16,5,True,12:30-13:00,0.375,4,0.625,36.0,22.5,0.1875,True,True,0.625,36.0,22.5,0.1875,0.625,36.0,0.1875,1.0,1.0,0.0,1.0,0.0,r23_c16,16.0,1.0,True,0.0,1.0,0.0,r23_c16,16.0,1.0,0.0,16,1,15,0,16,0.0625,0.9375,Higher temporal flexibility,Single destination observed,Higher temporal flexibility / Single destination observed,Q3,G=0 single destination,3.0,0.0
Personal | r19_c16 | Thursday,Personal,r19_c16,Thursday,23,10,True,12:00-12:30,0.391304347826087,6,0.6086956521739131,49.285714285714285,30.0,0.24999999999999997,True,True,0.6086956521739131,49.285714285714285,30.0,0.24999999999999997,0.6086956521739131,49.285714285714285,0.24999999999999997,2.0,0.7731568998109641,1.0,1.293398533007335,0.22684310018903586,r23_c16,20.0,0.8695652173913043,True,1.0,1.293398533007335,0.22684310018903586,r23_c16,20.0,0.8695652173913043,0.22684310018903586,23,8,15,0,23,0.34782608695652173,0.6521739130434783,Higher temporal flexibility,Destination diversity observed,Higher temporal flexibility / Destination diversity observed,Q4 highest,G>0 lower,5.749999999999999,5.217391304347824
Personal | r20_c16 | Monday,Personal,r20_c16,Monday,10,4,True,12:30-13:00,0.4,6,0.6,110.0,66.0,0.4000000000000001,True,True,0.6,110.0,66.0,0.4000000000000001,0.6,110.0,0.4000000000000001,4.0,0.30000000000000004,3.0,3.333333333333333,0.7,r20_c16,4.0,0.4,True,3.0,3.333333333333333,0.7,r20_c16,4.0,0.4,0.7,10,2,7,1,9,0.2222222222222222,0.7777777777777778,Higher temporal flexibility,Destination diversity observed,Higher temporal flexibility / Destination diversity observed,Q4 highest,G>0 higher,4.000000000000001,7.0
Personal | r20_c16 | Tuesday,Personal,r20_c16,Tuesday,12,3,True,13:30-14:00,0.4166666666666667,5,0.5833333333333333,42.85714285714286,25.0,0.20833333333333331,True,True,0.5833333333333333,42.85714285714286,25.0,0.20833333333333331,0.5833333333333333,42.85714285714286,0.20833333333333331,1.0,1.0,0.0,1.0,0.0,r18_c15,12.0,1.0,True,0.0,1.0,0.0,r18_c15,12.0,1.0,0.0,12,1,11,0,12,0.08333333333333333,0.9166666666666666,Higher temporal flexibility,Single destination observed,Higher temporal flexibility / Single destination observed,Q3,G=0 single destination,2.5,0.0
Personal | r20_c21 | Thursday,Personal,r20_c21,Thursday,11,4,True,10:00-10:30,0.45454545454545453,4,0.5454545454545454,55.00000000000001,30.0,0.25,True,True,0.5454545454545454,55.00000000000001,30.0,0.25,0.5454545454545454,55.00000000000001,0.25,1.0,1.0,0.0,1.0,0.0,r25_c21,11.0,1.0,True,0.0,1.0,0.0,r25_c21,11.0,1.0,0.0,11,2,9,0,11,0.18181818181818182,0.8181818181818182,Higher temporal flexibility,Single destination observed,Higher temporal flexibility / Single destination observed,Q4 highest,G=0 single destination,2.75,0.0
Personal | r20_c21 | Wednesday,Personal,r20_c21,Wednesday,17,6,True,10:00-10:30,0.4117647058823529,5,0.5882352941176471,45.00000000000001,26.470588235294123,0.22058823529411767,True,True,0.5882352941176471,45.00000000000001,26.470588235294123,0.22058823529411767,0.5882352941176471,45.00000000000001,0.22058823529411767,2.0,0.6401384083044982,1.0,1.5621621621621624,0.3598615916955018,r25_c21,13.0,0.7647058823529411,True,1.0,1.5621621621621624,0.3598615916955018,r25_c21,13.0,0.7647058823529411,0.3598615916955018,17,5,12,0,17,0.29411764705882354,0.7058823529411765,Higher temporal flexibility,Destination diversity observed,Higher temporal flexibility / Destination diversity observed,Q3,G>0 lower,3.7500000000000004,6.117647058823531
Personal | r21_c17 | Friday,Personal,r21_c17,Friday,10,7,True,09:00-09:30,0.2,7,0.8,206.25,165.0,0.75,True,True,0.8,206.25,165.0,0.75,0.8,206.25,0.75,4.0,0.30000000000000004,3.0,3.333333333333333,0.7,r23_c17,4.0,0.4,True,3.0,3.333333333333333,0.7,r23_c17,4.0,0.4,0.7,10,5,5,0,10,0.5,0.5,Higher temporal flexibility,Destination diversity observed,Higher temporal flexibility / Destination diversity observed,Q4 highest,G>0 higher,7.5,7.0
Personal | r22_c16 | Tuesday,Personal,r22_c16,Tuesday,20,3,True,10:00-10:30,0.15,10,0.85,232.94117647058823,198.0,0.8500000000000001,True,True,0.85,232.94117647058823,198.0,0.8500000000000001,0.85,232.94117647058823,0.8500000000000001,3.0,0.34500000000000003,2.0,2.8985507246376807,0.655,r23_c16,8.0,0.4,True,2.0,2.8985507246376807,0.655,r23_c16,8.0,0.4,0.655,20,1,19,0,20,0.05,0.95,Higher temporal flexibility,Destination diversity observed,Higher temporal flexibility / Destination diversity observed,Q4 highest,G>0 middle,17.0,13.100000000000001
Personal | r23_c16 | Tuesday,Personal,r23_c16,Tuesday,10,4,True,11:30-12:00,0.3,5,0.7,188.57142857142858,132.0,0.7000000000000001,True,True,0.7,188.57142857142858,132.0,0.7000000000000001,0.7,188.57142857142858,0.7000000000000001,3.0,0.33999999999999997,2.0,2.9411764705882355,0.66,r19_c14,4.0,0.4,True,2.0,2.9411764705882355,0.66,r19_c14,4.0,0.4,0.66,10,4,5,1,9,0.4444444444444444,0.5555555555555556,Higher temporal flexibility,Destination diversity observed,Higher temporal flexibility / Destination diversity observed,Q4 highest,G>0 middle,7.000000000000001,6.6000000000000005
Personal | r24_c11 | Friday,Personal,r24_c11,Friday,10,4,True,13:30-14:00,0.2,6,0.8,105.0,84.0,0.65,True,True,0.8,105.0,84.0,0.65,0.8,105.0,0.65,3.0,0.44000000000000006,2.0,2.2727272727272725,0.5599999999999999,r31_c5,6.0,0.6,True,2.0,2.2727272727272725,0.5599999999999999,r31_c5,6.0,0.6,0.5599999999999999,10,3,7,0,10,0.3,0.7,Higher temporal flexibility,Destination diversity observed,Higher temporal flexibility / Destination diversity observed,Q4 highest,G>0 middle,6.5,5.6
Personal | r24_c11 | Thursday,Personal,r24_c11,Thursday,37,10,True,13:00-13:30,0.21621621621621623,11,0.7837837837837838,69.31034482758622,54.32432432432433,0.40540540540540543,True,True,0.7837837837837838,69.31034482758622,54.32432432432433,0.40540540540540543,0.7837837837837838,69.31034482758622,0.40540540540540543,5.0,0.6712929145361578,4.0,1.4896626768226333,0.3287070854638422,r33_c9,30.0,0.8108108108108109,True,4.0,1.4896626768226333,0.3287070854638422,r33_c9,30.0,0.8108108108108109,0.3287070854638422,37,4,32,1,36,0.1111111111111111,0.8888888888888888,Higher temporal flexibility,Destination diversity observed,Higher temporal flexibility / Destination diversity observed,Q4 highest,G>0 lower,15.0,12.162162162162161
Personal | r24_c22 | Wednesday,Personal,r24_c22,Wednesday,13,3,True,13:00-13:30,0.46153846153846156,5,0.5384615384615384,51.42857142857143,27.692307692307693,0.2307692307692308,True,True,0.5384615384615384,51.42857142857143,27.692307692307693,0.2307692307692308,0.5384615384615384,51.42857142857143,0.2307692307692308,2.0,0.57396449704142,1.0,1.7422680412371137,0.42603550295857995,r25_c23,9.0,0.6923076923076923,True,1.0,1.7422680412371137,0.42603550295857995,r25_c23,9.0,0.6923076923076923,0.42603550295857995,13,2,11,0,13,0.15384615384615385,0.8461538461538461,Higher temporal flexibility,Destination diversity observed,Higher temporal flexibility / Destination diversity observed,Q4 highest,G>0 middle,3.0000000000000004,5.538461538461539
Personal | r25_c23 | Thursday,Personal,r25_c23,Thursday,10,3,True,10:00-10:30,0.4,5,0.6,110.0,66.0,0.44999999999999996,True,True,0.6,110.0,66.0,0.44999999999999996,0.6,110.0,0.44999999999999996,2.0,0.6800000000000002,1.0,1.4705882352941173,0.31999999999999984,r25_c23,8.0,0.8,True,1.0,1.4705882352941173,0.31999999999999984,r25_c23,8.0,0.8,0.31999999999999984,10,5,5,0,10,0.5,0.5,Higher temporal flexibility,Destination diversity observed,Higher temporal flexibility / Destination diversity observed,Q4 highest,G>0 lower,4.5,3.1999999999999984
Personal | r25_c23 | Wednesday,Personal,r25_c23,Wednesday,14,3,True,09:30-10:00,0.2857142857142857,6,0.7142857142857143,107.99999999999999,77.14285714285714,0.4107142857142857,True,True,0.7142857142857143,107.99999999999999,77.14285714285714,0.4107142857142857,0.7142857142857143,107.99999999999999,0.4107142857142857,2.0,0.510204081632653,1.0,1.9600000000000004,0.48979591836734704,r24_c22,8.0,0.5714285714285714,True,1.0,1.9600000000000004,0.48979591836734704,r24_c22,8.0,0.5714285714285714,0.48979591836734704,14,3,11,0,14,0.21428571428571427,0.7857142857142857,Higher temporal flexibility,Destination diversity observed,Higher temporal flexibility / Destination diversity observed,Q4 highest,G>0 middle,5.75,6.8571428571428585
Personal | r26_c10 | Friday,Personal,r26_c10,Friday,59,35,True,12:00-12:30,0.864406779661017,7,0.13559322033898302,120.00000000000001,16.271186440677965,0.08898305084745763,True,True,0.13559322033898302,120.00000000000001,16.271186440677965,0.08898305084745763,0.13559322033898302,120.00000000000001,0.08898305084745763,3.0,0.8718758977305372,2.0,1.1469522240527183,0.1281241022694628,r28_c12,55.0,0.9322033898305084,True,2.0,1.1469522240527183,0.1281241022694628,r28_c12,55.0,0.9322033898305084,0.1281241022694628,59,33,25,1,58,0.5689655172413793,0.43103448275862066,Lower temporal flexibility,Destination diversity observed,Lower temporal flexibility / Destination diversity observed,Q2,G>0 lower,5.25,7.559322033898305
Personal | r26_c10 | Thursday,Personal,r26_c10,Thursday,39,29,True,09:00-09:30,0.8461538461538461,6,0.15384615384615385,114.99999999999997,17.69230769230769,0.12179487179487178,True,True,0.15384615384615385,114.99999999999997,17.69230769230769,0.12179487179487178,0.15384615384615385,114.99999999999997,0.12179487179487178,4.0,0.7251808021038791,3.0,1.3789664551223932,0.27481919789612086,r28_c10,33.0,0.8461538461538461,True,3.0,1.3789664551223932,0.27481919789612086,r28_c10,33.0,0.8461538461538461,0.27481919789612086,39,26,12,1,38,0.6842105263157895,0.3157894736842105,Lower temporal flexibility,Destination diversity observed,Lower temporal flexibility / Destination diversity observed,Q2,G>0 lower,4.749999999999999,10.717948717948714
Personal | r26_c19 | Tuesday,Personal,r26_c19,Tuesday,10,5,True,14:00-14:30,0.5,4,0.5,54.0,27.0,0.225,True,True,0.5,54.0,27.0,0.225,0.5,54.0,0.225,1.0,1.0,0.0,1.0,0.0,r27_c17,10.0,1.0,True,0.0,1.0,0.0,r27_c17,10.0,1.0,0.0,10,5,5,0,10,0.5,0.5,Higher temporal flexibility,Single destination observed,Higher temporal flexibility / Single destination observed,Q4 highest,G=0 single destination,2.25,0.0
Personal | r27_c10 | Friday,Personal,r27_c10,Friday,11,7,True,10:00-10:30,0.45454545454545453,6,0.5454545454545454,110.00000000000001,60.0,0.36363636363636365,True,True,0.5454545454545454,110.00000000000001,60.0,0.36363636363636365,0.5454545454545454,110.00000000000001,0.36363636363636365,5.0,0.256198347107438,4.0,3.9032258064516134,0.743801652892562,r27_c10,4.0,0.36363636363636365,True,4.0,3.9032258064516134,0.743801652892562,r27_c10,4.0,0.36363636363636365,0.743801652892562,11,6,4,1,10,0.6,0.4,Higher temporal flexibility,Destination diversity observed,Higher temporal flexibility / Destination diversity observed,Q4 highest,G>0 higher,4.0,8.181818181818182
Personal | r27_c10 | Thursday,Personal,r27_c10,Thursday,10,8,True,10:00-10:30,0.5,3,0.5,48.0,24.0,0.2,True,True,0.5,48.0,24.0,0.2,0.5,48.0,0.2,3.0,0.45999999999999996,2.0,2.173913043478261,0.54,r27_c12,6.0,0.6,True,2.0,2.173913043478261,0.54,r27_c12,6.0,0.6,0.54,10,6,4,0,10,0.6,0.4,Higher temporal flexibility,Destination diversity observed,Higher temporal flexibility / Destination diversity observed,Q3,G>0 middle,2.0,5.4
Personal | r27_c10 | Tuesday,Personal,r27_c10,Tuesday,18,11,True,10:00-10:30,0.2777777777777778,7,0.7222222222222222,85.38461538461539,61.666666666666664,0.34722222222222227,True,True,0.7222222222222222,85.38461538461539,61.666666666666664,0.34722222222222227,0.7222222222222222,85.38461538461539,0.34722222222222227,7.0,0.23456790123456794,6.0,4.263157894736842,0.7654320987654321,r27_c12,7.0,0.3888888888888889,True,6.0,4.263157894736842,0.7654320987654321,r27_c12,7.0,0.3888888888888889,0.7654320987654321,18,9,8,1,17,0.5294117647058824,0.47058823529411764,Higher temporal flexibility,Destination diversity observed,Higher temporal flexibility / Destination diversity observed,Q4 highest,G>0 higher,6.250000000000001,13.777777777777777
Personal | r27_c12 | Tuesday,Personal,r27_c12,Tuesday,16,5,True,12:30-13:00,0.4375,6,0.5625,53.333333333333336,30.0,0.25,True,True,0.5625,53.333333333333336,30.0,0.25,0.5625,53.333333333333336,0.25,1.0,1.0,0.0,1.0,0.0,r27_c10,16.0,1.0,True,0.0,1.0,0.0,r27_c10,16.0,1.0,0.0,16,3,12,1,15,0.2,0.8,Higher temporal flexibility,Single destination observed,Higher temporal flexibility / Single destination observed,Q4 highest,G=0 single destination,4.0,0.0
Personal | r27_c17 | Tuesday,Personal,r27_c17,Tuesday,17,7,True,11:00-11:30,0.35294117647058826,5,0.6470588235294117,43.63636363636365,28.23529411764706,0.23529411764705882,True,True,0.6470588235294117,43.63636363636365,28.23529411764706,0.23529411764705882,0.6470588235294117,43.63636363636365,0.23529411764705882,3.0,0.47404844290657444,2.0,2.1094890510948905,0.5259515570934256,r26_c19,10.0,0.5882352941176471,True,2.0,2.1094890510948905,0.5259515570934256,r26_c19,10.0,0.5882352941176471,0.5259515570934256,17,7,10,0,17,0.4117647058823529,0.5882352941176471,Higher temporal flexibility,Destination diversity observed,Higher temporal flexibility / Destination diversity observed,Q4 highest,G>0 middle,4.0,8.941176470588234
Personal | r28_c10 | Thursday,Personal,r28_c10,Thursday,25,19,True,11:30-12:00,0.68,3,0.31999999999999995,30.000000000000004,9.6,0.08,True,True,0.31999999999999995,30.000000000000004,9.6,0.08,0.31999999999999995,30.000000000000004,0.08,4.0,0.46559999999999996,3.0,2.1477663230240553,0.5344,r26_c10,15.0,0.6,True,3.0,2.1477663230240553,0.5344,r26_c10,15.0,0.6,0.5344,25,16,8,1,24,0.6666666666666666,0.3333333333333333,Lower temporal flexibility,Destination diversity observed,Lower temporal flexibility / Destination diversity observed,Q2,G>0 middle,2.0,13.36
Personal | r28_c12 | Friday,Personal,r28_c12,Friday,46,36,True,13:30-14:00,0.9565217391304348,3,0.04347826086956519,150.00000000000009,6.521739130434782,0.02717391304347826,True,True,0.04347826086956519,150.00000000000009,6.521739130434782,0.02717391304347826,0.04347826086956519,150.00000000000009,0.02717391304347826,1.0,1.0,0.0,1.0,0.0,r26_c10,46.0,1.0,True,0.0,1.0,0.0,r26_c10,46.0,1.0,0.0,46,31,14,1,45,0.6888888888888889,0.3111111111111111,Lower temporal flexibility,Single destination observed,Lower temporal flexibility / Single destination observed,Q1 lowest,G=0 single destination,1.25,0.0
Personal | r29_c16 | Friday,Personal,r29_c16,Friday,28,9,True,13:00-13:30,0.35714285714285715,6,0.6428571428571428,50.0,32.14285714285714,0.26785714285714285,True,True,0.6428571428571428,50.0,32.14285714285714,0.26785714285714285,0.6428571428571428,50.0,0.26785714285714285,5.0,0.3571428571428571,4.0,2.8000000000000003,0.6428571428571429,r32_c21,15.0,0.5357142857142857,True,4.0,2.8000000000000003,0.6428571428571429,r32_c21,15.0,0.5357142857142857,0.6428571428571429,28,9,18,1,27,0.3333333333333333,0.6666666666666666,Higher temporal flexibility,Destination diversity observed,Higher temporal flexibility / Destination diversity observed,Q4 highest,G>0 middle,7.5,18.0
Personal | r29_c16 | Thursday,Personal,r29_c16,Thursday,12,7,True,13:30-14:00,0.3333333333333333,5,0.6666666666666667,63.74999999999999,42.5,0.35416666666666663,True,True,0.6666666666666667,63.74999999999999,42.5,0.35416666666666663,0.6666666666666667,63.74999999999999,0.35416666666666663,6.0,0.25,5.0,4.0,0.75,r32_c21,5.0,0.4166666666666667,True,5.0,4.0,0.75,r32_c21,5.0,0.4166666666666667,0.75,12,3,9,0,12,0.25,0.75,Higher temporal flexibility,Destination diversity observed,Higher temporal flexibility / Destination diversity observed,Q4 highest,G>0 higher,4.25,9.0
Personal | r29_c16 | Tuesday,Personal,r29_c16,Tuesday,15,7,True,13:30-14:00,0.4,5,0.6,53.333333333333336,32.0,0.26666666666666666,True,True,0.6,53.333333333333336,32.0,0.26666666666666666,0.6,53.333333333333336,0.26666666666666666,6.0,0.33333333333333326,5.0,3.000000000000001,0.6666666666666667,r11_c18,8.0,0.5333333333333333,True,5.0,3.000000000000001,0.6666666666666667,r11_c18,8.0,0.5333333333333333,0.6666666666666667,15,1,14,0,15,0.06666666666666667,0.9333333333333333,Higher temporal flexibility,Destination diversity observed,Higher temporal flexibility / Destination diversity observed,Q4 highest,G>0 higher,4.0,10.000000000000002
Personal | r29_c16 | Wednesday,Personal,r29_c16,Wednesday,33,18,True,13:00-13:30,0.3333333333333333,6,0.6666666666666667,57.27272727272727,38.18181818181819,0.3181818181818182,True,True,0.6666666666666667,57.27272727272727,38.18181818181819,0.3181818181818182,0.6666666666666667,57.27272727272727,0.3181818181818182,3.0,0.6106519742883378,2.0,1.6375939849624062,0.38934802571166216,r33_c22,25.0,0.7575757575757576,True,2.0,1.6375939849624062,0.38934802571166216,r33_c22,25.0,0.7575757575757576,0.38934802571166216,33,12,21,0,33,0.36363636363636365,0.6363636363636364,Higher temporal flexibility,Destination diversity observed,Higher temporal flexibility / Destination diversity observed,Q4 highest,G>0 lower,10.5,12.848484848484851
Personal | r29_c17 | Friday,Personal,r29_c17,Friday,25,6,True,10:00-10:30,0.2,9,0.8,205.5,164.4,0.7000000000000001,True,True,0.8,205.5,164.4,0.7000000000000001,0.8,205.5,0.7000000000000001,4.0,0.5616000000000001,3.0,1.7806267806267804,0.4383999999999999,r17_c17,18.0,0.72,True,3.0,1.7806267806267804,0.4383999999999999,r17_c17,18.0,0.72,0.4383999999999999,25,7,18,0,25,0.28,0.72,Higher temporal flexibility,Destination diversity observed,Higher temporal flexibility / Destination diversity observed,Q4 highest,G>0 middle,17.5,10.959999999999997
Personal | r29_c17 | Thursday,Personal,r29_c17,Thursday,19,6,True,13:00-13:30,0.15789473684210525,10,0.8421052631578947,131.25,110.52631578947368,0.7368421052631581,True,True,0.8421052631578947,131.25,110.52631578947368,0.7368421052631581,0.8421052631578947,131.25,0.7368421052631581,4.0,0.3130193905817174,3.0,3.194690265486726,0.6869806094182827,r17_c17,8.0,0.42105263157894735,True,3.0,3.194690265486726,0.6869806094182827,r17_c17,8.0,0.42105263157894735,0.6869806094182827,19,3,16,0,19,0.15789473684210525,0.8421052631578947,Higher temporal flexibility,Destination diversity observed,Higher temporal flexibility / Destination diversity observed,Q4 highest,G>0 higher,14.000000000000004,13.05263157894737
Personal | r29_c19 | Wednesday,Personal,r29_c19,Wednesday,14,7,True,09:00-09:30,0.5714285714285714,2,0.4285714285714286,59.99999999999999,25.71428571428571,0.21428571428571427,True,True,0.4285714285714286,59.99999999999999,25.71428571428571,0.21428571428571427,0.4285714285714286,59.99999999999999,0.21428571428571427,1.0,1.0,0.0,1.0,0.0,r30_c21,14.0,1.0,True,0.0,1.0,0.0,r30_c21,14.0,1.0,0.0,14,7,7,0,14,0.5,0.5,Higher temporal flexibility,Single destination observed,Higher temporal flexibility / Single destination observed,Q3,G=0 single destination,3.0,0.0
Personal | r30_c21 | Wednesday,Personal,r30_c21,Wednesday,13,8,True,14:00-14:30,0.46153846153846156,6,0.5384615384615384,192.85714285714286,103.84615384615384,0.44230769230769235,True,True,0.5384615384615384,192.85714285714286,103.84615384615384,0.44230769230769235,0.5384615384615384,192.85714285714286,0.44230769230769235,4.0,0.6094674556213019,3.0,1.640776699029126,0.3905325443786981,r29_c19,10.0,0.7692307692307693,True,3.0,1.640776699029126,0.3905325443786981,r29_c19,10.0,0.7692307692307693,0.3905325443786981,13,6,7,0,13,0.46153846153846156,0.5384615384615384,Higher temporal flexibility,Destination diversity observed,Higher temporal flexibility / Destination diversity observed,Q4 highest,G>0 lower,5.750000000000001,5.076923076923076
Personal | r31_c19 | Friday,Personal,r31_c19,Friday,19,3,True,12:00-12:30,0.21052631578947367,7,0.7894736842105263,70.0,55.26315789473684,0.4605263157894737,True,True,0.7894736842105263,70.0,55.26315789473684,0.4605263157894737,0.7894736842105263,70.0,0.4605263157894737,3.0,0.7229916897506924,2.0,1.3831417624521076,0.2770083102493076,r10_c14,16.0,0.8421052631578947,True,2.0,1.3831417624521076,0.2770083102493076,r10_c14,16.0,0.8421052631578947,0.2770083102493076,19,2,17,0,19,0.10526315789473684,0.8947368421052632,Higher temporal flexibility,Destination diversity observed,Higher temporal flexibility / Destination diversity observed,Q4 highest,G>0 lower,8.75,5.263157894736844
Personal | r31_c20 | Thursday,Personal,r31_c20,Thursday,10,4,True,09:00-09:30,0.5,5,0.5,132.0,66.0,0.375,True,True,0.5,132.0,66.0,0.375,0.5,132.0,0.375,3.0,0.6600000000000001,2.0,1.515151515151515,0.33999999999999986,r21_c9,8.0,0.8,True,2.0,1.515151515151515,0.33999999999999986,r21_c9,8.0,0.8,0.33999999999999986,10,2,8,0,10,0.2,0.8,Higher temporal flexibility,Destination diversity observed,Higher temporal flexibility / Destination diversity observed,Q4 highest,G>0 lower,3.75,3.3999999999999986
Personal | r32_c21 | Friday,Personal,r32_c21,Friday,16,7,True,11:00-11:30,0.375,5,0.625,69.0,43.125,0.34375,True,True,0.625,69.0,43.125,0.34375,0.625,69.0,0.34375,4.0,0.515625,3.0,1.9393939393939394,0.484375,r29_c16,11.0,0.6875,True,3.0,1.9393939393939394,0.484375,r29_c16,11.0,0.6875,0.484375,16,5,11,0,16,0.3125,0.6875,Higher temporal flexibility,Destination diversity observed,Higher temporal flexibility / Destination diversity observed,Q4 highest,G>0 middle,5.5,7.75
Personal | r32_c21 | Thursday,Personal,r32_c21,Thursday,13,5,True,10:30-11:00,0.38461538461538464,7,0.6153846153846154,74.99999999999999,46.153846153846146,0.34615384615384615,True,True,0.6153846153846154,74.99999999999999,46.153846153846146,0.34615384615384615,0.6153846153846154,74.99999999999999,0.34615384615384615,3.0,0.455621301775148,2.0,2.1948051948051948,0.544378698224852,r29_c17,8.0,0.6153846153846154,True,2.0,2.1948051948051948,0.544378698224852,r29_c17,8.0,0.6153846153846154,0.544378698224852,13,2,11,0,13,0.15384615384615385,0.8461538461538461,Higher temporal flexibility,Destination diversity observed,Higher temporal flexibility / Destination diversity observed,Q4 highest,G>0 middle,4.5,7.076923076923076
Personal | r33_c20 | Friday,Personal,r33_c20,Friday,15,14,True,14:00-14:30,0.5333333333333333,3,0.4666666666666667,42.857142857142854,20.0,0.16666666666666669,True,True,0.4666666666666667,42.857142857142854,20.0,0.16666666666666669,0.4666666666666667,42.857142857142854,0.16666666666666669,2.0,0.5555555555555556,1.0,1.7999999999999998,0.4444444444444444,r35_c15,10.0,0.6666666666666666,True,1.0,1.7999999999999998,0.4444444444444444,r35_c15,10.0,0.6666666666666666,0.4444444444444444,15,3,10,2,13,0.23076923076923078,0.7692307692307693,Higher temporal flexibility,Destination diversity observed,Higher temporal flexibility / Destination diversity observed,Q3,G>0 middle,2.5000000000000004,6.666666666666666
Personal | r33_c20 | Monday,Personal,r33_c20,Monday,14,9,True,14:00-14:30,0.35714285714285715,4,0.6428571428571428,60.0,38.57142857142857,0.3214285714285714,True,True,0.6428571428571428,60.0,38.57142857142857,0.3214285714285714,0.6428571428571428,60.0,0.3214285714285714,2.0,0.6632653061224489,1.0,1.5076923076923079,0.33673469387755106,r35_c15,11.0,0.7857142857142857,True,1.0,1.5076923076923079,0.33673469387755106,r35_c15,11.0,0.7857142857142857,0.33673469387755106,14,5,7,2,12,0.4166666666666667,0.5833333333333334,Higher temporal flexibility,Destination diversity observed,Higher temporal flexibility / Destination diversity observed,Q4 highest,G>0 lower,4.5,4.714285714285715
Personal | r33_c20 | Thursday,Personal,r33_c20,Thursday,10,8,True,14:00-14:30,0.6,3,0.4,52.5,21.0,0.175,True,True,0.4,52.5,21.0,0.175,0.4,52.5,0.175,1.0,1.0,0.0,1.0,0.0,r35_c15,10.0,1.0,True,0.0,1.0,0.0,r35_c15,10.0,1.0,0.0,10,4,6,0,10,0.4,0.6,Higher temporal flexibility,Single destination observed,Higher temporal flexibility / Single destination observed,Q3,G=0 single destination,1.75,0.0
Personal | r33_c20 | Tuesday,Personal,r33_c20,Tuesday,11,9,True,14:00-14:30,0.7272727272727273,2,0.2727272727272727,60.0,16.363636363636363,0.13636363636363635,True,True,0.2727272727272727,60.0,16.363636363636363,0.13636363636363635,0.2727272727272727,60.0,0.13636363636363635,2.0,0.8347107438016528,1.0,1.1980198019801982,0.16528925619834722,r35_c15,10.0,0.9090909090909091,True,1.0,1.1980198019801982,0.16528925619834722,r35_c15,10.0,0.9090909090909091,0.16528925619834722,11,6,5,0,11,0.5454545454545454,0.45454545454545453,Higher temporal flexibility,Destination diversity observed,Higher temporal flexibility / Destination diversity observed,Q3,G>0 lower,1.5,1.8181818181818195
Personal | r33_c22 | Wednesday,Personal,r33_c22,Wednesday,24,16,True,09:00-09:30,0.25,5,0.75,73.33333333333333,55.0,0.45833333333333337,True,True,0.75,73.33333333333333,55.0,0.45833333333333337,0.75,73.33333333333333,0.45833333333333337,2.0,0.9201388888888891,1.0,1.0867924528301884,0.07986111111111094,r29_c16,23.0,0.9583333333333334,True,1.0,1.0867924528301884,0.07986111111111094,r29_c16,23.0,0.9583333333333334,0.07986111111111094,24,14,10,0,24,0.5833333333333334,0.4166666666666667,Higher temporal flexibility,Destination diversity observed,Higher temporal flexibility / Destination diversity observed,Q4 highest,G>0 lower,11.0,1.9166666666666625
Personal | r33_c23 | Tuesday,Personal,r33_c23,Tuesday,13,3,True,12:00-12:30,0.15384615384615385,8,0.8461538461538461,87.27272727272728,73.84615384615385,0.5576923076923077,True,True,0.8461538461538461,87.27272727272728,73.84615384615385,0.5576923076923077,0.8461538461538461,87.27272727272728,0.5576923076923077,2.0,0.5266272189349113,1.0,1.898876404494382,0.47337278106508873,r35_c15,8.0,0.6153846153846154,True,1.0,1.898876404494382,0.47337278106508873,r35_c15,8.0,0.6153846153846154,0.47337278106508873,13,1,12,0,13,0.07692307692307693,0.9230769230769231,Higher temporal flexibility,Destination diversity observed,Higher temporal flexibility / Destination diversity observed,Q4 highest,G>0 middle,7.25,6.153846153846153
Personal | r33_c23 | Wednesday,Personal,r33_c23,Wednesday,24,5,True,13:30-14:00,0.2916666666666667,6,0.7083333333333333,61.76470588235295,43.75,0.3645833333333333,True,True,0.7083333333333333,61.76470588235295,43.75,0.3645833333333333,0.7083333333333333,61.76470588235295,0.3645833333333333,4.0,0.3090277777777778,3.0,3.235955056179775,0.6909722222222222,r22_c14,8.0,0.3333333333333333,True,3.0,3.235955056179775,0.6909722222222222,r22_c14,8.0,0.3333333333333333,0.6909722222222222,24,5,19,0,24,0.20833333333333334,0.7916666666666666,Higher temporal flexibility,Destination diversity observed,Higher temporal flexibility / Destination diversity observed,Q4 highest,G>0 higher,8.75,16.583333333333332
Personal | r33_c9 | Friday,Personal,r33_c9,Friday,10,3,True,11:00-11:30,0.2,7,0.8,71.25,57.0,0.4750000000000001,True,True,0.8,71.25,57.0,0.4750000000000001,0.8,71.25,0.4750000000000001,2.0,0.8200000000000001,1.0,1.2195121951219512,0.17999999999999994,r24_c11,9.0,0.9,True,1.0,1.2195121951219512,0.17999999999999994,r24_c11,9.0,0.9,0.17999999999999994,10,1,9,0,10,0.1,0.9,Higher temporal flexibility,Destination diversity observed,Higher temporal flexibility / Destination diversity observed,Q4 highest,G>0 lower,4.750000000000001,1.7999999999999994
Personal | r33_c9 | Thursday,Personal,r33_c9,Thursday,17,7,True,10:30-11:00,0.35294117647058826,5,0.6470588235294117,62.72727272727274,40.58823529411765,0.3382352941176471,True,True,0.6470588235294117,62.72727272727274,40.58823529411765,0.3382352941176471,0.6470588235294117,62.72727272727274,0.3382352941176471,2.0,0.8892733564013842,1.0,1.1245136186770428,0.11072664359861584,r24_c11,16.0,0.9411764705882353,True,1.0,1.1245136186770428,0.11072664359861584,r24_c11,16.0,0.9411764705882353,0.11072664359861584,17,4,13,0,17,0.23529411764705882,0.7647058823529411,Higher temporal flexibility,Destination diversity observed,Higher temporal flexibility / Destination diversity observed,Q4 highest,G>0 lower,5.75,1.8823529411764692
Personal | r34_c18 | Friday,Personal,r34_c18,Friday,21,13,True,10:30-11:00,0.2857142857142857,5,0.7142857142857143,68.0,48.57142857142857,0.38095238095238093,True,True,0.7142857142857143,68.0,48.57142857142857,0.38095238095238093,0.7142857142857143,68.0,0.38095238095238093,7.0,0.21541950113378686,6.0,4.6421052631578945,0.7845804988662132,r32_c20,6.0,0.2857142857142857,True,6.0,4.6421052631578945,0.7845804988662132,r32_c20,6.0,0.2857142857142857,0.7845804988662132,21,11,10,0,21,0.5238095238095238,0.47619047619047616,Higher temporal flexibility,Destination diversity observed,Higher temporal flexibility / Destination diversity observed,Q4 highest,G>0 higher,8.0,16.476190476190478
Personal | r34_c18 | Monday,Personal,r34_c18,Monday,10,5,True,09:00-09:30,0.5,3,0.5,54.0,27.0,0.225,True,True,0.5,54.0,27.0,0.225,0.5,54.0,0.225,5.0,0.22000000000000003,4.0,4.545454545454545,0.78,r32_c20,3.0,0.3,True,4.0,4.545454545454545,0.78,r32_c20,3.0,0.3,0.78,10,3,6,1,9,0.3333333333333333,0.6666666666666666,Higher temporal flexibility,Destination diversity observed,Higher temporal flexibility / Destination diversity observed,Q4 highest,G>0 higher,2.25,7.800000000000001
Personal | r34_c18 | Thursday,Personal,r34_c18,Thursday,26,14,True,10:00-10:30,0.6923076923076923,7,0.3076923076923077,56.25000000000001,17.30769230769231,0.14423076923076925,True,True,0.3076923076923077,56.25000000000001,17.30769230769231,0.14423076923076925,0.3076923076923077,56.25000000000001,0.14423076923076925,8.0,0.15088757396449706,7.0,6.6274509803921555,0.849112426035503,r34_c24,6.0,0.23076923076923078,True,7.0,6.6274509803921555,0.849112426035503,r34_c24,6.0,0.23076923076923078,0.849112426035503,26,10,15,1,25,0.4,0.6,Higher temporal flexibility,Destination diversity observed,Higher temporal flexibility / Destination diversity observed,Q3,G>0 higher,3.7500000000000004,22.076923076923077
Personal | r34_c18 | Tuesday,Personal,r34_c18,Tuesday,21,8,True,10:00-10:30,0.2857142857142857,10,0.7142857142857143,176.0,125.71428571428571,0.6309523809523808,True,True,0.7142857142857143,176.0,125.71428571428571,0.6309523809523808,0.7142857142857143,176.0,0.6309523809523808,5.0,0.3514739229024943,4.0,2.845161290322581,0.6485260770975056,r30_c17,11.0,0.5238095238095238,True,4.0,2.845161290322581,0.6485260770975056,r30_c17,11.0,0.5238095238095238,0.6485260770975056,21,6,15,0,21,0.2857142857142857,0.7142857142857143,Higher temporal flexibility,Destination diversity observed,Higher temporal flexibility / Destination diversity observed,Q4 highest,G>0 middle,13.249999999999996,13.619047619047619
Personal | r34_c18 | Wednesday,Personal,r34_c18,Wednesday,16,7,True,10:00-10:30,0.3125,8,0.6875,106.36363636363636,73.125,0.40625,True,True,0.6875,106.36363636363636,73.125,0.40625,0.6875,106.36363636363636,0.40625,7.0,0.2109375,6.0,4.7407407407407405,0.7890625,r34_c24,5.0,0.3125,True,6.0,4.7407407407407405,0.7890625,r34_c24,5.0,0.3125,0.7890625,16,6,9,1,15,0.4,0.6,Higher temporal flexibility,Destination diversity observed,Higher temporal flexibility / Destination diversity observed,Q4 highest,G>0 higher,6.5,12.625
Personal | r35_c15 | Friday,Personal,r35_c15,Friday,16,16,True,10:00-10:30,0.5,3,0.5,30.0,15.0,0.125,True,True,0.5,30.0,15.0,0.125,0.5,30.0,0.125,5.0,0.375,4.0,2.6666666666666665,0.625,r33_c20,9.0,0.5625,True,4.0,2.6666666666666665,0.625,r33_c20,9.0,0.5625,0.625,16,5,10,1,15,0.3333333333333333,0.6666666666666666,Higher temporal flexibility,Destination diversity observed,Higher temporal flexibility / Destination diversity observed,Q3,G>0 middle,2.0,10.0
Personal | r35_c15 | Monday,Personal,r35_c15,Monday,16,12,True,10:00-10:30,0.4375,6,0.5625,50.0,28.125,0.234375,True,True,0.5625,50.0,28.125,0.234375,0.5625,50.0,0.234375,4.0,0.3671875,3.0,2.723404255319149,0.6328125,r33_c20,8.0,0.5,True,3.0,2.723404255319149,0.6328125,r33_c20,8.0,0.5,0.6328125,16,8,8,0,16,0.5,0.5,Higher temporal flexibility,Destination diversity observed,Higher temporal flexibility / Destination diversity observed,Q4 highest,G>0 middle,3.75,10.125
Personal | r35_c15 | Thursday,Personal,r35_c15,Thursday,25,16,True,09:00-09:30,0.32,9,0.6799999999999999,97.05882352941177,66.0,0.4,True,True,0.6799999999999999,97.05882352941177,66.0,0.4,0.6799999999999999,97.05882352941177,0.4,5.0,0.38880000000000003,4.0,2.5720164609053495,0.6112,r33_c20,14.0,0.56,True,4.0,2.5720164609053495,0.6112,r33_c20,14.0,0.56,0.6112,25,10,14,1,24,0.4166666666666667,0.5833333333333334,Higher temporal flexibility,Destination diversity observed,Higher temporal flexibility / Destination diversity observed,Q4 highest,G>0 middle,10.0,15.28
Personal | r35_c15 | Tuesday,Personal,r35_c15,Tuesday,30,16,True,09:30-10:00,0.3333333333333333,6,0.6666666666666667,41.99999999999999,28.0,0.2333333333333333,True,True,0.6666666666666667,41.99999999999999,28.0,0.2333333333333333,0.6666666666666667,41.99999999999999,0.2333333333333333,5.0,0.25555555555555554,4.0,3.91304347826087,0.7444444444444445,r33_c20,11.0,0.36666666666666664,True,4.0,3.91304347826087,0.7444444444444445,r33_c20,11.0,0.36666666666666664,0.7444444444444445,30,8,20,2,28,0.2857142857142857,0.7142857142857143,Higher temporal flexibility,Destination diversity observed,Higher temporal flexibility / Destination diversity observed,Q4 highest,G>0 higher,6.999999999999999,22.333333333333336
Personal | r35_c15 | Wednesday,Personal,r35_c15,Wednesday,21,17,True,09:30-10:00,0.38095238095238093,7,0.6190476190476191,48.46153846153846,30.0,0.25,True,True,0.6190476190476191,48.46153846153846,30.0,0.25,0.6190476190476191,48.46153846153846,0.25,6.0,0.2970521541950113,5.0,3.3664122137404586,0.7029478458049887,r33_c20,10.0,0.47619047619047616,True,5.0,3.3664122137404586,0.7029478458049887,r33_c20,10.0,0.47619047619047616,0.7029478458049887,21,10,11,0,21,0.47619047619047616,0.5238095238095238,Higher temporal flexibility,Destination diversity observed,Higher temporal flexibility / Destination diversity observed,Q4 highest,G>0 higher,5.25,14.761904761904763
Personal | r43_c19 | Monday,Personal,r43_c19,Monday,13,4,True,09:30-10:00,0.23076923076923078,7,0.7692307692307692,156.0,120.0,0.5769230769230769,True,True,0.7692307692307692,156.0,120.0,0.5769230769230769,0.7692307692307692,156.0,0.5769230769230769,4.0,0.3727810650887574,3.0,2.6825396825396823,0.6272189349112426,r35_c16,6.0,0.46153846153846156,True,3.0,2.6825396825396823,0.6272189349112426,r35_c16,6.0,0.46153846153846156,0.6272189349112426,13,0,12,1,12,0.0,1.0,Higher temporal flexibility,Destination diversity observed,Higher temporal flexibility / Destination diversity observed,Q4 highest,G>0 middle,7.499999999999999,8.153846153846153
Recreation | r13_c16 | Wednesday,Recreation,r13_c16,Wednesday,11,6,True,10:00-10:30,0.6363636363636364,4,0.36363636363636365,67.5,24.545454545454547,0.20454545454545456,True,True,0.36363636363636365,67.5,24.545454545454547,0.20454545454545456,0.36363636363636365,67.5,0.20454545454545456,1.0,1.0,0.0,1.0,0.0,r20_c17,11.0,1.0,True,0.0,1.0,0.0,r20_c17,11.0,1.0,0.0,11,3,8,0,11,0.2727272727272727,0.7272727272727273,Higher temporal flexibility,Single destination observed,Higher temporal flexibility / Single destination observed,Q3,G=0 single destination,2.25,0.0
Recreation | r24_c11 | Friday,Recreation,r24_c11,Friday,20,12,True,15:00-15:30,0.7,3,0.30000000000000004,29.999999999999996,9.0,0.07500000000000001,True,True,0.30000000000000004,29.999999999999996,9.0,0.07500000000000001,0.30000000000000004,29.999999999999996,0.07500000000000001,1.0,1.0,0.0,1.0,0.0,r29_c10,20.0,1.0,True,0.0,1.0,0.0,r29_c10,20.0,1.0,0.0,20,0,20,0,20,0.0,1.0,Lower temporal flexibility,Single destination observed,Lower temporal flexibility / Single destination observed,Q2,G=0 single destination,1.5000000000000002,0.0
Recreation | r24_c11 | Thursday,Recreation,r24_c11,Thursday,22,11,True,15:00-15:30,0.6363636363636364,5,0.36363636363636365,45.0,16.363636363636363,0.13636363636363635,True,True,0.36363636363636365,45.0,16.363636363636363,0.13636363636363635,0.36363636363636365,45.0,0.13636363636363635,1.0,1.0,0.0,1.0,0.0,r29_c10,22.0,1.0,True,0.0,1.0,0.0,r29_c10,22.0,1.0,0.0,22,0,22,0,22,0.0,1.0,Higher temporal flexibility,Single destination observed,Higher temporal flexibility / Single destination observed,Q3,G=0 single destination,3.0,0.0
Recreation | r25_c19 | Friday,Recreation,r25_c19,Friday,29,14,True,11:00-11:30,0.4482758620689655,4,0.5517241379310345,35.625,19.655172413793103,0.16379310344827586,True,True,0.5517241379310345,35.625,19.655172413793103,0.16379310344827586,0.5517241379310345,35.625,0.16379310344827586,1.0,1.0,0.0,1.0,0.0,r17_c9,29.0,1.0,True,0.0,1.0,0.0,r17_c9,29.0,1.0,0.0,29,8,21,0,29,0.27586206896551724,0.7241379310344828,Higher temporal flexibility,Single destination observed,Higher temporal flexibility / Single destination observed,Q3,G=0 single destination,4.75,0.0
Recreation | r25_c19 | Monday,Recreation,r25_c19,Monday,17,11,True,10:30-11:00,0.5882352941176471,3,0.4117647058823529,34.28571428571429,14.11764705882353,0.11764705882352941,True,True,0.4117647058823529,34.28571428571429,14.11764705882353,0.11764705882352941,0.4117647058823529,34.28571428571429,0.11764705882352941,1.0,1.0,0.0,1.0,0.0,r17_c9,17.0,1.0,True,0.0,1.0,0.0,r17_c9,17.0,1.0,0.0,17,6,9,2,15,0.4,0.6,Lower temporal flexibility,Single destination observed,Lower temporal flexibility / Single destination observed,Q2,G=0 single destination,2.0,0.0
Recreation | r25_c19 | Wednesday,Recreation,r25_c19,Wednesday,33,13,True,11:00-11:30,0.5454545454545454,6,0.4545454545454546,48.0,21.81818181818182,0.17424242424242425,True,True,0.4545454545454546,48.0,21.81818181818182,0.17424242424242425,0.4545454545454546,48.0,0.17424242424242425,1.0,1.0,0.0,1.0,0.0,r17_c9,33.0,1.0,True,0.0,1.0,0.0,r17_c9,33.0,1.0,0.0,33,7,24,2,31,0.22580645161290322,0.7741935483870968,Higher temporal flexibility,Single destination observed,Higher temporal flexibility / Single destination observed,Q3,G=0 single destination,5.75,0.0
Recreation | r26_c10 | Friday,Recreation,r26_c10,Friday,17,14,True,12:00-12:30,0.8823529411764706,3,0.11764705882352944,74.99999999999999,8.823529411764707,0.07352941176470587,True,True,0.11764705882352944,74.99999999999999,8.823529411764707,0.07352941176470587,0.11764705882352944,74.99999999999999,0.07352941176470587,1.0,1.0,0.0,1.0,0.0,r28_c12,17.0,1.0,True,0.0,1.0,0.0,r28_c12,17.0,1.0,0.0,17,11,6,0,17,0.6470588235294118,0.35294117647058826,Lower temporal flexibility,Single destination observed,Lower temporal flexibility / Single destination observed,Q2,G=0 single destination,1.2499999999999998,0.0
Recreation | r27_c12 | Friday,Recreation,r27_c12,Friday,11,3,True,09:00-09:30,0.36363636363636365,4,0.6363636363636364,85.71428571428572,54.54545454545455,0.2954545454545454,True,True,0.6363636363636364,85.71428571428572,54.54545454545455,0.2954545454545454,0.6363636363636364,85.71428571428572,0.2954545454545454,3.0,0.42148760330578505,2.0,2.3725490196078436,0.578512396694215,r28_c16,5.0,0.45454545454545453,True,2.0,2.3725490196078436,0.578512396694215,r28_c16,5.0,0.45454545454545453,0.578512396694215,11,5,6,0,11,0.45454545454545453,0.5454545454545454,Higher temporal flexibility,Destination diversity observed,Higher temporal flexibility / Destination diversity observed,Q4 highest,G>0 middle,3.2499999999999996,6.363636363636364
Recreation | r27_c17 | Friday,Recreation,r27_c17,Friday,11,5,True,09:00-09:30,0.18181818181818182,8,0.8181818181818181,180.00000000000003,147.27272727272728,0.6363636363636365,True,True,0.8181818181818181,180.00000000000003,147.27272727272728,0.6363636363636365,0.8181818181818181,180.00000000000003,0.6363636363636365,2.0,0.8347107438016528,1.0,1.1980198019801982,0.16528925619834722,r27_c17,10.0,0.9090909090909091,True,1.0,1.1980198019801982,0.16528925619834722,r27_c17,10.0,0.9090909090909091,0.16528925619834722,11,4,5,2,9,0.4444444444444444,0.5555555555555556,Higher temporal flexibility,Destination diversity observed,Higher temporal flexibility / Destination diversity observed,Q4 highest,G>0 lower,7.000000000000001,1.8181818181818195
Recreation | r27_c17 | Thursday,Recreation,r27_c17,Thursday,42,31,True,14:00-14:30,0.8571428571428571,3,0.1428571428571429,29.99999999999999,4.285714285714286,0.03571428571428571,True,True,0.1428571428571429,29.99999999999999,4.285714285714286,0.03571428571428571,0.1428571428571429,29.99999999999999,0.03571428571428571,4.0,0.7823129251700679,3.0,1.2782608695652176,0.2176870748299321,r34_c16,37.0,0.8809523809523809,True,3.0,1.2782608695652176,0.2176870748299321,r34_c16,37.0,0.8809523809523809,0.2176870748299321,42,29,13,0,42,0.6904761904761905,0.30952380952380953,Lower temporal flexibility,Destination diversity observed,Lower temporal flexibility / Destination diversity observed,Q1 lowest,G>0 lower,1.5,9.142857142857148
Recreation | r27_c17 | Tuesday,Recreation,r27_c17,Tuesday,38,33,True,14:00-14:30,0.9736842105263158,2,0.02631578947368418,30.000000000000036,0.7894736842105263,0.006578947368421053,True,True,0.02631578947368418,30.000000000000036,0.7894736842105263,0.006578947368421053,0.02631578947368418,30.000000000000036,0.006578947368421053,2.0,0.9487534626038783,1.0,1.054014598540146,0.05124653739612173,r34_c16,37.0,0.9736842105263158,True,1.0,1.054014598540146,0.05124653739612173,r34_c16,37.0,0.9736842105263158,0.05124653739612173,38,23,13,2,36,0.6388888888888888,0.3611111111111111,Lower temporal flexibility,Destination diversity observed,Lower temporal flexibility / Destination diversity observed,Q1 lowest,G>0 lower,0.25,1.9473684210526256
Recreation | r28_c12 | Friday,Recreation,r28_c12,Friday,17,14,True,13:30-14:00,0.9411764705882353,2,0.05882352941176472,29.999999999999993,1.7647058823529411,0.014705882352941176,True,True,0.05882352941176472,29.999999999999993,1.7647058823529411,0.014705882352941176,0.05882352941176472,29.999999999999993,0.014705882352941176,1.0,1.0,0.0,1.0,0.0,r26_c10,17.0,1.0,True,0.0,1.0,0.0,r26_c10,17.0,1.0,0.0,17,10,7,0,17,0.5882352941176471,0.4117647058823529,Lower temporal flexibility,Single destination observed,Lower temporal flexibility / Single destination observed,Q1 lowest,G=0 single destination,0.25,0.0
Recreation | r28_c16 | Friday,Recreation,r28_c16,Friday,21,4,True,13:00-13:30,0.3333333333333333,8,0.6666666666666667,111.4285714285714,74.28571428571428,0.3571428571428571,True,True,0.6666666666666667,111.4285714285714,74.28571428571428,0.3571428571428571,0.6666666666666667,111.4285714285714,0.3571428571428571,8.0,0.17913832199546484,7.0,5.582278481012659,0.8208616780045351,r28_c16,6.0,0.2857142857142857,True,7.0,5.582278481012659,0.8208616780045351,r28_c16,6.0,0.2857142857142857,0.8208616780045351,21,14,6,1,20,0.7,0.3,Higher temporal flexibility,Destination diversity observed,Higher temporal flexibility / Destination diversity observed,Q4 highest,G>0 higher,7.499999999999999,17.238095238095237
Recreation | r28_c16 | Tuesday,Recreation,r28_c16,Tuesday,13,3,True,09:30-10:00,0.5384615384615384,2,0.46153846153846156,30.0,13.846153846153847,0.11538461538461539,True,True,0.46153846153846156,30.0,13.846153846153847,0.11538461538461539,0.46153846153846156,30.0,0.11538461538461539,2.0,0.7396449704142012,1.0,1.352,0.2603550295857988,r28_c15,11.0,0.8461538461538461,True,1.0,1.352,0.2603550295857988,r28_c15,11.0,0.8461538461538461,0.2603550295857988,13,3,10,0,13,0.23076923076923078,0.7692307692307693,Lower temporal flexibility,Destination diversity observed,Lower temporal flexibility / Destination diversity observed,Q2,G>0 lower,1.5,3.3846153846153846
Recreation | r29_c10 | Friday,Recreation,r29_c10,Friday,13,12,True,10:00-10:30,0.6923076923076923,3,0.3076923076923077,30.0,9.230769230769232,0.07692307692307693,True,True,0.3076923076923077,30.0,9.230769230769232,0.07692307692307693,0.3076923076923077,30.0,0.07692307692307693,1.0,1.0,0.0,1.0,0.0,r24_c11,13.0,1.0,True,0.0,1.0,0.0,r24_c11,13.0,1.0,0.0,13,1,9,3,10,0.1,0.9,Lower temporal flexibility,Single destination observed,Lower temporal flexibility / Single destination observed,Q2,G=0 single destination,1.0,0.0
Recreation | r29_c10 | Thursday,Recreation,r29_c10,Thursday,13,11,True,10:00-10:30,0.7692307692307693,3,0.23076923076923073,30.000000000000007,6.923076923076923,0.057692307692307696,True,True,0.23076923076923073,30.000000000000007,6.923076923076923,0.057692307692307696,0.23076923076923073,30.000000000000007,0.057692307692307696,1.0,1.0,0.0,1.0,0.0,r24_c11,13.0,1.0,True,0.0,1.0,0.0,r24_c11,13.0,1.0,0.0,13,0,9,4,9,0.0,1.0,Lower temporal flexibility,Single destination observed,Lower temporal flexibility / Single destination observed,Q2,G=0 single destination,0.75,0.0
Recreation | r29_c15 | Thursday,Recreation,r29_c15,Thursday,44,6,True,12:30-13:00,0.75,5,0.25,92.72727272727273,23.181818181818183,0.19318181818181818,True,True,0.25,92.72727272727273,23.181818181818183,0.19318181818181818,0.25,92.72727272727273,0.19318181818181818,14.0,0.09814049586776857,13.0,10.189473684210528,0.9018595041322315,r33_c16,7.0,0.1590909090909091,True,13.0,10.189473684210528,0.9018595041322315,r33_c16,7.0,0.1590909090909091,0.9018595041322315,44,24,20,0,44,0.5454545454545454,0.45454545454545453,Higher temporal flexibility,Destination diversity observed,Higher temporal flexibility / Destination diversity observed,Q3,G>0 higher,8.5,39.68181818181819
Recreation | r29_c16 | Friday,Recreation,r29_c16,Friday,33,3,True,12:30-13:00,0.48484848484848486,5,0.5151515151515151,105.88235294117648,54.54545454545455,0.3106060606060606,True,True,0.5151515151515151,105.88235294117648,54.54545454545455,0.3106060606060606,0.5151515151515151,105.88235294117648,0.3106060606060606,6.0,0.25987144168962356,5.0,3.848056537102473,0.7401285583103765,r31_c13,14.0,0.42424242424242425,True,5.0,3.848056537102473,0.7401285583103765,r31_c13,14.0,0.42424242424242425,0.7401285583103765,33,15,17,1,32,0.46875,0.53125,Higher temporal flexibility,Destination diversity observed,Higher temporal flexibility / Destination diversity observed,Q4 highest,G>0 higher,10.25,24.424242424242426
Recreation | r31_c13 | Friday,Recreation,r31_c13,Friday,39,5,True,08:30-09:00,0.3333333333333333,7,0.6666666666666667,65.76923076923077,43.846153846153854,0.36538461538461536,True,True,0.6666666666666667,65.76923076923077,43.846153846153854,0.36538461538461536,0.6666666666666667,65.76923076923077,0.36538461538461536,3.0,0.43326758711374097,2.0,2.3080424886191198,0.566732412886259,r30_c15,19.0,0.48717948717948717,True,2.0,2.3080424886191198,0.566732412886259,r30_c15,19.0,0.48717948717948717,0.566732412886259,39,12,27,0,39,0.3076923076923077,0.6923076923076923,Higher temporal flexibility,Destination diversity observed,Higher temporal flexibility / Destination diversity observed,Q4 highest,G>0 middle,14.25,22.1025641025641
Recreation | r33_c16 | Thursday,Recreation,r33_c16,Thursday,10,6,True,09:00-09:30,0.6,4,0.4,45.0,18.0,0.15,True,True,0.4,45.0,18.0,0.15,0.4,45.0,0.15,1.0,1.0,0.0,1.0,0.0,r29_c15,10.0,1.0,True,0.0,1.0,0.0,r29_c15,10.0,1.0,0.0,10,5,5,0,10,0.5,0.5,Higher temporal flexibility,Single destination observed,Higher temporal flexibility / Single destination observed,Q3,G=0 single destination,1.5,0.0
Recreation | r33_c16 | Tuesday,Recreation,r33_c16,Tuesday,26,8,True,09:00-09:30,0.5384615384615384,5,0.46153846153846156,39.99999999999999,18.46153846153846,0.15384615384615385,True,True,0.46153846153846156,39.99999999999999,18.46153846153846,0.15384615384615385,0.46153846153846156,39.99999999999999,0.15384615384615385,1.0,1.0,0.0,1.0,0.0,r29_c15,26.0,1.0,True,0.0,1.0,0.0,r29_c15,26.0,1.0,0.0,26,6,19,1,25,0.24,0.76,Higher temporal flexibility,Single destination observed,Higher temporal flexibility / Single destination observed,Q3,G=0 single destination,4.0,0.0
Recreation | r34_c16 | Thursday,Recreation,r34_c16,Thursday,37,30,True,07:00-07:30,0.972972972972973,2,0.027027027027026973,30.00000000000006,0.8108108108108109,0.006756756756756757,True,True,0.027027027027026973,30.00000000000006,0.8108108108108109,0.006756756756756757,0.027027027027026973,30.00000000000006,0.006756756756756757,1.0,1.0,0.0,1.0,0.0,r27_c17,37.0,1.0,True,0.0,1.0,0.0,r27_c17,37.0,1.0,0.0,37,24,13,0,37,0.6486486486486487,0.35135135135135137,Lower temporal flexibility,Single destination observed,Lower temporal flexibility / Single destination observed,Q1 lowest,G=0 single destination,0.25,0.0
Recreation | r34_c16 | Tuesday,Recreation,r34_c16,Tuesday,44,32,True,07:00-07:30,0.9090909090909091,2,0.09090909090909094,29.999999999999993,2.7272727272727275,0.022727272727272728,True,True,0.09090909090909094,29.999999999999993,2.7272727272727275,0.022727272727272728,0.09090909090909094,29.999999999999993,0.022727272727272728,1.0,1.0,0.0,1.0,0.0,r27_c17,44.0,1.0,True,0.0,1.0,0.0,r27_c17,44.0,1.0,0.0,44,24,19,1,43,0.5581395348837209,0.4418604651162791,Lower temporal flexibility,Single destination observed,Lower temporal flexibility / Single destination observed,Q1 lowest,G=0 single destination,1.0,0.0
Shopping | r10_c14 | Friday,Shopping,r10_c14,Friday,13,7,True,12:00-12:30,0.3076923076923077,5,0.6923076923076923,140.0,96.92307692307692,0.6730769230769231,True,True,0.6923076923076923,140.0,96.92307692307692,0.6730769230769231,0.6923076923076923,140.0,0.6730769230769231,4.0,0.3254437869822485,3.0,3.0727272727272728,0.6745562130177515,r16_c17,6.0,0.46153846153846156,True,3.0,3.0727272727272728,0.6745562130177515,r16_c17,6.0,0.46153846153846156,0.6745562130177515,13,6,7,0,13,0.46153846153846156,0.5384615384615384,Higher temporal flexibility,Destination diversity observed,Higher temporal flexibility / Destination diversity observed,Q4 highest,G>0 higher,8.75,8.76923076923077
Shopping | r10_c14 | Thursday,Shopping,r10_c14,Thursday,15,6,True,10:00-10:30,0.4,6,0.6,50.0,30.0,0.25,True,True,0.6,50.0,30.0,0.25,0.6,50.0,0.25,1.0,1.0,0.0,1.0,0.0,r16_c17,15.0,1.0,True,0.0,1.0,0.0,r16_c17,15.0,1.0,0.0,15,5,10,0,15,0.3333333333333333,0.6666666666666666,Higher temporal flexibility,Single destination observed,Higher temporal flexibility / Single destination observed,Q4 highest,G=0 single destination,3.75,0.0
Shopping | r10_c14 | Wednesday,Shopping,r10_c14,Wednesday,11,3,True,09:30-10:00,0.36363636363636365,5,0.6363636363636364,68.57142857142857,43.63636363636363,0.36363636363636365,True,True,0.6363636363636364,68.57142857142857,43.63636363636363,0.36363636363636365,0.6363636363636364,68.57142857142857,0.36363636363636365,1.0,1.0,0.0,1.0,0.0,r16_c17,11.0,1.0,True,0.0,1.0,0.0,r16_c17,11.0,1.0,0.0,11,3,8,0,11,0.2727272727272727,0.7272727272727273,Higher temporal flexibility,Single destination observed,Higher temporal flexibility / Single destination observed,Q4 highest,G=0 single destination,4.0,0.0
Shopping | r10_c15 | Thursday,Shopping,r10_c15,Thursday,17,5,True,10:00-10:30,0.47058823529411764,5,0.5294117647058824,43.333333333333336,22.941176470588236,0.19117647058823528,True,True,0.5294117647058824,43.333333333333336,22.941176470588236,0.19117647058823528,0.5294117647058824,43.333333333333336,0.19117647058823528,5.0,0.27335640138408307,4.0,3.6582278481012653,0.726643598615917,r22_c25,7.0,0.4117647058823529,True,4.0,3.6582278481012653,0.726643598615917,r22_c25,7.0,0.4117647058823529,0.726643598615917,17,4,13,0,17,0.23529411764705882,0.7647058823529411,Higher temporal flexibility,Destination diversity observed,Higher temporal flexibility / Destination diversity observed,Q3,G>0 higher,3.25,12.352941176470589
Shopping | r10_c15 | Tuesday,Shopping,r10_c15,Tuesday,19,11,True,09:30-10:00,0.42105263157894735,3,0.5789473684210527,30.0,17.36842105263158,0.14473684210526316,True,True,0.5789473684210527,30.0,17.36842105263158,0.14473684210526316,0.5789473684210527,30.0,0.14473684210526316,5.0,0.31855955678670356,4.0,3.1391304347826092,0.6814404432132964,r16_c17,9.0,0.47368421052631576,True,4.0,3.1391304347826092,0.6814404432132964,r16_c17,9.0,0.47368421052631576,0.6814404432132964,19,9,9,1,18,0.5,0.5,Higher temporal flexibility,Destination diversity observed,Higher temporal flexibility / Destination diversity observed,Q3,G>0 higher,2.75,12.947368421052632
Shopping | r11_c18 | Wednesday,Shopping,r11_c18,Wednesday,14,4,True,13:30-14:00,0.35714285714285715,7,0.6428571428571428,156.66666666666669,100.71428571428572,0.5535714285714285,True,True,0.6428571428571428,156.66666666666669,100.71428571428572,0.5535714285714285,0.6428571428571428,156.66666666666669,0.5535714285714285,4.0,0.336734693877551,3.0,2.9696969696969697,0.6632653061224489,r22_c16,6.0,0.42857142857142855,True,3.0,2.9696969696969697,0.6632653061224489,r22_c16,6.0,0.42857142857142855,0.6632653061224489,14,1,12,1,13,0.07692307692307693,0.9230769230769231,Higher temporal flexibility,Destination diversity observed,Higher temporal flexibility / Destination diversity observed,Q4 highest,G>0 middle,7.749999999999999,9.285714285714285
Shopping | r12_c19 | Thursday,Shopping,r12_c19,Thursday,13,4,True,12:30-13:00,0.3076923076923077,6,0.6923076923076923,60.00000000000001,41.53846153846154,0.3461538461538462,True,True,0.6923076923076923,60.00000000000001,41.53846153846154,0.3461538461538462,0.6923076923076923,60.00000000000001,0.3461538461538462,1.0,1.0,0.0,1.0,0.0,r13_c19,13.0,1.0,True,0.0,1.0,0.0,r13_c19,13.0,1.0,0.0,13,4,8,1,12,0.3333333333333333,0.6666666666666666,Higher temporal flexibility,Single destination observed,Higher temporal flexibility / Single destination observed,Q4 highest,G=0 single destination,4.500000000000001,0.0
Shopping | r12_c25 | Friday,Shopping,r12_c25,Friday,20,9,True,10:00-10:30,0.4,5,0.6,40.0,24.0,0.2,True,True,0.6,40.0,24.0,0.2,0.6,40.0,0.2,2.0,0.9049999999999999,1.0,1.1049723756906078,0.09500000000000008,r16_c17,19.0,0.95,True,1.0,1.1049723756906078,0.09500000000000008,r16_c17,19.0,0.95,0.09500000000000008,20,0,19,1,19,0.0,1.0,Higher temporal flexibility,Destination diversity observed,Higher temporal flexibility / Destination diversity observed,Q3,G>0 lower,4.0,1.9000000000000017
Shopping | r12_c25 | Monday,Shopping,r12_c25,Monday,24,5,True,10:00-10:30,0.375,5,0.625,40.0,25.0,0.20833333333333331,True,True,0.625,40.0,25.0,0.20833333333333331,0.625,40.0,0.20833333333333331,2.0,0.5868055555555556,1.0,1.7041420118343193,0.4131944444444444,r16_c17,17.0,0.7083333333333334,True,1.0,1.7041420118343193,0.4131944444444444,r16_c17,17.0,0.7083333333333334,0.4131944444444444,24,0,24,0,24,0.0,1.0,Higher temporal flexibility,Destination diversity observed,Higher temporal flexibility / Destination diversity observed,Q3,G>0 lower,5.0,9.916666666666666
Shopping | r12_c25 | Thursday,Shopping,r12_c25,Thursday,21,10,True,09:30-10:00,0.38095238095238093,4,0.6190476190476191,41.53846153846153,25.71428571428571,0.21428571428571427,True,True,0.6190476190476191,41.53846153846153,25.71428571428571,0.21428571428571427,0.6190476190476191,41.53846153846153,0.21428571428571427,2.0,0.8276643990929706,1.0,1.2082191780821916,0.17233560090702937,r16_c17,19.0,0.9047619047619048,True,1.0,1.2082191780821916,0.17233560090702937,r16_c17,19.0,0.9047619047619048,0.17233560090702937,21,1,20,0,21,0.047619047619047616,0.9523809523809523,Higher temporal flexibility,Destination diversity observed,Higher temporal flexibility / Destination diversity observed,Q3,G>0 lower,4.5,3.619047619047617
Shopping | r12_c25 | Tuesday,Shopping,r12_c25,Tuesday,15,9,True,09:30-10:00,0.3333333333333333,4,0.6666666666666667,41.99999999999999,28.0,0.23333333333333334,True,True,0.6666666666666667,41.99999999999999,28.0,0.23333333333333334,0.6666666666666667,41.99999999999999,0.23333333333333334,1.0,1.0,0.0,1.0,0.0,r16_c17,15.0,1.0,True,0.0,1.0,0.0,r16_c17,15.0,1.0,0.0,15,1,14,0,15,0.06666666666666667,0.9333333333333333,Higher temporal flexibility,Single destination observed,Higher temporal flexibility / Single destination observed,Q4 highest,G=0 single destination,3.5,0.0
Shopping | r12_c25 | Wednesday,Shopping,r12_c25,Wednesday,10,5,True,10:00-10:30,0.3,4,0.7,38.57142857142858,27.0,0.225,True,True,0.7,38.57142857142858,27.0,0.225,0.7,38.57142857142858,0.225,1.0,1.0,0.0,1.0,0.0,r16_c17,10.0,1.0,True,0.0,1.0,0.0,r16_c17,10.0,1.0,0.0,10,0,10,0,10,0.0,1.0,Higher temporal flexibility,Single destination observed,Higher temporal flexibility / Single destination observed,Q4 highest,G=0 single destination,2.25,0.0
Shopping | r13_c19 | Thursday,Shopping,r13_c19,Thursday,11,5,True,10:00-10:30,0.5454545454545454,4,0.4545454545454546,89.99999999999999,40.90909090909091,0.25,True,True,0.4545454545454546,89.99999999999999,40.90909090909091,0.25,0.4545454545454546,89.99999999999999,0.25,2.0,0.8347107438016528,1.0,1.1980198019801982,0.16528925619834722,r12_c19,10.0,0.9090909090909091,True,1.0,1.1980198019801982,0.16528925619834722,r12_c19,10.0,0.9090909090909091,0.16528925619834722,11,5,6,0,11,0.45454545454545453,0.5454545454545454,Higher temporal flexibility,Destination diversity observed,Higher temporal flexibility / Destination diversity observed,Q4 highest,G>0 lower,2.75,1.8181818181818195
Shopping | r14_c24 | Friday,Shopping,r14_c24,Friday,11,5,True,10:00-10:30,0.36363636363636365,6,0.6363636363636364,154.2857142857143,98.18181818181819,0.5000000000000001,True,True,0.6363636363636364,154.2857142857143,98.18181818181819,0.5000000000000001,0.6363636363636364,154.2857142857143,0.5000000000000001,2.0,0.5041322314049586,1.0,1.9836065573770496,0.49586776859504145,r16_c17,6.0,0.5454545454545454,True,1.0,1.9836065573770496,0.49586776859504145,r16_c17,6.0,0.5454545454545454,0.49586776859504145,11,5,6,0,11,0.45454545454545453,0.5454545454545454,Higher temporal flexibility,Destination diversity observed,Higher temporal flexibility / Destination diversity observed,Q4 highest,G>0 middle,5.500000000000001,5.454545454545456
Shopping | r14_c24 | Tuesday,Shopping,r14_c24,Tuesday,10,6,True,10:00-10:30,0.3,6,0.7,85.71428571428572,60.0,0.45000000000000007,True,True,0.7,85.71428571428572,60.0,0.45000000000000007,0.7,85.71428571428572,0.45000000000000007,3.0,0.3600000000000001,2.0,2.7777777777777772,0.6399999999999999,r10_c15,4.0,0.4,True,2.0,2.7777777777777772,0.6399999999999999,r10_c15,4.0,0.4,0.6399999999999999,10,4,6,0,10,0.4,0.6,Higher temporal flexibility,Destination diversity observed,Higher temporal flexibility / Destination diversity observed,Q4 highest,G>0 middle,4.500000000000001,6.399999999999999
Shopping | r16_c17 | Friday,Shopping,r16_c17,Friday,25,12,True,14:00-14:30,0.4,7,0.6,46.00000000000001,27.6,0.23,True,True,0.6,46.00000000000001,27.6,0.23,0.6,46.00000000000001,0.23,6.0,0.2384,5.0,4.194630872483222,0.7616,r14_c24,8.0,0.32,True,5.0,4.194630872483222,0.7616,r14_c24,8.0,0.32,0.7616,25,6,18,1,24,0.25,0.75,Higher temporal flexibility,Destination diversity observed,Higher temporal flexibility / Destination diversity observed,Q4 highest,G>0 higher,5.75,19.040000000000003
Shopping | r16_c17 | Monday,Shopping,r16_c17,Monday,17,9,True,13:00-13:30,0.17647058823529413,8,0.8235294117647058,62.14285714285716,51.176470588235304,0.42647058823529416,True,True,0.8235294117647058,62.14285714285716,51.176470588235304,0.42647058823529416,0.8235294117647058,62.14285714285716,0.42647058823529416,5.0,0.3079584775086505,4.0,3.247191011235955,0.6920415224913494,r12_c25,8.0,0.47058823529411764,True,4.0,3.247191011235955,0.6920415224913494,r12_c25,8.0,0.47058823529411764,0.6920415224913494,17,4,13,0,17,0.23529411764705882,0.7647058823529411,Higher temporal flexibility,Destination diversity observed,Higher temporal flexibility / Destination diversity observed,Q4 highest,G>0 higher,7.250000000000001,11.76470588235294
Shopping | r16_c17 | Thursday,Shopping,r16_c17,Thursday,48,14,True,14:00-14:30,0.25,9,0.75,66.66666666666667,50.0,0.3958333333333333,True,True,0.75,66.66666666666667,50.0,0.3958333333333333,0.75,66.66666666666667,0.3958333333333333,7.0,0.38368055555555564,6.0,2.606334841628959,0.6163194444444444,r12_c25,28.0,0.5833333333333334,True,6.0,2.606334841628959,0.6163194444444444,r12_c25,28.0,0.5833333333333334,0.6163194444444444,48,8,40,0,48,0.16666666666666666,0.8333333333333334,Higher temporal flexibility,Destination diversity observed,Higher temporal flexibility / Destination diversity observed,Q4 highest,G>0 middle,19.0,29.583333333333332
Shopping | r16_c17 | Tuesday,Shopping,r16_c17,Tuesday,64,21,True,14:00-14:30,0.21875,9,0.78125,67.2,52.5,0.4296875,True,True,0.78125,67.2,52.5,0.4296875,0.78125,67.2,0.4296875,8.0,0.232421875,7.0,4.302521008403361,0.767578125,r12_c25,22.0,0.34375,True,7.0,4.302521008403361,0.767578125,r12_c25,22.0,0.34375,0.767578125,64,12,51,1,63,0.19047619047619047,0.8095238095238095,Higher temporal flexibility,Destination diversity observed,Higher temporal flexibility / Destination diversity observed,Q4 highest,G>0 higher,27.5,49.125
Shopping | r16_c17 | Wednesday,Shopping,r16_c17,Wednesday,27,12,True,14:00-14:30,0.2222222222222222,9,0.7777777777777778,62.857142857142854,48.888888888888886,0.4074074074074074,True,True,0.7777777777777778,62.857142857142854,48.888888888888886,0.4074074074074074,0.7777777777777778,62.857142857142854,0.4074074074074074,7.0,0.17695473251028807,6.0,5.651162790697675,0.823045267489712,r12_c25,7.0,0.25925925925925924,True,6.0,5.651162790697675,0.823045267489712,r12_c25,7.0,0.25925925925925924,0.823045267489712,27,8,19,0,27,0.2962962962962963,0.7037037037037037,Higher temporal flexibility,Destination diversity observed,Higher temporal flexibility / Destination diversity observed,Q4 highest,G>0 higher,11.0,22.22222222222222
Shopping | r18_c15 | Friday,Shopping,r18_c15,Friday,14,6,True,11:00-11:30,0.2857142857142857,8,0.7142857142857143,71.99999999999999,51.42857142857142,0.3928571428571428,True,True,0.7142857142857143,71.99999999999999,51.42857142857142,0.3928571428571428,0.7142857142857143,71.99999999999999,0.3928571428571428,5.0,0.2653061224489796,4.0,3.769230769230769,0.7346938775510203,r22_c16,5.0,0.35714285714285715,True,4.0,3.769230769230769,0.7346938775510203,r22_c16,5.0,0.35714285714285715,0.7346938775510203,14,2,12,0,14,0.14285714285714285,0.8571428571428571,Higher temporal flexibility,Destination diversity observed,Higher temporal flexibility / Destination diversity observed,Q4 highest,G>0 higher,5.499999999999999,10.285714285714285
Shopping | r18_c15 | Thursday,Shopping,r18_c15,Thursday,14,8,True,10:00-10:30,0.21428571428571427,7,0.7857142857142857,92.72727272727272,72.85714285714285,0.5,True,True,0.7857142857142857,92.72727272727272,72.85714285714285,0.5,0.7857142857142857,92.72727272727272,0.5,4.0,0.4591836734693879,3.0,2.177777777777777,0.5408163265306121,r18_c15,9.0,0.6428571428571429,True,3.0,2.177777777777777,0.5408163265306121,r18_c15,9.0,0.6428571428571429,0.5408163265306121,14,4,9,1,13,0.3076923076923077,0.6923076923076923,Higher temporal flexibility,Destination diversity observed,Higher temporal flexibility / Destination diversity observed,Q4 highest,G>0 middle,7.0,7.571428571428569
Shopping | r18_c15 | Tuesday,Shopping,r18_c15,Tuesday,11,6,True,11:00-11:30,0.2727272727272727,6,0.7272727272727273,108.74999999999999,79.09090909090908,0.5454545454545454,True,True,0.7272727272727273,108.74999999999999,79.09090909090908,0.5454545454545454,0.7272727272727273,108.74999999999999,0.5454545454545454,3.0,0.6859504132231405,2.0,1.4578313253012047,0.31404958677685946,r18_c15,9.0,0.8181818181818182,True,2.0,1.4578313253012047,0.31404958677685946,r18_c15,9.0,0.8181818181818182,0.31404958677685946,11,5,6,0,11,0.45454545454545453,0.5454545454545454,Higher temporal flexibility,Destination diversity observed,Higher temporal flexibility / Destination diversity observed,Q4 highest,G>0 lower,6.0,3.454545454545454
Shopping | r18_c15 | Wednesday,Shopping,r18_c15,Wednesday,23,7,True,10:00-10:30,0.34782608695652173,6,0.6521739130434783,72.0,46.95652173913044,0.32608695652173914,True,True,0.6521739130434783,72.0,46.95652173913044,0.32608695652173914,0.6521739130434783,72.0,0.32608695652173914,4.0,0.2892249527410208,3.0,3.457516339869281,0.7107750472589792,r18_c15,8.0,0.34782608695652173,True,3.0,3.457516339869281,0.7107750472589792,r18_c15,8.0,0.34782608695652173,0.7107750472589792,23,4,19,0,23,0.17391304347826086,0.8260869565217391,Higher temporal flexibility,Destination diversity observed,Higher temporal flexibility / Destination diversity observed,Q4 highest,G>0 higher,7.5,16.347826086956523
Shopping | r22_c16 | Wednesday,Shopping,r22_c16,Wednesday,32,21,True,14:00-14:30,0.34375,6,0.65625,47.142857142857146,30.9375,0.2578125,True,True,0.65625,47.142857142857146,30.9375,0.2578125,0.65625,47.142857142857146,0.2578125,4.0,0.72265625,3.0,1.3837837837837839,0.27734375,r24_c11,27.0,0.84375,True,3.0,1.3837837837837839,0.27734375,r24_c11,27.0,0.84375,0.27734375,32,16,16,0,32,0.5,0.5,Higher temporal flexibility,Destination diversity observed,Higher temporal flexibility / Destination diversity observed,Q4 highest,G>0 lower,8.25,8.875
Shopping | r23_c16 | Friday,Shopping,r23_c16,Friday,11,3,True,14:00-14:30,0.45454545454545453,3,0.5454545454545454,40.00000000000001,21.81818181818182,0.18181818181818182,True,True,0.5454545454545454,40.00000000000001,21.81818181818182,0.18181818181818182,0.5454545454545454,40.00000000000001,0.18181818181818182,3.0,0.5702479338842975,2.0,1.7536231884057971,0.4297520661157025,r18_c15,8.0,0.7272727272727273,True,2.0,1.7536231884057971,0.4297520661157025,r18_c15,8.0,0.7272727272727273,0.4297520661157025,11,1,10,0,11,0.09090909090909091,0.9090909090909091,Higher temporal flexibility,Destination diversity observed,Higher temporal flexibility / Destination diversity observed,Q3,G>0 middle,2.0,4.7272727272727275
Shopping | r24_c11 | Wednesday,Shopping,r24_c11,Wednesday,28,19,True,09:30-10:00,0.35714285714285715,6,0.6428571428571428,41.66666666666667,26.785714285714285,0.2232142857142857,True,True,0.6428571428571428,41.66666666666667,26.785714285714285,0.2232142857142857,0.6428571428571428,41.66666666666667,0.2232142857142857,1.0,1.0,0.0,1.0,0.0,r22_c16,28.0,1.0,True,0.0,1.0,0.0,r22_c16,28.0,1.0,0.0,28,16,11,1,27,0.5925925925925926,0.4074074074074074,Higher temporal flexibility,Single destination observed,Higher temporal flexibility / Single destination observed,Q4 highest,G=0 single destination,6.25,0.0
Shopping | r27_c10 | Thursday,Shopping,r27_c10,Thursday,13,8,True,10:00-10:30,0.3076923076923077,5,0.6923076923076923,76.66666666666666,53.07692307692307,0.4423076923076923,True,True,0.6923076923076923,76.66666666666666,53.07692307692307,0.4423076923076923,0.6923076923076923,76.66666666666666,0.4423076923076923,6.0,0.2781065088757396,5.0,3.5957446808510642,0.7218934911242604,r26_c10,6.0,0.46153846153846156,True,5.0,3.5957446808510642,0.7218934911242604,r26_c10,6.0,0.46153846153846156,0.7218934911242604,13,5,8,0,13,0.38461538461538464,0.6153846153846154,Higher temporal flexibility,Destination diversity observed,Higher temporal flexibility / Destination diversity observed,Q4 highest,G>0 higher,5.75,9.384615384615385
Shopping | r27_c16 | Friday,Shopping,r27_c16,Friday,11,4,True,12:00-12:30,0.2727272727272727,6,0.7272727272727273,93.75,68.18181818181819,0.5227272727272727,True,True,0.7272727272727273,93.75,68.18181818181819,0.5227272727272727,0.7272727272727273,93.75,0.5227272727272727,2.0,0.5041322314049586,1.0,1.9836065573770496,0.49586776859504145,r34_c18,6.0,0.5454545454545454,True,1.0,1.9836065573770496,0.49586776859504145,r34_c18,6.0,0.5454545454545454,0.49586776859504145,11,3,8,0,11,0.2727272727272727,0.7272727272727273,Higher temporal flexibility,Destination diversity observed,Higher temporal flexibility / Destination diversity observed,Q4 highest,G>0 middle,5.75,5.454545454545456
Shopping | r27_c16 | Monday,Shopping,r27_c16,Monday,13,4,True,14:30-15:00,0.46153846153846156,4,0.5384615384615384,34.28571428571429,18.461538461538463,0.15384615384615385,True,True,0.5384615384615384,34.28571428571429,18.461538461538463,0.15384615384615385,0.5384615384615384,34.28571428571429,0.15384615384615385,1.0,1.0,0.0,1.0,0.0,r36_c8,13.0,1.0,True,0.0,1.0,0.0,r36_c8,13.0,1.0,0.0,13,4,9,0,13,0.3076923076923077,0.6923076923076923,Higher temporal flexibility,Single destination observed,Higher temporal flexibility / Single destination observed,Q3,G=0 single destination,2.0,0.0
Shopping | r27_c16 | Thursday,Shopping,r27_c16,Thursday,11,4,True,14:30-15:00,0.36363636363636365,6,0.6363636363636364,68.57142857142858,43.63636363636364,0.3409090909090909,True,True,0.6363636363636364,68.57142857142858,43.63636363636364,0.3409090909090909,0.6363636363636364,68.57142857142858,0.3409090909090909,2.0,0.7024793388429753,1.0,1.4235294117647057,0.2975206611570247,r36_c8,9.0,0.8181818181818182,True,1.0,1.4235294117647057,0.2975206611570247,r36_c8,9.0,0.8181818181818182,0.2975206611570247,11,1,10,0,11,0.09090909090909091,0.9090909090909091,Higher temporal flexibility,Destination diversity observed,Higher temporal flexibility / Destination diversity observed,Q4 highest,G>0 lower,3.7499999999999996,3.2727272727272716
Shopping | r27_c18 | Tuesday,Shopping,r27_c18,Tuesday,24,5,True,14:00-14:30,0.25,7,0.75,58.333333333333336,43.75,0.3645833333333333,True,True,0.75,58.333333333333336,43.75,0.3645833333333333,0.75,58.333333333333336,0.3645833333333333,1.0,1.0,0.0,1.0,0.0,r29_c10,24.0,1.0,True,0.0,1.0,0.0,r29_c10,24.0,1.0,0.0,24,1,23,0,24,0.041666666666666664,0.9583333333333334,Higher temporal flexibility,Single destination observed,Higher temporal flexibility / Single destination observed,Q4 highest,G=0 single destination,8.75,0.0
Shopping | r28_c15 | Monday,Shopping,r28_c15,Monday,18,12,True,11:00-11:30,0.6666666666666666,6,0.33333333333333337,84.99999999999999,28.333333333333332,0.2361111111111111,True,True,0.33333333333333337,84.99999999999999,28.333333333333332,0.2361111111111111,0.33333333333333337,84.99999999999999,0.2361111111111111,5.0,0.29012345679012347,4.0,3.4468085106382977,0.7098765432098766,r35_c23,8.0,0.4444444444444444,True,4.0,3.4468085106382977,0.7098765432098766,r35_c23,8.0,0.4444444444444444,0.7098765432098766,18,12,6,0,18,0.6666666666666666,0.3333333333333333,Higher temporal flexibility,Destination diversity observed,Higher temporal flexibility / Destination diversity observed,Q4 highest,G>0 higher,4.25,12.777777777777779
Shopping | r28_c15 | Thursday,Shopping,r28_c15,Thursday,12,5,True,11:00-11:30,0.5,6,0.5,80.0,40.0,0.3333333333333333,True,True,0.5,80.0,40.0,0.3333333333333333,0.5,80.0,0.3333333333333333,4.0,0.2638888888888889,3.0,3.789473684210526,0.7361111111111112,r32_c12,4.0,0.3333333333333333,True,3.0,3.789473684210526,0.7361111111111112,r32_c12,4.0,0.3333333333333333,0.7361111111111112,12,1,11,0,12,0.08333333333333333,0.9166666666666666,Higher temporal flexibility,Destination diversity observed,Higher temporal flexibility / Destination diversity observed,Q4 highest,G>0 higher,4.0,8.833333333333334
Shopping | r28_c15 | Tuesday,Shopping,r28_c15,Tuesday,19,7,True,11:00-11:30,0.47368421052631576,6,0.5263157894736843,44.99999999999999,23.68421052631579,0.19736842105263158,True,True,0.5263157894736843,44.99999999999999,23.68421052631579,0.19736842105263158,0.5263157894736843,44.99999999999999,0.19736842105263158,5.0,0.4404432132963988,4.0,2.2704402515723277,0.5595567867036012,r18_c15,12.0,0.631578947368421,True,4.0,2.2704402515723277,0.5595567867036012,r18_c15,12.0,0.631578947368421,0.5595567867036012,19,2,17,0,19,0.10526315789473684,0.8947368421052632,Higher temporal flexibility,Destination diversity observed,Higher temporal flexibility / Destination diversity observed,Q3,G>0 middle,3.75,10.631578947368423
Shopping | r28_c15 | Wednesday,Shopping,r28_c15,Wednesday,27,9,True,11:00-11:30,0.2962962962962963,9,0.7037037037037037,66.31578947368422,46.66666666666667,0.3888888888888889,True,True,0.7037037037037037,66.31578947368422,46.66666666666667,0.3888888888888889,0.7037037037037037,66.31578947368422,0.3888888888888889,5.0,0.3333333333333333,4.0,3.0,0.6666666666666667,r35_c23,12.0,0.4444444444444444,True,4.0,3.0,0.6666666666666667,r35_c23,12.0,0.4444444444444444,0.6666666666666667,27,9,18,0,27,0.3333333333333333,0.6666666666666666,Higher temporal flexibility,Destination diversity observed,Higher temporal flexibility / Destination diversity observed,Q4 highest,G>0 higher,10.5,18.000000000000004
Shopping | r31_c14 | Wednesday,Shopping,r31_c14,Wednesday,18,4,True,10:30-11:00,0.4444444444444444,3,0.5555555555555556,41.99999999999999,23.333333333333332,0.19444444444444442,True,True,0.5555555555555556,41.99999999999999,23.333333333333332,0.19444444444444442,0.5555555555555556,41.99999999999999,0.19444444444444442,3.0,0.4876543209876544,2.0,2.050632911392405,0.5123456790123456,r35_c16,11.0,0.6111111111111112,True,2.0,2.050632911392405,0.5123456790123456,r35_c16,11.0,0.6111111111111112,0.5123456790123456,18,0,18,0,18,0.0,1.0,Higher temporal flexibility,Destination diversity observed,Higher temporal flexibility / Destination diversity observed,Q3,G>0 middle,3.4999999999999996,9.222222222222221
Shopping | r33_c16 | Wednesday,Shopping,r33_c16,Wednesday,11,6,True,14:00-14:30,0.36363636363636365,5,0.6363636363636364,42.85714285714286,27.272727272727273,0.2272727272727273,True,True,0.6363636363636364,42.85714285714286,27.272727272727273,0.2272727272727273,0.6363636363636364,42.85714285714286,0.2272727272727273,3.0,0.5702479338842975,2.0,1.7536231884057971,0.4297520661157025,r34_c18,8.0,0.7272727272727273,True,2.0,1.7536231884057971,0.4297520661157025,r34_c18,8.0,0.7272727272727273,0.4297520661157025,11,6,5,0,11,0.5454545454545454,0.45454545454545453,Higher temporal flexibility,Destination diversity observed,Higher temporal flexibility / Destination diversity observed,Q4 highest,G>0 middle,2.5,4.7272727272727275
Shopping | r33_c23 | Tuesday,Shopping,r33_c23,Tuesday,11,5,True,15:30-16:00,0.36363636363636365,7,0.6363636363636364,124.28571428571429,79.0909090909091,0.5,True,True,0.6363636363636364,124.28571428571429,79.0909090909091,0.5,0.6363636363636364,124.28571428571429,0.5,4.0,0.371900826446281,3.0,2.688888888888889,0.628099173553719,r36_c23,6.0,0.5454545454545454,True,3.0,2.688888888888889,0.628099173553719,r36_c23,6.0,0.5454545454545454,0.628099173553719,11,4,7,0,11,0.36363636363636365,0.6363636363636364,Higher temporal flexibility,Destination diversity observed,Higher temporal flexibility / Destination diversity observed,Q4 highest,G>0 middle,5.5,6.909090909090909
Shopping | r34_c18 | Friday,Shopping,r34_c18,Friday,51,21,True,10:00-10:30,0.45098039215686275,5,0.5490196078431373,37.49999999999999,20.588235294117645,0.1715686274509804,True,True,0.5490196078431373,37.49999999999999,20.588235294117645,0.1715686274509804,0.5490196078431373,37.49999999999999,0.1715686274509804,9.0,0.3787004998077663,8.0,2.640609137055837,0.6212995001922337,r35_c16,30.0,0.5882352941176471,True,8.0,2.640609137055837,0.6212995001922337,r35_c16,30.0,0.5882352941176471,0.6212995001922337,51,24,26,1,50,0.48,0.52,Higher temporal flexibility,Destination diversity observed,Higher temporal flexibility / Destination diversity observed,Q3,G>0 middle,8.75,31.68627450980392
Shopping | r34_c18 | Monday,Shopping,r34_c18,Monday,16,6,True,10:00-10:30,0.4375,5,0.5625,50.0,28.125,0.234375,True,True,0.5625,50.0,28.125,0.234375,0.5625,50.0,0.234375,4.0,0.5078125,3.0,1.9692307692307693,0.4921875,r35_c16,11.0,0.6875,True,3.0,1.9692307692307693,0.4921875,r35_c16,11.0,0.6875,0.4921875,16,4,11,1,15,0.26666666666666666,0.7333333333333333,Higher temporal flexibility,Destination diversity observed,Higher temporal flexibility / Destination diversity observed,Q4 highest,G>0 middle,3.75,7.875
Shopping | r34_c18 | Thursday,Shopping,r34_c18,Thursday,42,19,True,10:00-10:30,0.38095238095238093,7,0.6190476190476191,49.615384615384606,30.71428571428571,0.244047619047619,True,True,0.6190476190476191,49.615384615384606,30.71428571428571,0.244047619047619,0.6190476190476191,49.615384615384606,0.244047619047619,6.0,0.42290249433106575,5.0,2.3646112600536195,0.5770975056689343,r35_c16,26.0,0.6190476190476191,True,5.0,2.3646112600536195,0.5770975056689343,r35_c16,26.0,0.6190476190476191,0.5770975056689343,42,10,32,0,42,0.23809523809523808,0.7619047619047619,Higher temporal flexibility,Destination diversity observed,Higher temporal flexibility / Destination diversity observed,Q4 highest,G>0 middle,10.249999999999998,24.238095238095237
Shopping | r34_c18 | Tuesday,Shopping,r34_c18,Tuesday,18,9,True,10:00-10:30,0.3888888888888889,4,0.6111111111111112,32.72727272727273,20.0,0.16666666666666669,True,True,0.6111111111111112,32.72727272727273,20.0,0.16666666666666669,0.6111111111111112,32.72727272727273,0.16666666666666669,4.0,0.3580246913580247,3.0,2.7931034482758617,0.6419753086419753,r33_c16,9.0,0.5,True,3.0,2.7931034482758617,0.6419753086419753,r33_c16,9.0,0.5,0.6419753086419753,18,7,11,0,18,0.3888888888888889,0.6111111111111112,Higher temporal flexibility,Destination diversity observed,Higher temporal flexibility / Destination diversity observed,Q3,G>0 middle,3.0000000000000004,11.555555555555555
Shopping | r34_c18 | Wednesday,Shopping,r34_c18,Wednesday,18,10,True,10:00-10:30,0.4444444444444444,6,0.5555555555555556,50.99999999999999,28.333333333333332,0.23611111111111108,True,True,0.5555555555555556,50.99999999999999,28.333333333333332,0.23611111111111108,0.5555555555555556,50.99999999999999,0.23611111111111108,3.0,0.4135802469135803,2.0,2.4179104477611935,0.5864197530864197,r33_c16,10.0,0.5555555555555556,True,2.0,2.4179104477611935,0.5864197530864197,r33_c16,10.0,0.5555555555555556,0.5864197530864197,18,6,12,0,18,0.3333333333333333,0.6666666666666666,Higher temporal flexibility,Destination diversity observed,Higher temporal flexibility / Destination diversity observed,Q4 highest,G>0 middle,4.249999999999999,10.555555555555554
Shopping | r34_c23 | Tuesday,Shopping,r34_c23,Tuesday,10,4,True,15:00-15:30,0.3,7,0.7,85.71428571428572,60.0,0.45000000000000007,True,True,0.7,85.71428571428572,60.0,0.45000000000000007,0.7,85.71428571428572,0.45000000000000007,2.0,0.58,1.0,1.7241379310344829,0.42000000000000004,r36_c23,7.0,0.7,True,1.0,1.7241379310344829,0.42000000000000004,r36_c23,7.0,0.7,0.42000000000000004,10,2,8,0,10,0.2,0.8,Higher temporal flexibility,Destination diversity observed,Higher temporal flexibility / Destination diversity observed,Q4 highest,G>0 middle,4.500000000000001,4.2
Shopping | r35_c16 | Friday,Shopping,r35_c16,Friday,50,22,True,13:30-14:00,0.34,10,0.6599999999999999,70.90909090909092,46.800000000000004,0.38,True,True,0.6599999999999999,70.90909090909092,46.800000000000004,0.38,0.6599999999999999,70.90909090909092,0.38,10.0,0.35600000000000004,9.0,2.8089887640449436,0.6439999999999999,r34_c18,28.0,0.56,True,9.0,2.8089887640449436,0.6439999999999999,r34_c18,28.0,0.56,0.6439999999999999,50,23,26,1,49,0.46938775510204084,0.5306122448979592,Higher temporal flexibility,Destination diversity observed,Higher temporal flexibility / Destination diversity observed,Q4 highest,G>0 middle,19.0,32.199999999999996
Shopping | r35_c16 | Monday,Shopping,r35_c16,Monday,23,11,True,13:00-13:30,0.2608695652173913,9,0.7391304347826086,60.00000000000001,44.34782608695652,0.3695652173913043,True,True,0.7391304347826086,60.00000000000001,44.34782608695652,0.3695652173913043,0.7391304347826086,60.00000000000001,0.3695652173913043,7.0,0.23251417769376176,6.0,4.300813008130082,0.7674858223062382,r35_c19,8.0,0.34782608695652173,True,6.0,4.300813008130082,0.7674858223062382,r35_c19,8.0,0.34782608695652173,0.7674858223062382,23,8,15,0,23,0.34782608695652173,0.6521739130434783,Higher temporal flexibility,Destination diversity observed,Higher temporal flexibility / Destination diversity observed,Q4 highest,G>0 higher,8.5,17.652173913043477
Shopping | r35_c16 | Thursday,Shopping,r35_c16,Thursday,58,16,True,13:30-14:00,0.22413793103448276,10,0.7758620689655172,61.33333333333334,47.58620689655173,0.3836206896551724,True,True,0.7758620689655172,61.33333333333334,47.58620689655173,0.3836206896551724,0.7758620689655172,61.33333333333334,0.3836206896551724,6.0,0.6147443519619502,5.0,1.62669245647969,0.3852556480380498,r34_c18,45.0,0.7758620689655172,True,5.0,1.62669245647969,0.3852556480380498,r34_c18,45.0,0.7758620689655172,0.3852556480380498,58,12,46,0,58,0.20689655172413793,0.7931034482758621,Higher temporal flexibility,Destination diversity observed,Higher temporal flexibility / Destination diversity observed,Q4 highest,G>0 lower,22.249999999999996,22.34482758620689
Shopping | r35_c16 | Tuesday,Shopping,r35_c16,Tuesday,26,14,True,13:30-14:00,0.3076923076923077,11,0.6923076923076923,111.66666666666667,77.3076923076923,0.5384615384615384,True,True,0.6923076923076923,111.66666666666667,77.3076923076923,0.5384615384615384,0.6923076923076923,111.66666666666667,0.5384615384615384,11.0,0.17455621301775148,10.0,5.728813559322034,0.8254437869822485,r35_c19,9.0,0.34615384615384615,True,10.0,5.728813559322034,0.8254437869822485,r35_c19,9.0,0.34615384615384615,0.8254437869822485,26,12,14,0,26,0.46153846153846156,0.5384615384615384,Higher temporal flexibility,Destination diversity observed,Higher temporal flexibility / Destination diversity observed,Q4 highest,G>0 higher,14.0,21.46153846153846
Shopping | r35_c16 | Wednesday,Shopping,r35_c16,Wednesday,23,12,True,13:30-14:00,0.30434782608695654,7,0.6956521739130435,69.375,48.26086956521739,0.3913043478260869,True,True,0.6956521739130435,69.375,48.26086956521739,0.3913043478260869,0.6956521739130435,69.375,0.3913043478260869,5.0,0.28544423440453687,4.0,3.5033112582781456,0.7145557655954631,r31_c14,8.0,0.34782608695652173,True,4.0,3.5033112582781456,0.7145557655954631,r31_c14,8.0,0.34782608695652173,0.7145557655954631,23,4,19,0,23,0.17391304347826086,0.8260869565217391,Higher temporal flexibility,Destination diversity observed,Higher temporal flexibility / Destination diversity observed,Q4 highest,G>0 higher,9.0,16.434782608695652
Shopping | r35_c23 | Friday,Shopping,r35_c23,Friday,18,11,True,13:00-13:30,0.3333333333333333,7,0.6666666666666667,52.49999999999999,35.0,0.2916666666666667,True,True,0.6666666666666667,52.49999999999999,35.0,0.2916666666666667,0.6666666666666667,52.49999999999999,0.2916666666666667,7.0,0.17283950617283955,6.0,5.785714285714284,0.8271604938271604,r28_c14,4.0,0.2222222222222222,True,6.0,5.785714285714284,0.8271604938271604,r28_c14,4.0,0.2222222222222222,0.8271604938271604,18,8,10,0,18,0.4444444444444444,0.5555555555555556,Higher temporal flexibility,Destination diversity observed,Higher temporal flexibility / Destination diversity observed,Q4 highest,G>0 higher,5.25,14.888888888888888
Shopping | r35_c23 | Monday,Shopping,r35_c23,Monday,15,13,True,13:00-13:30,0.4,5,0.6,46.66666666666667,28.0,0.23333333333333334,True,True,0.6,46.66666666666667,28.0,0.23333333333333334,0.6,46.66666666666667,0.23333333333333334,3.0,0.44000000000000006,2.0,2.2727272727272725,0.5599999999999999,r28_c15,9.0,0.6,True,2.0,2.2727272727272725,0.5599999999999999,r28_c15,9.0,0.6,0.5599999999999999,15,13,1,1,14,0.9285714285714286,0.07142857142857142,Higher temporal flexibility,Destination diversity observed,Higher temporal flexibility / Destination diversity observed,Q4 highest,G>0 middle,3.5,8.399999999999999
Shopping | r35_c23 | Thursday,Shopping,r35_c23,Thursday,30,14,True,13:00-13:30,0.26666666666666666,8,0.7333333333333334,58.63636363636363,43.0,0.35000000000000003,True,True,0.7333333333333334,58.63636363636363,43.0,0.35000000000000003,0.7333333333333334,58.63636363636363,0.35000000000000003,9.0,0.17111111111111113,8.0,5.844155844155844,0.8288888888888889,r34_c18,8.0,0.26666666666666666,True,8.0,5.844155844155844,0.8288888888888889,r34_c18,8.0,0.26666666666666666,0.8288888888888889,30,10,19,1,29,0.3448275862068966,0.6551724137931034,Higher temporal flexibility,Destination diversity observed,Higher temporal flexibility / Destination diversity observed,Q4 highest,G>0 higher,10.500000000000002,24.866666666666667
Shopping | r35_c23 | Tuesday,Shopping,r35_c23,Tuesday,32,14,True,13:30-14:00,0.34375,8,0.65625,54.285714285714285,35.625,0.296875,True,True,0.65625,54.285714285714285,35.625,0.296875,0.65625,54.285714285714285,0.296875,9.0,0.173828125,8.0,5.752808988764045,0.826171875,r34_c18,8.0,0.25,True,8.0,5.752808988764045,0.826171875,r34_c18,8.0,0.25,0.826171875,32,9,23,0,32,0.28125,0.71875,Higher temporal flexibility,Destination diversity observed,Higher temporal flexibility / Destination diversity observed,Q4 highest,G>0 higher,9.5,26.4375
Shopping | r35_c23 | Wednesday,Shopping,r35_c23,Wednesday,19,9,True,13:30-14:00,0.3684210526315789,7,0.631578947368421,60.0,37.89473684210526,0.31578947368421056,True,True,0.631578947368421,60.0,37.89473684210526,0.31578947368421056,0.631578947368421,60.0,0.31578947368421056,3.0,0.3795013850415512,2.0,2.6350364963503656,0.6204986149584488,r28_c14,8.0,0.42105263157894735,True,2.0,2.6350364963503656,0.6204986149584488,r28_c14,8.0,0.42105263157894735,0.6204986149584488,19,8,11,0,19,0.42105263157894735,0.5789473684210527,Higher temporal flexibility,Destination diversity observed,Higher temporal flexibility / Destination diversity observed,Q4 highest,G>0 middle,6.000000000000001,11.789473684210527
Shopping | r36_c23 | Tuesday,Shopping,r36_c23,Tuesday,14,11,True,10:00-10:30,0.5,4,0.5,42.857142857142854,21.428571428571427,0.17857142857142855,True,True,0.5,42.857142857142854,21.428571428571427,0.17857142857142855,0.5,42.857142857142854,0.17857142857142855,3.0,0.3877551020408163,2.0,2.5789473684210527,0.6122448979591837,r33_c23,6.0,0.42857142857142855,True,2.0,2.5789473684210527,0.6122448979591837,r33_c23,6.0,0.42857142857142855,0.6122448979591837,14,9,5,0,14,0.6428571428571429,0.35714285714285715,Higher temporal flexibility,Destination diversity observed,Higher temporal flexibility / Destination diversity observed,Q3,G>0 middle,2.4999999999999996,8.571428571428571
